solid X17_reference_unrounded_cut_ends
 facet normal 0 0 -1
  outer loop
   vertex 0 0 -0.15
   vertex 0.299860986738 0.00261684718687 -0.15
   vertex 0.3 0 -0.15
  endloop
 endfacet
 facet normal 0 0 1
  outer loop
   vertex 0 0 0.15
   vertex 0.3 0 0.15
   vertex 0.299860986738 0.00261684718687 0.15
  endloop
 endfacet
 facet normal 0.998591983462 0.053047625454 0
  outer loop
   vertex 0.3 0 -0.15
   vertex 0.299860986738 0.00261684718687 -0.15
   vertex 0.299860986738 0.00261684718687 0.15
  endloop
 endfacet
 facet normal 0.998591983462 0.053047625454 -0
  outer loop
   vertex 0.3 0 -0.15
   vertex 0.299860986738 0.00261684718687 0.15
   vertex 0.3 0 0.15
  endloop
 endfacet
 facet normal 0 0 -1
  outer loop
   vertex 0 0 -0.15
   vertex 0.299444355796 0.0052268206728 -0.15
   vertex 0.299860986738 0.00261684718687 -0.15
  endloop
 endfacet
 facet normal 0 0 1
  outer loop
   vertex 0 0 0.15
   vertex 0.299860986738 0.00261684718687 0.15
   vertex 0.299444355796 0.0052268206728 0.15
  endloop
 endfacet
 facet normal 0.987497516802 0.157634559379 0
  outer loop
   vertex 0.299860986738 0.00261684718687 -0.15
   vertex 0.299444355796 0.0052268206728 -0.15
   vertex 0.299444355796 0.0052268206728 0.15
  endloop
 endfacet
 facet normal 0.987497516802 0.157634559379 -0
  outer loop
   vertex 0.299860986738 0.00261684718687 -0.15
   vertex 0.299444355796 0.0052268206728 0.15
   vertex 0.299860986738 0.00261684718687 0.15
  endloop
 endfacet
 facet normal 0 0 -1
  outer loop
   vertex 0 0 -0.15
   vertex 0.298751332342 0.0078230789574 -0.15
   vertex 0.299444355796 0.0052268206728 -0.15
  endloop
 endfacet
 facet normal 0 0 1
  outer loop
   vertex 0 0 0.15
   vertex 0.299444355796 0.0052268206728 0.15
   vertex 0.298751332342 0.0078230789574 0.15
  endloop
 endfacet
 facet normal 0.966171175809 0.257901646051 0
  outer loop
   vertex 0.299444355796 0.0052268206728 -0.15
   vertex 0.298751332342 0.0078230789574 -0.15
   vertex 0.298751332342 0.0078230789574 0.15
  endloop
 endfacet
 facet normal 0.966171175809 0.257901646051 -0
  outer loop
   vertex 0.299444355796 0.0052268206728 -0.15
   vertex 0.298751332342 0.0078230789574 0.15
   vertex 0.299444355796 0.0052268206728 0.15
  endloop
 endfacet
 facet normal 0 0 -1
  outer loop
   vertex 0 0 -0.15
   vertex 0.297783953764 0.0103988448077 -0.15
   vertex 0.298751332342 0.0078230789574 -0.15
  endloop
 endfacet
 facet normal 0 0 1
  outer loop
   vertex 0 0 0.15
   vertex 0.298751332342 0.0078230789574 0.15
   vertex 0.297783953764 0.0103988448077 0.15
  endloop
 endfacet
 facet normal 0.936153843675 0.351590644035 0
  outer loop
   vertex 0.298751332342 0.0078230789574 -0.15
   vertex 0.297783953764 0.0103988448077 -0.15
   vertex 0.297783953764 0.0103988448077 0.15
  endloop
 endfacet
 facet normal 0.936153843675 0.351590644035 -0
  outer loop
   vertex 0.298751332342 0.0078230789574 -0.15
   vertex 0.297783953764 0.0103988448077 0.15
   vertex 0.298751332342 0.0078230789574 0.15
  endloop
 endfacet
 facet normal 0 0 -1
  outer loop
   vertex 0 0 -0.15
   vertex 0.296545062849 0.0129474370588 -0.15
   vertex 0.297783953764 0.0103988448077 -0.15
  endloop
 endfacet
 facet normal 0 0 1
  outer loop
   vertex 0 0 0.15
   vertex 0.297783953764 0.0103988448077 0.15
   vertex 0.296545062849 0.0129474370588 0.15
  endloop
 endfacet
 facet normal 0.899368977461 0.437190396029 0
  outer loop
   vertex 0.297783953764 0.0103988448077 -0.15
   vertex 0.296545062849 0.0129474370588 -0.15
   vertex 0.296545062849 0.0129474370588 0.15
  endloop
 endfacet
 facet normal 0.899368977461 0.437190396029 -0
  outer loop
   vertex 0.297783953764 0.0103988448077 -0.15
   vertex 0.296545062849 0.0129474370588 0.15
   vertex 0.297783953764 0.0103988448077 0.15
  endloop
 endfacet
 facet normal 0 0 -1
  outer loop
   vertex 0 0 -0.15
   vertex 0.295038298269 0.0154623020157 -0.15
   vertex 0.296545062849 0.0129474370588 -0.15
  endloop
 endfacet
 facet normal 0 0 1
  outer loop
   vertex 0 0 0.15
   vertex 0.296545062849 0.0129474370588 0.15
   vertex 0.295038298269 0.0154623020157 0.15
  endloop
 endfacet
 facet normal 0.857816958765 0.513955314454 0
  outer loop
   vertex 0.296545062849 0.0129474370588 -0.15
   vertex 0.295038298269 0.0154623020157 -0.15
   vertex 0.295038298269 0.0154623020157 0.15
  endloop
 endfacet
 facet normal 0.857816958765 0.513955314454 -0
  outer loop
   vertex 0.296545062849 0.0129474370588 -0.15
   vertex 0.295038298269 0.0154623020157 0.15
   vertex 0.296545062849 0.0129474370588 0.15
  endloop
 endfacet
 facet normal 0 0 -1
  outer loop
   vertex 0 0 -0.15
   vertex 0.293268082404 0.0179370443264 -0.15
   vertex 0.295038298269 0.0154623020157 -0.15
  endloop
 endfacet
 facet normal 0 0 1
  outer loop
   vertex 0 0 0.15
   vertex 0.295038298269 0.0154623020157 0.15
   vertex 0.293268082404 0.0179370443264 0.15
  endloop
 endfacet
 facet normal 0.813338019199 0.581791428714 0
  outer loop
   vertex 0.295038298269 0.0154623020157 -0.15
   vertex 0.293268082404 0.0179370443264 -0.15
   vertex 0.293268082404 0.0179370443264 0.15
  endloop
 endfacet
 facet normal 0.813338019199 0.581791428714 -0
  outer loop
   vertex 0.295038298269 0.0154623020157 -0.15
   vertex 0.293268082404 0.0179370443264 0.15
   vertex 0.295038298269 0.0154623020157 0.15
  endloop
 endfacet
 facet normal 0 0 -1
  outer loop
   vertex 0 0 -0.15
   vertex 0.291239606551 0.0203654571978 -0.15
   vertex 0.293268082404 0.0179370443264 -0.15
  endloop
 endfacet
 facet normal 0 0 1
  outer loop
   vertex 0 0 0.15
   vertex 0.293268082404 0.0179370443264 0.15
   vertex 0.291239606551 0.0203654571978 0.15
  endloop
 endfacet
 facet normal 0.767474936569 0.641078951252 0
  outer loop
   vertex 0.293268082404 0.0179370443264 -0.15
   vertex 0.291239606551 0.0203654571978 -0.15
   vertex 0.291239606551 0.0203654571978 0.15
  endloop
 endfacet
 facet normal 0.767474936569 0.641078951252 -0
  outer loop
   vertex 0.293268082404 0.0179370443264 -0.15
   vertex 0.291239606551 0.0203654571978 0.15
   vertex 0.293268082404 0.0179370443264 0.15
  endloop
 endfacet
 facet normal 0 0 -1
  outer loop
   vertex 0 0 -0.15
   vertex 0.288958813557 0.022741551829 -0.15
   vertex 0.291239606551 0.0203654571978 -0.15
  endloop
 endfacet
 facet normal 0 0 1
  outer loop
   vertex 0 0 0.15
   vertex 0.291239606551 0.0203654571978 0.15
   vertex 0.288958813557 0.022741551829 0.15
  endloop
 endfacet
 facet normal 0.721426431677 0.692491085631 0
  outer loop
   vertex 0.291239606551 0.0203654571978 -0.15
   vertex 0.288958813557 0.022741551829 -0.15
   vertex 0.288958813557 0.022741551829 0.15
  endloop
 endfacet
 facet normal 0.721426431677 0.692491085631 -0
  outer loop
   vertex 0.291239606551 0.0203654571978 -0.15
   vertex 0.288958813557 0.022741551829 0.15
   vertex 0.291239606551 0.0203654571978 0.15
  endloop
 endfacet
 facet normal 0 0 -1
  outer loop
   vertex 0 0 -0.15
   vertex 0.28643237796 0.0250595859383 -0.15
   vertex 0.288958813557 0.022741551829 -0.15
  endloop
 endfacet
 facet normal 0 0 1
  outer loop
   vertex 0 0 0.15
   vertex 0.288958813557 0.022741551829 0.15
   vertex 0.28643237796 0.0250595859383 0.15
  endloop
 endfacet
 facet normal 0.676062889633 0.736843924628 0
  outer loop
   vertex 0.288958813557 0.022741551829 -0.15
   vertex 0.28643237796 0.0250595859383 -0.15
   vertex 0.28643237796 0.0250595859383 0.15
  endloop
 endfacet
 facet normal 0.676062889633 0.736843924628 -0
  outer loop
   vertex 0.288958813557 0.022741551829 -0.15
   vertex 0.28643237796 0.0250595859383 0.15
   vertex 0.288958813557 0.022741551829 0.15
  endloop
 endfacet
 facet normal 0 0 -1
  outer loop
   vertex 0 0 -0.15
   vertex 0.283667683681 0.027314091266 -0.15
   vertex 0.28643237796 0.0250595859383 -0.15
  endloop
 endfacet
 facet normal 0 0 1
  outer loop
   vertex 0 0 0.15
   vertex 0.28643237796 0.0250595859383 0.15
   vertex 0.283667683681 0.027314091266 0.15
  endloop
 endfacet
 facet normal 0.631974707202 0.774989012475 0
  outer loop
   vertex 0.28643237796 0.0250595859383 -0.15
   vertex 0.283667683681 0.027314091266 -0.15
   vertex 0.283667683681 0.027314091266 0.15
  endloop
 endfacet
 facet normal 0.631974707202 0.774989012475 -0
  outer loop
   vertex 0.28643237796 0.0250595859383 -0.15
   vertex 0.283667683681 0.027314091266 0.15
   vertex 0.28643237796 0.0250595859383 0.15
  endloop
 endfacet
 facet normal 0 0 -1
  outer loop
   vertex 0 0 -0.15
   vertex 0.280672799369 0.0294998999376 -0.15
   vertex 0.283667683681 0.027314091266 -0.15
  endloop
 endfacet
 facet normal 0 0 1
  outer loop
   vertex 0 0 0.15
   vertex 0.283667683681 0.027314091266 0.15
   vertex 0.280672799369 0.0294998999376 0.15
  endloop
 endfacet
 facet normal 0.589531114673 0.807745668408 0
  outer loop
   vertex 0.283667683681 0.027314091266 -0.15
   vertex 0.280672799369 0.0294998999376 -0.15
   vertex 0.280672799369 0.0294998999376 0.15
  endloop
 endfacet
 facet normal 0.589531114673 0.807745668408 -0
  outer loop
   vertex 0.283667683681 0.027314091266 -0.15
   vertex 0.280672799369 0.0294998999376 0.15
   vertex 0.283667683681 0.027314091266 0.15
  endloop
 endfacet
 facet normal 0 0 -1
  outer loop
   vertex 0 0 -0.15
   vertex 0.277456451473 0.0316121695758 -0.15
   vertex 0.280672799369 0.0294998999376 -0.15
  endloop
 endfacet
 facet normal 0 0 1
  outer loop
   vertex 0 0 0.15
   vertex 0.280672799369 0.0294998999376 0.15
   vertex 0.277456451473 0.0316121695758 0.15
  endloop
 endfacet
 facet normal 0.548936393243 0.835864125426 0
  outer loop
   vertex 0.280672799369 0.0294998999376 -0.15
   vertex 0.277456451473 0.0316121695758 -0.15
   vertex 0.277456451473 0.0316121695758 0.15
  endloop
 endfacet
 facet normal 0.548936393243 0.835864125426 -0
  outer loop
   vertex 0.280672799369 0.0294998999376 -0.15
   vertex 0.277456451473 0.0316121695758 0.15
   vertex 0.280672799369 0.0294998999376 0.15
  endloop
 endfacet
 facet normal 0 0 -1
  outer loop
   vertex 0 0 -0.15
   vertex 0.27402799513 0.0336464070572 -0.15
   vertex 0.277456451473 0.0316121695758 -0.15
  endloop
 endfacet
 facet normal 0 0 1
  outer loop
   vertex 0 0 0.15
   vertex 0.277456451473 0.0316121695758 0.15
   vertex 0.27402799513 0.0336464070572 0.15
  endloop
 endfacet
 facet normal 0.51027751254 0.860009802384 0
  outer loop
   vertex 0.277456451473 0.0316121695758 -0.15
   vertex 0.27402799513 0.0336464070572 -0.15
   vertex 0.27402799513 0.0336464070572 0.15
  endloop
 endfacet
 facet normal 0.51027751254 0.860009802384 -0
  outer loop
   vertex 0.277456451473 0.0316121695758 -0.15
   vertex 0.27402799513 0.0336464070572 0.15
   vertex 0.277456451473 0.0316121695758 0.15
  endloop
 endfacet
 facet normal 0 0 -1
  outer loop
   vertex 0 0 -0.15
   vertex 0.270397382993 0.0355984908121 -0.15
   vertex 0.27402799513 0.0336464070572 -0.15
  endloop
 endfacet
 facet normal 0 0 1
  outer loop
   vertex 0 0 0.15
   vertex 0.27402799513 0.0336464070572 0.15
   vertex 0.270397382993 0.0355984908121 0.15
  endloop
 endfacet
 facet normal 0.473561634659 0.880760681558 0
  outer loop
   vertex 0.27402799513 0.0336464070572 -0.15
   vertex 0.270397382993 0.0355984908121 -0.15
   vertex 0.270397382993 0.0355984908121 0.15
  endloop
 endfacet
 facet normal 0.473561634659 0.880760681558 -0
  outer loop
   vertex 0.27402799513 0.0336464070572 -0.15
   vertex 0.270397382993 0.0355984908121 0.15
   vertex 0.27402799513 0.0336464070572 0.15
  endloop
 endfacet
 facet normal 0 0 -1
  outer loop
   vertex 0 0 -0.15
   vertex 0.266575132081 0.0374646915735 -0.15
   vertex 0.270397382993 0.0355984908121 -0.15
  endloop
 endfacet
 facet normal 0 0 1
  outer loop
   vertex 0 0 0.15
   vertex 0.270397382993 0.0355984908121 0.15
   vertex 0.266575132081 0.0374646915735 0.15
  endloop
 endfacet
 facet normal 0.438744195861 0.898612002256 0
  outer loop
   vertex 0.270397382993 0.0355984908121 -0.15
   vertex 0.266575132081 0.0374646915735 -0.15
   vertex 0.266575132081 0.0374646915735 0.15
  endloop
 endfacet
 facet normal 0.438744195861 0.898612002256 -0
  outer loop
   vertex 0.270397382993 0.0355984908121 -0.15
   vertex 0.266575132081 0.0374646915735 0.15
   vertex 0.270397382993 0.0355984908121 0.15
  endloop
 endfacet
 facet normal 0 0 -1
  outer loop
   vertex 0 0 -0.15
   vertex 0.262572288788 0.039241691486 -0.15
   vertex 0.266575132081 0.0374646915735 -0.15
  endloop
 endfacet
 facet normal 0 0 1
  outer loop
   vertex 0 0 0.15
   vertex 0.266575132081 0.0374646915735 0.15
   vertex 0.262572288788 0.039241691486 0.15
  endloop
 endfacet
 facet normal 0.405749165658 0.913984471732 0
  outer loop
   vertex 0.266575132081 0.0374646915735 -0.15
   vertex 0.262572288788 0.039241691486 -0.15
   vertex 0.262572288788 0.039241691486 0.15
  endloop
 endfacet
 facet normal 0.405749165658 0.913984471732 -0
  outer loop
   vertex 0.266575132081 0.0374646915735 -0.15
   vertex 0.262572288788 0.039241691486 0.15
   vertex 0.266575132081 0.0374646915735 0.15
  endloop
 endfacet
 facet normal 0 0 -1
  outer loop
   vertex 0 0 -0.15
   vertex 0.258400392166 0.0409266014929 -0.15
   vertex 0.262572288788 0.039241691486 -0.15
  endloop
 endfacet
 facet normal 0 0 1
  outer loop
   vertex 0 0 0.15
   vertex 0.262572288788 0.039241691486 0.15
   vertex 0.258400392166 0.0409266014929 0.15
  endloop
 endfacet
 facet normal 0.374483229146 0.927233687421 0
  outer loop
   vertex 0.262572288788 0.039241691486 -0.15
   vertex 0.258400392166 0.0409266014929 -0.15
   vertex 0.258400392166 0.0409266014929 0.15
  endloop
 endfacet
 facet normal 0.374483229146 0.927233687421 -0
  outer loop
   vertex 0.262572288788 0.039241691486 -0.15
   vertex 0.258400392166 0.0409266014929 0.15
   vertex 0.262572288788 0.039241691486 0.15
  endloop
 endfacet
 facet normal 0 0 -1
  outer loop
   vertex 0 0 -0.15
   vertex 0.254071435605 0.0425169769273 -0.15
   vertex 0.258400392166 0.0409266014929 -0.15
  endloop
 endfacet
 facet normal 0 0 1
  outer loop
   vertex 0 0 0.15
   vertex 0.258400392166 0.0409266014929 0.15
   vertex 0.254071435605 0.0425169769273 0.15
  endloop
 endfacet
 facet normal 0.344845450352 0.938659477857 0
  outer loop
   vertex 0.258400392166 0.0409266014929 -0.15
   vertex 0.254071435605 0.0425169769273 -0.15
   vertex 0.254071435605 0.0425169769273 0.15
  endloop
 endfacet
 facet normal 0.344845450352 0.938659477857 -0
  outer loop
   vertex 0.258400392166 0.0409266014929 -0.15
   vertex 0.254071435605 0.0425169769273 0.15
   vertex 0.258400392166 0.0409266014929 0.15
  endloop
 endfacet
 facet normal 0 0 -1
  outer loop
   vertex 0 0 -0.15
   vertex 0.249597827057 0.0440108312363 -0.15
   vertex 0.254071435605 0.0425169769273 -0.15
  endloop
 endfacet
 facet normal 0 0 1
  outer loop
   vertex 0 0 0.15
   vertex 0.254071435605 0.0425169769273 0.15
   vertex 0.249597827057 0.0440108312363 0.15
  endloop
 endfacet
 facet normal 0.316733677913 0.948514510841 0
  outer loop
   vertex 0.254071435605 0.0425169769273 -0.15
   vertex 0.249597827057 0.0440108312363 -0.15
   vertex 0.249597827057 0.0440108312363 0.15
  endloop
 endfacet
 facet normal 0.316733677913 0.948514510841 -0
  outer loop
   vertex 0.254071435605 0.0425169769273 -0.15
   vertex 0.249597827057 0.0440108312363 0.15
   vertex 0.254071435605 0.0425169769273 0.15
  endloop
 endfacet
 facet normal 0 0 -1
  outer loop
   vertex 0 0 -0.15
   vertex 0.244992347927 0.0454066477804 -0.15
   vertex 0.249597827057 0.0440108312363 -0.15
  endloop
 endfacet
 facet normal 0 0 1
  outer loop
   vertex 0 0 0.15
   vertex 0.249597827057 0.0440108312363 0.15
   vertex 0.244992347927 0.0454066477804 0.15
  endloop
 endfacet
 facet normal 0.290048658311 0.957011899514 0
  outer loop
   vertex 0.249597827057 0.0440108312363 -0.15
   vertex 0.244992347927 0.0454066477804 -0.15
   vertex 0.244992347927 0.0454066477804 0.15
  endloop
 endfacet
 facet normal 0.290048658311 0.957011899514 -0
  outer loop
   vertex 0.249597827057 0.0440108312363 -0.15
   vertex 0.244992347927 0.0454066477804 0.15
   vertex 0.249597827057 0.0440108312363 0.15
  endloop
 endfacet
 facet normal 0 0 -1
  outer loop
   vertex 0 0 -0.15
   vertex 0.240268110797 0.0467033896527 -0.15
   vertex 0.244992347927 0.0454066477804 -0.15
  endloop
 endfacet
 facet normal 0 0 1
  outer loop
   vertex 0 0 0.15
   vertex 0.244992347927 0.0454066477804 0.15
   vertex 0.240268110797 0.0467033896527 0.15
  endloop
 endfacet
 facet normal 0.26469656922 0.964331751133 0
  outer loop
   vertex 0.244992347927 0.0454066477804 -0.15
   vertex 0.240268110797 0.0467033896527 -0.15
   vertex 0.240268110797 0.0467033896527 0.15
  endloop
 endfacet
 facet normal 0.26469656922 0.964331751133 -0
  outer loop
   vertex 0.244992347927 0.0454066477804 -0.15
   vertex 0.240268110797 0.0467033896527 0.15
   vertex 0.244992347927 0.0454066477804 0.15
  endloop
 endfacet
 facet normal 0 0 -1
  outer loop
   vertex 0 0 -0.15
   vertex 0.2354385161 0.0479005074735 -0.15
   vertex 0.240268110797 0.0467033896527 -0.15
  endloop
 endfacet
 facet normal 0 0 1
  outer loop
   vertex 0 0 0.15
   vertex 0.240268110797 0.0467033896527 0.15
   vertex 0.2354385161 0.0479005074735 0.15
  endloop
 endfacet
 facet normal 0.240590486257 0.970626713996 0
  outer loop
   vertex 0.240268110797 0.0467033896527 -0.15
   vertex 0.2354385161 0.0479005074735 -0.15
   vertex 0.2354385161 0.0479005074735 0.15
  endloop
 endfacet
 facet normal 0.240590486257 0.970626713996 -0
  outer loop
   vertex 0.240268110797 0.0467033896527 -0.15
   vertex 0.2354385161 0.0479005074735 0.15
   vertex 0.240268110797 0.0467033896527 0.15
  endloop
 endfacet
 facet normal 0 0 -1
  outer loop
   vertex 0 0 -0.15
   vertex 0.230517207925 0.0489979451222 -0.15
   vertex 0.2354385161 0.0479005074735 -0.15
  endloop
 endfacet
 facet normal 0 0 1
  outer loop
   vertex 0 0 0.15
   vertex 0.2354385161 0.0479005074735 0.15
   vertex 0.230517207925 0.0489979451222 0.15
  endloop
 endfacet
 facet normal 0.21765114669 0.976026627887 0
  outer loop
   vertex 0.2354385161 0.0479005074735 -0.15
   vertex 0.230517207925 0.0489979451222 -0.15
   vertex 0.230517207925 0.0489979451222 0.15
  endloop
 endfacet
 facet normal 0.21765114669 0.976026627887 -0
  outer loop
   vertex 0.2354385161 0.0479005074735 -0.15
   vertex 0.230517207925 0.0489979451222 0.15
   vertex 0.2354385161 0.0479005074735 0.15
  endloop
 endfacet
 facet normal 0 0 -1
  outer loop
   vertex 0 0 -0.15
   vertex 0.225518029087 0.0499961433784 -0.15
   vertex 0.230517207925 0.0489979451222 -0.15
  endloop
 endfacet
 facet normal 0 0 1
  outer loop
   vertex 0 0 0.15
   vertex 0.230517207925 0.0489979451222 0.15
   vertex 0.225518029087 0.0499961433784 0.15
  endloop
 endfacet
 facet normal 0.195807264488 0.980642399233 0
  outer loop
   vertex 0.230517207925 0.0489979451222 -0.15
   vertex 0.225518029087 0.0499961433784 -0.15
   vertex 0.225518029087 0.0499961433784 0.15
  endloop
 endfacet
 facet normal 0.195807264488 0.980642399233 -0
  outer loop
   vertex 0.230517207925 0.0489979451222 -0.15
   vertex 0.225518029087 0.0499961433784 0.15
   vertex 0.230517207925 0.0489979451222 0.15
  endloop
 endfacet
 facet normal 0 0 -1
  outer loop
   vertex 0 0 -0.15
   vertex 0.220454975633 0.0508960414491 -0.15
   vertex 0.225518029087 0.0499961433784 -0.15
  endloop
 endfacet
 facet normal 0 0 1
  outer loop
   vertex 0 0 0.15
   vertex 0.225518029087 0.0499961433784 0.15
   vertex 0.220454975633 0.0508960414491 0.15
  endloop
 endfacet
 facet normal 0.174995573291 0.984569220181 0
  outer loop
   vertex 0.225518029087 0.0499961433784 -0.15
   vertex 0.220454975633 0.0508960414491 -0.15
   vertex 0.220454975633 0.0508960414491 0.15
  endloop
 endfacet
 facet normal 0.174995573291 0.984569220181 -0
  outer loop
   vertex 0.225518029087 0.0499961433784 -0.15
   vertex 0.220454975633 0.0508960414491 0.15
   vertex 0.225518029087 0.0499961433784 0.15
  endloop
 endfacet
 facet normal 0 0 -1
  outer loop
   vertex 0 0 -0.15
   vertex 0.215342150926 0.0516990763719 -0.15
   vertex 0.220454975633 0.0508960414491 -0.15
  endloop
 endfacet
 facet normal 0 0 1
  outer loop
   vertex 0 0 0.15
   vertex 0.220454975633 0.0508960414491 0.15
   vertex 0.215342150926 0.0516990763719 0.15
  endloop
 endfacet
 facet normal 0.155160719397 0.987889240328 0
  outer loop
   vertex 0.220454975633 0.0508960414491 -0.15
   vertex 0.215342150926 0.0516990763719 -0.15
   vertex 0.215342150926 0.0516990763719 0.15
  endloop
 endfacet
 facet normal 0.155160719397 0.987889240328 -0
  outer loop
   vertex 0.220454975633 0.0508960414491 -0.15
   vertex 0.215342150926 0.0516990763719 0.15
   vertex 0.220454975633 0.0508960414491 0.15
  endloop
 endfacet
 facet normal 0 0 -1
  outer loop
   vertex 0 0 -0.15
   vertex 0.210193719478 0.0524071802875 -0.15
   vertex 0.215342150926 0.0516990763719 -0.15
  endloop
 endfacet
 facet normal 0 0 1
  outer loop
   vertex 0 0 0.15
   vertex 0.215342150926 0.0516990763719 0.15
   vertex 0.210193719478 0.0524071802875 0.15
  endloop
 endfacet
 facet normal 0.136255089374 0.990673786178 0
  outer loop
   vertex 0.215342150926 0.0516990763719 -0.15
   vertex 0.210193719478 0.0524071802875 -0.15
   vertex 0.210193719478 0.0524071802875 0.15
  endloop
 endfacet
 facet normal 0.136255089374 0.990673786178 -0
  outer loop
   vertex 0.215342150926 0.0516990763719 -0.15
   vertex 0.210193719478 0.0524071802875 0.15
   vertex 0.215342150926 0.0516990763719 0.15
  endloop
 endfacet
 facet normal 0 0 -1
  outer loop
   vertex 0 0 -0.15
   vertex 0.205023860694 0.0530227755881 -0.15
   vertex 0.210193719478 0.0524071802875 -0.15
  endloop
 endfacet
 facet normal 0 0 1
  outer loop
   vertex 0 0 0.15
   vertex 0.210193719478 0.0524071802875 0.15
   vertex 0.205023860694 0.0530227755881 0.15
  endloop
 endfacet
 facet normal 0.118238631661 0.992985209347 0
  outer loop
   vertex 0.210193719478 0.0524071802875 -0.15
   vertex 0.205023860694 0.0530227755881 -0.15
   vertex 0.205023860694 0.0530227755881 0.15
  endloop
 endfacet
 facet normal 0.118238631661 0.992985209347 -0
  outer loop
   vertex 0.210193719478 0.0524071802875 -0.15
   vertex 0.205023860694 0.0530227755881 0.15
   vertex 0.210193719478 0.0524071802875 0.15
  endloop
 endfacet
 facet normal 0 0 -1
  outer loop
   vertex 0 0 -0.15
   vertex 0.19984672268 0.0535487679522 -0.15
   vertex 0.205023860694 0.0530227755881 -0.15
  endloop
 endfacet
 facet normal 0 0 1
  outer loop
   vertex 0 0 0.15
   vertex 0.205023860694 0.0530227755881 0.15
   vertex 0.19984672268 0.0535487679522 0.15
  endloop
 endfacet
 facet normal 0.101078715074 0.994878431447 0
  outer loop
   vertex 0.205023860694 0.0530227755881 -0.15
   vertex 0.19984672268 0.0535487679522 -0.15
   vertex 0.19984672268 0.0535487679522 0.15
  endloop
 endfacet
 facet normal 0.101078715074 0.994878431447 -0
  outer loop
   vertex 0.205023860694 0.0530227755881 -0.15
   vertex 0.19984672268 0.0535487679522 0.15
   vertex 0.205023860694 0.0530227755881 0.15
  endloop
 endfacet
 facet normal 0 0 -1
  outer loop
   vertex 0 0 -0.15
   vertex 0.194676376273 0.0539885372892 -0.15
   vertex 0.19984672268 0.0535487679522 -0.15
  endloop
 endfacet
 facet normal 0 0 1
  outer loop
   vertex 0 0 0.15
   vertex 0.19984672268 0.0535487679522 0.15
   vertex 0.194676376273 0.0539885372892 0.15
  endloop
 endfacet
 facet normal 0.0847500571035 0.996402241979 0
  outer loop
   vertex 0.19984672268 0.0535487679522 -0.15
   vertex 0.194676376273 0.0539885372892 -0.15
   vertex 0.194676376273 0.0539885372892 0.15
  endloop
 endfacet
 facet normal 0.0847500571035 0.996402241979 -0
  outer loop
   vertex 0.19984672268 0.0535487679522 -0.15
   vertex 0.194676376273 0.0539885372892 0.15
   vertex 0.19984672268 0.0535487679522 0.15
  endloop
 endfacet
 facet normal 0 0 -1
  outer loop
   vertex 0 0 -0.15
   vertex 0.189526769461 0.0543459266207 -0.15
   vertex 0.194676376273 0.0539885372892 -0.15
  endloop
 endfacet
 facet normal 0 0 1
  outer loop
   vertex 0 0 0.15
   vertex 0.194676376273 0.0539885372892 0.15
   vertex 0.189526769461 0.0543459266207 0.15
  endloop
 endfacet
 facet normal 0.0692347496727 0.997600395668 0
  outer loop
   vertex 0.194676376273 0.0539885372892 -0.15
   vertex 0.189526769461 0.0543459266207 -0.15
   vertex 0.189526769461 0.0543459266207 0.15
  endloop
 endfacet
 facet normal 0.0692347496727 0.997600395668 -0
  outer loop
   vertex 0.194676376273 0.0539885372892 -0.15
   vertex 0.189526769461 0.0543459266207 0.15
   vertex 0.194676376273 0.0539885372892 0.15
  endloop
 endfacet
 facet normal 0 0 -1
  outer loop
   vertex 0 0 -0.15
   vertex 0.184411682345 0.0546252289394 -0.15
   vertex 0.189526769461 0.0543459266207 -0.15
  endloop
 endfacet
 facet normal 0 0 1
  outer loop
   vertex 0 0 0.15
   vertex 0.189526769461 0.0543459266207 0.15
   vertex 0.184411682345 0.0546252289394 0.15
  endloop
 endfacet
 facet normal 0.0545224085776 0.998512547224 0
  outer loop
   vertex 0.189526769461 0.0543459266207 -0.15
   vertex 0.184411682345 0.0546252289394 -0.15
   vertex 0.184411682345 0.0546252289394 0.15
  endloop
 endfacet
 facet normal 0.0545224085776 0.998512547224 -0
  outer loop
   vertex 0.189526769461 0.0543459266207 -0.15
   vertex 0.184411682345 0.0546252289394 0.15
   vertex 0.189526769461 0.0543459266207 0.15
  endloop
 endfacet
 facet normal 0 0 -1
  outer loop
   vertex 0 0 -0.15
   vertex 0.179344682798 0.054831172088 -0.15
   vertex 0.184411682345 0.0546252289394 -0.15
  endloop
 endfacet
 facet normal 0 0 1
  outer loop
   vertex 0 0 0.15
   vertex 0.184411682345 0.0546252289394 0.15
   vertex 0.179344682798 0.054831172088 0.15
  endloop
 endfacet
 facet normal 0.0406104746621 0.999175054406 0
  outer loop
   vertex 0.184411682345 0.0546252289394 -0.15
   vertex 0.179344682798 0.054831172088 -0.15
   vertex 0.179344682798 0.054831172088 0.15
  endloop
 endfacet
 facet normal 0.0406104746621 0.999175054406 -0
  outer loop
   vertex 0.184411682345 0.0546252289394 -0.15
   vertex 0.179344682798 0.054831172088 0.15
   vertex 0.184411682345 0.0546252289394 0.15
  endloop
 endfacet
 facet normal 0 0 -1
  outer loop
   vertex 0 0 -0.15
   vertex 0.174339082971 0.0549689017151 -0.15
   vertex 0.179344682798 0.054831172088 -0.15
  endloop
 endfacet
 facet normal 0 0 1
  outer loop
   vertex 0 0 0.15
   vertex 0.179344682798 0.054831172088 0.15
   vertex 0.174339082971 0.0549689017151 0.15
  endloop
 endfacet
 facet normal 0.0275046997777 0.99962167418 0
  outer loop
   vertex 0.179344682798 0.054831172088 -0.15
   vertex 0.174339082971 0.0549689017151 -0.15
   vertex 0.174339082971 0.0549689017151 0.15
  endloop
 endfacet
 facet normal 0.0275046997777 0.99962167418 -0
  outer loop
   vertex 0.179344682798 0.054831172088 -0.15
   vertex 0.174339082971 0.0549689017151 0.15
   vertex 0.179344682798 0.054831172088 0.15
  endloop
 endfacet
 facet normal 0 0 -1
  outer loop
   vertex 0 0 -0.15
   vertex 0.169407896799 0.0550439623674 -0.15
   vertex 0.174339082971 0.0549689017151 -0.15
  endloop
 endfacet
 facet normal 0 0 1
  outer loop
   vertex 0 0 0.15
   vertex 0.174339082971 0.0549689017151 0.15
   vertex 0.169407896799 0.0550439623674 0.15
  endloop
 endfacet
 facet normal 0.0152198589865 0.999884171238 0
  outer loop
   vertex 0.174339082971 0.0549689017151 -0.15
   vertex 0.169407896799 0.0550439623674 -0.15
   vertex 0.169407896799 0.0550439623674 0.15
  endloop
 endfacet
 facet normal 0.0152198589865 0.999884171238 -0
  outer loop
   vertex 0.174339082971 0.0549689017151 -0.15
   vertex 0.169407896799 0.0550439623674 0.15
   vertex 0.174339082971 0.0549689017151 0.15
  endloop
 endfacet
 facet normal 0 0 -1
  outer loop
   vertex 0 0 -0.15
   vertex 0.164563798652 0.0550622767886 -0.15
   vertex 0.169407896799 0.0550439623674 -0.15
  endloop
 endfacet
 facet normal 0 0 1
  outer loop
   vertex 0 0 0.15
   vertex 0.169407896799 0.0550439623674 0.15
   vertex 0.164563798652 0.0550622767886 0.15
  endloop
 endfacet
 facet normal 0.00378074301458 0.999992852966 0
  outer loop
   vertex 0.169407896799 0.0550439623674 -0.15
   vertex 0.164563798652 0.0550622767886 -0.15
   vertex 0.164563798652 0.0550622767886 0.15
  endloop
 endfacet
 facet normal 0.00378074301458 0.999992852966 -0
  outer loop
   vertex 0.169407896799 0.0550439623674 -0.15
   vertex 0.164563798652 0.0550622767886 0.15
   vertex 0.169407896799 0.0550439623674 0.15
  endloop
 endfacet
 facet normal 0 0 -1
  outer loop
   vertex 0 0 -0.15
   vertex 0.159819083269 0.0550301235002 -0.15
   vertex 0.164563798652 0.0550622767886 -0.15
  endloop
 endfacet
 facet normal 0 0 1
  outer loop
   vertex 0 0 0.15
   vertex 0.164563798652 0.0550622767886 0.15
   vertex 0.159819083269 0.0550301235002 0.15
  endloop
 endfacet
 facet normal -0.00677649712076 0.99997703928 0
  outer loop
   vertex 0.164563798652 0.0550622767886 -0.15
   vertex 0.159819083269 0.0550301235002 -0.15
   vertex 0.159819083269 0.0550301235002 0.15
  endloop
 endfacet
 facet normal -0.00677649712076 0.99997703928 0
  outer loop
   vertex 0.164563798652 0.0550622767886 -0.15
   vertex 0.159819083269 0.0550301235002 0.15
   vertex 0.164563798652 0.0550622767886 0.15
  endloop
 endfacet
 facet normal 0 0 -1
  outer loop
   vertex 0 0 -0.15
   vertex 0.15518562711 0.0549541127495 -0.15
   vertex 0.159819083269 0.0550301235002 -0.15
  endloop
 endfacet
 facet normal 0 0 1
  outer loop
   vertex 0 0 0.15
   vertex 0.159819083269 0.0550301235002 0.15
   vertex 0.15518562711 0.0549541127495 0.15
  endloop
 endfacet
 facet normal -0.0164025561686 0.999865469026 0
  outer loop
   vertex 0.159819083269 0.0550301235002 -0.15
   vertex 0.15518562711 0.0549541127495 -0.15
   vertex 0.15518562711 0.0549541127495 0.15
  endloop
 endfacet
 facet normal -0.0164025561686 0.999865469026 0
  outer loop
   vertex 0.159819083269 0.0550301235002 -0.15
   vertex 0.15518562711 0.0549541127495 0.15
   vertex 0.159819083269 0.0550301235002 0.15
  endloop
 endfacet
 facet normal 0 0 -1
  outer loop
   vertex 0 0 -0.15
   vertex 0.150674851264 0.0548411609126 -0.15
   vertex 0.15518562711 0.0549541127495 -0.15
  endloop
 endfacet
 facet normal 0 0 1
  outer loop
   vertex 0 0 0.15
   vertex 0.15518562711 0.0549541127495 0.15
   vertex 0.150674851264 0.0548411609126 0.15
  endloop
 endfacet
 facet normal -0.025032598748 0.999686635401 0
  outer loop
   vertex 0.15518562711 0.0549541127495 -0.15
   vertex 0.150674851264 0.0548411609126 -0.15
   vertex 0.150674851264 0.0548411609126 0.15
  endloop
 endfacet
 facet normal -0.025032598748 0.999686635401 0
  outer loop
   vertex 0.15518562711 0.0549541127495 -0.15
   vertex 0.150674851264 0.0548411609126 0.15
   vertex 0.15518562711 0.0549541127495 0.15
  endloop
 endfacet
 facet normal 0 0 -1
  outer loop
   vertex 0 0 -0.15
   vertex 0.146297686029 0.0546984634503 -0.15
   vertex 0.150674851264 0.0548411609126 -0.15
  endloop
 endfacet
 facet normal 0 0 1
  outer loop
   vertex 0 0 0.15
   vertex 0.150674851264 0.0548411609126 0.15
   vertex 0.146297686029 0.0546984634503 0.15
  endloop
 endfacet
 facet normal -0.0325831186188 0.999469029226 0
  outer loop
   vertex 0.150674851264 0.0548411609126 -0.15
   vertex 0.146297686029 0.0546984634503 -0.15
   vertex 0.146297686029 0.0546984634503 0.15
  endloop
 endfacet
 facet normal -0.0325831186188 0.999469029226 0
  outer loop
   vertex 0.150674851264 0.0548411609126 -0.15
   vertex 0.146297686029 0.0546984634503 0.15
   vertex 0.150674851264 0.0548411609126 0.15
  endloop
 endfacet
 facet normal 0 0 -1
  outer loop
   vertex 0 0 -0.15
   vertex 0.142064537289 0.054533466519 -0.15
   vertex 0.146297686029 0.0546984634503 -0.15
  endloop
 endfacet
 facet normal 0 0 1
  outer loop
   vertex 0 0 0.15
   vertex 0.146297686029 0.0546984634503 0.15
   vertex 0.142064537289 0.054533466519 0.15
  endloop
 endfacet
 facet normal -0.0389477784863 0.999241247423 0
  outer loop
   vertex 0.146297686029 0.0546984634503 -0.15
   vertex 0.142064537289 0.054533466519 -0.15
   vertex 0.142064537289 0.054533466519 0.15
  endloop
 endfacet
 facet normal -0.0389477784863 0.999241247423 0
  outer loop
   vertex 0.146297686029 0.0546984634503 -0.15
   vertex 0.142064537289 0.054533466519 0.15
   vertex 0.146297686029 0.0546984634503 0.15
  endloop
 endfacet
 facet normal 0 0 -1
  outer loop
   vertex 0 0 -0.15
   vertex 0.137985254795 0.054353837344 -0.15
   vertex 0.142064537289 0.054533466519 -0.15
  endloop
 endfacet
 facet normal 0 0 1
  outer loop
   vertex 0 0 0.15
   vertex 0.142064537289 0.054533466519 0.15
   vertex 0.137985254795 0.054353837344 0.15
  endloop
 endfacet
 facet normal -0.0439918721809 0.999031888972 0
  outer loop
   vertex 0.142064537289 0.054533466519 -0.15
   vertex 0.137985254795 0.054353837344 -0.15
   vertex 0.137985254795 0.054353837344 0.15
  endloop
 endfacet
 facet normal -0.0439918721809 0.999031888972 0
  outer loop
   vertex 0.142064537289 0.054533466519 -0.15
   vertex 0.137985254795 0.054353837344 0.15
   vertex 0.142064537289 0.054533466519 0.15
  endloop
 endfacet
 facet normal 0 0 -1
  outer loop
   vertex 0 0 -0.15
   vertex 0.134069102462 0.054167433469 -0.15
   vertex 0.137985254795 0.054353837344 -0.15
  endloop
 endfacet
 facet normal 0 0 1
  outer loop
   vertex 0 0 0.15
   vertex 0.137985254795 0.054353837344 0.15
   vertex 0.134069102462 0.054167433469 0.15
  endloop
 endfacet
 facet normal -0.0475449000479 0.998869101774 0
  outer loop
   vertex 0.137985254795 0.054353837344 -0.15
   vertex 0.134069102462 0.054167433469 -0.15
   vertex 0.134069102462 0.054167433469 0.15
  endloop
 endfacet
 facet normal -0.0475449000479 0.998869101774 0
  outer loop
   vertex 0.137985254795 0.054353837344 -0.15
   vertex 0.134069102462 0.054167433469 0.15
   vertex 0.137985254795 0.054353837344 0.15
  endloop
 endfacet
 facet normal 0 0 -1
  outer loop
   vertex 0 0 -0.15
   vertex 0.130324730775 0.0539822709998 -0.15
   vertex 0.134069102462 0.054167433469 -0.15
  endloop
 endfacet
 facet normal 0 0 1
  outer loop
   vertex 0 0 0.15
   vertex 0.134069102462 0.054167433469 0.15
   vertex 0.130324730775 0.0539822709998 0.15
  endloop
 endfacet
 facet normal -0.0493905257976 0.998779543223 0
  outer loop
   vertex 0.134069102462 0.054167433469 -0.15
   vertex 0.130324730775 0.0539822709998 -0.15
   vertex 0.130324730775 0.0539822709998 0.15
  endloop
 endfacet
 facet normal -0.0493905257976 0.998779543223 0
  outer loop
   vertex 0.134069102462 0.054167433469 -0.15
   vertex 0.130324730775 0.0539822709998 0.15
   vertex 0.134069102462 0.054167433469 0.15
  endloop
 endfacet
 facet normal 0 0 -1
  outer loop
   vertex 0 0 -0.15
   vertex 0.12676015139 0.0538064919639 -0.15
   vertex 0.130324730775 0.0539822709998 -0.15
  endloop
 endfacet
 facet normal 0 0 1
  outer loop
   vertex 0 0 0.15
   vertex 0.130324730775 0.0539822709998 0.15
   vertex 0.12676015139 0.0538064919639 0.15
  endloop
 endfacet
 facet normal -0.0492528517967 0.998786341812 0
  outer loop
   vertex 0.130324730775 0.0539822709998 -0.15
   vertex 0.12676015139 0.0538064919639 -0.15
   vertex 0.12676015139 0.0538064919639 0.15
  endloop
 endfacet
 facet normal -0.0492528517967 0.998786341812 0
  outer loop
   vertex 0.130324730775 0.0539822709998 -0.15
   vertex 0.12676015139 0.0538064919639 0.15
   vertex 0.130324730775 0.0539822709998 0.15
  endloop
 endfacet
 facet normal 0 0 -1
  outer loop
   vertex 0 0 -0.15
   vertex 0.123382714021 0.0536483309126 -0.15
   vertex 0.12676015139 0.0538064919639 -0.15
  endloop
 endfacet
 facet normal 0 0 1
  outer loop
   vertex 0 0 0.15
   vertex 0.12676015139 0.0538064919639 0.15
   vertex 0.123382714021 0.0536483309126 0.15
  endloop
 endfacet
 facet normal -0.0467774530742 0.998905335797 0
  outer loop
   vertex 0.12676015139 0.0538064919639 -0.15
   vertex 0.123382714021 0.0536483309126 -0.15
   vertex 0.123382714021 0.0536483309126 0.15
  endloop
 endfacet
 facet normal -0.0467774530742 0.998905335797 0
  outer loop
   vertex 0.12676015139 0.0538064919639 -0.15
   vertex 0.123382714021 0.0536483309126 0.15
   vertex 0.12676015139 0.0538064919639 0.15
  endloop
 endfacet
 facet normal 0 0 -1
  outer loop
   vertex 0 0 -0.15
   vertex 0.120199085685 0.0535160808948 -0.15
   vertex 0.123382714021 0.0536483309126 -0.15
  endloop
 endfacet
 facet normal 0 0 1
  outer loop
   vertex 0 0 0.15
   vertex 0.123382714021 0.0536483309126 0.15
   vertex 0.120199085685 0.0535160808948 0.15
  endloop
 endfacet
 facet normal -0.0415048630936 0.999138301908 0
  outer loop
   vertex 0.123382714021 0.0536483309126 -0.15
   vertex 0.120199085685 0.0535160808948 -0.15
   vertex 0.120199085685 0.0535160808948 0.15
  endloop
 endfacet
 facet normal -0.0415048630936 0.999138301908 0
  outer loop
   vertex 0.123382714021 0.0536483309126 -0.15
   vertex 0.120199085685 0.0535160808948 0.15
   vertex 0.123382714021 0.0536483309126 0.15
  endloop
 endfacet
 facet normal 0 0 -1
  outer loop
   vertex 0 0 -0.15
   vertex 0.11721523236 0.053418058935 -0.15
   vertex 0.120199085685 0.0535160808948 -0.15
  endloop
 endfacet
 facet normal 0 0 1
  outer loop
   vertex 0 0 0.15
   vertex 0.120199085685 0.0535160808948 0.15
   vertex 0.11721523236 0.053418058935 0.15
  endloop
 endfacet
 facet normal -0.0328330854491 0.999460848908 0
  outer loop
   vertex 0.120199085685 0.0535160808948 -0.15
   vertex 0.11721523236 0.053418058935 -0.15
   vertex 0.11721523236 0.053418058935 0.15
  endloop
 endfacet
 facet normal -0.0328330854491 0.999460848908 0
  outer loop
   vertex 0.120199085685 0.0535160808948 -0.15
   vertex 0.11721523236 0.053418058935 0.15
   vertex 0.120199085685 0.0535160808948 0.15
  endloop
 endfacet
 facet normal 0 0 -1
  outer loop
   vertex 0 0 -0.15
   vertex 0.114436403128 0.0533625711505 -0.15
   vertex 0.11721523236 0.053418058935 -0.15
  endloop
 endfacet
 facet normal 0 0 1
  outer loop
   vertex 0 0 0.15
   vertex 0.11721523236 0.053418058935 0.15
   vertex 0.114436403128 0.0533625711505 0.15
  endloop
 endfacet
 facet normal -0.019964064392 0.999800698206 0
  outer loop
   vertex 0.11721523236 0.053418058935 -0.15
   vertex 0.114436403128 0.0533625711505 -0.15
   vertex 0.114436403128 0.0533625711505 0.15
  endloop
 endfacet
 facet normal -0.019964064392 0.999800698206 0
  outer loop
   vertex 0.11721523236 0.053418058935 -0.15
   vertex 0.114436403128 0.0533625711505 0.15
   vertex 0.11721523236 0.053418058935 0.15
  endloop
 endfacet
 facet normal 0 0 -1
  outer loop
   vertex 0 0 -0.15
   vertex 0.111867116835 0.0533578776439 -0.15
   vertex 0.114436403128 0.0533625711505 -0.15
  endloop
 endfacet
 facet normal 0 0 1
  outer loop
   vertex 0 0 0.15
   vertex 0.114436403128 0.0533625711505 0.15
   vertex 0.111867116835 0.0533578776439 0.15
  endloop
 endfacet
 facet normal -0.00182677141625 0.999998331452 0
  outer loop
   vertex 0.114436403128 0.0533625711505 -0.15
   vertex 0.111867116835 0.0533578776439 -0.15
   vertex 0.111867116835 0.0533578776439 0.15
  endloop
 endfacet
 facet normal -0.00182677141625 0.999998331452 0
  outer loop
   vertex 0.114436403128 0.0533625711505 -0.15
   vertex 0.111867116835 0.0533578776439 0.15
   vertex 0.114436403128 0.0533625711505 0.15
  endloop
 endfacet
 facet normal 0 0 -1
  outer loop
   vertex 0 0 -0.15
   vertex 0.109511151319 0.0534121573095 -0.15
   vertex 0.111867116835 0.0533578776439 -0.15
  endloop
 endfacet
 facet normal 0 0 1
  outer loop
   vertex 0 0 0.15
   vertex 0.111867116835 0.0533578776439 0.15
   vertex 0.109511151319 0.0534121573095 0.15
  endloop
 endfacet
 facet normal 0.0230331322654 0.999734702218 0
  outer loop
   vertex 0.111867116835 0.0533578776439 -0.15
   vertex 0.109511151319 0.0534121573095 -0.15
   vertex 0.109511151319 0.0534121573095 0.15
  endloop
 endfacet
 facet normal 0.0230331322654 0.999734702218 -0
  outer loop
   vertex 0.111867116835 0.0533578776439 -0.15
   vertex 0.109511151319 0.0534121573095 0.15
   vertex 0.111867116835 0.0533578776439 0.15
  endloop
 endfacet
 facet normal 0 0 -1
  outer loop
   vertex 0 0 -0.15
   vertex 0.107371535225 0.0535334726918 -0.15
   vertex 0.109511151319 0.0534121573095 -0.15
  endloop
 endfacet
 facet normal 0 0 1
  outer loop
   vertex 0 0 0.15
   vertex 0.109511151319 0.0534121573095 0.15
   vertex 0.107371535225 0.0535334726918 0.15
  endloop
 endfacet
 facet normal 0.0566086816027 0.998396442886 0
  outer loop
   vertex 0.109511151319 0.0534121573095 -0.15
   vertex 0.107371535225 0.0535334726918 -0.15
   vertex 0.107371535225 0.0535334726918 0.15
  endloop
 endfacet
 facet normal 0.0566086816027 0.998396442886 -0
  outer loop
   vertex 0.109511151319 0.0534121573095 -0.15
   vertex 0.107371535225 0.0535334726918 0.15
   vertex 0.109511151319 0.0534121573095 0.15
  endloop
 endfacet
 facet normal 0 0 -1
  outer loop
   vertex 0 0 -0.15
   vertex 0.105450542439 0.0537297350356 -0.15
   vertex 0.107371535225 0.0535334726918 -0.15
  endloop
 endfacet
 facet normal 0 0 1
  outer loop
   vertex 0 0 0.15
   vertex 0.107371535225 0.0535334726918 0.15
   vertex 0.105450542439 0.0537297350356 0.15
  endloop
 endfacet
 facet normal 0.101638064135 0.994821443234 0
  outer loop
   vertex 0.107371535225 0.0535334726918 -0.15
   vertex 0.105450542439 0.0537297350356 -0.15
   vertex 0.105450542439 0.0537297350356 0.15
  endloop
 endfacet
 facet normal 0.101638064135 0.994821443234 -0
  outer loop
   vertex 0.107371535225 0.0535334726918 -0.15
   vertex 0.105450542439 0.0537297350356 0.15
   vertex 0.107371535225 0.0535334726918 0.15
  endloop
 endfacet
 facet normal 0 0 -1
  outer loop
   vertex 0 0 -0.15
   vertex 0.10374968913 0.054008669666 -0.15
   vertex 0.105450542439 0.0537297350356 -0.15
  endloop
 endfacet
 facet normal 0 0 1
  outer loop
   vertex 0 0 0.15
   vertex 0.105450542439 0.0537297350356 0.15
   vertex 0.10374968913 0.054008669666 0.15
  endloop
 endfacet
 facet normal 0.161835041145 0.986817824858 0
  outer loop
   vertex 0.105450542439 0.0537297350356 -0.15
   vertex 0.10374968913 0.054008669666 -0.15
   vertex 0.10374968913 0.054008669666 0.15
  endloop
 endfacet
 facet normal 0.161835041145 0.986817824858 -0
  outer loop
   vertex 0.105450542439 0.0537297350356 -0.15
   vertex 0.10374968913 0.054008669666 0.15
   vertex 0.105450542439 0.0537297350356 0.15
  endloop
 endfacet
 facet normal 0 0 -1
  outer loop
   vertex 0 0 -0.15
   vertex 0.102269733428 0.0543777818374 -0.15
   vertex 0.10374968913 0.054008669666 -0.15
  endloop
 endfacet
 facet normal 0 0 1
  outer loop
   vertex 0 0 0.15
   vertex 0.10374968913 0.054008669666 0.15
   vertex 0.102269733428 0.0543777818374 0.15
  endloop
 endfacet
 facet normal 0.241994588866 0.970277598917 0
  outer loop
   vertex 0.10374968913 0.054008669666 -0.15
   vertex 0.102269733428 0.0543777818374 -0.15
   vertex 0.102269733428 0.0543777818374 0.15
  endloop
 endfacet
 facet normal 0.241994588866 0.970277598917 -0
  outer loop
   vertex 0.10374968913 0.054008669666 -0.15
   vertex 0.102269733428 0.0543777818374 0.15
   vertex 0.10374968913 0.054008669666 0.15
  endloop
 endfacet
 facet normal 0 0 -1
  outer loop
   vertex 0 0 -0.15
   vertex 0.10101067771 0.0548443231873 -0.15
   vertex 0.102269733428 0.0543777818374 -0.15
  endloop
 endfacet
 facet normal 0 0 1
  outer loop
   vertex 0 0 0.15
   vertex 0.102269733428 0.0543777818374 0.15
   vertex 0.10101067771 0.0548443231873 0.15
  endloop
 endfacet
 facet normal 0.347461327251 0.937694313764 0
  outer loop
   vertex 0.102269733428 0.0543777818374 -0.15
   vertex 0.10101067771 0.0548443231873 -0.15
   vertex 0.10101067771 0.0548443231873 0.15
  endloop
 endfacet
 facet normal 0.347461327251 0.937694313764 -0
  outer loop
   vertex 0.102269733428 0.0543777818374 -0.15
   vertex 0.10101067771 0.0548443231873 0.15
   vertex 0.102269733428 0.0543777818374 0.15
  endloop
 endfacet
 facet normal 0 0 -1
  outer loop
   vertex 0 0 -0.15
   vertex 0.0999717734788 0.0554152589291 -0.15
   vertex 0.10101067771 0.0548443231873 -0.15
  endloop
 endfacet
 facet normal 0 0 1
  outer loop
   vertex 0 0 0.15
   vertex 0.10101067771 0.0548443231873 0.15
   vertex 0.0999717734788 0.0554152589291 0.15
  endloop
 endfacet
 facet normal 0.481619776522 0.876380277541 0
  outer loop
   vertex 0.10101067771 0.0548443231873 -0.15
   vertex 0.0999717734788 0.0554152589291 -0.15
   vertex 0.0999717734788 0.0554152589291 0.15
  endloop
 endfacet
 facet normal 0.481619776522 0.876380277541 -0
  outer loop
   vertex 0.10101067771 0.0548443231873 -0.15
   vertex 0.0999717734788 0.0554152589291 0.15
   vertex 0.10101067771 0.0548443231873 0.15
  endloop
 endfacet
 facet normal 0 0 -1
  outer loop
   vertex 0 0 -0.15
   vertex 0.0991515288148 0.0560972359191 -0.15
   vertex 0.0999717734788 0.0554152589291 -0.15
  endloop
 endfacet
 facet normal 0 0 1
  outer loop
   vertex 0 0 0.15
   vertex 0.0999717734788 0.0554152589291 0.15
   vertex 0.0991515288148 0.0560972359191 0.15
  endloop
 endfacet
 facet normal 0.639320797593 0.768940126255 0
  outer loop
   vertex 0.0999717734788 0.0554152589291 -0.15
   vertex 0.0991515288148 0.0560972359191 -0.15
   vertex 0.0991515288148 0.0560972359191 0.15
  endloop
 endfacet
 facet normal 0.639320797593 0.768940126255 -0
  outer loop
   vertex 0.0999717734788 0.0554152589291 -0.15
   vertex 0.0991515288148 0.0560972359191 0.15
   vertex 0.0999717734788 0.0554152589291 0.15
  endloop
 endfacet
 facet normal 0 0 -1
  outer loop
   vertex 0 0 -0.15
   vertex 0.0985477183617 0.0568965517241 -0.15
   vertex 0.0991515288148 0.0560972359191 -0.15
  endloop
 endfacet
 facet normal 0 0 1
  outer loop
   vertex 0 0 0.15
   vertex 0.0991515288148 0.0560972359191 0.15
   vertex 0.0985477183617 0.0568965517241 0.15
  endloop
 endfacet
 facet normal 0.797923518317 0.602758707043 0
  outer loop
   vertex 0.0991515288148 0.0560972359191 -0.15
   vertex 0.0985477183617 0.0568965517241 -0.15
   vertex 0.0985477183617 0.0568965517241 0.15
  endloop
 endfacet
 facet normal 0.797923518317 0.602758707043 -0
  outer loop
   vertex 0.0991515288148 0.0560972359191 -0.15
   vertex 0.0985477183617 0.0568965517241 0.15
   vertex 0.0991515288148 0.0560972359191 0.15
  endloop
 endfacet
 facet normal 0 0 -1
  outer loop
   vertex 0 0 -0.15
   vertex 0.0981573957954 0.0578191248181 -0.15
   vertex 0.0985477183617 0.0568965517241 -0.15
  endloop
 endfacet
 facet normal 0 0 1
  outer loop
   vertex 0 0 0.15
   vertex 0.0985477183617 0.0568965517241 0.15
   vertex 0.0981573957954 0.0578191248181 0.15
  endloop
 endfacet
 facet normal 0.92096611181 0.389642683619 0
  outer loop
   vertex 0.0985477183617 0.0568965517241 -0.15
   vertex 0.0981573957954 0.0578191248181 -0.15
   vertex 0.0981573957954 0.0578191248181 0.15
  endloop
 endfacet
 facet normal 0.92096611181 0.389642683619 -0
  outer loop
   vertex 0.0985477183617 0.0568965517241 -0.15
   vertex 0.0981573957954 0.0578191248181 0.15
   vertex 0.0985477183617 0.0568965517241 0.15
  endloop
 endfacet
 facet normal 0 0 -1
  outer loop
   vertex 0 0 -0.15
   vertex 0.0979769087293 0.0588704660295 -0.15
   vertex 0.0981573957954 0.0578191248181 -0.15
  endloop
 endfacet
 facet normal 0 0 1
  outer loop
   vertex 0 0 0.15
   vertex 0.0981573957954 0.0578191248181 0.15
   vertex 0.0979769087293 0.0588704660295 0.15
  endloop
 endfacet
 facet normal 0.985582082123 0.169197988756 0
  outer loop
   vertex 0.0981573957954 0.0578191248181 -0.15
   vertex 0.0979769087293 0.0588704660295 -0.15
   vertex 0.0979769087293 0.0588704660295 0.15
  endloop
 endfacet
 facet normal 0.985582082123 0.169197988756 -0
  outer loop
   vertex 0.0981573957954 0.0578191248181 -0.15
   vertex 0.0979769087293 0.0588704660295 0.15
   vertex 0.0981573957954 0.0578191248181 0.15
  endloop
 endfacet
 facet normal 0 0 -1
  outer loop
   vertex 0 0 -0.15
   vertex 0.0980019159888 0.0600556513571 -0.15
   vertex 0.0979769087293 0.0588704660295 -0.15
  endloop
 endfacet
 facet normal 0 0 1
  outer loop
   vertex 0 0 0.15
   vertex 0.0979769087293 0.0588704660295 0.15
   vertex 0.0980019159888 0.0600556513571 0.15
  endloop
 endfacet
 facet normal 0.999777471987 -0.0210951773372 0
  outer loop
   vertex 0.0979769087293 0.0588704660295 -0.15
   vertex 0.0980019159888 0.0600556513571 -0.15
   vertex 0.0980019159888 0.0600556513571 0.15
  endloop
 endfacet
 facet normal 0.999777471987 -0.0210951773372 0
  outer loop
   vertex 0.0979769087293 0.0588704660295 -0.15
   vertex 0.0980019159888 0.0600556513571 0.15
   vertex 0.0979769087293 0.0588704660295 0.15
  endloop
 endfacet
 facet normal 0 0 -1
  outer loop
   vertex 0 0 -0.15
   vertex 0.0982274071869 0.0613792962686 -0.15
   vertex 0.0980019159888 0.0600556513571 -0.15
  endloop
 endfacet
 facet normal 0 0 1
  outer loop
   vertex 0 0 0.15
   vertex 0.0980019159888 0.0600556513571 0.15
   vertex 0.0982274071869 0.0613792962686 0.15
  endloop
 endfacet
 facet normal 0.985797760329 -0.16793682065 0
  outer loop
   vertex 0.0980019159888 0.0600556513571 -0.15
   vertex 0.0982274071869 0.0613792962686 -0.15
   vertex 0.0982274071869 0.0613792962686 0.15
  endloop
 endfacet
 facet normal 0.985797760329 -0.16793682065 0
  outer loop
   vertex 0.0980019159888 0.0600556513571 -0.15
   vertex 0.0982274071869 0.0613792962686 0.15
   vertex 0.0980019159888 0.0600556513571 0.15
  endloop
 endfacet
 facet normal 0 0 -1
  outer loop
   vertex 0 0 -0.15
   vertex 0.0986477245202 0.0628455315882 -0.15
   vertex 0.0982274071869 0.0613792962686 -0.15
  endloop
 endfacet
 facet normal 0 0 1
  outer loop
   vertex 0 0 0.15
   vertex 0.0982274071869 0.0613792962686 0.15
   vertex 0.0986477245202 0.0628455315882 0.15
  endloop
 endfacet
 facet normal 0.961282343818 -0.275565337922 0
  outer loop
   vertex 0.0982274071869 0.0613792962686 -0.15
   vertex 0.0986477245202 0.0628455315882 -0.15
   vertex 0.0986477245202 0.0628455315882 0.15
  endloop
 endfacet
 facet normal 0.961282343818 -0.275565337922 0
  outer loop
   vertex 0.0982274071869 0.0613792962686 -0.15
   vertex 0.0986477245202 0.0628455315882 0.15
   vertex 0.0982274071869 0.0613792962686 0.15
  endloop
 endfacet
 facet normal 0 0 -1
  outer loop
   vertex 0 0 -0.15
   vertex 0.0992565866988 0.0644579810771 -0.15
   vertex 0.0986477245202 0.0628455315882 -0.15
  endloop
 endfacet
 facet normal 0 0 1
  outer loop
   vertex 0 0 0.15
   vertex 0.0986477245202 0.0628455315882 0.15
   vertex 0.0992565866988 0.0644579810771 0.15
  endloop
 endfacet
 facet normal 0.935526825807 -0.353255655575 0
  outer loop
   vertex 0.0986477245202 0.0628455315882 -0.15
   vertex 0.0992565866988 0.0644579810771 -0.15
   vertex 0.0992565866988 0.0644579810771 0.15
  endloop
 endfacet
 facet normal 0.935526825807 -0.353255655575 0
  outer loop
   vertex 0.0986477245202 0.0628455315882 -0.15
   vertex 0.0992565866988 0.0644579810771 0.15
   vertex 0.0986477245202 0.0628455315882 0.15
  endloop
 endfacet
 facet normal 0 0 -1
  outer loop
   vertex 0 0 -0.15
   vertex 0.100047114917 0.0662197408026 -0.15
   vertex 0.0992565866988 0.0644579810771 -0.15
  endloop
 endfacet
 facet normal 0 0 1
  outer loop
   vertex 0 0 0.15
   vertex 0.0992565866988 0.0644579810771 0.15
   vertex 0.100047114917 0.0662197408026 0.15
  endloop
 endfacet
 facet normal 0.912359674138 -0.409389576084 0
  outer loop
   vertex 0.0992565866988 0.0644579810771 -0.15
   vertex 0.100047114917 0.0662197408026 -0.15
   vertex 0.100047114917 0.0662197408026 0.15
  endloop
 endfacet
 facet normal 0.912359674138 -0.409389576084 0
  outer loop
   vertex 0.0992565866988 0.0644579810771 -0.15
   vertex 0.100047114917 0.0662197408026 0.15
   vertex 0.0992565866988 0.0644579810771 0.15
  endloop
 endfacet
 facet normal 0 0 -1
  outer loop
   vertex 0 0 -0.15
   vertex 0.10101186076 0.0681333603849 -0.15
   vertex 0.100047114917 0.0662197408026 -0.15
  endloop
 endfacet
 facet normal 0 0 1
  outer loop
   vertex 0 0 0.15
   vertex 0.100047114917 0.0662197408026 0.15
   vertex 0.10101186076 0.0681333603849 0.15
  endloop
 endfacet
 facet normal 0.892941023389 -0.4501736651 0
  outer loop
   vertex 0.100047114917 0.0662197408026 -0.15
   vertex 0.10101186076 0.0681333603849 -0.15
   vertex 0.10101186076 0.0681333603849 0.15
  endloop
 endfacet
 facet normal 0.892941023389 -0.4501736651 0
  outer loop
   vertex 0.100047114917 0.0662197408026 -0.15
   vertex 0.10101186076 0.0681333603849 0.15
   vertex 0.100047114917 0.0662197408026 0.15
  endloop
 endfacet
 facet normal 0 0 -1
  outer loop
   vertex 0 0 -0.15
   vertex 0.102142835949 0.0702008262055 -0.15
   vertex 0.10101186076 0.0681333603849 -0.15
  endloop
 endfacet
 facet normal 0 0 1
  outer loop
   vertex 0 0 0.15
   vertex 0.10101186076 0.0681333603849 0.15
   vertex 0.102142835949 0.0702008262055 0.15
  endloop
 endfacet
 facet normal 0.877312215298 -0.479920073438 0
  outer loop
   vertex 0.10101186076 0.0681333603849 -0.15
   vertex 0.102142835949 0.0702008262055 -0.15
   vertex 0.102142835949 0.0702008262055 0.15
  endloop
 endfacet
 facet normal 0.877312215298 -0.479920073438 0
  outer loop
   vertex 0.10101186076 0.0681333603849 -0.15
   vertex 0.102142835949 0.0702008262055 0.15
   vertex 0.10101186076 0.0681333603849 0.15
  endloop
 endfacet
 facet normal 0 0 -1
  outer loop
   vertex 0 0 -0.15
   vertex 0.103431543792 0.0724235466516 -0.15
   vertex 0.102142835949 0.0702008262055 -0.15
  endloop
 endfacet
 facet normal 0 0 1
  outer loop
   vertex 0 0 0.15
   vertex 0.102142835949 0.0702008262055 0.15
   vertex 0.103431543792 0.0724235466516 0.15
  endloop
 endfacet
 facet normal 0.865110573071 -0.501581196179 0
  outer loop
   vertex 0.102142835949 0.0702008262055 -0.15
   vertex 0.103431543792 0.0724235466516 -0.15
   vertex 0.103431543792 0.0724235466516 0.15
  endloop
 endfacet
 facet normal 0.865110573071 -0.501581196179 0
  outer loop
   vertex 0.102142835949 0.0702008262055 -0.15
   vertex 0.103431543792 0.0724235466516 0.15
   vertex 0.102142835949 0.0702008262055 0.15
  endloop
 endfacet
 facet normal 0 0 -1
  outer loop
   vertex 0 0 -0.15
   vertex 0.104869012239 0.0748023394671 -0.15
   vertex 0.103431543792 0.0724235466516 -0.15
  endloop
 endfacet
 facet normal 0 0 1
  outer loop
   vertex 0 0 0.15
   vertex 0.103431543792 0.0724235466516 0.15
   vertex 0.104869012239 0.0748023394671 0.15
  endloop
 endfacet
 facet normal 0.855870771172 -0.517189736029 0
  outer loop
   vertex 0.103431543792 0.0724235466516 -0.15
   vertex 0.104869012239 0.0748023394671 -0.15
   vertex 0.104869012239 0.0748023394671 0.15
  endloop
 endfacet
 facet normal 0.855870771172 -0.517189736029 0
  outer loop
   vertex 0.103431543792 0.0724235466516 -0.15
   vertex 0.104869012239 0.0748023394671 0.15
   vertex 0.103431543792 0.0724235466516 0.15
  endloop
 endfacet
 facet normal 0 0 -1
  outer loop
   vertex 0 0 -0.15
   vertex 0.106445828408 0.0773374212675 -0.15
   vertex 0.104869012239 0.0748023394671 -0.15
  endloop
 endfacet
 facet normal 0 0 1
  outer loop
   vertex 0 0 0.15
   vertex 0.104869012239 0.0748023394671 0.15
   vertex 0.106445828408 0.0773374212675 0.15
  endloop
 endfacet
 facet normal 0.849141942518 -0.528164710538 0
  outer loop
   vertex 0.104869012239 0.0748023394671 -0.15
   vertex 0.106445828408 0.0773374212675 -0.15
   vertex 0.106445828408 0.0773374212675 0.15
  endloop
 endfacet
 facet normal 0.849141942518 -0.528164710538 0
  outer loop
   vertex 0.104869012239 0.0748023394671 -0.15
   vertex 0.106445828408 0.0773374212675 0.15
   vertex 0.104869012239 0.0748023394671 0.15
  endloop
 endfacet
 facet normal 0 0 -1
  outer loop
   vertex 0 0 -0.15
   vertex 0.108152174452 0.0800283992738 -0.15
   vertex 0.106445828408 0.0773374212675 -0.15
  endloop
 endfacet
 facet normal 0 0 1
  outer loop
   vertex 0 0 0.15
   vertex 0.106445828408 0.0773374212675 0.15
   vertex 0.108152174452 0.0800283992738 0.15
  endloop
 endfacet
 facet normal 0.8445267198 -0.535513416774 0
  outer loop
   vertex 0.106445828408 0.0773374212675 -0.15
   vertex 0.108152174452 0.0800283992738 -0.15
   vertex 0.108152174452 0.0800283992738 0.15
  endloop
 endfacet
 facet normal 0.8445267198 -0.535513416774 0
  outer loop
   vertex 0.106445828408 0.0773374212675 -0.15
   vertex 0.108152174452 0.0800283992738 0.15
   vertex 0.106445828408 0.0773374212675 0.15
  endloop
 endfacet
 facet normal 0 0 -1
  outer loop
   vertex 0 0 -0.15
   vertex 0.109977864624 0.0828742653092 -0.15
   vertex 0.108152174452 0.0800283992738 -0.15
  endloop
 endfacet
 facet normal 0 0 1
  outer loop
   vertex 0 0 0.15
   vertex 0.108152174452 0.0800283992738 0.15
   vertex 0.109977864624 0.0828742653092 0.15
  endloop
 endfacet
 facet normal 0.841688670239 -0.539963130585 0
  outer loop
   vertex 0.108152174452 0.0800283992738 -0.15
   vertex 0.109977864624 0.0828742653092 -0.15
   vertex 0.109977864624 0.0828742653092 0.15
  endloop
 endfacet
 facet normal 0.841688670239 -0.539963130585 0
  outer loop
   vertex 0.108152174452 0.0800283992738 -0.15
   vertex 0.109977864624 0.0828742653092 0.15
   vertex 0.108152174452 0.0800283992738 0.15
  endloop
 endfacet
 facet normal 0 0 -1
  outer loop
   vertex 0 0 -0.15
   vertex 0.111912383427 0.0858733920929 -0.15
   vertex 0.109977864624 0.0828742653092 -0.15
  endloop
 endfacet
 facet normal 0 0 1
  outer loop
   vertex 0 0 0.15
   vertex 0.109977864624 0.0828742653092 0.15
   vertex 0.111912383427 0.0858733920929 0.15
  endloop
 endfacet
 facet normal 0.840347919064 -0.542047391771 0
  outer loop
   vertex 0.109977864624 0.0828742653092 -0.15
   vertex 0.111912383427 0.0858733920929 -0.15
   vertex 0.111912383427 0.0858733920929 0.15
  endloop
 endfacet
 facet normal 0.840347919064 -0.542047391771 0
  outer loop
   vertex 0.109977864624 0.0828742653092 -0.15
   vertex 0.111912383427 0.0858733920929 0.15
   vertex 0.109977864624 0.0828742653092 0.15
  endloop
 endfacet
 facet normal 0 0 -1
  outer loop
   vertex 0 0 -0.15
   vertex 0.113944924673 0.0890235318605 -0.15
   vertex 0.111912383427 0.0858733920929 -0.15
  endloop
 endfacet
 facet normal 0 0 1
  outer loop
   vertex 0 0 0.15
   vertex 0.111912383427 0.0858733920929 0.15
   vertex 0.113944924673 0.0890235318605 0.15
  endloop
 endfacet
 facet normal 0.840273194313 -0.542163221659 0
  outer loop
   vertex 0.111912383427 0.0858733920929 -0.15
   vertex 0.113944924673 0.0890235318605 -0.15
   vertex 0.113944924673 0.0890235318605 0.15
  endloop
 endfacet
 facet normal 0.840273194313 -0.542163221659 0
  outer loop
   vertex 0.111912383427 0.0858733920929 -0.15
   vertex 0.113944924673 0.0890235318605 0.15
   vertex 0.111912383427 0.0858733920929 0.15
  endloop
 endfacet
 facet normal 0 0 -1
  outer loop
   vertex 0 0 -0.15
   vertex 0.11606443133 0.0923218173278 -0.15
   vertex 0.113944924673 0.0890235318605 -0.15
  endloop
 endfacet
 facet normal 0 0 1
  outer loop
   vertex 0 0 0.15
   vertex 0.113944924673 0.0890235318605 0.15
   vertex 0.11606443133 0.0923218173278 0.15
  endloop
 endfacet
 facet normal 0.841273567168 -0.540609642149 0
  outer loop
   vertex 0.113944924673 0.0890235318605 -0.15
   vertex 0.11606443133 0.0923218173278 -0.15
   vertex 0.11606443133 0.0923218173278 0.15
  endloop
 endfacet
 facet normal 0.841273567168 -0.540609642149 0
  outer loop
   vertex 0.113944924673 0.0890235318605 -0.15
   vertex 0.11606443133 0.0923218173278 0.15
   vertex 0.113944924673 0.0890235318605 0.15
  endloop
 endfacet
 facet normal 0 0 -1
  outer loop
   vertex 0 0 -0.15
   vertex 0.118259636006 0.0957647650093 -0.15
   vertex 0.11606443133 0.0923218173278 -0.15
  endloop
 endfacet
 facet normal 0 0 1
  outer loop
   vertex 0 0 0.15
   vertex 0.11606443133 0.0923218173278 0.15
   vertex 0.118259636006 0.0957647650093 0.15
  endloop
 endfacet
 facet normal 0.84319105895 -0.537614023354 0
  outer loop
   vertex 0.11606443133 0.0923218173278 -0.15
   vertex 0.118259636006 0.0957647650093 -0.15
   vertex 0.118259636006 0.0957647650093 0.15
  endloop
 endfacet
 facet normal 0.84319105895 -0.537614023354 0
  outer loop
   vertex 0.11606443133 0.0923218173278 -0.15
   vertex 0.118259636006 0.0957647650093 0.15
   vertex 0.11606443133 0.0923218173278 0.15
  endloop
 endfacet
 facet normal 0 0 -1
  outer loop
   vertex 0 0 -0.15
   vertex 0.12051910191 0.0993482808908 -0.15
   vertex 0.118259636006 0.0957647650093 -0.15
  endloop
 endfacet
 facet normal 0 0 1
  outer loop
   vertex 0 0 0.15
   vertex 0.118259636006 0.0957647650093 0.15
   vertex 0.12051910191 0.0993482808908 0.15
  endloop
 endfacet
 facet normal 0.845894415534 -0.533350389301 0
  outer loop
   vertex 0.118259636006 0.0957647650093 -0.15
   vertex 0.12051910191 0.0993482808908 -0.15
   vertex 0.12051910191 0.0993482808908 0.15
  endloop
 endfacet
 facet normal 0.845894415534 -0.533350389301 0
  outer loop
   vertex 0.118259636006 0.0957647650093 -0.15
   vertex 0.12051910191 0.0993482808908 0.15
   vertex 0.118259636006 0.0957647650093 0.15
  endloop
 endfacet
 facet normal 0 0 -1
  outer loop
   vertex 0 0 -0.15
   vertex 0.122831264155 0.10306766845 -0.15
   vertex 0.12051910191 0.0993482808908 -0.15
  endloop
 endfacet
 facet normal 0 0 1
  outer loop
   vertex 0 0 0.15
   vertex 0.12051910191 0.0993482808908 0.15
   vertex 0.122831264155 0.10306766845 0.15
  endloop
 endfacet
 facet normal 0.849274010296 -0.527952323071 0
  outer loop
   vertex 0.12051910191 0.0993482808908 -0.15
   vertex 0.122831264155 0.10306766845 -0.15
   vertex 0.122831264155 0.10306766845 0.15
  endloop
 endfacet
 facet normal 0.849274010296 -0.527952323071 0
  outer loop
   vertex 0.12051910191 0.0993482808908 -0.15
   vertex 0.122831264155 0.10306766845 0.15
   vertex 0.12051910191 0.0993482808908 0.15
  endloop
 endfacet
 facet normal 0 0 -1
  outer loop
   vertex 0 0 -0.15
   vertex 0.125184471238 0.106917639005 -0.15
   vertex 0.122831264155 0.10306766845 -0.15
  endloop
 endfacet
 facet normal 0 0 1
  outer loop
   vertex 0 0 0.15
   vertex 0.122831264155 0.10306766845 0.15
   vertex 0.125184471238 0.106917639005 0.15
  endloop
 endfacet
 facet normal 0.853237722707 -0.521522184139 0
  outer loop
   vertex 0.122831264155 0.10306766845 -0.15
   vertex 0.125184471238 0.106917639005 -0.15
   vertex 0.125184471238 0.106917639005 0.15
  endloop
 endfacet
 facet normal 0.853237722707 -0.521522184139 0
  outer loop
   vertex 0.122831264155 0.10306766845 -0.15
   vertex 0.125184471238 0.106917639005 0.15
   vertex 0.122831264155 0.10306766845 0.15
  endloop
 endfacet
 facet normal 0 0 -1
  outer loop
   vertex 0 0 -0.15
   vertex 0.127567026559 0.11089232437 -0.15
   vertex 0.125184471238 0.106917639005 -0.15
  endloop
 endfacet
 facet normal 0 0 1
  outer loop
   vertex 0 0 0.15
   vertex 0.125184471238 0.106917639005 0.15
   vertex 0.127567026559 0.11089232437 0.15
  endloop
 endfacet
 facet normal 0.857707618459 -0.514137764842 0
  outer loop
   vertex 0.125184471238 0.106917639005 -0.15
   vertex 0.127567026559 0.11089232437 -0.15
   vertex 0.127567026559 0.11089232437 0.15
  endloop
 endfacet
 facet normal 0.857707618459 -0.514137764842 0
  outer loop
   vertex 0.125184471238 0.106917639005 -0.15
   vertex 0.127567026559 0.11089232437 0.15
   vertex 0.125184471238 0.106917639005 0.15
  endloop
 endfacet
 facet normal 0 0 -1
  outer loop
   vertex 0 0 -0.15
   vertex 0.129967229815 0.114985291782 -0.15
   vertex 0.127567026559 0.11089232437 -0.15
  endloop
 endfacet
 facet normal 0 0 1
  outer loop
   vertex 0 0 0.15
   vertex 0.127567026559 0.11089232437 0.15
   vertex 0.129967229815 0.114985291782 0.15
  endloop
 endfacet
 facet normal 0.862617270657 -0.505857138295 0
  outer loop
   vertex 0.127567026559 0.11089232437 -0.15
   vertex 0.129967229815 0.114985291782 -0.15
   vertex 0.129967229815 0.114985291782 0.15
  endloop
 endfacet
 facet normal 0.862617270657 -0.505857138295 0
  outer loop
   vertex 0.127567026559 0.11089232437 -0.15
   vertex 0.129967229815 0.114985291782 0.15
   vertex 0.127567026559 0.11089232437 0.15
  endloop
 endfacet
 facet normal 0 0 -1
  outer loop
   vertex 0 0 -0.15
   vertex 0.132373418135 0.119189561046 -0.15
   vertex 0.129967229815 0.114985291782 -0.15
  endloop
 endfacet
 facet normal 0 0 1
  outer loop
   vertex 0 0 0.15
   vertex 0.129967229815 0.114985291782 0.15
   vertex 0.132373418135 0.119189561046 0.15
  endloop
 endfacet
 facet normal 0.867909585778 -0.496722206987 0
  outer loop
   vertex 0.129967229815 0.114985291782 -0.15
   vertex 0.132373418135 0.119189561046 -0.15
   vertex 0.132373418135 0.119189561046 0.15
  endloop
 endfacet
 facet normal 0.867909585778 -0.496722206987 0
  outer loop
   vertex 0.129967229815 0.114985291782 -0.15
   vertex 0.132373418135 0.119189561046 0.15
   vertex 0.129967229815 0.114985291782 0.15
  endloop
 endfacet
 facet normal 0 0 -1
  outer loop
   vertex 0 0 -0.15
   vertex 0.134774006789 0.123497623868 -0.15
   vertex 0.132373418135 0.119189561046 -0.15
  endloop
 endfacet
 facet normal 0 0 1
  outer loop
   vertex 0 0 0.15
   vertex 0.132373418135 0.119189561046 0.15
   vertex 0.134774006789 0.123497623868 0.15
  endloop
 endfacet
 facet normal 0.873535022627 -0.486761301095 0
  outer loop
   vertex 0.132373418135 0.119189561046 -0.15
   vertex 0.134774006789 0.123497623868 -0.15
   vertex 0.134774006789 0.123497623868 0.15
  endloop
 endfacet
 facet normal 0.873535022627 -0.486761301095 0
  outer loop
   vertex 0.132373418135 0.119189561046 -0.15
   vertex 0.134774006789 0.123497623868 0.15
   vertex 0.132373418135 0.119189561046 0.15
  endloop
 endfacet
 facet normal 0 0 -1
  outer loop
   vertex 0 0 -0.15
   vertex 0.137157529347 0.127901465293 -0.15
   vertex 0.134774006789 0.123497623868 -0.15
  endloop
 endfacet
 facet normal 0 0 1
  outer loop
   vertex 0 0 0.15
   vertex 0.134774006789 0.123497623868 0.15
   vertex 0.137157529347 0.127901465293 0.15
  endloop
 endfacet
 facet normal 0.879450113902 -0.475991068359 0
  outer loop
   vertex 0.134774006789 0.123497623868 -0.15
   vertex 0.137157529347 0.127901465293 -0.15
   vertex 0.137157529347 0.127901465293 0.15
  endloop
 endfacet
 facet normal 0.879450113902 -0.475991068359 0
  outer loop
   vertex 0.134774006789 0.123497623868 -0.15
   vertex 0.137157529347 0.127901465293 0.15
   vertex 0.134774006789 0.123497623868 0.15
  endloop
 endfacet
 facet normal 0 0 -1
  outer loop
   vertex 0 0 -0.15
   vertex 0.139512677122 0.132392587196 -0.15
   vertex 0.137157529347 0.127901465293 -0.15
  endloop
 endfacet
 facet normal 0 0 1
  outer loop
   vertex 0 0 0.15
   vertex 0.137157529347 0.127901465293 0.15
   vertex 0.139512677122 0.132392587196 0.15
  endloop
 endfacet
 facet normal 0.885616217275 -0.464417824486 0
  outer loop
   vertex 0.137157529347 0.127901465293 -0.15
   vertex 0.139512677122 0.132392587196 -0.15
   vertex 0.139512677122 0.132392587196 0.15
  endloop
 endfacet
 facet normal 0.885616217275 -0.464417824486 0
  outer loop
   vertex 0.137157529347 0.127901465293 -0.15
   vertex 0.139512677122 0.132392587196 0.15
   vertex 0.137157529347 0.127901465293 0.15
  endloop
 endfacet
 facet normal 0 0 -1
  outer loop
   vertex 0 0 -0.15
   vertex 0.141828337776 0.13696203374 -0.15
   vertex 0.139512677122 0.132392587196 -0.15
  endloop
 endfacet
 facet normal 0 0 1
  outer loop
   vertex 0 0 0.15
   vertex 0.139512677122 0.132392587196 0.15
   vertex 0.141828337776 0.13696203374 0.15
  endloop
 endfacet
 facet normal 0.891998436182 -0.452038482708 0
  outer loop
   vertex 0.139512677122 0.132392587196 -0.15
   vertex 0.141828337776 0.13696203374 -0.15
   vertex 0.141828337776 0.13696203374 0.15
  endloop
 endfacet
 facet normal 0.891998436182 -0.452038482708 0
  outer loop
   vertex 0.139512677122 0.132392587196 -0.15
   vertex 0.141828337776 0.13696203374 0.15
   vertex 0.139512677122 0.132392587196 0.15
  endloop
 endfacet
 facet normal 0 0 -1
  outer loop
   vertex 0 0 -0.15
   vertex 0.144093632942 0.141600418725 -0.15
   vertex 0.141828337776 0.13696203374 -0.15
  endloop
 endfacet
 facet normal 0 0 1
  outer loop
   vertex 0 0 0.15
   vertex 0.141828337776 0.13696203374 0.15
   vertex 0.144093632942 0.141600418725 0.15
  endloop
 endfacet
 facet normal 0.898564660311 -0.438841145793 0
  outer loop
   vertex 0.141828337776 0.13696203374 -0.15
   vertex 0.144093632942 0.141600418725 -0.15
   vertex 0.144093632942 0.141600418725 0.15
  endloop
 endfacet
 facet normal 0.898564660311 -0.438841145793 0
  outer loop
   vertex 0.141828337776 0.13696203374 -0.15
   vertex 0.144093632942 0.141600418725 0.15
   vertex 0.141828337776 0.13696203374 0.15
  endloop
 endfacet
 facet normal 0 0 -1
  outer loop
   vertex 0 0 -0.15
   vertex 0.146297954728 0.146297954728 -0.15
   vertex 0.144093632942 0.141600418725 -0.15
  endloop
 endfacet
 facet normal 0 0 1
  outer loop
   vertex 0 0 0.15
   vertex 0.144093632942 0.141600418725 0.15
   vertex 0.146297954728 0.146297954728 0.15
  endloop
 endfacet
 facet normal 0.905284682493 -0.424805418566 0
  outer loop
   vertex 0.144093632942 0.141600418725 -0.15
   vertex 0.146297954728 0.146297954728 -0.15
   vertex 0.146297954728 0.146297954728 0.15
  endloop
 endfacet
 facet normal 0.905284682493 -0.424805418566 0
  outer loop
   vertex 0.144093632942 0.141600418725 -0.15
   vertex 0.146297954728 0.146297954728 0.15
   vertex 0.144093632942 0.141600418725 0.15
  endloop
 endfacet
 facet normal 0 0 -1
  outer loop
   vertex 0 0 -0.15
   vertex 0.148431000986 0.151044483949 -0.15
   vertex 0.146297954728 0.146297954728 -0.15
  endloop
 endfacet
 facet normal 0 0 1
  outer loop
   vertex 0 0 0.15
   vertex 0.146297954728 0.146297954728 0.15
   vertex 0.148431000986 0.151044483949 0.15
  endloop
 endfacet
 facet normal 0.912129352848 -0.409902480687 0
  outer loop
   vertex 0.146297954728 0.146297954728 -0.15
   vertex 0.148431000986 0.151044483949 -0.15
   vertex 0.148431000986 0.151044483949 0.15
  endloop
 endfacet
 facet normal 0.912129352848 -0.409902480687 0
  outer loop
   vertex 0.146297954728 0.146297954728 -0.15
   vertex 0.148431000986 0.151044483949 0.15
   vertex 0.146297954728 0.146297954728 0.15
  endloop
 endfacet
 facet normal 0 0 -1
  outer loop
   vertex 0 0 -0.15
   vertex 0.150482809208 0.15582951064 -0.15
   vertex 0.148431000986 0.151044483949 -0.15
  endloop
 endfacet
 facet normal 0 0 1
  outer loop
   vertex 0 0 0.15
   vertex 0.148431000986 0.151044483949 0.15
   vertex 0.150482809208 0.15582951064 0.15
  endloop
 endfacet
 facet normal 0.919069732708 -0.394094945946 0
  outer loop
   vertex 0.148431000986 0.151044483949 -0.15
   vertex 0.150482809208 0.15582951064 -0.15
   vertex 0.150482809208 0.15582951064 0.15
  endloop
 endfacet
 facet normal 0.919069732708 -0.394094945946 0
  outer loop
   vertex 0.148431000986 0.151044483949 -0.15
   vertex 0.150482809208 0.15582951064 0.15
   vertex 0.148431000986 0.151044483949 0.15
  endloop
 endfacet
 facet normal 0 0 -1
  outer loop
   vertex 0 0 -0.15
   vertex 0.152443788953 0.160642235021 -0.15
   vertex 0.150482809208 0.15582951064 -0.15
  endloop
 endfacet
 facet normal 0 0 1
  outer loop
   vertex 0 0 0.15
   vertex 0.150482809208 0.15582951064 0.15
   vertex 0.152443788953 0.160642235021 0.15
  endloop
 endfacet
 facet normal 0.92607621038 -0.377336524297 0
  outer loop
   vertex 0.150482809208 0.15582951064 -0.15
   vertex 0.152443788953 0.160642235021 -0.15
   vertex 0.152443788953 0.160642235021 0.15
  endloop
 endfacet
 facet normal 0.92607621038 -0.377336524297 0
  outer loop
   vertex 0.150482809208 0.15582951064 -0.15
   vertex 0.152443788953 0.160642235021 0.15
   vertex 0.150482809208 0.15582951064 0.15
  endloop
 endfacet
 facet normal 0 0 -1
  outer loop
   vertex 0 0 -0.15
   vertex 0.154304752664 0.165471588565 -0.15
   vertex 0.152443788953 0.160642235021 -0.15
  endloop
 endfacet
 facet normal 0 0 1
  outer loop
   vertex 0 0 0.15
   vertex 0.152443788953 0.160642235021 0.15
   vertex 0.154304752664 0.165471588565 0.15
  endloop
 endfacet
 facet normal 0.933117537948 -0.359571495497 0
  outer loop
   vertex 0.152443788953 0.160642235021 -0.15
   vertex 0.154304752664 0.165471588565 -0.15
   vertex 0.154304752664 0.165471588565 0.15
  endloop
 endfacet
 facet normal 0.933117537948 -0.359571495497 0
  outer loop
   vertex 0.152443788953 0.160642235021 -0.15
   vertex 0.154304752664 0.165471588565 0.15
   vertex 0.152443788953 0.160642235021 0.15
  endloop
 endfacet
 facet normal 0 0 -1
  outer loop
   vertex 0 0 -0.15
   vertex 0.156056944801 0.170306270512 -0.15
   vertex 0.154304752664 0.165471588565 -0.15
  endloop
 endfacet
 facet normal 0 0 1
  outer loop
   vertex 0 0 0.15
   vertex 0.154304752664 0.165471588565 0.15
   vertex 0.156056944801 0.170306270512 0.15
  endloop
 endfacet
 facet normal 0.940159743107 -0.34073399807 0
  outer loop
   vertex 0.154304752664 0.165471588565 -0.15
   vertex 0.156056944801 0.170306270512 -0.15
   vertex 0.156056944801 0.170306270512 0.15
  endloop
 endfacet
 facet normal 0.940159743107 -0.34073399807 0
  outer loop
   vertex 0.154304752664 0.165471588565 -0.15
   vertex 0.156056944801 0.170306270512 0.15
   vertex 0.154304752664 0.165471588565 0.15
  endloop
 endfacet
 facet normal 0 0 -1
  outer loop
   vertex 0 0 -0.15
   vertex 0.157692069171 0.175134785511 -0.15
   vertex 0.156056944801 0.170306270512 -0.15
  endloop
 endfacet
 facet normal 0 0 1
  outer loop
   vertex 0 0 0.15
   vertex 0.156056944801 0.170306270512 0.15
   vertex 0.157692069171 0.175134785511 0.15
  endloop
 endfacet
 facet normal 0.947164862008 -0.320747134324 0
  outer loop
   vertex 0.156056944801 0.170306270512 -0.15
   vertex 0.157692069171 0.175134785511 -0.15
   vertex 0.157692069171 0.175134785511 0.15
  endloop
 endfacet
 facet normal 0.947164862008 -0.320747134324 0
  outer loop
   vertex 0.156056944801 0.170306270512 -0.15
   vertex 0.157692069171 0.175134785511 0.15
   vertex 0.156056944801 0.170306270512 0.15
  endloop
 endfacet
 facet normal 0 0 -1
  outer loop
   vertex 0 0 -0.15
   vertex 0.159202314376 0.179945482235 -0.15
   vertex 0.157692069171 0.175134785511 -0.15
  endloop
 endfacet
 facet normal 0 0 1
  outer loop
   vertex 0 0 0.15
   vertex 0.157692069171 0.175134785511 0.15
   vertex 0.159202314376 0.179945482235 0.15
  endloop
 endfacet
 facet normal 0.954089427865 -0.299521891747 0
  outer loop
   vertex 0.157692069171 0.175134785511 -0.15
   vertex 0.159202314376 0.179945482235 -0.15
   vertex 0.159202314376 0.179945482235 0.15
  endloop
 endfacet
 facet normal 0.954089427865 -0.299521891747 0
  outer loop
   vertex 0.157692069171 0.175134785511 -0.15
   vertex 0.159202314376 0.179945482235 0.15
   vertex 0.157692069171 0.175134785511 0.15
  endloop
 endfacet
 facet normal 0 0 -1
  outer loop
   vertex 0 0 -0.15
   vertex 0.160580377281 0.184726592843 -0.15
   vertex 0.159202314376 0.179945482235 -0.15
  endloop
 endfacet
 facet normal 0 0 1
  outer loop
   vertex 0 0 0.15
   vertex 0.159202314376 0.179945482235 0.15
   vertex 0.160580377281 0.184726592843 0.15
  endloop
 endfacet
 facet normal 0.960882635041 -0.276955883991 0
  outer loop
   vertex 0.159202314376 0.179945482235 -0.15
   vertex 0.160580377281 0.184726592843 -0.15
   vertex 0.160580377281 0.184726592843 0.15
  endloop
 endfacet
 facet normal 0.960882635041 -0.276955883991 0
  outer loop
   vertex 0.159202314376 0.179945482235 -0.15
   vertex 0.160580377281 0.184726592843 0.15
   vertex 0.159202314376 0.179945482235 0.15
  endloop
 endfacet
 facet normal 0 0 -1
  outer loop
   vertex 0 0 -0.15
   vertex 0.161819484442 0.189466273148 -0.15
   vertex 0.160580377281 0.184726592843 -0.15
  endloop
 endfacet
 facet normal 0 0 1
  outer loop
   vertex 0 0 0.15
   vertex 0.160580377281 0.184726592843 0.15
   vertex 0.161819484442 0.189466273148 0.15
  endloop
 endfacet
 facet normal 0.967484078767 -0.252931922328 0
  outer loop
   vertex 0.160580377281 0.184726592843 -0.15
   vertex 0.161819484442 0.189466273148 -0.15
   vertex 0.161819484442 0.189466273148 0.15
  endloop
 endfacet
 facet normal 0.967484078767 -0.252931922328 0
  outer loop
   vertex 0.160580377281 0.184726592843 -0.15
   vertex 0.161819484442 0.189466273148 0.15
   vertex 0.160580377281 0.184726592843 0.15
  endloop
 endfacet
 facet normal 0 0 -1
  outer loop
   vertex 0 0 -0.15
   vertex 0.162913411421 0.194152643342 -0.15
   vertex 0.161819484442 0.189466273148 -0.15
  endloop
 endfacet
 facet normal 0 0 1
  outer loop
   vertex 0 0 0.15
   vertex 0.161819484442 0.189466273148 0.15
   vertex 0.162913411421 0.194152643342 0.15
  endloop
 endfacet
 facet normal 0.973820945859 -0.227316443327 0
  outer loop
   vertex 0.161819484442 0.189466273148 -0.15
   vertex 0.162913411421 0.194152643342 -0.15
   vertex 0.162913411421 0.194152643342 0.15
  endloop
 endfacet
 facet normal 0.973820945859 -0.227316443327 0
  outer loop
   vertex 0.161819484442 0.189466273148 -0.15
   vertex 0.162913411421 0.194152643342 0.15
   vertex 0.161819484442 0.189466273148 0.15
  endloop
 endfacet
 facet normal 0 0 -1
  outer loop
   vertex 0 0 -0.15
   vertex 0.163856499914 0.198773829147 -0.15
   vertex 0.162913411421 0.194152643342 -0.15
  endloop
 endfacet
 facet normal 0 0 1
  outer loop
   vertex 0 0 0.15
   vertex 0.162913411421 0.194152643342 0.15
   vertex 0.163856499914 0.198773829147 0.15
  endloop
 endfacet
 facet normal 0.979804501203 -0.199957844114 0
  outer loop
   vertex 0.162913411421 0.194152643342 -0.15
   vertex 0.163856499914 0.198773829147 -0.15
   vertex 0.163856499914 0.198773829147 0.15
  endloop
 endfacet
 facet normal 0.979804501203 -0.199957844114 0
  outer loop
   vertex 0.162913411421 0.194152643342 -0.15
   vertex 0.163856499914 0.198773829147 0.15
   vertex 0.162913411421 0.194152643342 0.15
  endloop
 endfacet
 facet normal 0 0 -1
  outer loop
   vertex 0 0 -0.15
   vertex 0.164643672667 0.203318003217 -0.15
   vertex 0.163856499914 0.198773829147 -0.15
  endloop
 endfacet
 facet normal 0 0 1
  outer loop
   vertex 0 0 0.15
   vertex 0.163856499914 0.198773829147 0.15
   vertex 0.164643672667 0.203318003217 0.15
  endloop
 endfacet
 facet normal 0.985325678504 -0.170684818544 0
  outer loop
   vertex 0.163856499914 0.198773829147 -0.15
   vertex 0.164643672667 0.203318003217 -0.15
   vertex 0.164643672667 0.203318003217 0.15
  endloop
 endfacet
 facet normal 0.985325678504 -0.170684818544 0
  outer loop
   vertex 0.163856499914 0.198773829147 -0.15
   vertex 0.164643672667 0.203318003217 0.15
   vertex 0.163856499914 0.198773829147 0.15
  endloop
 endfacet
 facet normal 0 0 -1
  outer loop
   vertex 0 0 -0.15
   vertex 0.165270446108 0.207773426678 -0.15
   vertex 0.164643672667 0.203318003217 -0.15
  endloop
 endfacet
 facet normal 0 0 1
  outer loop
   vertex 0 0 0.15
   vertex 0.164643672667 0.203318003217 0.15
   vertex 0.165270446108 0.207773426678 0.15
  endloop
 endfacet
 facet normal 0.990249543124 -0.139304853979 0
  outer loop
   vertex 0.164643672667 0.203318003217 -0.15
   vertex 0.165270446108 0.207773426678 -0.15
   vertex 0.165270446108 0.207773426678 0.15
  endloop
 endfacet
 facet normal 0.990249543124 -0.139304853979 0
  outer loop
   vertex 0.164643672667 0.203318003217 -0.15
   vertex 0.165270446108 0.207773426678 0.15
   vertex 0.164643672667 0.203318003217 0.15
  endloop
 endfacet
 facet normal 0 0 -1
  outer loop
   vertex 0 0 -0.15
   vertex 0.165732940688 0.212128490612 -0.15
   vertex 0.165270446108 0.207773426678 -0.15
  endloop
 endfacet
 facet normal 0 0 1
  outer loop
   vertex 0 0 0.15
   vertex 0.165270446108 0.207773426678 0.15
   vertex 0.165732940688 0.212128490612 0.15
  endloop
 endfacet
 facet normal 0.994408354014 -0.105603150841 0
  outer loop
   vertex 0.165270446108 0.207773426678 -0.15
   vertex 0.165732940688 0.212128490612 -0.15
   vertex 0.165732940688 0.212128490612 0.15
  endloop
 endfacet
 facet normal 0.994408354014 -0.105603150841 0
  outer loop
   vertex 0.165270446108 0.207773426678 -0.15
   vertex 0.165732940688 0.212128490612 0.15
   vertex 0.165270446108 0.207773426678 0.15
  endloop
 endfacet
 facet normal 0 0 -1
  outer loop
   vertex 0 0 -0.15
   vertex 0.166027888876 0.216371757383 -0.15
   vertex 0.165732940688 0.212128490612 -0.15
  endloop
 endfacet
 facet normal 0 0 1
  outer loop
   vertex 0 0 0.15
   vertex 0.165732940688 0.212128490612 0.15
   vertex 0.166027888876 0.216371757383 0.15
  endloop
 endfacet
 facet normal 0.99759292003 -0.0693423817489 0
  outer loop
   vertex 0.165732940688 0.212128490612 -0.15
   vertex 0.166027888876 0.216371757383 -0.15
   vertex 0.166027888876 0.216371757383 0.15
  endloop
 endfacet
 facet normal 0.99759292003 -0.0693423817489 0
  outer loop
   vertex 0.165732940688 0.212128490612 -0.15
   vertex 0.166027888876 0.216371757383 0.15
   vertex 0.165732940688 0.212128490612 0.15
  endloop
 endfacet
 facet normal 0 0 -1
  outer loop
   vertex 0 0 -0.15
   vertex 0.166152640823 0.220492001602 -0.15
   vertex 0.166027888876 0.216371757383 -0.15
  endloop
 endfacet
 facet normal 0 0 1
  outer loop
   vertex 0 0 0.15
   vertex 0.166027888876 0.216371757383 0.15
   vertex 0.166152640823 0.220492001602 0.15
  endloop
 endfacet
 facet normal 0.999541942214 -0.0302639349071 0
  outer loop
   vertex 0.166027888876 0.216371757383 -0.15
   vertex 0.166152640823 0.220492001602 -0.15
   vertex 0.166152640823 0.220492001602 0.15
  endloop
 endfacet
 facet normal 0.999541942214 -0.0302639349071 0
  outer loop
   vertex 0.166027888876 0.216371757383 -0.15
   vertex 0.166152640823 0.220492001602 0.15
   vertex 0.166027888876 0.216371757383 0.15
  endloop
 endfacet
 facet normal 0 0 -1
  outer loop
   vertex 0 0 -0.15
   vertex 0.166105167658 0.224478250631 -0.15
   vertex 0.166152640823 0.220492001602 -0.15
  endloop
 endfacet
 facet normal 0 0 1
  outer loop
   vertex 0 0 0.15
   vertex 0.166152640823 0.220492001602 0.15
   vertex 0.166105167658 0.224478250631 0.15
  endloop
 endfacet
 facet normal 0.999929092638 0.0119083876477 0
  outer loop
   vertex 0.166152640823 0.220492001602 -0.15
   vertex 0.166105167658 0.224478250631 -0.15
   vertex 0.166105167658 0.224478250631 0.15
  endloop
 endfacet
 facet normal 0.999929092638 0.0119083876477 -0
  outer loop
   vertex 0.166152640823 0.220492001602 -0.15
   vertex 0.166105167658 0.224478250631 0.15
   vertex 0.166152640823 0.220492001602 0.15
  endloop
 endfacet
 facet normal 0 0 -1
  outer loop
   vertex 0 0 -0.15
   vertex 0.16588406244 0.228319824436 -0.15
   vertex 0.166105167658 0.224478250631 -0.15
  endloop
 endfacet
 facet normal 0 0 1
  outer loop
   vertex 0 0 0.15
   vertex 0.166105167658 0.224478250631 0.15
   vertex 0.16588406244 0.228319824436 0.15
  endloop
 endfacet
 facet normal 0.998347763352 0.0574607988973 0
  outer loop
   vertex 0.166105167658 0.224478250631 -0.15
   vertex 0.16588406244 0.228319824436 -0.15
   vertex 0.16588406244 0.228319824436 0.15
  endloop
 endfacet
 facet normal 0.998347763352 0.0574607988973 -0
  outer loop
   vertex 0.166105167658 0.224478250631 -0.15
   vertex 0.16588406244 0.228319824436 0.15
   vertex 0.166105167658 0.224478250631 0.15
  endloop
 endfacet
 facet normal 0 0 -1
  outer loop
   vertex 0 0 -0.15
   vertex 0.165488538758 0.232006374667 -0.15
   vertex 0.16588406244 0.228319824436 -0.15
  endloop
 endfacet
 facet normal 0 0 1
  outer loop
   vertex 0 0 0.15
   vertex 0.16588406244 0.228319824436 0.15
   vertex 0.165488538758 0.232006374667 0.15
  endloop
 endfacet
 facet normal 0.994293825975 0.106676087424 0
  outer loop
   vertex 0.16588406244 0.228319824436 -0.15
   vertex 0.165488538758 0.232006374667 -0.15
   vertex 0.165488538758 0.232006374667 0.15
  endloop
 endfacet
 facet normal 0.994293825975 0.106676087424 -0
  outer loop
   vertex 0.16588406244 0.228319824436 -0.15
   vertex 0.165488538758 0.232006374667 0.15
   vertex 0.16588406244 0.228319824436 0.15
  endloop
 endfacet
 facet normal 0 0 -1
  outer loop
   vertex 0 0 -0.15
   vertex 0.164918427011 0.235527922811 -0.15
   vertex 0.165488538758 0.232006374667 -0.15
  endloop
 endfacet
 facet normal 0 0 1
  outer loop
   vertex 0 0 0.15
   vertex 0.165488538758 0.232006374667 0.15
   vertex 0.164918427011 0.235527922811 0.15
  endloop
 endfacet
 facet normal 0.987147526058 0.159811644749 0
  outer loop
   vertex 0.165488538758 0.232006374667 -0.15
   vertex 0.164918427011 0.235527922811 -0.15
   vertex 0.164918427011 0.235527922811 0.15
  endloop
 endfacet
 facet normal 0.987147526058 0.159811644749 -0
  outer loop
   vertex 0.165488538758 0.232006374667 -0.15
   vertex 0.164918427011 0.235527922811 0.15
   vertex 0.165488538758 0.232006374667 0.15
  endloop
 endfacet
 facet normal 0 0 -1
  outer loop
   vertex 0 0 -0.15
   vertex 0.164174168384 0.238874897274 -0.15
   vertex 0.164918427011 0.235527922811 -0.15
  endloop
 endfacet
 facet normal 0 0 1
  outer loop
   vertex 0 0 0.15
   vertex 0.164918427011 0.235527922811 0.15
   vertex 0.164174168384 0.238874897274 0.15
  endloop
 endfacet
 facet normal 0.976157002168 0.217065674664 0
  outer loop
   vertex 0.164918427011 0.235527922811 -0.15
   vertex 0.164174168384 0.238874897274 -0.15
   vertex 0.164174168384 0.238874897274 0.15
  endloop
 endfacet
 facet normal 0.976157002168 0.217065674664 -0
  outer loop
   vertex 0.164918427011 0.235527922811 -0.15
   vertex 0.164174168384 0.238874897274 0.15
   vertex 0.164918427011 0.235527922811 0.15
  endloop
 endfacet
 facet normal 0 0 -1
  outer loop
   vertex 0 0 -0.15
   vertex 0.163256806568 0.242038169262 -0.15
   vertex 0.164174168384 0.238874897274 -0.15
  endloop
 endfacet
 facet normal 0 0 1
  outer loop
   vertex 0 0 0.15
   vertex 0.164174168384 0.238874897274 0.15
   vertex 0.163256806568 0.242038169262 0.15
  endloop
 endfacet
 facet normal 0.960428087889 0.278528073978 0
  outer loop
   vertex 0.164174168384 0.238874897274 -0.15
   vertex 0.163256806568 0.242038169262 -0.15
   vertex 0.163256806568 0.242038169262 0.15
  endloop
 endfacet
 facet normal 0.960428087889 0.278528073978 -0
  outer loop
   vertex 0.164174168384 0.238874897274 -0.15
   vertex 0.163256806568 0.242038169262 0.15
   vertex 0.164174168384 0.238874897274 0.15
  endloop
 endfacet
 facet normal 0 0 -1
  outer loop
   vertex 0 0 -0.15
   vertex 0.162167977258 0.245009087318 -0.15
   vertex 0.163256806568 0.242038169262 -0.15
  endloop
 endfacet
 facet normal 0 0 1
  outer loop
   vertex 0 0 0.15
   vertex 0.163256806568 0.242038169262 0.15
   vertex 0.162167977258 0.245009087318 0.15
  endloop
 endfacet
 facet normal 0.9389281259 0.344113316211 0
  outer loop
   vertex 0.163256806568 0.242038169262 -0.15
   vertex 0.162167977258 0.245009087318 -0.15
   vertex 0.162167977258 0.245009087318 0.15
  endloop
 endfacet
 facet normal 0.9389281259 0.344113316211 -0
  outer loop
   vertex 0.163256806568 0.242038169262 -0.15
   vertex 0.162167977258 0.245009087318 0.15
   vertex 0.163256806568 0.242038169262 0.15
  endloop
 endfacet
 facet normal 0 0 -1
  outer loop
   vertex 0 0 -0.15
   vertex 0.160909895481 0.247779510382 -0.15
   vertex 0.162167977258 0.245009087318 -0.15
  endloop
 endfacet
 facet normal 0 0 1
  outer loop
   vertex 0 0 0.15
   vertex 0.162167977258 0.245009087318 0.15
   vertex 0.160909895481 0.247779510382 0.15
  endloop
 endfacet
 facet normal 0.91051516657 0.413475672133 0
  outer loop
   vertex 0.162167977258 0.245009087318 -0.15
   vertex 0.160909895481 0.247779510382 -0.15
   vertex 0.160909895481 0.247779510382 0.15
  endloop
 endfacet
 facet normal 0.91051516657 0.413475672133 -0
  outer loop
   vertex 0.162167977258 0.245009087318 -0.15
   vertex 0.160909895481 0.247779510382 0.15
   vertex 0.162167977258 0.245009087318 0.15
  endloop
 endfacet
 facet normal 0 0 -1
  outer loop
   vertex 0 0 -0.15
   vertex 0.159485340831 0.250341839264 -0.15
   vertex 0.160909895481 0.247779510382 -0.15
  endloop
 endfacet
 facet normal 0 0 1
  outer loop
   vertex 0 0 0.15
   vertex 0.160909895481 0.247779510382 0.15
   vertex 0.159485340831 0.250341839264 0.15
  endloop
 endfacet
 facet normal 0.87400683811 0.48591362086 0
  outer loop
   vertex 0.160909895481 0.247779510382 -0.15
   vertex 0.159485340831 0.250341839264 -0.15
   vertex 0.159485340831 0.250341839264 0.15
  endloop
 endfacet
 facet normal 0.87400683811 0.48591362086 -0
  outer loop
   vertex 0.160909895481 0.247779510382 -0.15
   vertex 0.159485340831 0.250341839264 0.15
   vertex 0.160909895481 0.247779510382 0.15
  endloop
 endfacet
 facet normal 0 0 -1
  outer loop
   vertex 0 0 -0.15
   vertex 0.157897640655 0.252689046395 -0.15
   vertex 0.159485340831 0.250341839264 -0.15
  endloop
 endfacet
 facet normal 0 0 1
  outer loop
   vertex 0 0 0.15
   vertex 0.159485340831 0.250341839264 0.15
   vertex 0.157897640655 0.252689046395 0.15
  endloop
 endfacet
 facet normal 0.828302477983 0.560281183842 0
  outer loop
   vertex 0.159485340831 0.250341839264 -0.15
   vertex 0.157897640655 0.252689046395 -0.15
   vertex 0.157897640655 0.252689046395 0.15
  endloop
 endfacet
 facet normal 0.828302477983 0.560281183842 -0
  outer loop
   vertex 0.159485340831 0.250341839264 -0.15
   vertex 0.157897640655 0.252689046395 0.15
   vertex 0.159485340831 0.250341839264 0.15
  endloop
 endfacet
 facet normal 0 0 -1
  outer loop
   vertex 0 0 -0.15
   vertex 0.156150651284 0.254814703744 -0.15
   vertex 0.157897640655 0.252689046395 -0.15
  endloop
 endfacet
 facet normal 0 0 1
  outer loop
   vertex 0 0 0.15
   vertex 0.157897640655 0.252689046395 0.15
   vertex 0.156150651284 0.254814703744 0.15
  endloop
 endfacet
 facet normal 0.772563351305 0.634937688455 0
  outer loop
   vertex 0.157897640655 0.252689046395 -0.15
   vertex 0.156150651284 0.254814703744 -0.15
   vertex 0.156150651284 0.254814703744 0.15
  endloop
 endfacet
 facet normal 0.772563351305 0.634937688455 -0
  outer loop
   vertex 0.157897640655 0.252689046395 -0.15
   vertex 0.156150651284 0.254814703744 0.15
   vertex 0.157897640655 0.252689046395 0.15
  endloop
 endfacet
 facet normal 0 0 -1
  outer loop
   vertex 0 0 -0.15
   vertex 0.154248737382 0.256713008803 -0.15
   vertex 0.156150651284 0.254814703744 -0.15
  endloop
 endfacet
 facet normal 0 0 1
  outer loop
   vertex 0 0 0.15
   vertex 0.156150651284 0.254814703744 0.15
   vertex 0.154248737382 0.256713008803 0.15
  endloop
 endfacet
 facet normal 0.706434965062 0.70777795963 0
  outer loop
   vertex 0.156150651284 0.254814703744 -0.15
   vertex 0.154248737382 0.256713008803 -0.15
   vertex 0.154248737382 0.256713008803 0.15
  endloop
 endfacet
 facet normal 0.706434965062 0.70777795963 -0
  outer loop
   vertex 0.156150651284 0.254814703744 -0.15
   vertex 0.154248737382 0.256713008803 0.15
   vertex 0.156150651284 0.254814703744 0.15
  endloop
 endfacet
 facet normal 0 0 -1
  outer loop
   vertex 0 0 -0.15
   vertex 0.15219674951 0.258378808525 -0.15
   vertex 0.154248737382 0.256713008803 -0.15
  endloop
 endfacet
 facet normal 0 0 1
  outer loop
   vertex 0 0 0.15
   vertex 0.154248737382 0.256713008803 0.15
   vertex 0.15219674951 0.258378808525 0.15
  endloop
 endfacet
 facet normal 0.630264291337 0.776380656035 0
  outer loop
   vertex 0.154248737382 0.256713008803 -0.15
   vertex 0.15219674951 0.258378808525 -0.15
   vertex 0.15219674951 0.258378808525 0.15
  endloop
 endfacet
 facet normal 0.630264291337 0.776380656035 -0
  outer loop
   vertex 0.154248737382 0.256713008803 -0.15
   vertex 0.15219674951 0.258378808525 0.15
   vertex 0.154248737382 0.256713008803 0.15
  endloop
 endfacet
 facet normal 0 0 -1
  outer loop
   vertex 0 0 -0.15
   vertex 0.15 0.259807621135 -0.15
   vertex 0.15219674951 0.258378808525 -0.15
  endloop
 endfacet
 facet normal 0 0 1
  outer loop
   vertex 0 0 0.15
   vertex 0.15219674951 0.258378808525 0.15
   vertex 0.15 0.259807621135 0.15
  endloop
 endfacet
 facet normal 0.545236582984 0.838282212966 0
  outer loop
   vertex 0.15219674951 0.258378808525 -0.15
   vertex 0.15 0.259807621135 -0.15
   vertex 0.15 0.259807621135 0.15
  endloop
 endfacet
 facet normal 0.545236582984 0.838282212966 -0
  outer loop
   vertex 0.15219674951 0.258378808525 -0.15
   vertex 0.15 0.259807621135 0.15
   vertex 0.15219674951 0.258378808525 0.15
  endloop
 endfacet
 facet normal 0 0 -1
  outer loop
   vertex 0 0 -0.15
   vertex 0.147664237227 0.260995655712 -0.15
   vertex 0.15 0.259807621135 -0.15
  endloop
 endfacet
 facet normal 0 0 1
  outer loop
   vertex 0 0 0.15
   vertex 0.15 0.259807621135 0.15
   vertex 0.147664237227 0.260995655712 0.15
  endloop
 endfacet
 facet normal 0.453355400477 0.89132983842 0
  outer loop
   vertex 0.15 0.259807621135 -0.15
   vertex 0.147664237227 0.260995655712 -0.15
   vertex 0.147664237227 0.260995655712 0.15
  endloop
 endfacet
 facet normal 0.453355400477 0.89132983842 -0
  outer loop
   vertex 0.15 0.259807621135 -0.15
   vertex 0.147664237227 0.260995655712 0.15
   vertex 0.15 0.259807621135 0.15
  endloop
 endfacet
 facet normal 0 0 -1
  outer loop
   vertex 0 0 -0.15
   vertex 0.145195618414 0.261939829475 -0.15
   vertex 0.147664237227 0.260995655712 -0.15
  endloop
 endfacet
 facet normal 0 0 1
  outer loop
   vertex 0 0 0.15
   vertex 0.147664237227 0.260995655712 0.15
   vertex 0.145195618414 0.261939829475 0.15
  endloop
 endfacet
 facet normal 0.357233225465 0.934015215414 0
  outer loop
   vertex 0.147664237227 0.260995655712 -0.15
   vertex 0.145195618414 0.261939829475 -0.15
   vertex 0.145195618414 0.261939829475 0.15
  endloop
 endfacet
 facet normal 0.357233225465 0.934015215414 -0
  outer loop
   vertex 0.147664237227 0.260995655712 -0.15
   vertex 0.145195618414 0.261939829475 0.15
   vertex 0.147664237227 0.260995655712 0.15
  endloop
 endfacet
 facet normal 0 0 -1
  outer loop
   vertex 0 0 -0.15
   vertex 0.142600681058 0.262637782701 -0.15
   vertex 0.145195618414 0.261939829475 -0.15
  endloop
 endfacet
 facet normal 0 0 1
  outer loop
   vertex 0 0 0.15
   vertex 0.145195618414 0.261939829475 0.15
   vertex 0.142600681058 0.262637782701 0.15
  endloop
 endfacet
 facet normal 0.259736210747 0.96567960568 0
  outer loop
   vertex 0.145195618414 0.261939829475 -0.15
   vertex 0.142600681058 0.262637782701 -0.15
   vertex 0.142600681058 0.262637782701 0.15
  endloop
 endfacet
 facet normal 0.259736210747 0.96567960568 -0
  outer loop
   vertex 0.145195618414 0.261939829475 -0.15
   vertex 0.142600681058 0.262637782701 0.15
   vertex 0.145195618414 0.261939829475 0.15
  endloop
 endfacet
 facet normal 0 0 -1
  outer loop
   vertex 0 0 -0.15
   vertex 0.139886313108 0.263087891203 -0.15
   vertex 0.142600681058 0.262637782701 -0.15
  endloop
 endfacet
 facet normal 0 0 1
  outer loop
   vertex 0 0 0.15
   vertex 0.142600681058 0.262637782701 0.15
   vertex 0.139886313108 0.263087891203 0.15
  endloop
 endfacet
 facet normal 0.16359049237 0.98652833249 0
  outer loop
   vertex 0.142600681058 0.262637782701 -0.15
   vertex 0.139886313108 0.263087891203 -0.15
   vertex 0.139886313108 0.263087891203 0.15
  endloop
 endfacet
 facet normal 0.16359049237 0.98652833249 -0
  outer loop
   vertex 0.142600681058 0.262637782701 -0.15
   vertex 0.139886313108 0.263087891203 0.15
   vertex 0.142600681058 0.262637782701 0.15
  endloop
 endfacet
 facet normal 0 0 -1
  outer loop
   vertex 0 0 -0.15
   vertex 0.137059722018 0.263289276323 -0.15
   vertex 0.139886313108 0.263087891203 -0.15
  endloop
 endfacet
 facet normal 0 0 1
  outer loop
   vertex 0 0 0.15
   vertex 0.139886313108 0.263087891203 0.15
   vertex 0.137059722018 0.263289276323 0.15
  endloop
 endfacet
 facet normal 0.0710664994785 0.997471579872 0
  outer loop
   vertex 0.139886313108 0.263087891203 -0.15
   vertex 0.137059722018 0.263289276323 -0.15
   vertex 0.137059722018 0.263289276323 0.15
  endloop
 endfacet
 facet normal 0.0710664994785 0.997471579872 -0
  outer loop
   vertex 0.139886313108 0.263087891203 -0.15
   vertex 0.137059722018 0.263289276323 0.15
   vertex 0.139886313108 0.263087891203 0.15
  endloop
 endfacet
 facet normal 0 0 -1
  outer loop
   vertex 0 0 -0.15
   vertex 0.134128402788 0.263241812398 -0.15
   vertex 0.137059722018 0.263289276323 -0.15
  endloop
 endfacet
 facet normal 0 0 1
  outer loop
   vertex 0 0 0.15
   vertex 0.137059722018 0.263289276323 0.15
   vertex 0.134128402788 0.263241812398 0.15
  endloop
 endfacet
 facet normal -0.0161898793452 0.999868935314 0
  outer loop
   vertex 0.137059722018 0.263289276323 -0.15
   vertex 0.134128402788 0.263241812398 -0.15
   vertex 0.134128402788 0.263241812398 0.15
  endloop
 endfacet
 facet normal -0.0161898793452 0.999868935314 0
  outer loop
   vertex 0.137059722018 0.263289276323 -0.15
   vertex 0.134128402788 0.263241812398 0.15
   vertex 0.137059722018 0.263289276323 0.15
  endloop
 endfacet
 facet normal 0 0 -1
  outer loop
   vertex 0 0 -0.15
   vertex 0.131100105147 0.262946131644 -0.15
   vertex 0.134128402788 0.263241812398 -0.15
  endloop
 endfacet
 facet normal 0 0 1
  outer loop
   vertex 0 0 0.15
   vertex 0.134128402788 0.263241812398 0.15
   vertex 0.131100105147 0.262946131644 0.15
  endloop
 endfacet
 facet normal -0.0971771473707 0.995267100847 0
  outer loop
   vertex 0.134128402788 0.263241812398 -0.15
   vertex 0.131100105147 0.262946131644 -0.15
   vertex 0.131100105147 0.262946131644 0.15
  endloop
 endfacet
 facet normal -0.0971771473707 0.995267100847 0
  outer loop
   vertex 0.134128402788 0.263241812398 -0.15
   vertex 0.131100105147 0.262946131644 0.15
   vertex 0.134128402788 0.263241812398 0.15
  endloop
 endfacet
 facet normal 0 0 -1
  outer loop
   vertex 0 0 -0.15
   vertex 0.127982799983 0.26240362646 -0.15
   vertex 0.131100105147 0.262946131644 -0.15
  endloop
 endfacet
 facet normal 0 0 1
  outer loop
   vertex 0 0 0.15
   vertex 0.131100105147 0.262946131644 0.15
   vertex 0.127982799983 0.26240362646 0.15
  endloop
 endfacet
 facet normal -0.171453189331 0.985192267463 0
  outer loop
   vertex 0.131100105147 0.262946131644 -0.15
   vertex 0.127982799983 0.26240362646 -0.15
   vertex 0.127982799983 0.26240362646 0.15
  endloop
 endfacet
 facet normal -0.171453189331 0.985192267463 0
  outer loop
   vertex 0.131100105147 0.262946131644 -0.15
   vertex 0.127982799983 0.26240362646 0.15
   vertex 0.131100105147 0.262946131644 0.15
  endloop
 endfacet
 facet normal 0 0 -1
  outer loop
   vertex 0 0 -0.15
   vertex 0.124784645173 0.261616449103 -0.15
   vertex 0.127982799983 0.26240362646 -0.15
  endloop
 endfacet
 facet normal 0 0 1
  outer loop
   vertex 0 0 0.15
   vertex 0.127982799983 0.26240362646 0.15
   vertex 0.124784645173 0.261616449103 0.15
  endloop
 endfacet
 facet normal -0.239001656212 0.971019159609 0
  outer loop
   vertex 0.127982799983 0.26240362646 -0.15
   vertex 0.124784645173 0.261616449103 -0.15
   vertex 0.124784645173 0.261616449103 0.15
  endloop
 endfacet
 facet normal -0.239001656212 0.971019159609 0
  outer loop
   vertex 0.127982799983 0.26240362646 -0.15
   vertex 0.124784645173 0.261616449103 0.15
   vertex 0.127982799983 0.26240362646 0.15
  endloop
 endfacet
 facet normal 0 0 -1
  outer loop
   vertex 0 0 -0.15
   vertex 0.121513950949 0.260587508749 -0.15
   vertex 0.124784645173 0.261616449103 -0.15
  endloop
 endfacet
 facet normal 0 0 1
  outer loop
   vertex 0 0 0.15
   vertex 0.124784645173 0.261616449103 0.15
   vertex 0.121513950949 0.260587508749 0.15
  endloop
 endfacet
 facet normal -0.300094112535 0.953909599292 0
  outer loop
   vertex 0.124784645173 0.261616449103 -0.15
   vertex 0.121513950949 0.260587508749 -0.15
   vertex 0.121513950949 0.260587508749 0.15
  endloop
 endfacet
 facet normal -0.300094112535 0.953909599292 0
  outer loop
   vertex 0.124784645173 0.261616449103 -0.15
   vertex 0.121513950949 0.260587508749 0.15
   vertex 0.124784645173 0.261616449103 0.15
  endloop
 endfacet
 facet normal 0 0 -1
  outer loop
   vertex 0 0 -0.15
   vertex 0.118179144923 0.259320465933 -0.15
   vertex 0.121513950949 0.260587508749 -0.15
  endloop
 endfacet
 facet normal 0 0 1
  outer loop
   vertex 0 0 0.15
   vertex 0.121513950949 0.260587508749 0.15
   vertex 0.118179144923 0.259320465933 0.15
  endloop
 endfacet
 facet normal -0.355172818856 0.934800657224 0
  outer loop
   vertex 0.121513950949 0.260587508749 -0.15
   vertex 0.118179144923 0.259320465933 -0.15
   vertex 0.118179144923 0.259320465933 0.15
  endloop
 endfacet
 facet normal -0.355172818856 0.934800657224 0
  outer loop
   vertex 0.121513950949 0.260587508749 -0.15
   vertex 0.118179144923 0.259320465933 0.15
   vertex 0.121513950949 0.260587508749 0.15
  endloop
 endfacet
 facet normal 0 0 -1
  outer loop
   vertex 0 0 -0.15
   vertex 0.11478873693 0.257819724374 -0.15
   vertex 0.118179144923 0.259320465933 -0.15
  endloop
 endfacet
 facet normal 0 0 1
  outer loop
   vertex 0 0 0.15
   vertex 0.118179144923 0.259320465933 0.15
   vertex 0.11478873693 0.257819724374 0.15
  endloop
 endfacet
 facet normal -0.404762711302 0.914421755832 0
  outer loop
   vertex 0.118179144923 0.259320465933 -0.15
   vertex 0.11478873693 0.257819724374 -0.15
   vertex 0.11478873693 0.257819724374 0.15
  endloop
 endfacet
 facet normal -0.404762711302 0.914421755832 0
  outer loop
   vertex 0.118179144923 0.259320465933 -0.15
   vertex 0.11478873693 0.257819724374 0.15
   vertex 0.118179144923 0.259320465933 0.15
  endloop
 endfacet
 facet normal 0 0 -1
  outer loop
   vertex 0 0 -0.15
   vertex 0.111351283815 0.256090420207 -0.15
   vertex 0.11478873693 0.257819724374 -0.15
  endloop
 endfacet
 facet normal 0 0 1
  outer loop
   vertex 0 0 0.15
   vertex 0.11478873693 0.257819724374 0.15
   vertex 0.111351283815 0.256090420207 0.15
  endloop
 endfacet
 facet normal -0.449411370109 0.893324924323 0
  outer loop
   vertex 0.11478873693 0.257819724374 -0.15
   vertex 0.111351283815 0.256090420207 -0.15
   vertex 0.111351283815 0.256090420207 0.15
  endloop
 endfacet
 facet normal -0.449411370109 0.893324924323 0
  outer loop
   vertex 0.11478873693 0.257819724374 -0.15
   vertex 0.111351283815 0.256090420207 0.15
   vertex 0.11478873693 0.257819724374 0.15
  endloop
 endfacet
 facet normal 0 0 -1
  outer loop
   vertex 0 0 -0.15
   vertex 0.107875354308 0.254138408659 -0.15
   vertex 0.111351283815 0.256090420207 -0.15
  endloop
 endfacet
 facet normal 0 0 1
  outer loop
   vertex 0 0 0.15
   vertex 0.111351283815 0.256090420207 0.15
   vertex 0.107875354308 0.254138408659 0.15
  endloop
 endfacet
 facet normal -0.489651580098 0.871918190031 0
  outer loop
   vertex 0.111351283815 0.256090420207 -0.15
   vertex 0.107875354308 0.254138408659 -0.15
   vertex 0.107875354308 0.254138408659 0.15
  endloop
 endfacet
 facet normal -0.489651580098 0.871918190031 0
  outer loop
   vertex 0.111351283815 0.256090420207 -0.15
   vertex 0.107875354308 0.254138408659 0.15
   vertex 0.111351283815 0.256090420207 0.15
  endloop
 endfacet
 facet normal 0 0 -1
  outer loop
   vertex 0 0 -0.15
   vertex 0.104369494117 0.251970248195 -0.15
   vertex 0.107875354308 0.254138408659 -0.15
  endloop
 endfacet
 facet normal 0 0 1
  outer loop
   vertex 0 0 0.15
   vertex 0.107875354308 0.254138408659 0.15
   vertex 0.104369494117 0.251970248195 0.15
  endloop
 endfacet
 facet normal -0.525980307555 0.850496746651 0
  outer loop
   vertex 0.107875354308 0.254138408659 -0.15
   vertex 0.104369494117 0.251970248195 -0.15
   vertex 0.104369494117 0.251970248195 0.15
  endloop
 endfacet
 facet normal -0.525980307555 0.850496746651 0
  outer loop
   vertex 0.107875354308 0.254138408659 -0.15
   vertex 0.104369494117 0.251970248195 0.15
   vertex 0.107875354308 0.254138408659 0.15
  endloop
 endfacet
 facet normal 0 0 -1
  outer loop
   vertex 0 0 -0.15
   vertex 0.100842191393 0.249593182186 -0.15
   vertex 0.104369494117 0.251970248195 -0.15
  endloop
 endfacet
 facet normal 0 0 1
  outer loop
   vertex 0 0 0.15
   vertex 0.104369494117 0.251970248195 0.15
   vertex 0.100842191393 0.249593182186 0.15
  endloop
 endfacet
 facet normal -0.558848724168 0.829269620507 0
  outer loop
   vertex 0.104369494117 0.251970248195 -0.15
   vertex 0.100842191393 0.249593182186 -0.15
   vertex 0.100842191393 0.249593182186 0.15
  endloop
 endfacet
 facet normal -0.558848724168 0.829269620507 0
  outer loop
   vertex 0.104369494117 0.251970248195 -0.15
   vertex 0.100842191393 0.249593182186 0.15
   vertex 0.104369494117 0.251970248195 0.15
  endloop
 endfacet
 facet normal 0 0 -1
  outer loop
   vertex 0 0 -0.15
   vertex 0.0973018426799 0.247015118164 -0.15
   vertex 0.100842191393 0.249593182186 -0.15
  endloop
 endfacet
 facet normal 0 0 1
  outer loop
   vertex 0 0 0.15
   vertex 0.100842191393 0.249593182186 0.15
   vertex 0.0973018426799 0.247015118164 0.15
  endloop
 endfacet
 facet normal -0.588659188355 0.808381320891 0
  outer loop
   vertex 0.100842191393 0.249593182186 -0.15
   vertex 0.0973018426799 0.247015118164 -0.15
   vertex 0.0973018426799 0.247015118164 0.15
  endloop
 endfacet
 facet normal -0.588659188355 0.808381320891 0
  outer loop
   vertex 0.100842191393 0.249593182186 -0.15
   vertex 0.0973018426799 0.247015118164 0.15
   vertex 0.100842191393 0.249593182186 0.15
  endloop
 endfacet
 facet normal 0 0 -1
  outer loop
   vertex 0 0 -0.15
   vertex 0.0937567194997 0.24424460471 -0.15
   vertex 0.0973018426799 0.247015118164 -0.15
  endloop
 endfacet
 facet normal 0 0 1
  outer loop
   vertex 0 0 0.15
   vertex 0.0973018426799 0.247015118164 0.15
   vertex 0.0937567194997 0.24424460471 0.15
  endloop
 endfacet
 facet normal -0.615766313979 0.787928833442 0
  outer loop
   vertex 0.0973018426799 0.247015118164 -0.15
   vertex 0.0937567194997 0.24424460471 -0.15
   vertex 0.0937567194997 0.24424460471 0.15
  endloop
 endfacet
 facet normal -0.615766313979 0.787928833442 0
  outer loop
   vertex 0.0973018426799 0.247015118164 -0.15
   vertex 0.0937567194997 0.24424460471 0.15
   vertex 0.0973018426799 0.247015118164 0.15
  endloop
 endfacet
 facet normal 0 0 -1
  outer loop
   vertex 0 0 -0.15
   vertex 0.0902149356915 0.241290806074 -0.15
   vertex 0.0937567194997 0.24424460471 -0.15
  endloop
 endfacet
 facet normal 0 0 1
  outer loop
   vertex 0 0 0.15
   vertex 0.0937567194997 0.24424460471 0.15
   vertex 0.0902149356915 0.241290806074 0.15
  endloop
 endfacet
 facet normal -0.640480228151 0.767974659313 0
  outer loop
   vertex 0.0937567194997 0.24424460471 -0.15
   vertex 0.0902149356915 0.241290806074 -0.15
   vertex 0.0902149356915 0.241290806074 0.15
  endloop
 endfacet
 facet normal -0.640480228151 0.767974659313 0
  outer loop
   vertex 0.0937567194997 0.24424460471 -0.15
   vertex 0.0902149356915 0.241290806074 0.15
   vertex 0.0937567194997 0.24424460471 0.15
  endloop
 endfacet
 facet normal 0 0 -1
  outer loop
   vertex 0 0 -0.15
   vertex 0.086684415636 0.238163474578 -0.15
   vertex 0.0902149356915 0.241290806074 -0.15
  endloop
 endfacet
 facet normal 0 0 1
  outer loop
   vertex 0 0 0.15
   vertex 0.0902149356915 0.241290806074 0.15
   vertex 0.086684415636 0.238163474578 0.15
  endloop
 endfacet
 facet normal -0.66307082329 0.748556666727 0
  outer loop
   vertex 0.0902149356915 0.241290806074 -0.15
   vertex 0.086684415636 0.238163474578 -0.15
   vertex 0.086684415636 0.238163474578 0.15
  endloop
 endfacet
 facet normal -0.66307082329 0.748556666727 0
  outer loop
   vertex 0.0902149356915 0.241290806074 -0.15
   vertex 0.086684415636 0.238163474578 0.15
   vertex 0.0902149356915 0.241290806074 0.15
  endloop
 endfacet
 facet normal 0 0 -1
  outer loop
   vertex 0 0 -0.15
   vertex 0.0831728634852 0.234872920928 -0.15
   vertex 0.086684415636 0.238163474578 -0.15
  endloop
 endfacet
 facet normal 0 0 1
  outer loop
   vertex 0 0 0.15
   vertex 0.086684415636 0.238163474578 0.15
   vertex 0.0831728634852 0.234872920928 0.15
  endloop
 endfacet
 facet normal -0.683772287548 0.729695456188 0
  outer loop
   vertex 0.086684415636 0.238163474578 -0.15
   vertex 0.0831728634852 0.234872920928 -0.15
   vertex 0.0831728634852 0.234872920928 0.15
  endloop
 endfacet
 facet normal -0.683772287548 0.729695456188 0
  outer loop
   vertex 0.086684415636 0.238163474578 -0.15
   vertex 0.0831728634852 0.234872920928 0.15
   vertex 0.086684415636 0.238163474578 0.15
  endloop
 endfacet
 facet normal 0 0 -1
  outer loop
   vertex 0 0 -0.15
   vertex 0.0796877335166 0.231429982496 -0.15
   vertex 0.0831728634852 0.234872920928 -0.15
  endloop
 endfacet
 facet normal 0 0 1
  outer loop
   vertex 0 0 0.15
   vertex 0.0831728634852 0.234872920928 0.15
   vertex 0.0796877335166 0.231429982496 0.15
  endloop
 endfacet
 facet normal -0.702787509547 0.711399828805 0
  outer loop
   vertex 0.0831728634852 0.234872920928 -0.15
   vertex 0.0796877335166 0.231429982496 -0.15
   vertex 0.0796877335166 0.231429982496 0.15
  endloop
 endfacet
 facet normal -0.702787509547 0.711399828805 0
  outer loop
   vertex 0.0831728634852 0.234872920928 -0.15
   vertex 0.0796877335166 0.231429982496 0.15
   vertex 0.0831728634852 0.234872920928 0.15
  endloop
 endfacet
 facet normal 0 0 -1
  outer loop
   vertex 0 0 -0.15
   vertex 0.0762362017239 0.227845989709 -0.15
   vertex 0.0796877335166 0.231429982496 -0.15
  endloop
 endfacet
 facet normal 0 0 1
  outer loop
   vertex 0 0 0.15
   vertex 0.0796877335166 0.231429982496 0.15
   vertex 0.0762362017239 0.227845989709 0.15
  endloop
 endfacet
 facet normal -0.720292148784 0.693670830005 0
  outer loop
   vertex 0.0796877335166 0.231429982496 -0.15
   vertex 0.0762362017239 0.227845989709 -0.15
   vertex 0.0762362017239 0.227845989709 0.15
  endloop
 endfacet
 facet normal -0.720292148784 0.693670830005 0
  outer loop
   vertex 0.0796877335166 0.231429982496 -0.15
   vertex 0.0762362017239 0.227845989709 0.15
   vertex 0.0796877335166 0.231429982496 0.15
  endloop
 endfacet
 facet normal 0 0 -1
  outer loop
   vertex 0 0 -0.15
   vertex 0.0728251387532 0.224132730633 -0.15
   vertex 0.0762362017239 0.227845989709 -0.15
  endloop
 endfacet
 facet normal 0 0 1
  outer loop
   vertex 0 0 0.15
   vertex 0.0762362017239 0.227845989709 0.15
   vertex 0.0728251387532 0.224132730633 0.15
  endloop
 endfacet
 facet normal -0.736438281175 0.67650473614 0
  outer loop
   vertex 0.0762362017239 0.227845989709 -0.15
   vertex 0.0728251387532 0.224132730633 -0.15
   vertex 0.0728251387532 0.224132730633 0.15
  endloop
 endfacet
 facet normal -0.736438281175 0.67650473614 0
  outer loop
   vertex 0.0762362017239 0.227845989709 -0.15
   vertex 0.0728251387532 0.224132730633 0.15
   vertex 0.0762362017239 0.227845989709 0.15
  endloop
 endfacet
 facet normal 0 0 -1
  outer loop
   vertex 0 0 -0.15
   vertex 0.0694610842867 0.22030241389 -0.15
   vertex 0.0728251387532 0.224132730633 -0.15
  endloop
 endfacet
 facet normal 0 0 1
  outer loop
   vertex 0 0 0.15
   vertex 0.0728251387532 0.224132730633 0.15
   vertex 0.0694610842867 0.22030241389 0.15
  endloop
 endfacet
 facet normal -0.75135759752 0.659895264909 0
  outer loop
   vertex 0.0728251387532 0.224132730633 -0.15
   vertex 0.0694610842867 0.22030241389 -0.15
   vertex 0.0694610842867 0.22030241389 0.15
  endloop
 endfacet
 facet normal -0.75135759752 0.659895264909 0
  outer loop
   vertex 0.0728251387532 0.224132730633 -0.15
   vertex 0.0694610842867 0.22030241389 0.15
   vertex 0.0728251387532 0.224132730633 0.15
  endloop
 endfacet
 facet normal 0 0 -1
  outer loop
   vertex 0 0 -0.15
   vertex 0.0661502229697 0.216367630014 -0.15
   vertex 0.0694610842867 0.22030241389 -0.15
  endloop
 endfacet
 facet normal 0 0 1
  outer loop
   vertex 0 0 0.15
   vertex 0.0694610842867 0.22030241389 0.15
   vertex 0.0661502229697 0.216367630014 0.15
  endloop
 endfacet
 facet normal -0.765164169816 0.643835222111 0
  outer loop
   vertex 0.0694610842867 0.22030241389 -0.15
   vertex 0.0661502229697 0.216367630014 -0.15
   vertex 0.0661502229697 0.216367630014 0.15
  endloop
 endfacet
 facet normal -0.765164169816 0.643835222111 0
  outer loop
   vertex 0.0694610842867 0.22030241389 -0.15
   vertex 0.0661502229697 0.216367630014 0.15
   vertex 0.0694610842867 0.22030241389 0.15
  endloop
 endfacet
 facet normal 0 0 -1
  outer loop
   vertex 0 0 -0.15
   vertex 0.0628983619726 0.212341311393 -0.15
   vertex 0.0661502229697 0.216367630014 -0.15
  endloop
 endfacet
 facet normal 0 0 1
  outer loop
   vertex 0 0 0.15
   vertex 0.0661502229697 0.216367630014 0.15
   vertex 0.0628983619726 0.212341311393 0.15
  endloop
 endfacet
 facet normal -0.777956818551 0.628317744831 0
  outer loop
   vertex 0.0661502229697 0.216367630014 -0.15
   vertex 0.0628983619726 0.212341311393 -0.15
   vertex 0.0628983619726 0.212341311393 0.15
  endloop
 endfacet
 facet normal -0.777956818551 0.628317744831 0
  outer loop
   vertex 0.0661502229697 0.216367630014 -0.15
   vertex 0.0628983619726 0.212341311393 0.15
   vertex 0.0661502229697 0.216367630014 0.15
  endloop
 endfacet
 facet normal 0 0 -1
  outer loop
   vertex 0 0 -0.15
   vertex 0.0597109102691 0.208236690927 -0.15
   vertex 0.0628983619726 0.212341311393 -0.15
  endloop
 endfacet
 facet normal 0 0 1
  outer loop
   vertex 0 0 0.15
   vertex 0.0628983619726 0.212341311393 0.15
   vertex 0.0597109102691 0.208236690927 0.15
  endloop
 endfacet
 facet normal -0.789821121007 0.613337261881 0
  outer loop
   vertex 0.0628983619726 0.212341311393 -0.15
   vertex 0.0597109102691 0.208236690927 -0.15
   vertex 0.0597109102691 0.208236690927 0.15
  endloop
 endfacet
 facet normal -0.789821121007 0.613337261881 0
  outer loop
   vertex 0.0628983619726 0.212341311393 -0.15
   vertex 0.0597109102691 0.208236690927 0.15
   vertex 0.0628983619726 0.212341311393 0.15
  endloop
 endfacet
 facet normal 0 0 -1
  outer loop
   vertex 0 0 -0.15
   vertex 0.0565928597087 0.204067259537 -0.15
   vertex 0.0597109102691 0.208236690927 -0.15
  endloop
 endfacet
 facet normal 0 0 1
  outer loop
   vertex 0 0 0.15
   vertex 0.0597109102691 0.208236690927 0.15
   vertex 0.0565928597087 0.204067259537 0.15
  endloop
 endfacet
 facet normal -0.800831101047 0.598890263401 0
  outer loop
   vertex 0.0597109102691 0.208236690927 -0.15
   vertex 0.0565928597087 0.204067259537 -0.15
   vertex 0.0565928597087 0.204067259537 0.15
  endloop
 endfacet
 facet normal -0.800831101047 0.598890263401 0
  outer loop
   vertex 0.0597109102691 0.208236690927 -0.15
   vertex 0.0565928597087 0.204067259537 0.15
   vertex 0.0597109102691 0.208236690927 0.15
  endloop
 endfacet
 facet normal 0 0 -1
  outer loop
   vertex 0 0 -0.15
   vertex 0.0535487679522 0.19984672268 -0.15
   vertex 0.0565928597087 0.204067259537 -0.15
  endloop
 endfacet
 facet normal 0 0 1
  outer loop
   vertex 0 0 0.15
   vertex 0.0565928597087 0.204067259537 0.15
   vertex 0.0535487679522 0.19984672268 0.15
  endloop
 endfacet
 facet normal -0.811050637773 0.58497595076 0
  outer loop
   vertex 0.0565928597087 0.204067259537 -0.15
   vertex 0.0535487679522 0.19984672268 -0.15
   vertex 0.0535487679522 0.19984672268 0.15
  endloop
 endfacet
 facet normal -0.811050637773 0.58497595076 0
  outer loop
   vertex 0.0565928597087 0.204067259537 -0.15
   vertex 0.0535487679522 0.19984672268 0.15
   vertex 0.0565928597087 0.204067259537 0.15
  endloop
 endfacet
 facet normal 0 0 -1
  outer loop
   vertex 0 0 -0.15
   vertex 0.050582743331 0.195588956014 -0.15
   vertex 0.0535487679522 0.19984672268 -0.15
  endloop
 endfacet
 facet normal 0 0 1
  outer loop
   vertex 0 0 0.15
   vertex 0.0535487679522 0.19984672268 0.15
   vertex 0.050582743331 0.195588956014 0.15
  endloop
 endfacet
 facet normal -0.82053462539 0.571596823413 0
  outer loop
   vertex 0.0535487679522 0.19984672268 -0.15
   vertex 0.050582743331 0.195588956014 -0.15
   vertex 0.050582743331 0.195588956014 0.15
  endloop
 endfacet
 facet normal -0.82053462539 0.571596823413 0
  outer loop
   vertex 0.0535487679522 0.19984672268 -0.15
   vertex 0.050582743331 0.195588956014 0.15
   vertex 0.0535487679522 0.19984672268 0.15
  endloop
 endfacet
 facet normal 0 0 -1
  outer loop
   vertex 0 0 -0.15
   vertex 0.0476984316848 0.191307960361 -0.15
   vertex 0.050582743331 0.195588956014 -0.15
  endloop
 endfacet
 facet normal 0 0 1
  outer loop
   vertex 0 0 0.15
   vertex 0.050582743331 0.195588956014 0.15
   vertex 0.0476984316848 0.191307960361 0.15
  endloop
 endfacet
 facet normal -0.829329910638 0.558759249875 0
  outer loop
   vertex 0.050582743331 0.195588956014 -0.15
   vertex 0.0476984316848 0.191307960361 -0.15
   vertex 0.0476984316848 0.191307960361 0.15
  endloop
 endfacet
 facet normal -0.829329910638 0.558759249875 0
  outer loop
   vertex 0.050582743331 0.195588956014 -0.15
   vertex 0.0476984316848 0.191307960361 0.15
   vertex 0.050582743331 0.195588956014 0.15
  endloop
 endfacet
 facet normal 0 0 -1
  outer loop
   vertex 0 0 -0.15
   vertex 0.0448990052237 0.187017816135 -0.15
   vertex 0.0476984316848 0.191307960361 -0.15
  endloop
 endfacet
 facet normal 0 0 1
  outer loop
   vertex 0 0 0.15
   vertex 0.0476984316848 0.191307960361 0.15
   vertex 0.0448990052237 0.187017816135 0.15
  endloop
 endfacet
 facet normal -0.837476027604 0.546474064516 0
  outer loop
   vertex 0.0476984316848 0.191307960361 -0.15
   vertex 0.0448990052237 0.187017816135 -0.15
   vertex 0.0448990052237 0.187017816135 0.15
  endloop
 endfacet
 facet normal -0.837476027604 0.546474064516 0
  outer loop
   vertex 0.0476984316848 0.191307960361 -0.15
   vertex 0.0448990052237 0.187017816135 0.15
   vertex 0.0476984316848 0.191307960361 0.15
  endloop
 endfacet
 facet normal 0 0 -1
  outer loop
   vertex 0 0 -0.15
   vertex 0.0421871534518 0.182732637381 -0.15
   vertex 0.0448990052237 0.187017816135 -0.15
  endloop
 endfacet
 facet normal 0 0 1
  outer loop
   vertex 0 0 0.15
   vertex 0.0448990052237 0.187017816135 0.15
   vertex 0.0421871534518 0.182732637381 0.15
  endloop
 endfacet
 facet normal -0.845005742612 0.53475722992 0
  outer loop
   vertex 0.0448990052237 0.187017816135 -0.15
   vertex 0.0421871534518 0.182732637381 -0.15
   vertex 0.0421871534518 0.182732637381 0.15
  endloop
 endfacet
 facet normal -0.845005742612 0.53475722992 0
  outer loop
   vertex 0.0448990052237 0.187017816135 -0.15
   vertex 0.0421871534518 0.182732637381 0.15
   vertex 0.0448990052237 0.187017816135 0.15
  endloop
 endfacet
 facet normal 0 0 -1
  outer loop
   vertex 0 0 -0.15
   vertex 0.0395650761822 0.178466525583 -0.15
   vertex 0.0421871534518 0.182732637381 -0.15
  endloop
 endfacet
 facet normal 0 0 1
  outer loop
   vertex 0 0 0.15
   vertex 0.0421871534518 0.182732637381 0.15
   vertex 0.0395650761822 0.178466525583 0.15
  endloop
 endfacet
 facet normal -0.851945414124 0.523630605821 0
  outer loop
   vertex 0.0421871534518 0.182732637381 -0.15
   vertex 0.0395650761822 0.178466525583 -0.15
   vertex 0.0395650761822 0.178466525583 0.15
  endloop
 endfacet
 facet normal -0.851945414124 0.523630605821 0
  outer loop
   vertex 0.0421871534518 0.182732637381 -0.15
   vertex 0.0395650761822 0.178466525583 0.15
   vertex 0.0421871534518 0.182732637381 0.15
  endloop
 endfacet
 facet normal 0 0 -1
  outer loop
   vertex 0 0 -0.15
   vertex 0.0370344786644 0.174233523414 -0.15
   vertex 0.0395650761822 0.178466525583 -0.15
  endloop
 endfacet
 facet normal 0 0 1
  outer loop
   vertex 0 0 0.15
   vertex 0.0395650761822 0.178466525583 0.15
   vertex 0.0370344786644 0.174233523414 0.15
  endloop
 endfacet
 facet normal -0.858315163641 0.513122870143 0
  outer loop
   vertex 0.0395650761822 0.178466525583 -0.15
   vertex 0.0370344786644 0.174233523414 -0.15
   vertex 0.0370344786644 0.174233523414 0.15
  endloop
 endfacet
 facet normal -0.858315163641 0.513122870143 0
  outer loop
   vertex 0.0395650761822 0.178466525583 -0.15
   vertex 0.0370344786644 0.174233523414 0.15
   vertex 0.0395650761822 0.178466525583 0.15
  endloop
 endfacet
 facet normal 0 0 -1
  outer loop
   vertex 0 0 -0.15
   vertex 0.0345965688371 0.170047568571 -0.15
   vertex 0.0370344786644 0.174233523414 -0.15
  endloop
 endfacet
 facet normal 0 0 1
  outer loop
   vertex 0 0 0.15
   vertex 0.0370344786644 0.174233523414 0.15
   vertex 0.0345965688371 0.170047568571 0.15
  endloop
 endfacet
 facet normal -0.864128842764 0.503270645979 0
  outer loop
   vertex 0.0370344786644 0.174233523414 -0.15
   vertex 0.0345965688371 0.170047568571 -0.15
   vertex 0.0345965688371 0.170047568571 0.15
  endloop
 endfacet
 facet normal -0.864128842764 0.503270645979 0
  outer loop
   vertex 0.0370344786644 0.174233523414 -0.15
   vertex 0.0345965688371 0.170047568571 0.15
   vertex 0.0370344786644 0.174233523414 0.15
  endloop
 endfacet
 facet normal 0 0 -1
  outer loop
   vertex 0 0 -0.15
   vertex 0.03225205671 0.165922447871 -0.15
   vertex 0.0345965688371 0.170047568571 -0.15
  endloop
 endfacet
 facet normal 0 0 1
  outer loop
   vertex 0 0 0.15
   vertex 0.0345965688371 0.170047568571 0.15
   vertex 0.03225205671 0.165922447871 0.15
  endloop
 endfacet
 facet normal -0.869393767778 0.494119900985 0
  outer loop
   vertex 0.0345965688371 0.170047568571 -0.15
   vertex 0.03225205671 0.165922447871 -0.15
   vertex 0.03225205671 0.165922447871 0.15
  endloop
 endfacet
 facet normal -0.869393767778 0.494119900985 0
  outer loop
   vertex 0.0345965688371 0.170047568571 -0.15
   vertex 0.03225205671 0.165922447871 0.15
   vertex 0.0345965688371 0.170047568571 0.15
  endloop
 endfacet
 facet normal 0 0 -1
  outer loop
   vertex 0 0 -0.15
   vertex 0.0300011558715 0.161871751754 -0.15
   vertex 0.03225205671 0.165922447871 -0.15
  endloop
 endfacet
 facet normal 0 0 1
  outer loop
   vertex 0 0 0.15
   vertex 0.03225205671 0.165922447871 0.15
   vertex 0.0300011558715 0.161871751754 0.15
  endloop
 endfacet
 facet normal -0.874110174628 0.485727704184 0
  outer loop
   vertex 0.03225205671 0.165922447871 -0.15
   vertex 0.0300011558715 0.161871751754 -0.15
   vertex 0.0300011558715 0.161871751754 0.15
  endloop
 endfacet
 facet normal -0.874110174628 0.485727704184 0
  outer loop
   vertex 0.03225205671 0.165922447871 -0.15
   vertex 0.0300011558715 0.161871751754 0.15
   vertex 0.03225205671 0.165922447871 0.15
  endloop
 endfacet
 facet normal 0 0 -1
  outer loop
   vertex 0 0 -0.15
   vertex 0.0278435871087 0.157908829362 -0.15
   vertex 0.0300011558715 0.161871751754 -0.15
  endloop
 endfacet
 facet normal 0 0 1
  outer loop
   vertex 0 0 0.15
   vertex 0.0300011558715 0.161871751754 0.15
   vertex 0.0278435871087 0.157908829362 0.15
  endloop
 endfacet
 facet normal -0.878270321455 0.478164451262 0
  outer loop
   vertex 0.0300011558715 0.161871751754 -0.15
   vertex 0.0278435871087 0.157908829362 -0.15
   vertex 0.0278435871087 0.157908829362 0.15
  endloop
 endfacet
 facet normal -0.878270321455 0.478164451262 0
  outer loop
   vertex 0.0300011558715 0.161871751754 -0.15
   vertex 0.0278435871087 0.157908829362 0.15
   vertex 0.0300011558715 0.161871751754 0.15
  endloop
 endfacet
 facet normal 0 0 -1
  outer loop
   vertex 0 0 -0.15
   vertex 0.0257785841185 0.154046744341 -0.15
   vertex 0.0278435871087 0.157908829362 -0.15
  endloop
 endfacet
 facet normal 0 0 1
  outer loop
   vertex 0 0 0.15
   vertex 0.0278435871087 0.157908829362 0.15
   vertex 0.0257785841185 0.154046744341 0.15
  endloop
 endfacet
 facet normal -0.881857128914 0.471516706154 0
  outer loop
   vertex 0.0278435871087 0.157908829362 -0.15
   vertex 0.0257785841185 0.154046744341 -0.15
   vertex 0.0257785841185 0.154046744341 0.15
  endloop
 endfacet
 facet normal -0.881857128914 0.471516706154 0
  outer loop
   vertex 0.0278435871087 0.157908829362 -0.15
   vertex 0.0257785841185 0.154046744341 0.15
   vertex 0.0278435871087 0.157908829362 0.15
  endloop
 endfacet
 facet normal 0 0 -1
  outer loop
   vertex 0 0 -0.15
   vertex 0.0238049012824 0.150298231528 -0.15
   vertex 0.0257785841185 0.154046744341 -0.15
  endloop
 endfacet
 facet normal 0 0 1
  outer loop
   vertex 0 0 0.15
   vertex 0.0257785841185 0.154046744341 0.15
   vertex 0.0238049012824 0.150298231528 0.15
  endloop
 endfacet
 facet normal -0.88484219402 0.465890858121 0
  outer loop
   vertex 0.0257785841185 0.154046744341 -0.15
   vertex 0.0238049012824 0.150298231528 -0.15
   vertex 0.0238049012824 0.150298231528 0.15
  endloop
 endfacet
 facet normal -0.88484219402 0.465890858121 0
  outer loop
   vertex 0.0257785841185 0.154046744341 -0.15
   vertex 0.0238049012824 0.150298231528 0.15
   vertex 0.0257785841185 0.154046744341 0.15
  endloop
 endfacet
 facet normal 0 0 -1
  outer loop
   vertex 0 0 -0.15
   vertex 0.0219208234642 0.146675654672 -0.15
   vertex 0.0238049012824 0.150298231528 -0.15
  endloop
 endfacet
 facet normal 0 0 1
  outer loop
   vertex 0 0 0.15
   vertex 0.0238049012824 0.150298231528 0.15
   vertex 0.0219208234642 0.146675654672 0.15
  endloop
 endfacet
 facet normal -0.887182931131 0.461417865617 0
  outer loop
   vertex 0.0238049012824 0.150298231528 -0.15
   vertex 0.0219208234642 0.146675654672 -0.15
   vertex 0.0219208234642 0.146675654672 0.15
  endloop
 endfacet
 facet normal -0.887182931131 0.461417865617 0
  outer loop
   vertex 0.0238049012824 0.150298231528 -0.15
   vertex 0.0219208234642 0.146675654672 0.15
   vertex 0.0238049012824 0.150298231528 0.15
  endloop
 endfacet
 facet normal 0 0 -1
  outer loop
   vertex 0 0 -0.15
   vertex 0.0201241777892 0.143190965329 -0.15
   vertex 0.0219208234642 0.146675654672 -0.15
  endloop
 endfacet
 facet normal 0 0 1
  outer loop
   vertex 0 0 0.15
   vertex 0.0219208234642 0.146675654672 0.15
   vertex 0.0201241777892 0.143190965329 0.15
  endloop
 endfacet
 facet normal -0.888818467216 0.458259459625 0
  outer loop
   vertex 0.0219208234642 0.146675654672 -0.15
   vertex 0.0201241777892 0.143190965329 -0.15
   vertex 0.0201241777892 0.143190965329 0.15
  endloop
 endfacet
 facet normal -0.888818467216 0.458259459625 0
  outer loop
   vertex 0.0219208234642 0.146675654672 -0.15
   vertex 0.0201241777892 0.143190965329 0.15
   vertex 0.0219208234642 0.146675654672 0.15
  endloop
 endfacet
 facet normal 0 0 -1
  outer loop
   vertex 0 0 -0.15
   vertex 0.0184123473479 0.139855663093 -0.15
   vertex 0.0201241777892 0.143190965329 -0.15
  endloop
 endfacet
 facet normal 0 0 1
  outer loop
   vertex 0 0 0.15
   vertex 0.0201241777892 0.143190965329 0.15
   vertex 0.0184123473479 0.139855663093 0.15
  endloop
 endfacet
 facet normal -0.88966372011 0.456616321565 0
  outer loop
   vertex 0.0201241777892 0.143190965329 -0.15
   vertex 0.0184123473479 0.139855663093 -0.15
   vertex 0.0184123473479 0.139855663093 0.15
  endloop
 endfacet
 facet normal -0.88966372011 0.456616321565 0
  outer loop
   vertex 0.0201241777892 0.143190965329 -0.15
   vertex 0.0184123473479 0.139855663093 0.15
   vertex 0.0201241777892 0.143190965329 0.15
  endloop
 endfacet
 facet normal 0 0 -1
  outer loop
   vertex 0 0 -0.15
   vertex 0.0167822867657 0.136680757273 -0.15
   vertex 0.0184123473479 0.139855663093 -0.15
  endloop
 endfacet
 facet normal 0 0 1
  outer loop
   vertex 0 0 0.15
   vertex 0.0184123473479 0.139855663093 0.15
   vertex 0.0167822867657 0.136680757273 0.15
  endloop
 endfacet
 facet normal -0.88960077086 0.456738950041 0
  outer loop
   vertex 0.0184123473479 0.139855663093 -0.15
   vertex 0.0167822867657 0.136680757273 -0.15
   vertex 0.0167822867657 0.136680757273 0.15
  endloop
 endfacet
 facet normal -0.88960077086 0.456738950041 0
  outer loop
   vertex 0.0184123473479 0.139855663093 -0.15
   vertex 0.0167822867657 0.136680757273 0.15
   vertex 0.0184123473479 0.139855663093 0.15
  endloop
 endfacet
 facet normal 0 0 -1
  outer loop
   vertex 0 0 -0.15
   vertex 0.0152305395696 0.133676730186 -0.15
   vertex 0.0167822867657 0.136680757273 -0.15
  endloop
 endfacet
 facet normal 0 0 1
  outer loop
   vertex 0 0 0.15
   vertex 0.0167822867657 0.136680757273 0.15
   vertex 0.0152305395696 0.133676730186 0.15
  endloop
 endfacet
 facet normal -0.888466123313 0.458942205212 0
  outer loop
   vertex 0.0167822867657 0.136680757273 -0.15
   vertex 0.0152305395696 0.133676730186 -0.15
   vertex 0.0152305395696 0.133676730186 0.15
  endloop
 endfacet
 facet normal -0.888466123313 0.458942205212 0
  outer loop
   vertex 0.0167822867657 0.136680757273 -0.15
   vertex 0.0152305395696 0.133676730186 0.15
   vertex 0.0167822867657 0.136680757273 0.15
  endloop
 endfacet
 facet normal 0 0 -1
  outer loop
   vertex 0 0 -0.15
   vertex 0.0137532572766 0.130853502162 -0.15
   vertex 0.0152305395696 0.133676730186 -0.15
  endloop
 endfacet
 facet normal 0 0 1
  outer loop
   vertex 0 0 0.15
   vertex 0.0152305395696 0.133676730186 0.15
   vertex 0.0137532572766 0.130853502162 0.15
  endloop
 endfacet
 facet normal -0.886031582893 0.463624885134 0
  outer loop
   vertex 0.0152305395696 0.133676730186 -0.15
   vertex 0.0137532572766 0.130853502162 -0.15
   vertex 0.0137532572766 0.130853502162 0.15
  endloop
 endfacet
 facet normal -0.886031582893 0.463624885134 0
  outer loop
   vertex 0.0152305395696 0.133676730186 -0.15
   vertex 0.0137532572766 0.130853502162 0.15
   vertex 0.0152305395696 0.133676730186 0.15
  endloop
 endfacet
 facet normal 0 0 -1
  outer loop
   vertex 0 0 -0.15
   vertex 0.0123462201217 0.128220398402 -0.15
   vertex 0.0137532572766 0.130853502162 -0.15
  endloop
 endfacet
 facet normal 0 0 1
  outer loop
   vertex 0 0 0.15
   vertex 0.0137532572766 0.130853502162 0.15
   vertex 0.0123462201217 0.128220398402 0.15
  endloop
 endfacet
 facet normal -0.881975027967 0.47129613837 0
  outer loop
   vertex 0.0137532572766 0.130853502162 -0.15
   vertex 0.0123462201217 0.128220398402 -0.15
   vertex 0.0123462201217 0.128220398402 0.15
  endloop
 endfacet
 facet normal -0.881975027967 0.47129613837 0
  outer loop
   vertex 0.0137532572766 0.130853502162 -0.15
   vertex 0.0123462201217 0.128220398402 0.15
   vertex 0.0137532572766 0.130853502162 0.15
  endloop
 endfacet
 facet normal 0 0 -1
  outer loop
   vertex 0 0 -0.15
   vertex 0.0110048593366 0.125786117802 -0.15
   vertex 0.0123462201217 0.128220398402 -0.15
  endloop
 endfacet
 facet normal 0 0 1
  outer loop
   vertex 0 0 0.15
   vertex 0.0123462201217 0.128220398402 0.15
   vertex 0.0110048593366 0.125786117802 0.15
  endloop
 endfacet
 facet normal -0.875834835564 0.482610962177 0
  outer loop
   vertex 0.0123462201217 0.128220398402 -0.15
   vertex 0.0110048593366 0.125786117802 -0.15
   vertex 0.0110048593366 0.125786117802 0.15
  endloop
 endfacet
 facet normal -0.875834835564 0.482610962177 0
  outer loop
   vertex 0.0123462201217 0.128220398402 -0.15
   vertex 0.0110048593366 0.125786117802 0.15
   vertex 0.0123462201217 0.128220398402 0.15
  endloop
 endfacet
 facet normal 0 0 -1
  outer loop
   vertex 0 0 -0.15
   vertex 0.00972428088598 0.123558703849 -0.15
   vertex 0.0110048593366 0.125786117802 -0.15
  endloop
 endfacet
 facet normal 0 0 1
  outer loop
   vertex 0 0 0.15
   vertex 0.0110048593366 0.125786117802 0.15
   vertex 0.00972428088598 0.123558703849 0.15
  endloop
 endfacet
 facet normal -0.866937344487 0.498417135272 0
  outer loop
   vertex 0.0110048593366 0.125786117802 -0.15
   vertex 0.00972428088598 0.123558703849 -0.15
   vertex 0.00972428088598 0.123558703849 0.15
  endloop
 endfacet
 facet normal -0.866937344487 0.498417135272 0
  outer loop
   vertex 0.0110048593366 0.125786117802 -0.15
   vertex 0.00972428088598 0.123558703849 0.15
   vertex 0.0110048593366 0.125786117802 0.15
  endloop
 endfacet
 facet normal 0 0 -1
  outer loop
   vertex 0 0 -0.15
   vertex 0.00849929055839 0.121545517694 -0.15
   vertex 0.00972428088598 0.123558703849 -0.15
  endloop
 endfacet
 facet normal 0 0 1
  outer loop
   vertex 0 0 0.15
   vertex 0.00972428088598 0.123558703849 0.15
   vertex 0.00849929055839 0.121545517694 0.15
  endloop
 endfacet
 facet normal -0.854279083033 0.519814628779 0
  outer loop
   vertex 0.00972428088598 0.123558703849 -0.15
   vertex 0.00849929055839 0.121545517694 -0.15
   vertex 0.00849929055839 0.121545517694 0.15
  endloop
 endfacet
 facet normal -0.854279083033 0.519814628779 0
  outer loop
   vertex 0.00972428088598 0.123558703849 -0.15
   vertex 0.00849929055839 0.121545517694 0.15
   vertex 0.00972428088598 0.123558703849 0.15
  endloop
 endfacet
 facet normal 0 0 -1
  outer loop
   vertex 0 0 -0.15
   vertex 0.00732442030876 0.119753213494 -0.15
   vertex 0.00849929055839 0.121545517694 -0.15
  endloop
 endfacet
 facet normal 0 0 1
  outer loop
   vertex 0 0 0.15
   vertex 0.00849929055839 0.121545517694 0.15
   vertex 0.00732442030876 0.119753213494 0.15
  endloop
 endfacet
 facet normal -0.836332341786 0.548222777786 0
  outer loop
   vertex 0.00849929055839 0.121545517694 -0.15
   vertex 0.00732442030876 0.119753213494 -0.15
   vertex 0.00732442030876 0.119753213494 0.15
  endloop
 endfacet
 facet normal -0.836332341786 0.548222777786 0
  outer loop
   vertex 0.00849929055839 0.121545517694 -0.15
   vertex 0.00732442030876 0.119753213494 0.15
   vertex 0.00849929055839 0.121545517694 0.15
  endloop
 endfacet
 facet normal 0 0 -1
  outer loop
   vertex 0 0 -0.15
   vertex 0.00619395574 0.118187716113 -0.15
   vertex 0.00732442030876 0.119753213494 -0.15
  endloop
 endfacet
 facet normal 0 0 1
  outer loop
   vertex 0 0 0.15
   vertex 0.00732442030876 0.119753213494 0.15
   vertex 0.00619395574 0.118187716113 0.15
  endloop
 endfacet
 facet normal -0.810721610003 0.58543186715 0
  outer loop
   vertex 0.00732442030876 0.119753213494 -0.15
   vertex 0.00619395574 0.118187716113 -0.15
   vertex 0.00619395574 0.118187716113 0.15
  endloop
 endfacet
 facet normal -0.810721610003 0.58543186715 0
  outer loop
   vertex 0.00732442030876 0.119753213494 -0.15
   vertex 0.00619395574 0.118187716113 0.15
   vertex 0.00732442030876 0.119753213494 0.15
  endloop
 endfacet
 facet normal 0 0 -1
  outer loop
   vertex 0 0 -0.15
   vertex 0.00510196460958 0.116854201254 -0.15
   vertex 0.00619395574 0.118187716113 -0.15
  endloop
 endfacet
 facet normal 0 0 1
  outer loop
   vertex 0 0 0.15
   vertex 0.00619395574 0.118187716113 0.15
   vertex 0.00510196460958 0.116854201254 0.15
  endloop
 endfacet
 facet normal -0.773691784662 0.633562169283 0
  outer loop
   vertex 0.00619395574 0.118187716113 -0.15
   vertex 0.00510196460958 0.116854201254 -0.15
   vertex 0.00510196460958 0.116854201254 0.15
  endloop
 endfacet
 facet normal -0.773691784662 0.633562169283 0
  outer loop
   vertex 0.00619395574 0.118187716113 -0.15
   vertex 0.00510196460958 0.116854201254 0.15
   vertex 0.00619395574 0.118187716113 0.15
  endloop
 endfacet
 facet normal 0 0 -1
  outer loop
   vertex 0 0 -0.15
   vertex 0.00404232624158 0.115757078106 -0.15
   vertex 0.00510196460958 0.116854201254 -0.15
  endloop
 endfacet
 facet normal 0 0 1
  outer loop
   vertex 0 0 0.15
   vertex 0.00510196460958 0.116854201254 0.15
   vertex 0.00404232624158 0.115757078106 0.15
  endloop
 endfacet
 facet normal -0.719287754952 0.694712260995 0
  outer loop
   vertex 0.00510196460958 0.116854201254 -0.15
   vertex 0.00404232624158 0.115757078106 -0.15
   vertex 0.00404232624158 0.115757078106 0.15
  endloop
 endfacet
 facet normal -0.719287754952 0.694712260995 0
  outer loop
   vertex 0.00510196460958 0.116854201254 -0.15
   vertex 0.00404232624158 0.115757078106 0.15
   vertex 0.00510196460958 0.116854201254 0.15
  endloop
 endfacet
 facet normal 0 0 -1
  outer loop
   vertex 0 0 -0.15
   vertex 0.00300876172172 0.114899974544 -0.15
   vertex 0.00404232624158 0.115757078106 -0.15
  endloop
 endfacet
 facet normal 0 0 1
  outer loop
   vertex 0 0 0.15
   vertex 0.00404232624158 0.115757078106 0.15
   vertex 0.00300876172172 0.114899974544 0.15
  endloop
 endfacet
 facet normal -0.638336433078 0.769757493114 0
  outer loop
   vertex 0.00404232624158 0.115757078106 -0.15
   vertex 0.00300876172172 0.114899974544 -0.15
   vertex 0.00300876172172 0.114899974544 0.15
  endloop
 endfacet
 facet normal -0.638336433078 0.769757493114 0
  outer loop
   vertex 0.00404232624158 0.115757078106 -0.15
   vertex 0.00300876172172 0.114899974544 0.15
   vertex 0.00404232624158 0.115757078106 0.15
  endloop
 endfacet
 facet normal 0 0 -1
  outer loop
   vertex 0 0 -0.15
   vertex 0.00199486474952 0.114285724959 -0.15
   vertex 0.00300876172172 0.114899974544 -0.15
  endloop
 endfacet
 facet normal 0 0 1
  outer loop
   vertex 0 0 0.15
   vertex 0.00300876172172 0.114899974544 0.15
   vertex 0.00199486474952 0.114285724959 0.15
  endloop
 endfacet
 facet normal -0.518157695465 0.855285100204 0
  outer loop
   vertex 0.00300876172172 0.114899974544 -0.15
   vertex 0.00199486474952 0.114285724959 -0.15
   vertex 0.00199486474952 0.114285724959 0.15
  endloop
 endfacet
 facet normal -0.518157695465 0.855285100204 0
  outer loop
   vertex 0.00300876172172 0.114899974544 -0.15
   vertex 0.00199486474952 0.114285724959 0.15
   vertex 0.00300876172172 0.114899974544 0.15
  endloop
 endfacet
 facet normal 0 0 -1
  outer loop
   vertex 0 0 -0.15
   vertex 0.000994133019358 0.113916360737 -0.15
   vertex 0.00199486474952 0.114285724959 -0.15
  endloop
 endfacet
 facet normal 0 0 1
  outer loop
   vertex 0 0 0.15
   vertex 0.00199486474952 0.114285724959 0.15
   vertex 0.000994133019358 0.113916360737 0.15
  endloop
 endfacet
 facet normal -0.34626128453 0.938138115011 0
  outer loop
   vertex 0.00199486474952 0.114285724959 -0.15
   vertex 0.000994133019358 0.113916360737 -0.15
   vertex 0.000994133019358 0.113916360737 0.15
  endloop
 endfacet
 facet normal -0.34626128453 0.938138115011 0
  outer loop
   vertex 0.00199486474952 0.114285724959 -0.15
   vertex 0.000994133019358 0.113916360737 0.15
   vertex 0.00199486474952 0.114285724959 0.15
  endloop
 endfacet
 facet normal 0 0 -1
  outer loop
   vertex 0 0 -0.15
   vertex 6.96781799515e-18 0.113793103448 -0.15
   vertex 0.000994133019358 0.113916360737 -0.15
  endloop
 endfacet
 facet normal 0 0 1
  outer loop
   vertex 0 0 0.15
   vertex 0.000994133019358 0.113916360737 0.15
   vertex 6.96781799515e-18 0.113793103448 0.15
  endloop
 endfacet
 facet normal -0.123042593493 0.992401390661 0
  outer loop
   vertex 0.000994133019358 0.113916360737 -0.15
   vertex 6.96781799515e-18 0.113793103448 -0.15
   vertex 6.96781799515e-18 0.113793103448 0.15
  endloop
 endfacet
 facet normal -0.123042593493 0.992401390661 0
  outer loop
   vertex 0.000994133019358 0.113916360737 -0.15
   vertex 6.96781799515e-18 0.113793103448 0.15
   vertex 0.000994133019358 0.113916360737 0.15
  endloop
 endfacet
 facet normal 0 0 -1
  outer loop
   vertex 0 0 -0.15
   vertex -0.000994133019358 0.113916360737 -0.15
   vertex 6.96781799515e-18 0.113793103448 -0.15
  endloop
 endfacet
 facet normal 0 -0 1
  outer loop
   vertex 0 0 0.15
   vertex 6.96781799515e-18 0.113793103448 0.15
   vertex -0.000994133019358 0.113916360737 0.15
  endloop
 endfacet
 facet normal 0.123042593493 0.992401390661 0
  outer loop
   vertex 6.96781799515e-18 0.113793103448 -0.15
   vertex -0.000994133019358 0.113916360737 -0.15
   vertex -0.000994133019358 0.113916360737 0.15
  endloop
 endfacet
 facet normal 0.123042593493 0.992401390661 -0
  outer loop
   vertex 6.96781799515e-18 0.113793103448 -0.15
   vertex -0.000994133019358 0.113916360737 0.15
   vertex 6.96781799515e-18 0.113793103448 0.15
  endloop
 endfacet
 facet normal 0 0 -1
  outer loop
   vertex 0 0 -0.15
   vertex -0.00199486474952 0.114285724959 -0.15
   vertex -0.000994133019358 0.113916360737 -0.15
  endloop
 endfacet
 facet normal 0 0 1
  outer loop
   vertex 0 0 0.15
   vertex -0.000994133019358 0.113916360737 0.15
   vertex -0.00199486474952 0.114285724959 0.15
  endloop
 endfacet
 facet normal 0.34626128453 0.938138115011 0
  outer loop
   vertex -0.000994133019358 0.113916360737 -0.15
   vertex -0.00199486474952 0.114285724959 -0.15
   vertex -0.00199486474952 0.114285724959 0.15
  endloop
 endfacet
 facet normal 0.34626128453 0.938138115011 -0
  outer loop
   vertex -0.000994133019358 0.113916360737 -0.15
   vertex -0.00199486474952 0.114285724959 0.15
   vertex -0.000994133019358 0.113916360737 0.15
  endloop
 endfacet
 facet normal 0 0 -1
  outer loop
   vertex 0 0 -0.15
   vertex -0.00300876172172 0.114899974544 -0.15
   vertex -0.00199486474952 0.114285724959 -0.15
  endloop
 endfacet
 facet normal 0 0 1
  outer loop
   vertex 0 0 0.15
   vertex -0.00199486474952 0.114285724959 0.15
   vertex -0.00300876172172 0.114899974544 0.15
  endloop
 endfacet
 facet normal 0.518157695465 0.855285100204 0
  outer loop
   vertex -0.00199486474952 0.114285724959 -0.15
   vertex -0.00300876172172 0.114899974544 -0.15
   vertex -0.00300876172172 0.114899974544 0.15
  endloop
 endfacet
 facet normal 0.518157695465 0.855285100204 -0
  outer loop
   vertex -0.00199486474952 0.114285724959 -0.15
   vertex -0.00300876172172 0.114899974544 0.15
   vertex -0.00199486474952 0.114285724959 0.15
  endloop
 endfacet
 facet normal 0 0 -1
  outer loop
   vertex 0 0 -0.15
   vertex -0.00404232624158 0.115757078106 -0.15
   vertex -0.00300876172172 0.114899974544 -0.15
  endloop
 endfacet
 facet normal 0 0 1
  outer loop
   vertex 0 0 0.15
   vertex -0.00300876172172 0.114899974544 0.15
   vertex -0.00404232624158 0.115757078106 0.15
  endloop
 endfacet
 facet normal 0.638336433078 0.769757493114 0
  outer loop
   vertex -0.00300876172172 0.114899974544 -0.15
   vertex -0.00404232624158 0.115757078106 -0.15
   vertex -0.00404232624158 0.115757078106 0.15
  endloop
 endfacet
 facet normal 0.638336433078 0.769757493114 -0
  outer loop
   vertex -0.00300876172172 0.114899974544 -0.15
   vertex -0.00404232624158 0.115757078106 0.15
   vertex -0.00300876172172 0.114899974544 0.15
  endloop
 endfacet
 facet normal 0 0 -1
  outer loop
   vertex 0 0 -0.15
   vertex -0.00510196460958 0.116854201254 -0.15
   vertex -0.00404232624158 0.115757078106 -0.15
  endloop
 endfacet
 facet normal 0 0 1
  outer loop
   vertex 0 0 0.15
   vertex -0.00404232624158 0.115757078106 0.15
   vertex -0.00510196460958 0.116854201254 0.15
  endloop
 endfacet
 facet normal 0.719287754952 0.694712260995 0
  outer loop
   vertex -0.00404232624158 0.115757078106 -0.15
   vertex -0.00510196460958 0.116854201254 -0.15
   vertex -0.00510196460958 0.116854201254 0.15
  endloop
 endfacet
 facet normal 0.719287754952 0.694712260995 -0
  outer loop
   vertex -0.00404232624158 0.115757078106 -0.15
   vertex -0.00510196460958 0.116854201254 0.15
   vertex -0.00404232624158 0.115757078106 0.15
  endloop
 endfacet
 facet normal 0 0 -1
  outer loop
   vertex 0 0 -0.15
   vertex -0.00619395574 0.118187716113 -0.15
   vertex -0.00510196460958 0.116854201254 -0.15
  endloop
 endfacet
 facet normal 0 0 1
  outer loop
   vertex 0 0 0.15
   vertex -0.00510196460958 0.116854201254 0.15
   vertex -0.00619395574 0.118187716113 0.15
  endloop
 endfacet
 facet normal 0.773691784662 0.633562169283 0
  outer loop
   vertex -0.00510196460958 0.116854201254 -0.15
   vertex -0.00619395574 0.118187716113 -0.15
   vertex -0.00619395574 0.118187716113 0.15
  endloop
 endfacet
 facet normal 0.773691784662 0.633562169283 -0
  outer loop
   vertex -0.00510196460958 0.116854201254 -0.15
   vertex -0.00619395574 0.118187716113 0.15
   vertex -0.00510196460958 0.116854201254 0.15
  endloop
 endfacet
 facet normal 0 0 -1
  outer loop
   vertex 0 0 -0.15
   vertex -0.00732442030876 0.119753213494 -0.15
   vertex -0.00619395574 0.118187716113 -0.15
  endloop
 endfacet
 facet normal 0 0 1
  outer loop
   vertex 0 0 0.15
   vertex -0.00619395574 0.118187716113 0.15
   vertex -0.00732442030876 0.119753213494 0.15
  endloop
 endfacet
 facet normal 0.810721610003 0.58543186715 0
  outer loop
   vertex -0.00619395574 0.118187716113 -0.15
   vertex -0.00732442030876 0.119753213494 -0.15
   vertex -0.00732442030876 0.119753213494 0.15
  endloop
 endfacet
 facet normal 0.810721610003 0.58543186715 -0
  outer loop
   vertex -0.00619395574 0.118187716113 -0.15
   vertex -0.00732442030876 0.119753213494 0.15
   vertex -0.00619395574 0.118187716113 0.15
  endloop
 endfacet
 facet normal 0 0 -1
  outer loop
   vertex 0 0 -0.15
   vertex -0.00849929055839 0.121545517694 -0.15
   vertex -0.00732442030876 0.119753213494 -0.15
  endloop
 endfacet
 facet normal 0 0 1
  outer loop
   vertex 0 0 0.15
   vertex -0.00732442030876 0.119753213494 0.15
   vertex -0.00849929055839 0.121545517694 0.15
  endloop
 endfacet
 facet normal 0.836332341786 0.548222777786 0
  outer loop
   vertex -0.00732442030876 0.119753213494 -0.15
   vertex -0.00849929055839 0.121545517694 -0.15
   vertex -0.00849929055839 0.121545517694 0.15
  endloop
 endfacet
 facet normal 0.836332341786 0.548222777786 -0
  outer loop
   vertex -0.00732442030876 0.119753213494 -0.15
   vertex -0.00849929055839 0.121545517694 0.15
   vertex -0.00732442030876 0.119753213494 0.15
  endloop
 endfacet
 facet normal 0 0 -1
  outer loop
   vertex 0 0 -0.15
   vertex -0.00972428088598 0.123558703849 -0.15
   vertex -0.00849929055839 0.121545517694 -0.15
  endloop
 endfacet
 facet normal 0 0 1
  outer loop
   vertex 0 0 0.15
   vertex -0.00849929055839 0.121545517694 0.15
   vertex -0.00972428088598 0.123558703849 0.15
  endloop
 endfacet
 facet normal 0.854279083033 0.519814628779 0
  outer loop
   vertex -0.00849929055839 0.121545517694 -0.15
   vertex -0.00972428088598 0.123558703849 -0.15
   vertex -0.00972428088598 0.123558703849 0.15
  endloop
 endfacet
 facet normal 0.854279083033 0.519814628779 -0
  outer loop
   vertex -0.00849929055839 0.121545517694 -0.15
   vertex -0.00972428088598 0.123558703849 0.15
   vertex -0.00849929055839 0.121545517694 0.15
  endloop
 endfacet
 facet normal 0 0 -1
  outer loop
   vertex 0 0 -0.15
   vertex -0.0110048593366 0.125786117802 -0.15
   vertex -0.00972428088598 0.123558703849 -0.15
  endloop
 endfacet
 facet normal 0 0 1
  outer loop
   vertex 0 0 0.15
   vertex -0.00972428088598 0.123558703849 0.15
   vertex -0.0110048593366 0.125786117802 0.15
  endloop
 endfacet
 facet normal 0.866937344487 0.498417135272 0
  outer loop
   vertex -0.00972428088598 0.123558703849 -0.15
   vertex -0.0110048593366 0.125786117802 -0.15
   vertex -0.0110048593366 0.125786117802 0.15
  endloop
 endfacet
 facet normal 0.866937344487 0.498417135272 -0
  outer loop
   vertex -0.00972428088598 0.123558703849 -0.15
   vertex -0.0110048593366 0.125786117802 0.15
   vertex -0.00972428088598 0.123558703849 0.15
  endloop
 endfacet
 facet normal 0 0 -1
  outer loop
   vertex 0 0 -0.15
   vertex -0.0123462201217 0.128220398402 -0.15
   vertex -0.0110048593366 0.125786117802 -0.15
  endloop
 endfacet
 facet normal 0 0 1
  outer loop
   vertex 0 0 0.15
   vertex -0.0110048593366 0.125786117802 0.15
   vertex -0.0123462201217 0.128220398402 0.15
  endloop
 endfacet
 facet normal 0.875834835564 0.482610962177 0
  outer loop
   vertex -0.0110048593366 0.125786117802 -0.15
   vertex -0.0123462201217 0.128220398402 -0.15
   vertex -0.0123462201217 0.128220398402 0.15
  endloop
 endfacet
 facet normal 0.875834835564 0.482610962177 -0
  outer loop
   vertex -0.0110048593366 0.125786117802 -0.15
   vertex -0.0123462201217 0.128220398402 0.15
   vertex -0.0110048593366 0.125786117802 0.15
  endloop
 endfacet
 facet normal 0 0 -1
  outer loop
   vertex 0 0 -0.15
   vertex -0.0137532572766 0.130853502162 -0.15
   vertex -0.0123462201217 0.128220398402 -0.15
  endloop
 endfacet
 facet normal 0 0 1
  outer loop
   vertex 0 0 0.15
   vertex -0.0123462201217 0.128220398402 0.15
   vertex -0.0137532572766 0.130853502162 0.15
  endloop
 endfacet
 facet normal 0.881975027967 0.47129613837 0
  outer loop
   vertex -0.0123462201217 0.128220398402 -0.15
   vertex -0.0137532572766 0.130853502162 -0.15
   vertex -0.0137532572766 0.130853502162 0.15
  endloop
 endfacet
 facet normal 0.881975027967 0.47129613837 -0
  outer loop
   vertex -0.0123462201217 0.128220398402 -0.15
   vertex -0.0137532572766 0.130853502162 0.15
   vertex -0.0123462201217 0.128220398402 0.15
  endloop
 endfacet
 facet normal 0 0 -1
  outer loop
   vertex 0 0 -0.15
   vertex -0.0152305395696 0.133676730186 -0.15
   vertex -0.0137532572766 0.130853502162 -0.15
  endloop
 endfacet
 facet normal 0 0 1
  outer loop
   vertex 0 0 0.15
   vertex -0.0137532572766 0.130853502162 0.15
   vertex -0.0152305395696 0.133676730186 0.15
  endloop
 endfacet
 facet normal 0.886031582893 0.463624885134 0
  outer loop
   vertex -0.0137532572766 0.130853502162 -0.15
   vertex -0.0152305395696 0.133676730186 -0.15
   vertex -0.0152305395696 0.133676730186 0.15
  endloop
 endfacet
 facet normal 0.886031582893 0.463624885134 -0
  outer loop
   vertex -0.0137532572766 0.130853502162 -0.15
   vertex -0.0152305395696 0.133676730186 0.15
   vertex -0.0137532572766 0.130853502162 0.15
  endloop
 endfacet
 facet normal 0 0 -1
  outer loop
   vertex 0 0 -0.15
   vertex -0.0167822867657 0.136680757273 -0.15
   vertex -0.0152305395696 0.133676730186 -0.15
  endloop
 endfacet
 facet normal 0 0 1
  outer loop
   vertex 0 0 0.15
   vertex -0.0152305395696 0.133676730186 0.15
   vertex -0.0167822867657 0.136680757273 0.15
  endloop
 endfacet
 facet normal 0.888466123313 0.458942205212 0
  outer loop
   vertex -0.0152305395696 0.133676730186 -0.15
   vertex -0.0167822867657 0.136680757273 -0.15
   vertex -0.0167822867657 0.136680757273 0.15
  endloop
 endfacet
 facet normal 0.888466123313 0.458942205212 -0
  outer loop
   vertex -0.0152305395696 0.133676730186 -0.15
   vertex -0.0167822867657 0.136680757273 0.15
   vertex -0.0152305395696 0.133676730186 0.15
  endloop
 endfacet
 facet normal 0 0 -1
  outer loop
   vertex 0 0 -0.15
   vertex -0.0184123473479 0.139855663093 -0.15
   vertex -0.0167822867657 0.136680757273 -0.15
  endloop
 endfacet
 facet normal 0 0 1
  outer loop
   vertex 0 0 0.15
   vertex -0.0167822867657 0.136680757273 0.15
   vertex -0.0184123473479 0.139855663093 0.15
  endloop
 endfacet
 facet normal 0.88960077086 0.456738950041 0
  outer loop
   vertex -0.0167822867657 0.136680757273 -0.15
   vertex -0.0184123473479 0.139855663093 -0.15
   vertex -0.0184123473479 0.139855663093 0.15
  endloop
 endfacet
 facet normal 0.88960077086 0.456738950041 -0
  outer loop
   vertex -0.0167822867657 0.136680757273 -0.15
   vertex -0.0184123473479 0.139855663093 0.15
   vertex -0.0167822867657 0.136680757273 0.15
  endloop
 endfacet
 facet normal 0 0 -1
  outer loop
   vertex 0 0 -0.15
   vertex -0.0201241777892 0.143190965329 -0.15
   vertex -0.0184123473479 0.139855663093 -0.15
  endloop
 endfacet
 facet normal 0 0 1
  outer loop
   vertex 0 0 0.15
   vertex -0.0184123473479 0.139855663093 0.15
   vertex -0.0201241777892 0.143190965329 0.15
  endloop
 endfacet
 facet normal 0.88966372011 0.456616321565 0
  outer loop
   vertex -0.0184123473479 0.139855663093 -0.15
   vertex -0.0201241777892 0.143190965329 -0.15
   vertex -0.0201241777892 0.143190965329 0.15
  endloop
 endfacet
 facet normal 0.88966372011 0.456616321565 -0
  outer loop
   vertex -0.0184123473479 0.139855663093 -0.15
   vertex -0.0201241777892 0.143190965329 0.15
   vertex -0.0184123473479 0.139855663093 0.15
  endloop
 endfacet
 facet normal 0 0 -1
  outer loop
   vertex 0 0 -0.15
   vertex -0.0219208234642 0.146675654672 -0.15
   vertex -0.0201241777892 0.143190965329 -0.15
  endloop
 endfacet
 facet normal 0 0 1
  outer loop
   vertex 0 0 0.15
   vertex -0.0201241777892 0.143190965329 0.15
   vertex -0.0219208234642 0.146675654672 0.15
  endloop
 endfacet
 facet normal 0.888818467216 0.458259459625 0
  outer loop
   vertex -0.0201241777892 0.143190965329 -0.15
   vertex -0.0219208234642 0.146675654672 -0.15
   vertex -0.0219208234642 0.146675654672 0.15
  endloop
 endfacet
 facet normal 0.888818467216 0.458259459625 -0
  outer loop
   vertex -0.0201241777892 0.143190965329 -0.15
   vertex -0.0219208234642 0.146675654672 0.15
   vertex -0.0201241777892 0.143190965329 0.15
  endloop
 endfacet
 facet normal 0 0 -1
  outer loop
   vertex 0 0 -0.15
   vertex -0.0238049012824 0.150298231528 -0.15
   vertex -0.0219208234642 0.146675654672 -0.15
  endloop
 endfacet
 facet normal 0 0 1
  outer loop
   vertex 0 0 0.15
   vertex -0.0219208234642 0.146675654672 0.15
   vertex -0.0238049012824 0.150298231528 0.15
  endloop
 endfacet
 facet normal 0.887182931131 0.461417865617 0
  outer loop
   vertex -0.0219208234642 0.146675654672 -0.15
   vertex -0.0238049012824 0.150298231528 -0.15
   vertex -0.0238049012824 0.150298231528 0.15
  endloop
 endfacet
 facet normal 0.887182931131 0.461417865617 -0
  outer loop
   vertex -0.0219208234642 0.146675654672 -0.15
   vertex -0.0238049012824 0.150298231528 0.15
   vertex -0.0219208234642 0.146675654672 0.15
  endloop
 endfacet
 facet normal 0 0 -1
  outer loop
   vertex 0 0 -0.15
   vertex -0.0257785841185 0.154046744341 -0.15
   vertex -0.0238049012824 0.150298231528 -0.15
  endloop
 endfacet
 facet normal 0 0 1
  outer loop
   vertex 0 0 0.15
   vertex -0.0238049012824 0.150298231528 0.15
   vertex -0.0257785841185 0.154046744341 0.15
  endloop
 endfacet
 facet normal 0.88484219402 0.465890858121 0
  outer loop
   vertex -0.0238049012824 0.150298231528 -0.15
   vertex -0.0257785841185 0.154046744341 -0.15
   vertex -0.0257785841185 0.154046744341 0.15
  endloop
 endfacet
 facet normal 0.88484219402 0.465890858121 -0
  outer loop
   vertex -0.0238049012824 0.150298231528 -0.15
   vertex -0.0257785841185 0.154046744341 0.15
   vertex -0.0238049012824 0.150298231528 0.15
  endloop
 endfacet
 facet normal 0 0 -1
  outer loop
   vertex 0 0 -0.15
   vertex -0.0278435871087 0.157908829362 -0.15
   vertex -0.0257785841185 0.154046744341 -0.15
  endloop
 endfacet
 facet normal 0 0 1
  outer loop
   vertex 0 0 0.15
   vertex -0.0257785841185 0.154046744341 0.15
   vertex -0.0278435871087 0.157908829362 0.15
  endloop
 endfacet
 facet normal 0.881857128915 0.471516706154 0
  outer loop
   vertex -0.0257785841185 0.154046744341 -0.15
   vertex -0.0278435871087 0.157908829362 -0.15
   vertex -0.0278435871087 0.157908829362 0.15
  endloop
 endfacet
 facet normal 0.881857128915 0.471516706154 -0
  outer loop
   vertex -0.0257785841185 0.154046744341 -0.15
   vertex -0.0278435871087 0.157908829362 0.15
   vertex -0.0257785841185 0.154046744341 0.15
  endloop
 endfacet
 facet normal 0 0 -1
  outer loop
   vertex 0 0 -0.15
   vertex -0.0300011558715 0.161871751754 -0.15
   vertex -0.0278435871087 0.157908829362 -0.15
  endloop
 endfacet
 facet normal 0 0 1
  outer loop
   vertex 0 0 0.15
   vertex -0.0278435871087 0.157908829362 0.15
   vertex -0.0300011558715 0.161871751754 0.15
  endloop
 endfacet
 facet normal 0.878270321455 0.478164451262 0
  outer loop
   vertex -0.0278435871087 0.157908829362 -0.15
   vertex -0.0300011558715 0.161871751754 -0.15
   vertex -0.0300011558715 0.161871751754 0.15
  endloop
 endfacet
 facet normal 0.878270321455 0.478164451262 -0
  outer loop
   vertex -0.0278435871087 0.157908829362 -0.15
   vertex -0.0300011558715 0.161871751754 0.15
   vertex -0.0278435871087 0.157908829362 0.15
  endloop
 endfacet
 facet normal 0 0 -1
  outer loop
   vertex 0 0 -0.15
   vertex -0.03225205671 0.165922447871 -0.15
   vertex -0.0300011558715 0.161871751754 -0.15
  endloop
 endfacet
 facet normal 0 0 1
  outer loop
   vertex 0 0 0.15
   vertex -0.0300011558715 0.161871751754 0.15
   vertex -0.03225205671 0.165922447871 0.15
  endloop
 endfacet
 facet normal 0.874110174628 0.485727704184 0
  outer loop
   vertex -0.0300011558715 0.161871751754 -0.15
   vertex -0.03225205671 0.165922447871 -0.15
   vertex -0.03225205671 0.165922447871 0.15
  endloop
 endfacet
 facet normal 0.874110174628 0.485727704184 -0
  outer loop
   vertex -0.0300011558715 0.161871751754 -0.15
   vertex -0.03225205671 0.165922447871 0.15
   vertex -0.0300011558715 0.161871751754 0.15
  endloop
 endfacet
 facet normal 0 0 -1
  outer loop
   vertex 0 0 -0.15
   vertex -0.0345965688371 0.170047568571 -0.15
   vertex -0.03225205671 0.165922447871 -0.15
  endloop
 endfacet
 facet normal 0 0 1
  outer loop
   vertex 0 0 0.15
   vertex -0.03225205671 0.165922447871 0.15
   vertex -0.0345965688371 0.170047568571 0.15
  endloop
 endfacet
 facet normal 0.869393767778 0.494119900985 0
  outer loop
   vertex -0.03225205671 0.165922447871 -0.15
   vertex -0.0345965688371 0.170047568571 -0.15
   vertex -0.0345965688371 0.170047568571 0.15
  endloop
 endfacet
 facet normal 0.869393767778 0.494119900985 -0
  outer loop
   vertex -0.03225205671 0.165922447871 -0.15
   vertex -0.0345965688371 0.170047568571 0.15
   vertex -0.03225205671 0.165922447871 0.15
  endloop
 endfacet
 facet normal 0 0 -1
  outer loop
   vertex 0 0 -0.15
   vertex -0.0370344786644 0.174233523414 -0.15
   vertex -0.0345965688371 0.170047568571 -0.15
  endloop
 endfacet
 facet normal 0 0 1
  outer loop
   vertex 0 0 0.15
   vertex -0.0345965688371 0.170047568571 0.15
   vertex -0.0370344786644 0.174233523414 0.15
  endloop
 endfacet
 facet normal 0.864128842764 0.503270645979 0
  outer loop
   vertex -0.0345965688371 0.170047568571 -0.15
   vertex -0.0370344786644 0.174233523414 -0.15
   vertex -0.0370344786644 0.174233523414 0.15
  endloop
 endfacet
 facet normal 0.864128842764 0.503270645979 -0
  outer loop
   vertex -0.0345965688371 0.170047568571 -0.15
   vertex -0.0370344786644 0.174233523414 0.15
   vertex -0.0345965688371 0.170047568571 0.15
  endloop
 endfacet
 facet normal 0 0 -1
  outer loop
   vertex 0 0 -0.15
   vertex -0.0395650761822 0.178466525583 -0.15
   vertex -0.0370344786644 0.174233523414 -0.15
  endloop
 endfacet
 facet normal 0 0 1
  outer loop
   vertex 0 0 0.15
   vertex -0.0370344786644 0.174233523414 0.15
   vertex -0.0395650761822 0.178466525583 0.15
  endloop
 endfacet
 facet normal 0.858315163641 0.513122870143 0
  outer loop
   vertex -0.0370344786644 0.174233523414 -0.15
   vertex -0.0395650761822 0.178466525583 -0.15
   vertex -0.0395650761822 0.178466525583 0.15
  endloop
 endfacet
 facet normal 0.858315163641 0.513122870143 -0
  outer loop
   vertex -0.0370344786644 0.174233523414 -0.15
   vertex -0.0395650761822 0.178466525583 0.15
   vertex -0.0370344786644 0.174233523414 0.15
  endloop
 endfacet
 facet normal 0 0 -1
  outer loop
   vertex 0 0 -0.15
   vertex -0.0421871534518 0.182732637381 -0.15
   vertex -0.0395650761822 0.178466525583 -0.15
  endloop
 endfacet
 facet normal 0 0 1
  outer loop
   vertex 0 0 0.15
   vertex -0.0395650761822 0.178466525583 0.15
   vertex -0.0421871534518 0.182732637381 0.15
  endloop
 endfacet
 facet normal 0.851945414124 0.523630605821 0
  outer loop
   vertex -0.0395650761822 0.178466525583 -0.15
   vertex -0.0421871534518 0.182732637381 -0.15
   vertex -0.0421871534518 0.182732637381 0.15
  endloop
 endfacet
 facet normal 0.851945414124 0.523630605821 -0
  outer loop
   vertex -0.0395650761822 0.178466525583 -0.15
   vertex -0.0421871534518 0.182732637381 0.15
   vertex -0.0395650761822 0.178466525583 0.15
  endloop
 endfacet
 facet normal 0 0 -1
  outer loop
   vertex 0 0 -0.15
   vertex -0.0448990052237 0.187017816135 -0.15
   vertex -0.0421871534518 0.182732637381 -0.15
  endloop
 endfacet
 facet normal 0 0 1
  outer loop
   vertex 0 0 0.15
   vertex -0.0421871534518 0.182732637381 0.15
   vertex -0.0448990052237 0.187017816135 0.15
  endloop
 endfacet
 facet normal 0.845005742612 0.53475722992 0
  outer loop
   vertex -0.0421871534518 0.182732637381 -0.15
   vertex -0.0448990052237 0.187017816135 -0.15
   vertex -0.0448990052237 0.187017816135 0.15
  endloop
 endfacet
 facet normal 0.845005742612 0.53475722992 -0
  outer loop
   vertex -0.0421871534518 0.182732637381 -0.15
   vertex -0.0448990052237 0.187017816135 0.15
   vertex -0.0421871534518 0.182732637381 0.15
  endloop
 endfacet
 facet normal 0 0 -1
  outer loop
   vertex 0 0 -0.15
   vertex -0.0476984316848 0.191307960361 -0.15
   vertex -0.0448990052237 0.187017816135 -0.15
  endloop
 endfacet
 facet normal 0 0 1
  outer loop
   vertex 0 0 0.15
   vertex -0.0448990052237 0.187017816135 0.15
   vertex -0.0476984316848 0.191307960361 0.15
  endloop
 endfacet
 facet normal 0.837476027604 0.546474064516 0
  outer loop
   vertex -0.0448990052237 0.187017816135 -0.15
   vertex -0.0476984316848 0.191307960361 -0.15
   vertex -0.0476984316848 0.191307960361 0.15
  endloop
 endfacet
 facet normal 0.837476027604 0.546474064516 -0
  outer loop
   vertex -0.0448990052237 0.187017816135 -0.15
   vertex -0.0476984316848 0.191307960361 0.15
   vertex -0.0448990052237 0.187017816135 0.15
  endloop
 endfacet
 facet normal 0 0 -1
  outer loop
   vertex 0 0 -0.15
   vertex -0.050582743331 0.195588956014 -0.15
   vertex -0.0476984316848 0.191307960361 -0.15
  endloop
 endfacet
 facet normal 0 0 1
  outer loop
   vertex 0 0 0.15
   vertex -0.0476984316848 0.191307960361 0.15
   vertex -0.050582743331 0.195588956014 0.15
  endloop
 endfacet
 facet normal 0.829329910638 0.558759249875 0
  outer loop
   vertex -0.0476984316848 0.191307960361 -0.15
   vertex -0.050582743331 0.195588956014 -0.15
   vertex -0.050582743331 0.195588956014 0.15
  endloop
 endfacet
 facet normal 0.829329910638 0.558759249875 -0
  outer loop
   vertex -0.0476984316848 0.191307960361 -0.15
   vertex -0.050582743331 0.195588956014 0.15
   vertex -0.0476984316848 0.191307960361 0.15
  endloop
 endfacet
 facet normal 0 0 -1
  outer loop
   vertex 0 0 -0.15
   vertex -0.0535487679522 0.19984672268 -0.15
   vertex -0.050582743331 0.195588956014 -0.15
  endloop
 endfacet
 facet normal 0 0 1
  outer loop
   vertex 0 0 0.15
   vertex -0.050582743331 0.195588956014 0.15
   vertex -0.0535487679522 0.19984672268 0.15
  endloop
 endfacet
 facet normal 0.82053462539 0.571596823413 0
  outer loop
   vertex -0.050582743331 0.195588956014 -0.15
   vertex -0.0535487679522 0.19984672268 -0.15
   vertex -0.0535487679522 0.19984672268 0.15
  endloop
 endfacet
 facet normal 0.82053462539 0.571596823413 -0
  outer loop
   vertex -0.050582743331 0.195588956014 -0.15
   vertex -0.0535487679522 0.19984672268 0.15
   vertex -0.050582743331 0.195588956014 0.15
  endloop
 endfacet
 facet normal 0 0 -1
  outer loop
   vertex 0 0 -0.15
   vertex -0.0565928597087 0.204067259537 -0.15
   vertex -0.0535487679522 0.19984672268 -0.15
  endloop
 endfacet
 facet normal 0 0 1
  outer loop
   vertex 0 0 0.15
   vertex -0.0535487679522 0.19984672268 0.15
   vertex -0.0565928597087 0.204067259537 0.15
  endloop
 endfacet
 facet normal 0.811050637773 0.58497595076 0
  outer loop
   vertex -0.0535487679522 0.19984672268 -0.15
   vertex -0.0565928597087 0.204067259537 -0.15
   vertex -0.0565928597087 0.204067259537 0.15
  endloop
 endfacet
 facet normal 0.811050637773 0.58497595076 -0
  outer loop
   vertex -0.0535487679522 0.19984672268 -0.15
   vertex -0.0565928597087 0.204067259537 0.15
   vertex -0.0535487679522 0.19984672268 0.15
  endloop
 endfacet
 facet normal 0 0 -1
  outer loop
   vertex 0 0 -0.15
   vertex -0.0597109102691 0.208236690927 -0.15
   vertex -0.0565928597087 0.204067259537 -0.15
  endloop
 endfacet
 facet normal 0 0 1
  outer loop
   vertex 0 0 0.15
   vertex -0.0565928597087 0.204067259537 0.15
   vertex -0.0597109102691 0.208236690927 0.15
  endloop
 endfacet
 facet normal 0.800831101047 0.598890263401 0
  outer loop
   vertex -0.0565928597087 0.204067259537 -0.15
   vertex -0.0597109102691 0.208236690927 -0.15
   vertex -0.0597109102691 0.208236690927 0.15
  endloop
 endfacet
 facet normal 0.800831101047 0.598890263401 -0
  outer loop
   vertex -0.0565928597087 0.204067259537 -0.15
   vertex -0.0597109102691 0.208236690927 0.15
   vertex -0.0565928597087 0.204067259537 0.15
  endloop
 endfacet
 facet normal 0 0 -1
  outer loop
   vertex 0 0 -0.15
   vertex -0.0628983619726 0.212341311393 -0.15
   vertex -0.0597109102691 0.208236690927 -0.15
  endloop
 endfacet
 facet normal 0 0 1
  outer loop
   vertex 0 0 0.15
   vertex -0.0597109102691 0.208236690927 0.15
   vertex -0.0628983619726 0.212341311393 0.15
  endloop
 endfacet
 facet normal 0.789821121007 0.613337261881 0
  outer loop
   vertex -0.0597109102691 0.208236690927 -0.15
   vertex -0.0628983619726 0.212341311393 -0.15
   vertex -0.0628983619726 0.212341311393 0.15
  endloop
 endfacet
 facet normal 0.789821121007 0.613337261881 -0
  outer loop
   vertex -0.0597109102691 0.208236690927 -0.15
   vertex -0.0628983619726 0.212341311393 0.15
   vertex -0.0597109102691 0.208236690927 0.15
  endloop
 endfacet
 facet normal 0 0 -1
  outer loop
   vertex 0 0 -0.15
   vertex -0.0661502229697 0.216367630014 -0.15
   vertex -0.0628983619726 0.212341311393 -0.15
  endloop
 endfacet
 facet normal 0 0 1
  outer loop
   vertex 0 0 0.15
   vertex -0.0628983619726 0.212341311393 0.15
   vertex -0.0661502229697 0.216367630014 0.15
  endloop
 endfacet
 facet normal 0.777956818551 0.628317744831 0
  outer loop
   vertex -0.0628983619726 0.212341311393 -0.15
   vertex -0.0661502229697 0.216367630014 -0.15
   vertex -0.0661502229697 0.216367630014 0.15
  endloop
 endfacet
 facet normal 0.777956818551 0.628317744831 -0
  outer loop
   vertex -0.0628983619726 0.212341311393 -0.15
   vertex -0.0661502229697 0.216367630014 0.15
   vertex -0.0628983619726 0.212341311393 0.15
  endloop
 endfacet
 facet normal 0 0 -1
  outer loop
   vertex 0 0 -0.15
   vertex -0.0694610842867 0.22030241389 -0.15
   vertex -0.0661502229697 0.216367630014 -0.15
  endloop
 endfacet
 facet normal 0 0 1
  outer loop
   vertex 0 0 0.15
   vertex -0.0661502229697 0.216367630014 0.15
   vertex -0.0694610842867 0.22030241389 0.15
  endloop
 endfacet
 facet normal 0.765164169816 0.643835222111 0
  outer loop
   vertex -0.0661502229697 0.216367630014 -0.15
   vertex -0.0694610842867 0.22030241389 -0.15
   vertex -0.0694610842867 0.22030241389 0.15
  endloop
 endfacet
 facet normal 0.765164169816 0.643835222111 -0
  outer loop
   vertex -0.0661502229697 0.216367630014 -0.15
   vertex -0.0694610842867 0.22030241389 0.15
   vertex -0.0661502229697 0.216367630014 0.15
  endloop
 endfacet
 facet normal 0 0 -1
  outer loop
   vertex 0 0 -0.15
   vertex -0.0728251387532 0.224132730633 -0.15
   vertex -0.0694610842867 0.22030241389 -0.15
  endloop
 endfacet
 facet normal 0 0 1
  outer loop
   vertex 0 0 0.15
   vertex -0.0694610842867 0.22030241389 0.15
   vertex -0.0728251387532 0.224132730633 0.15
  endloop
 endfacet
 facet normal 0.75135759752 0.659895264909 0
  outer loop
   vertex -0.0694610842867 0.22030241389 -0.15
   vertex -0.0728251387532 0.224132730633 -0.15
   vertex -0.0728251387532 0.224132730633 0.15
  endloop
 endfacet
 facet normal 0.75135759752 0.659895264909 -0
  outer loop
   vertex -0.0694610842867 0.22030241389 -0.15
   vertex -0.0728251387532 0.224132730633 0.15
   vertex -0.0694610842867 0.22030241389 0.15
  endloop
 endfacet
 facet normal 0 0 -1
  outer loop
   vertex 0 0 -0.15
   vertex -0.0762362017239 0.227845989709 -0.15
   vertex -0.0728251387532 0.224132730633 -0.15
  endloop
 endfacet
 facet normal 0 0 1
  outer loop
   vertex 0 0 0.15
   vertex -0.0728251387532 0.224132730633 0.15
   vertex -0.0762362017239 0.227845989709 0.15
  endloop
 endfacet
 facet normal 0.736438281175 0.67650473614 0
  outer loop
   vertex -0.0728251387532 0.224132730633 -0.15
   vertex -0.0762362017239 0.227845989709 -0.15
   vertex -0.0762362017239 0.227845989709 0.15
  endloop
 endfacet
 facet normal 0.736438281175 0.67650473614 -0
  outer loop
   vertex -0.0728251387532 0.224132730633 -0.15
   vertex -0.0762362017239 0.227845989709 0.15
   vertex -0.0728251387532 0.224132730633 0.15
  endloop
 endfacet
 facet normal 0 0 -1
  outer loop
   vertex 0 0 -0.15
   vertex -0.0796877335166 0.231429982496 -0.15
   vertex -0.0762362017239 0.227845989709 -0.15
  endloop
 endfacet
 facet normal 0 0 1
  outer loop
   vertex 0 0 0.15
   vertex -0.0762362017239 0.227845989709 0.15
   vertex -0.0796877335166 0.231429982496 0.15
  endloop
 endfacet
 facet normal 0.720292148784 0.693670830005 0
  outer loop
   vertex -0.0762362017239 0.227845989709 -0.15
   vertex -0.0796877335166 0.231429982496 -0.15
   vertex -0.0796877335166 0.231429982496 0.15
  endloop
 endfacet
 facet normal 0.720292148784 0.693670830005 -0
  outer loop
   vertex -0.0762362017239 0.227845989709 -0.15
   vertex -0.0796877335166 0.231429982496 0.15
   vertex -0.0762362017239 0.227845989709 0.15
  endloop
 endfacet
 facet normal 0 0 -1
  outer loop
   vertex 0 0 -0.15
   vertex -0.0831728634852 0.234872920928 -0.15
   vertex -0.0796877335166 0.231429982496 -0.15
  endloop
 endfacet
 facet normal 0 0 1
  outer loop
   vertex 0 0 0.15
   vertex -0.0796877335166 0.231429982496 0.15
   vertex -0.0831728634852 0.234872920928 0.15
  endloop
 endfacet
 facet normal 0.702787509547 0.711399828805 0
  outer loop
   vertex -0.0796877335166 0.231429982496 -0.15
   vertex -0.0831728634852 0.234872920928 -0.15
   vertex -0.0831728634852 0.234872920928 0.15
  endloop
 endfacet
 facet normal 0.702787509547 0.711399828805 -0
  outer loop
   vertex -0.0796877335166 0.231429982496 -0.15
   vertex -0.0831728634852 0.234872920928 0.15
   vertex -0.0796877335166 0.231429982496 0.15
  endloop
 endfacet
 facet normal 0 0 -1
  outer loop
   vertex 0 0 -0.15
   vertex -0.086684415636 0.238163474578 -0.15
   vertex -0.0831728634852 0.234872920928 -0.15
  endloop
 endfacet
 facet normal 0 0 1
  outer loop
   vertex 0 0 0.15
   vertex -0.0831728634852 0.234872920928 0.15
   vertex -0.086684415636 0.238163474578 0.15
  endloop
 endfacet
 facet normal 0.683772287548 0.729695456188 0
  outer loop
   vertex -0.0831728634852 0.234872920928 -0.15
   vertex -0.086684415636 0.238163474578 -0.15
   vertex -0.086684415636 0.238163474578 0.15
  endloop
 endfacet
 facet normal 0.683772287548 0.729695456188 -0
  outer loop
   vertex -0.0831728634852 0.234872920928 -0.15
   vertex -0.086684415636 0.238163474578 0.15
   vertex -0.0831728634852 0.234872920928 0.15
  endloop
 endfacet
 facet normal 0 0 -1
  outer loop
   vertex 0 0 -0.15
   vertex -0.0902149356915 0.241290806074 -0.15
   vertex -0.086684415636 0.238163474578 -0.15
  endloop
 endfacet
 facet normal 0 0 1
  outer loop
   vertex 0 0 0.15
   vertex -0.086684415636 0.238163474578 0.15
   vertex -0.0902149356915 0.241290806074 0.15
  endloop
 endfacet
 facet normal 0.66307082329 0.748556666727 0
  outer loop
   vertex -0.086684415636 0.238163474578 -0.15
   vertex -0.0902149356915 0.241290806074 -0.15
   vertex -0.0902149356915 0.241290806074 0.15
  endloop
 endfacet
 facet normal 0.66307082329 0.748556666727 -0
  outer loop
   vertex -0.086684415636 0.238163474578 -0.15
   vertex -0.0902149356915 0.241290806074 0.15
   vertex -0.086684415636 0.238163474578 0.15
  endloop
 endfacet
 facet normal 0 0 -1
  outer loop
   vertex 0 0 -0.15
   vertex -0.0937567194997 0.24424460471 -0.15
   vertex -0.0902149356915 0.241290806074 -0.15
  endloop
 endfacet
 facet normal 0 0 1
  outer loop
   vertex 0 0 0.15
   vertex -0.0902149356915 0.241290806074 0.15
   vertex -0.0937567194997 0.24424460471 0.15
  endloop
 endfacet
 facet normal 0.640480228151 0.767974659313 0
  outer loop
   vertex -0.0902149356915 0.241290806074 -0.15
   vertex -0.0937567194997 0.24424460471 -0.15
   vertex -0.0937567194997 0.24424460471 0.15
  endloop
 endfacet
 facet normal 0.640480228151 0.767974659313 -0
  outer loop
   vertex -0.0902149356915 0.241290806074 -0.15
   vertex -0.0937567194997 0.24424460471 0.15
   vertex -0.0902149356915 0.241290806074 0.15
  endloop
 endfacet
 facet normal 0 0 -1
  outer loop
   vertex 0 0 -0.15
   vertex -0.0973018426799 0.247015118164 -0.15
   vertex -0.0937567194997 0.24424460471 -0.15
  endloop
 endfacet
 facet normal 0 0 1
  outer loop
   vertex 0 0 0.15
   vertex -0.0937567194997 0.24424460471 0.15
   vertex -0.0973018426799 0.247015118164 0.15
  endloop
 endfacet
 facet normal 0.615766313979 0.787928833442 0
  outer loop
   vertex -0.0937567194997 0.24424460471 -0.15
   vertex -0.0973018426799 0.247015118164 -0.15
   vertex -0.0973018426799 0.247015118164 0.15
  endloop
 endfacet
 facet normal 0.615766313979 0.787928833442 -0
  outer loop
   vertex -0.0937567194997 0.24424460471 -0.15
   vertex -0.0973018426799 0.247015118164 0.15
   vertex -0.0937567194997 0.24424460471 0.15
  endloop
 endfacet
 facet normal 0 0 -1
  outer loop
   vertex 0 0 -0.15
   vertex -0.100842191393 0.249593182186 -0.15
   vertex -0.0973018426799 0.247015118164 -0.15
  endloop
 endfacet
 facet normal 0 0 1
  outer loop
   vertex 0 0 0.15
   vertex -0.0973018426799 0.247015118164 0.15
   vertex -0.100842191393 0.249593182186 0.15
  endloop
 endfacet
 facet normal 0.588659188355 0.808381320891 0
  outer loop
   vertex -0.0973018426799 0.247015118164 -0.15
   vertex -0.100842191393 0.249593182186 -0.15
   vertex -0.100842191393 0.249593182186 0.15
  endloop
 endfacet
 facet normal 0.588659188355 0.808381320891 -0
  outer loop
   vertex -0.0973018426799 0.247015118164 -0.15
   vertex -0.100842191393 0.249593182186 0.15
   vertex -0.0973018426799 0.247015118164 0.15
  endloop
 endfacet
 facet normal 0 0 -1
  outer loop
   vertex 0 0 -0.15
   vertex -0.104369494117 0.251970248195 -0.15
   vertex -0.100842191393 0.249593182186 -0.15
  endloop
 endfacet
 facet normal 0 0 1
  outer loop
   vertex 0 0 0.15
   vertex -0.100842191393 0.249593182186 0.15
   vertex -0.104369494117 0.251970248195 0.15
  endloop
 endfacet
 facet normal 0.558848724168 0.829269620507 0
  outer loop
   vertex -0.100842191393 0.249593182186 -0.15
   vertex -0.104369494117 0.251970248195 -0.15
   vertex -0.104369494117 0.251970248195 0.15
  endloop
 endfacet
 facet normal 0.558848724168 0.829269620507 -0
  outer loop
   vertex -0.100842191393 0.249593182186 -0.15
   vertex -0.104369494117 0.251970248195 0.15
   vertex -0.100842191393 0.249593182186 0.15
  endloop
 endfacet
 facet normal 0 0 -1
  outer loop
   vertex 0 0 -0.15
   vertex -0.107875354308 0.254138408659 -0.15
   vertex -0.104369494117 0.251970248195 -0.15
  endloop
 endfacet
 facet normal 0 0 1
  outer loop
   vertex 0 0 0.15
   vertex -0.104369494117 0.251970248195 0.15
   vertex -0.107875354308 0.254138408659 0.15
  endloop
 endfacet
 facet normal 0.525980307555 0.850496746651 0
  outer loop
   vertex -0.104369494117 0.251970248195 -0.15
   vertex -0.107875354308 0.254138408659 -0.15
   vertex -0.107875354308 0.254138408659 0.15
  endloop
 endfacet
 facet normal 0.525980307555 0.850496746651 -0
  outer loop
   vertex -0.104369494117 0.251970248195 -0.15
   vertex -0.107875354308 0.254138408659 0.15
   vertex -0.104369494117 0.251970248195 0.15
  endloop
 endfacet
 facet normal 0 0 -1
  outer loop
   vertex 0 0 -0.15
   vertex -0.111351283815 0.256090420207 -0.15
   vertex -0.107875354308 0.254138408659 -0.15
  endloop
 endfacet
 facet normal 0 0 1
  outer loop
   vertex 0 0 0.15
   vertex -0.107875354308 0.254138408659 0.15
   vertex -0.111351283815 0.256090420207 0.15
  endloop
 endfacet
 facet normal 0.489651580098 0.871918190031 0
  outer loop
   vertex -0.107875354308 0.254138408659 -0.15
   vertex -0.111351283815 0.256090420207 -0.15
   vertex -0.111351283815 0.256090420207 0.15
  endloop
 endfacet
 facet normal 0.489651580098 0.871918190031 -0
  outer loop
   vertex -0.107875354308 0.254138408659 -0.15
   vertex -0.111351283815 0.256090420207 0.15
   vertex -0.107875354308 0.254138408659 0.15
  endloop
 endfacet
 facet normal 0 0 -1
  outer loop
   vertex 0 0 -0.15
   vertex -0.11478873693 0.257819724374 -0.15
   vertex -0.111351283815 0.256090420207 -0.15
  endloop
 endfacet
 facet normal 0 0 1
  outer loop
   vertex 0 0 0.15
   vertex -0.111351283815 0.256090420207 0.15
   vertex -0.11478873693 0.257819724374 0.15
  endloop
 endfacet
 facet normal 0.449411370109 0.893324924323 0
  outer loop
   vertex -0.111351283815 0.256090420207 -0.15
   vertex -0.11478873693 0.257819724374 -0.15
   vertex -0.11478873693 0.257819724374 0.15
  endloop
 endfacet
 facet normal 0.449411370109 0.893324924323 -0
  outer loop
   vertex -0.111351283815 0.256090420207 -0.15
   vertex -0.11478873693 0.257819724374 0.15
   vertex -0.111351283815 0.256090420207 0.15
  endloop
 endfacet
 facet normal 0 0 -1
  outer loop
   vertex 0 0 -0.15
   vertex -0.118179144923 0.259320465933 -0.15
   vertex -0.11478873693 0.257819724374 -0.15
  endloop
 endfacet
 facet normal 0 0 1
  outer loop
   vertex 0 0 0.15
   vertex -0.11478873693 0.257819724374 0.15
   vertex -0.118179144923 0.259320465933 0.15
  endloop
 endfacet
 facet normal 0.404762711302 0.914421755832 0
  outer loop
   vertex -0.11478873693 0.257819724374 -0.15
   vertex -0.118179144923 0.259320465933 -0.15
   vertex -0.118179144923 0.259320465933 0.15
  endloop
 endfacet
 facet normal 0.404762711302 0.914421755832 -0
  outer loop
   vertex -0.11478873693 0.257819724374 -0.15
   vertex -0.118179144923 0.259320465933 0.15
   vertex -0.11478873693 0.257819724374 0.15
  endloop
 endfacet
 facet normal 0 0 -1
  outer loop
   vertex 0 0 -0.15
   vertex -0.121513950949 0.260587508749 -0.15
   vertex -0.118179144923 0.259320465933 -0.15
  endloop
 endfacet
 facet normal 0 0 1
  outer loop
   vertex 0 0 0.15
   vertex -0.118179144923 0.259320465933 0.15
   vertex -0.121513950949 0.260587508749 0.15
  endloop
 endfacet
 facet normal 0.355172818856 0.934800657224 0
  outer loop
   vertex -0.118179144923 0.259320465933 -0.15
   vertex -0.121513950949 0.260587508749 -0.15
   vertex -0.121513950949 0.260587508749 0.15
  endloop
 endfacet
 facet normal 0.355172818856 0.934800657224 -0
  outer loop
   vertex -0.118179144923 0.259320465933 -0.15
   vertex -0.121513950949 0.260587508749 0.15
   vertex -0.118179144923 0.259320465933 0.15
  endloop
 endfacet
 facet normal 0 0 -1
  outer loop
   vertex 0 0 -0.15
   vertex -0.124784645173 0.261616449103 -0.15
   vertex -0.121513950949 0.260587508749 -0.15
  endloop
 endfacet
 facet normal 0 0 1
  outer loop
   vertex 0 0 0.15
   vertex -0.121513950949 0.260587508749 0.15
   vertex -0.124784645173 0.261616449103 0.15
  endloop
 endfacet
 facet normal 0.300094112535 0.953909599292 0
  outer loop
   vertex -0.121513950949 0.260587508749 -0.15
   vertex -0.124784645173 0.261616449103 -0.15
   vertex -0.124784645173 0.261616449103 0.15
  endloop
 endfacet
 facet normal 0.300094112535 0.953909599292 -0
  outer loop
   vertex -0.121513950949 0.260587508749 -0.15
   vertex -0.124784645173 0.261616449103 0.15
   vertex -0.121513950949 0.260587508749 0.15
  endloop
 endfacet
 facet normal 0 0 -1
  outer loop
   vertex 0 0 -0.15
   vertex -0.127982799983 0.26240362646 -0.15
   vertex -0.124784645173 0.261616449103 -0.15
  endloop
 endfacet
 facet normal 0 0 1
  outer loop
   vertex 0 0 0.15
   vertex -0.124784645173 0.261616449103 0.15
   vertex -0.127982799983 0.26240362646 0.15
  endloop
 endfacet
 facet normal 0.239001656212 0.971019159609 0
  outer loop
   vertex -0.124784645173 0.261616449103 -0.15
   vertex -0.127982799983 0.26240362646 -0.15
   vertex -0.127982799983 0.26240362646 0.15
  endloop
 endfacet
 facet normal 0.239001656212 0.971019159609 -0
  outer loop
   vertex -0.124784645173 0.261616449103 -0.15
   vertex -0.127982799983 0.26240362646 0.15
   vertex -0.124784645173 0.261616449103 0.15
  endloop
 endfacet
 facet normal 0 0 -1
  outer loop
   vertex 0 0 -0.15
   vertex -0.131100105147 0.262946131644 -0.15
   vertex -0.127982799983 0.26240362646 -0.15
  endloop
 endfacet
 facet normal 0 0 1
  outer loop
   vertex 0 0 0.15
   vertex -0.127982799983 0.26240362646 0.15
   vertex -0.131100105147 0.262946131644 0.15
  endloop
 endfacet
 facet normal 0.171453189331 0.985192267463 0
  outer loop
   vertex -0.127982799983 0.26240362646 -0.15
   vertex -0.131100105147 0.262946131644 -0.15
   vertex -0.131100105147 0.262946131644 0.15
  endloop
 endfacet
 facet normal 0.171453189331 0.985192267463 -0
  outer loop
   vertex -0.127982799983 0.26240362646 -0.15
   vertex -0.131100105147 0.262946131644 0.15
   vertex -0.127982799983 0.26240362646 0.15
  endloop
 endfacet
 facet normal 0 0 -1
  outer loop
   vertex 0 0 -0.15
   vertex -0.134128402788 0.263241812398 -0.15
   vertex -0.131100105147 0.262946131644 -0.15
  endloop
 endfacet
 facet normal 0 0 1
  outer loop
   vertex 0 0 0.15
   vertex -0.131100105147 0.262946131644 0.15
   vertex -0.134128402788 0.263241812398 0.15
  endloop
 endfacet
 facet normal 0.0971771473708 0.995267100847 0
  outer loop
   vertex -0.131100105147 0.262946131644 -0.15
   vertex -0.134128402788 0.263241812398 -0.15
   vertex -0.134128402788 0.263241812398 0.15
  endloop
 endfacet
 facet normal 0.0971771473708 0.995267100847 -0
  outer loop
   vertex -0.131100105147 0.262946131644 -0.15
   vertex -0.134128402788 0.263241812398 0.15
   vertex -0.131100105147 0.262946131644 0.15
  endloop
 endfacet
 facet normal 0 0 -1
  outer loop
   vertex 0 0 -0.15
   vertex -0.137059722018 0.263289276323 -0.15
   vertex -0.134128402788 0.263241812398 -0.15
  endloop
 endfacet
 facet normal 0 0 1
  outer loop
   vertex 0 0 0.15
   vertex -0.134128402788 0.263241812398 0.15
   vertex -0.137059722018 0.263289276323 0.15
  endloop
 endfacet
 facet normal 0.0161898793453 0.999868935314 0
  outer loop
   vertex -0.134128402788 0.263241812398 -0.15
   vertex -0.137059722018 0.263289276323 -0.15
   vertex -0.137059722018 0.263289276323 0.15
  endloop
 endfacet
 facet normal 0.0161898793453 0.999868935314 -0
  outer loop
   vertex -0.134128402788 0.263241812398 -0.15
   vertex -0.137059722018 0.263289276323 0.15
   vertex -0.134128402788 0.263241812398 0.15
  endloop
 endfacet
 facet normal 0 0 -1
  outer loop
   vertex 0 0 -0.15
   vertex -0.139886313108 0.263087891203 -0.15
   vertex -0.137059722018 0.263289276323 -0.15
  endloop
 endfacet
 facet normal 0 0 1
  outer loop
   vertex 0 0 0.15
   vertex -0.137059722018 0.263289276323 0.15
   vertex -0.139886313108 0.263087891203 0.15
  endloop
 endfacet
 facet normal -0.0710664994785 0.997471579872 0
  outer loop
   vertex -0.137059722018 0.263289276323 -0.15
   vertex -0.139886313108 0.263087891203 -0.15
   vertex -0.139886313108 0.263087891203 0.15
  endloop
 endfacet
 facet normal -0.0710664994785 0.997471579872 0
  outer loop
   vertex -0.137059722018 0.263289276323 -0.15
   vertex -0.139886313108 0.263087891203 0.15
   vertex -0.137059722018 0.263289276323 0.15
  endloop
 endfacet
 facet normal 0 0 -1
  outer loop
   vertex 0 0 -0.15
   vertex -0.142600681058 0.262637782701 -0.15
   vertex -0.139886313108 0.263087891203 -0.15
  endloop
 endfacet
 facet normal 0 0 1
  outer loop
   vertex 0 0 0.15
   vertex -0.139886313108 0.263087891203 0.15
   vertex -0.142600681058 0.262637782701 0.15
  endloop
 endfacet
 facet normal -0.16359049237 0.98652833249 0
  outer loop
   vertex -0.139886313108 0.263087891203 -0.15
   vertex -0.142600681058 0.262637782701 -0.15
   vertex -0.142600681058 0.262637782701 0.15
  endloop
 endfacet
 facet normal -0.16359049237 0.98652833249 0
  outer loop
   vertex -0.139886313108 0.263087891203 -0.15
   vertex -0.142600681058 0.262637782701 0.15
   vertex -0.139886313108 0.263087891203 0.15
  endloop
 endfacet
 facet normal 0 0 -1
  outer loop
   vertex 0 0 -0.15
   vertex -0.145195618414 0.261939829475 -0.15
   vertex -0.142600681058 0.262637782701 -0.15
  endloop
 endfacet
 facet normal 0 0 1
  outer loop
   vertex 0 0 0.15
   vertex -0.142600681058 0.262637782701 0.15
   vertex -0.145195618414 0.261939829475 0.15
  endloop
 endfacet
 facet normal -0.259736210747 0.96567960568 0
  outer loop
   vertex -0.142600681058 0.262637782701 -0.15
   vertex -0.145195618414 0.261939829475 -0.15
   vertex -0.145195618414 0.261939829475 0.15
  endloop
 endfacet
 facet normal -0.259736210747 0.96567960568 0
  outer loop
   vertex -0.142600681058 0.262637782701 -0.15
   vertex -0.145195618414 0.261939829475 0.15
   vertex -0.142600681058 0.262637782701 0.15
  endloop
 endfacet
 facet normal 0 0 -1
  outer loop
   vertex 0 0 -0.15
   vertex -0.147664237227 0.260995655712 -0.15
   vertex -0.145195618414 0.261939829475 -0.15
  endloop
 endfacet
 facet normal 0 0 1
  outer loop
   vertex 0 0 0.15
   vertex -0.145195618414 0.261939829475 0.15
   vertex -0.147664237227 0.260995655712 0.15
  endloop
 endfacet
 facet normal -0.357233225465 0.934015215414 0
  outer loop
   vertex -0.145195618414 0.261939829475 -0.15
   vertex -0.147664237227 0.260995655712 -0.15
   vertex -0.147664237227 0.260995655712 0.15
  endloop
 endfacet
 facet normal -0.357233225465 0.934015215414 0
  outer loop
   vertex -0.145195618414 0.261939829475 -0.15
   vertex -0.147664237227 0.260995655712 0.15
   vertex -0.145195618414 0.261939829475 0.15
  endloop
 endfacet
 facet normal 0 0 -1
  outer loop
   vertex 0 0 -0.15
   vertex -0.15 0.259807621135 -0.15
   vertex -0.147664237227 0.260995655712 -0.15
  endloop
 endfacet
 facet normal 0 0 1
  outer loop
   vertex 0 0 0.15
   vertex -0.147664237227 0.260995655712 0.15
   vertex -0.15 0.259807621135 0.15
  endloop
 endfacet
 facet normal -0.453355400477 0.89132983842 0
  outer loop
   vertex -0.147664237227 0.260995655712 -0.15
   vertex -0.15 0.259807621135 -0.15
   vertex -0.15 0.259807621135 0.15
  endloop
 endfacet
 facet normal -0.453355400477 0.89132983842 0
  outer loop
   vertex -0.147664237227 0.260995655712 -0.15
   vertex -0.15 0.259807621135 0.15
   vertex -0.147664237227 0.260995655712 0.15
  endloop
 endfacet
 facet normal 0 0 -1
  outer loop
   vertex 0 0 -0.15
   vertex -0.15219674951 0.258378808525 -0.15
   vertex -0.15 0.259807621135 -0.15
  endloop
 endfacet
 facet normal 0 0 1
  outer loop
   vertex 0 0 0.15
   vertex -0.15 0.259807621135 0.15
   vertex -0.15219674951 0.258378808525 0.15
  endloop
 endfacet
 facet normal -0.545236582984 0.838282212966 0
  outer loop
   vertex -0.15 0.259807621135 -0.15
   vertex -0.15219674951 0.258378808525 -0.15
   vertex -0.15219674951 0.258378808525 0.15
  endloop
 endfacet
 facet normal -0.545236582984 0.838282212966 0
  outer loop
   vertex -0.15 0.259807621135 -0.15
   vertex -0.15219674951 0.258378808525 0.15
   vertex -0.15 0.259807621135 0.15
  endloop
 endfacet
 facet normal 0 0 -1
  outer loop
   vertex 0 0 -0.15
   vertex -0.154248737382 0.256713008803 -0.15
   vertex -0.15219674951 0.258378808525 -0.15
  endloop
 endfacet
 facet normal 0 0 1
  outer loop
   vertex 0 0 0.15
   vertex -0.15219674951 0.258378808525 0.15
   vertex -0.154248737382 0.256713008803 0.15
  endloop
 endfacet
 facet normal -0.630264291337 0.776380656035 0
  outer loop
   vertex -0.15219674951 0.258378808525 -0.15
   vertex -0.154248737382 0.256713008803 -0.15
   vertex -0.154248737382 0.256713008803 0.15
  endloop
 endfacet
 facet normal -0.630264291337 0.776380656035 0
  outer loop
   vertex -0.15219674951 0.258378808525 -0.15
   vertex -0.154248737382 0.256713008803 0.15
   vertex -0.15219674951 0.258378808525 0.15
  endloop
 endfacet
 facet normal 0 0 -1
  outer loop
   vertex 0 0 -0.15
   vertex -0.156150651284 0.254814703744 -0.15
   vertex -0.154248737382 0.256713008803 -0.15
  endloop
 endfacet
 facet normal 0 0 1
  outer loop
   vertex 0 0 0.15
   vertex -0.154248737382 0.256713008803 0.15
   vertex -0.156150651284 0.254814703744 0.15
  endloop
 endfacet
 facet normal -0.706434965062 0.70777795963 0
  outer loop
   vertex -0.154248737382 0.256713008803 -0.15
   vertex -0.156150651284 0.254814703744 -0.15
   vertex -0.156150651284 0.254814703744 0.15
  endloop
 endfacet
 facet normal -0.706434965062 0.70777795963 0
  outer loop
   vertex -0.154248737382 0.256713008803 -0.15
   vertex -0.156150651284 0.254814703744 0.15
   vertex -0.154248737382 0.256713008803 0.15
  endloop
 endfacet
 facet normal 0 0 -1
  outer loop
   vertex 0 0 -0.15
   vertex -0.157897640655 0.252689046395 -0.15
   vertex -0.156150651284 0.254814703744 -0.15
  endloop
 endfacet
 facet normal 0 0 1
  outer loop
   vertex 0 0 0.15
   vertex -0.156150651284 0.254814703744 0.15
   vertex -0.157897640655 0.252689046395 0.15
  endloop
 endfacet
 facet normal -0.772563351305 0.634937688455 0
  outer loop
   vertex -0.156150651284 0.254814703744 -0.15
   vertex -0.157897640655 0.252689046395 -0.15
   vertex -0.157897640655 0.252689046395 0.15
  endloop
 endfacet
 facet normal -0.772563351305 0.634937688455 0
  outer loop
   vertex -0.156150651284 0.254814703744 -0.15
   vertex -0.157897640655 0.252689046395 0.15
   vertex -0.156150651284 0.254814703744 0.15
  endloop
 endfacet
 facet normal 0 0 -1
  outer loop
   vertex 0 0 -0.15
   vertex -0.159485340831 0.250341839264 -0.15
   vertex -0.157897640655 0.252689046395 -0.15
  endloop
 endfacet
 facet normal 0 0 1
  outer loop
   vertex 0 0 0.15
   vertex -0.157897640655 0.252689046395 0.15
   vertex -0.159485340831 0.250341839264 0.15
  endloop
 endfacet
 facet normal -0.828302477983 0.560281183842 0
  outer loop
   vertex -0.157897640655 0.252689046395 -0.15
   vertex -0.159485340831 0.250341839264 -0.15
   vertex -0.159485340831 0.250341839264 0.15
  endloop
 endfacet
 facet normal -0.828302477983 0.560281183842 0
  outer loop
   vertex -0.157897640655 0.252689046395 -0.15
   vertex -0.159485340831 0.250341839264 0.15
   vertex -0.157897640655 0.252689046395 0.15
  endloop
 endfacet
 facet normal 0 0 -1
  outer loop
   vertex 0 0 -0.15
   vertex -0.160909895481 0.247779510382 -0.15
   vertex -0.159485340831 0.250341839264 -0.15
  endloop
 endfacet
 facet normal 0 0 1
  outer loop
   vertex 0 0 0.15
   vertex -0.159485340831 0.250341839264 0.15
   vertex -0.160909895481 0.247779510382 0.15
  endloop
 endfacet
 facet normal -0.87400683811 0.48591362086 0
  outer loop
   vertex -0.159485340831 0.250341839264 -0.15
   vertex -0.160909895481 0.247779510382 -0.15
   vertex -0.160909895481 0.247779510382 0.15
  endloop
 endfacet
 facet normal -0.87400683811 0.48591362086 0
  outer loop
   vertex -0.159485340831 0.250341839264 -0.15
   vertex -0.160909895481 0.247779510382 0.15
   vertex -0.159485340831 0.250341839264 0.15
  endloop
 endfacet
 facet normal 0 0 -1
  outer loop
   vertex 0 0 -0.15
   vertex -0.162167977258 0.245009087318 -0.15
   vertex -0.160909895481 0.247779510382 -0.15
  endloop
 endfacet
 facet normal 0 0 1
  outer loop
   vertex 0 0 0.15
   vertex -0.160909895481 0.247779510382 0.15
   vertex -0.162167977258 0.245009087318 0.15
  endloop
 endfacet
 facet normal -0.91051516657 0.413475672133 0
  outer loop
   vertex -0.160909895481 0.247779510382 -0.15
   vertex -0.162167977258 0.245009087318 -0.15
   vertex -0.162167977258 0.245009087318 0.15
  endloop
 endfacet
 facet normal -0.91051516657 0.413475672133 0
  outer loop
   vertex -0.160909895481 0.247779510382 -0.15
   vertex -0.162167977258 0.245009087318 0.15
   vertex -0.160909895481 0.247779510382 0.15
  endloop
 endfacet
 facet normal 0 0 -1
  outer loop
   vertex 0 0 -0.15
   vertex -0.163256806568 0.242038169262 -0.15
   vertex -0.162167977258 0.245009087318 -0.15
  endloop
 endfacet
 facet normal 0 0 1
  outer loop
   vertex 0 0 0.15
   vertex -0.162167977258 0.245009087318 0.15
   vertex -0.163256806568 0.242038169262 0.15
  endloop
 endfacet
 facet normal -0.9389281259 0.344113316211 0
  outer loop
   vertex -0.162167977258 0.245009087318 -0.15
   vertex -0.163256806568 0.242038169262 -0.15
   vertex -0.163256806568 0.242038169262 0.15
  endloop
 endfacet
 facet normal -0.9389281259 0.344113316211 0
  outer loop
   vertex -0.162167977258 0.245009087318 -0.15
   vertex -0.163256806568 0.242038169262 0.15
   vertex -0.162167977258 0.245009087318 0.15
  endloop
 endfacet
 facet normal 0 0 -1
  outer loop
   vertex 0 0 -0.15
   vertex -0.164174168384 0.238874897274 -0.15
   vertex -0.163256806568 0.242038169262 -0.15
  endloop
 endfacet
 facet normal 0 0 1
  outer loop
   vertex 0 0 0.15
   vertex -0.163256806568 0.242038169262 0.15
   vertex -0.164174168384 0.238874897274 0.15
  endloop
 endfacet
 facet normal -0.960428087889 0.278528073978 0
  outer loop
   vertex -0.163256806568 0.242038169262 -0.15
   vertex -0.164174168384 0.238874897274 -0.15
   vertex -0.164174168384 0.238874897274 0.15
  endloop
 endfacet
 facet normal -0.960428087889 0.278528073978 0
  outer loop
   vertex -0.163256806568 0.242038169262 -0.15
   vertex -0.164174168384 0.238874897274 0.15
   vertex -0.163256806568 0.242038169262 0.15
  endloop
 endfacet
 facet normal 0 0 -1
  outer loop
   vertex 0 0 -0.15
   vertex -0.164918427011 0.235527922811 -0.15
   vertex -0.164174168384 0.238874897274 -0.15
  endloop
 endfacet
 facet normal 0 0 1
  outer loop
   vertex 0 0 0.15
   vertex -0.164174168384 0.238874897274 0.15
   vertex -0.164918427011 0.235527922811 0.15
  endloop
 endfacet
 facet normal -0.976157002168 0.217065674664 0
  outer loop
   vertex -0.164174168384 0.238874897274 -0.15
   vertex -0.164918427011 0.235527922811 -0.15
   vertex -0.164918427011 0.235527922811 0.15
  endloop
 endfacet
 facet normal -0.976157002168 0.217065674664 0
  outer loop
   vertex -0.164174168384 0.238874897274 -0.15
   vertex -0.164918427011 0.235527922811 0.15
   vertex -0.164174168384 0.238874897274 0.15
  endloop
 endfacet
 facet normal 0 0 -1
  outer loop
   vertex 0 0 -0.15
   vertex -0.165488538758 0.232006374667 -0.15
   vertex -0.164918427011 0.235527922811 -0.15
  endloop
 endfacet
 facet normal 0 0 1
  outer loop
   vertex 0 0 0.15
   vertex -0.164918427011 0.235527922811 0.15
   vertex -0.165488538758 0.232006374667 0.15
  endloop
 endfacet
 facet normal -0.987147526058 0.159811644749 0
  outer loop
   vertex -0.164918427011 0.235527922811 -0.15
   vertex -0.165488538758 0.232006374667 -0.15
   vertex -0.165488538758 0.232006374667 0.15
  endloop
 endfacet
 facet normal -0.987147526058 0.159811644749 0
  outer loop
   vertex -0.164918427011 0.235527922811 -0.15
   vertex -0.165488538758 0.232006374667 0.15
   vertex -0.164918427011 0.235527922811 0.15
  endloop
 endfacet
 facet normal 0 0 -1
  outer loop
   vertex 0 0 -0.15
   vertex -0.16588406244 0.228319824436 -0.15
   vertex -0.165488538758 0.232006374667 -0.15
  endloop
 endfacet
 facet normal 0 0 1
  outer loop
   vertex 0 0 0.15
   vertex -0.165488538758 0.232006374667 0.15
   vertex -0.16588406244 0.228319824436 0.15
  endloop
 endfacet
 facet normal -0.994293825975 0.106676087424 0
  outer loop
   vertex -0.165488538758 0.232006374667 -0.15
   vertex -0.16588406244 0.228319824436 -0.15
   vertex -0.16588406244 0.228319824436 0.15
  endloop
 endfacet
 facet normal -0.994293825975 0.106676087424 0
  outer loop
   vertex -0.165488538758 0.232006374667 -0.15
   vertex -0.16588406244 0.228319824436 0.15
   vertex -0.165488538758 0.232006374667 0.15
  endloop
 endfacet
 facet normal 0 0 -1
  outer loop
   vertex 0 0 -0.15
   vertex -0.166105167658 0.224478250631 -0.15
   vertex -0.16588406244 0.228319824436 -0.15
  endloop
 endfacet
 facet normal 0 0 1
  outer loop
   vertex 0 0 0.15
   vertex -0.16588406244 0.228319824436 0.15
   vertex -0.166105167658 0.224478250631 0.15
  endloop
 endfacet
 facet normal -0.998347763352 0.0574607988973 0
  outer loop
   vertex -0.16588406244 0.228319824436 -0.15
   vertex -0.166105167658 0.224478250631 -0.15
   vertex -0.166105167658 0.224478250631 0.15
  endloop
 endfacet
 facet normal -0.998347763352 0.0574607988973 0
  outer loop
   vertex -0.16588406244 0.228319824436 -0.15
   vertex -0.166105167658 0.224478250631 0.15
   vertex -0.16588406244 0.228319824436 0.15
  endloop
 endfacet
 facet normal 0 0 -1
  outer loop
   vertex 0 0 -0.15
   vertex -0.166152640823 0.220492001602 -0.15
   vertex -0.166105167658 0.224478250631 -0.15
  endloop
 endfacet
 facet normal 0 0 1
  outer loop
   vertex 0 0 0.15
   vertex -0.166105167658 0.224478250631 0.15
   vertex -0.166152640823 0.220492001602 0.15
  endloop
 endfacet
 facet normal -0.999929092638 0.0119083876478 0
  outer loop
   vertex -0.166105167658 0.224478250631 -0.15
   vertex -0.166152640823 0.220492001602 -0.15
   vertex -0.166152640823 0.220492001602 0.15
  endloop
 endfacet
 facet normal -0.999929092638 0.0119083876478 0
  outer loop
   vertex -0.166105167658 0.224478250631 -0.15
   vertex -0.166152640823 0.220492001602 0.15
   vertex -0.166105167658 0.224478250631 0.15
  endloop
 endfacet
 facet normal 0 0 -1
  outer loop
   vertex 0 0 -0.15
   vertex -0.166027888876 0.216371757383 -0.15
   vertex -0.166152640823 0.220492001602 -0.15
  endloop
 endfacet
 facet normal 0 0 1
  outer loop
   vertex 0 0 0.15
   vertex -0.166152640823 0.220492001602 0.15
   vertex -0.166027888876 0.216371757383 0.15
  endloop
 endfacet
 facet normal -0.999541942214 -0.0302639349071 0
  outer loop
   vertex -0.166152640823 0.220492001602 -0.15
   vertex -0.166027888876 0.216371757383 -0.15
   vertex -0.166027888876 0.216371757383 0.15
  endloop
 endfacet
 facet normal -0.999541942214 -0.0302639349071 0
  outer loop
   vertex -0.166152640823 0.220492001602 -0.15
   vertex -0.166027888876 0.216371757383 0.15
   vertex -0.166152640823 0.220492001602 0.15
  endloop
 endfacet
 facet normal 0 0 -1
  outer loop
   vertex 0 0 -0.15
   vertex -0.165732940688 0.212128490612 -0.15
   vertex -0.166027888876 0.216371757383 -0.15
  endloop
 endfacet
 facet normal 0 0 1
  outer loop
   vertex 0 0 0.15
   vertex -0.166027888876 0.216371757383 0.15
   vertex -0.165732940688 0.212128490612 0.15
  endloop
 endfacet
 facet normal -0.99759292003 -0.0693423817489 0
  outer loop
   vertex -0.166027888876 0.216371757383 -0.15
   vertex -0.165732940688 0.212128490612 -0.15
   vertex -0.165732940688 0.212128490612 0.15
  endloop
 endfacet
 facet normal -0.99759292003 -0.0693423817489 0
  outer loop
   vertex -0.166027888876 0.216371757383 -0.15
   vertex -0.165732940688 0.212128490612 0.15
   vertex -0.166027888876 0.216371757383 0.15
  endloop
 endfacet
 facet normal 0 0 -1
  outer loop
   vertex 0 0 -0.15
   vertex -0.165270446108 0.207773426678 -0.15
   vertex -0.165732940688 0.212128490612 -0.15
  endloop
 endfacet
 facet normal 0 0 1
  outer loop
   vertex 0 0 0.15
   vertex -0.165732940688 0.212128490612 0.15
   vertex -0.165270446108 0.207773426678 0.15
  endloop
 endfacet
 facet normal -0.994408354014 -0.105603150842 0
  outer loop
   vertex -0.165732940688 0.212128490612 -0.15
   vertex -0.165270446108 0.207773426678 -0.15
   vertex -0.165270446108 0.207773426678 0.15
  endloop
 endfacet
 facet normal -0.994408354014 -0.105603150842 0
  outer loop
   vertex -0.165732940688 0.212128490612 -0.15
   vertex -0.165270446108 0.207773426678 0.15
   vertex -0.165732940688 0.212128490612 0.15
  endloop
 endfacet
 facet normal 0 0 -1
  outer loop
   vertex 0 0 -0.15
   vertex -0.164643672667 0.203318003217 -0.15
   vertex -0.165270446108 0.207773426678 -0.15
  endloop
 endfacet
 facet normal 0 0 1
  outer loop
   vertex 0 0 0.15
   vertex -0.165270446108 0.207773426678 0.15
   vertex -0.164643672667 0.203318003217 0.15
  endloop
 endfacet
 facet normal -0.990249543124 -0.139304853979 0
  outer loop
   vertex -0.165270446108 0.207773426678 -0.15
   vertex -0.164643672667 0.203318003217 -0.15
   vertex -0.164643672667 0.203318003217 0.15
  endloop
 endfacet
 facet normal -0.990249543124 -0.139304853979 0
  outer loop
   vertex -0.165270446108 0.207773426678 -0.15
   vertex -0.164643672667 0.203318003217 0.15
   vertex -0.165270446108 0.207773426678 0.15
  endloop
 endfacet
 facet normal 0 0 -1
  outer loop
   vertex 0 0 -0.15
   vertex -0.163856499914 0.198773829147 -0.15
   vertex -0.164643672667 0.203318003217 -0.15
  endloop
 endfacet
 facet normal 0 0 1
  outer loop
   vertex 0 0 0.15
   vertex -0.164643672667 0.203318003217 0.15
   vertex -0.163856499914 0.198773829147 0.15
  endloop
 endfacet
 facet normal -0.985325678504 -0.170684818544 0
  outer loop
   vertex -0.164643672667 0.203318003217 -0.15
   vertex -0.163856499914 0.198773829147 -0.15
   vertex -0.163856499914 0.198773829147 0.15
  endloop
 endfacet
 facet normal -0.985325678504 -0.170684818544 0
  outer loop
   vertex -0.164643672667 0.203318003217 -0.15
   vertex -0.163856499914 0.198773829147 0.15
   vertex -0.164643672667 0.203318003217 0.15
  endloop
 endfacet
 facet normal 0 0 -1
  outer loop
   vertex 0 0 -0.15
   vertex -0.162913411421 0.194152643342 -0.15
   vertex -0.163856499914 0.198773829147 -0.15
  endloop
 endfacet
 facet normal 0 0 1
  outer loop
   vertex 0 0 0.15
   vertex -0.163856499914 0.198773829147 0.15
   vertex -0.162913411421 0.194152643342 0.15
  endloop
 endfacet
 facet normal -0.979804501203 -0.199957844114 0
  outer loop
   vertex -0.163856499914 0.198773829147 -0.15
   vertex -0.162913411421 0.194152643342 -0.15
   vertex -0.162913411421 0.194152643342 0.15
  endloop
 endfacet
 facet normal -0.979804501203 -0.199957844114 0
  outer loop
   vertex -0.163856499914 0.198773829147 -0.15
   vertex -0.162913411421 0.194152643342 0.15
   vertex -0.163856499914 0.198773829147 0.15
  endloop
 endfacet
 facet normal 0 0 -1
  outer loop
   vertex 0 0 -0.15
   vertex -0.161819484442 0.189466273148 -0.15
   vertex -0.162913411421 0.194152643342 -0.15
  endloop
 endfacet
 facet normal 0 0 1
  outer loop
   vertex 0 0 0.15
   vertex -0.162913411421 0.194152643342 0.15
   vertex -0.161819484442 0.189466273148 0.15
  endloop
 endfacet
 facet normal -0.973820945859 -0.227316443327 0
  outer loop
   vertex -0.162913411421 0.194152643342 -0.15
   vertex -0.161819484442 0.189466273148 -0.15
   vertex -0.161819484442 0.189466273148 0.15
  endloop
 endfacet
 facet normal -0.973820945859 -0.227316443327 0
  outer loop
   vertex -0.162913411421 0.194152643342 -0.15
   vertex -0.161819484442 0.189466273148 0.15
   vertex -0.162913411421 0.194152643342 0.15
  endloop
 endfacet
 facet normal 0 0 -1
  outer loop
   vertex 0 0 -0.15
   vertex -0.160580377281 0.184726592843 -0.15
   vertex -0.161819484442 0.189466273148 -0.15
  endloop
 endfacet
 facet normal 0 0 1
  outer loop
   vertex 0 0 0.15
   vertex -0.161819484442 0.189466273148 0.15
   vertex -0.160580377281 0.184726592843 0.15
  endloop
 endfacet
 facet normal -0.967484078767 -0.252931922328 0
  outer loop
   vertex -0.161819484442 0.189466273148 -0.15
   vertex -0.160580377281 0.184726592843 -0.15
   vertex -0.160580377281 0.184726592843 0.15
  endloop
 endfacet
 facet normal -0.967484078767 -0.252931922328 0
  outer loop
   vertex -0.161819484442 0.189466273148 -0.15
   vertex -0.160580377281 0.184726592843 0.15
   vertex -0.161819484442 0.189466273148 0.15
  endloop
 endfacet
 facet normal 0 0 -1
  outer loop
   vertex 0 0 -0.15
   vertex -0.159202314376 0.179945482235 -0.15
   vertex -0.160580377281 0.184726592843 -0.15
  endloop
 endfacet
 facet normal 0 0 1
  outer loop
   vertex 0 0 0.15
   vertex -0.160580377281 0.184726592843 0.15
   vertex -0.159202314376 0.179945482235 0.15
  endloop
 endfacet
 facet normal -0.960882635041 -0.276955883991 0
  outer loop
   vertex -0.160580377281 0.184726592843 -0.15
   vertex -0.159202314376 0.179945482235 -0.15
   vertex -0.159202314376 0.179945482235 0.15
  endloop
 endfacet
 facet normal -0.960882635041 -0.276955883991 0
  outer loop
   vertex -0.160580377281 0.184726592843 -0.15
   vertex -0.159202314376 0.179945482235 0.15
   vertex -0.160580377281 0.184726592843 0.15
  endloop
 endfacet
 facet normal 0 0 -1
  outer loop
   vertex 0 0 -0.15
   vertex -0.157692069171 0.175134785511 -0.15
   vertex -0.159202314376 0.179945482235 -0.15
  endloop
 endfacet
 facet normal 0 0 1
  outer loop
   vertex 0 0 0.15
   vertex -0.159202314376 0.179945482235 0.15
   vertex -0.157692069171 0.175134785511 0.15
  endloop
 endfacet
 facet normal -0.954089427865 -0.299521891747 0
  outer loop
   vertex -0.159202314376 0.179945482235 -0.15
   vertex -0.157692069171 0.175134785511 -0.15
   vertex -0.157692069171 0.175134785511 0.15
  endloop
 endfacet
 facet normal -0.954089427865 -0.299521891747 0
  outer loop
   vertex -0.159202314376 0.179945482235 -0.15
   vertex -0.157692069171 0.175134785511 0.15
   vertex -0.159202314376 0.179945482235 0.15
  endloop
 endfacet
 facet normal 0 0 -1
  outer loop
   vertex 0 0 -0.15
   vertex -0.156056944801 0.170306270512 -0.15
   vertex -0.157692069171 0.175134785511 -0.15
  endloop
 endfacet
 facet normal 0 0 1
  outer loop
   vertex 0 0 0.15
   vertex -0.157692069171 0.175134785511 0.15
   vertex -0.156056944801 0.170306270512 0.15
  endloop
 endfacet
 facet normal -0.947164862008 -0.320747134324 0
  outer loop
   vertex -0.157692069171 0.175134785511 -0.15
   vertex -0.156056944801 0.170306270512 -0.15
   vertex -0.156056944801 0.170306270512 0.15
  endloop
 endfacet
 facet normal -0.947164862008 -0.320747134324 0
  outer loop
   vertex -0.157692069171 0.175134785511 -0.15
   vertex -0.156056944801 0.170306270512 0.15
   vertex -0.157692069171 0.175134785511 0.15
  endloop
 endfacet
 facet normal 0 0 -1
  outer loop
   vertex 0 0 -0.15
   vertex -0.154304752664 0.165471588565 -0.15
   vertex -0.156056944801 0.170306270512 -0.15
  endloop
 endfacet
 facet normal 0 0 1
  outer loop
   vertex 0 0 0.15
   vertex -0.156056944801 0.170306270512 0.15
   vertex -0.154304752664 0.165471588565 0.15
  endloop
 endfacet
 facet normal -0.940159743107 -0.34073399807 0
  outer loop
   vertex -0.156056944801 0.170306270512 -0.15
   vertex -0.154304752664 0.165471588565 -0.15
   vertex -0.154304752664 0.165471588565 0.15
  endloop
 endfacet
 facet normal -0.940159743107 -0.34073399807 0
  outer loop
   vertex -0.156056944801 0.170306270512 -0.15
   vertex -0.154304752664 0.165471588565 0.15
   vertex -0.156056944801 0.170306270512 0.15
  endloop
 endfacet
 facet normal 0 0 -1
  outer loop
   vertex 0 0 -0.15
   vertex -0.152443788953 0.160642235021 -0.15
   vertex -0.154304752664 0.165471588565 -0.15
  endloop
 endfacet
 facet normal 0 0 1
  outer loop
   vertex 0 0 0.15
   vertex -0.154304752664 0.165471588565 0.15
   vertex -0.152443788953 0.160642235021 0.15
  endloop
 endfacet
 facet normal -0.933117537948 -0.359571495497 0
  outer loop
   vertex -0.154304752664 0.165471588565 -0.15
   vertex -0.152443788953 0.160642235021 -0.15
   vertex -0.152443788953 0.160642235021 0.15
  endloop
 endfacet
 facet normal -0.933117537948 -0.359571495497 0
  outer loop
   vertex -0.154304752664 0.165471588565 -0.15
   vertex -0.152443788953 0.160642235021 0.15
   vertex -0.154304752664 0.165471588565 0.15
  endloop
 endfacet
 facet normal 0 0 -1
  outer loop
   vertex 0 0 -0.15
   vertex -0.150482809208 0.15582951064 -0.15
   vertex -0.152443788953 0.160642235021 -0.15
  endloop
 endfacet
 facet normal 0 0 1
  outer loop
   vertex 0 0 0.15
   vertex -0.152443788953 0.160642235021 0.15
   vertex -0.150482809208 0.15582951064 0.15
  endloop
 endfacet
 facet normal -0.92607621038 -0.377336524297 0
  outer loop
   vertex -0.152443788953 0.160642235021 -0.15
   vertex -0.150482809208 0.15582951064 -0.15
   vertex -0.150482809208 0.15582951064 0.15
  endloop
 endfacet
 facet normal -0.92607621038 -0.377336524297 0
  outer loop
   vertex -0.152443788953 0.160642235021 -0.15
   vertex -0.150482809208 0.15582951064 0.15
   vertex -0.152443788953 0.160642235021 0.15
  endloop
 endfacet
 facet normal 0 0 -1
  outer loop
   vertex 0 0 -0.15
   vertex -0.148431000986 0.151044483949 -0.15
   vertex -0.150482809208 0.15582951064 -0.15
  endloop
 endfacet
 facet normal 0 0 1
  outer loop
   vertex 0 0 0.15
   vertex -0.150482809208 0.15582951064 0.15
   vertex -0.148431000986 0.151044483949 0.15
  endloop
 endfacet
 facet normal -0.919069732708 -0.394094945946 0
  outer loop
   vertex -0.150482809208 0.15582951064 -0.15
   vertex -0.148431000986 0.151044483949 -0.15
   vertex -0.148431000986 0.151044483949 0.15
  endloop
 endfacet
 facet normal -0.919069732708 -0.394094945946 0
  outer loop
   vertex -0.150482809208 0.15582951064 -0.15
   vertex -0.148431000986 0.151044483949 0.15
   vertex -0.150482809208 0.15582951064 0.15
  endloop
 endfacet
 facet normal 0 0 -1
  outer loop
   vertex 0 0 -0.15
   vertex -0.146297954728 0.146297954728 -0.15
   vertex -0.148431000986 0.151044483949 -0.15
  endloop
 endfacet
 facet normal 0 0 1
  outer loop
   vertex 0 0 0.15
   vertex -0.148431000986 0.151044483949 0.15
   vertex -0.146297954728 0.146297954728 0.15
  endloop
 endfacet
 facet normal -0.912129352848 -0.409902480687 0
  outer loop
   vertex -0.148431000986 0.151044483949 -0.15
   vertex -0.146297954728 0.146297954728 -0.15
   vertex -0.146297954728 0.146297954728 0.15
  endloop
 endfacet
 facet normal -0.912129352848 -0.409902480687 0
  outer loop
   vertex -0.148431000986 0.151044483949 -0.15
   vertex -0.146297954728 0.146297954728 0.15
   vertex -0.148431000986 0.151044483949 0.15
  endloop
 endfacet
 facet normal 0 0 -1
  outer loop
   vertex 0 0 -0.15
   vertex -0.144093632942 0.141600418725 -0.15
   vertex -0.146297954728 0.146297954728 -0.15
  endloop
 endfacet
 facet normal 0 0 1
  outer loop
   vertex 0 0 0.15
   vertex -0.146297954728 0.146297954728 0.15
   vertex -0.144093632942 0.141600418725 0.15
  endloop
 endfacet
 facet normal -0.905284682493 -0.424805418566 0
  outer loop
   vertex -0.146297954728 0.146297954728 -0.15
   vertex -0.144093632942 0.141600418725 -0.15
   vertex -0.144093632942 0.141600418725 0.15
  endloop
 endfacet
 facet normal -0.905284682493 -0.424805418566 0
  outer loop
   vertex -0.146297954728 0.146297954728 -0.15
   vertex -0.144093632942 0.141600418725 0.15
   vertex -0.146297954728 0.146297954728 0.15
  endloop
 endfacet
 facet normal 0 0 -1
  outer loop
   vertex 0 0 -0.15
   vertex -0.141828337776 0.13696203374 -0.15
   vertex -0.144093632942 0.141600418725 -0.15
  endloop
 endfacet
 facet normal 0 0 1
  outer loop
   vertex 0 0 0.15
   vertex -0.144093632942 0.141600418725 0.15
   vertex -0.141828337776 0.13696203374 0.15
  endloop
 endfacet
 facet normal -0.898564660311 -0.438841145793 0
  outer loop
   vertex -0.144093632942 0.141600418725 -0.15
   vertex -0.141828337776 0.13696203374 -0.15
   vertex -0.141828337776 0.13696203374 0.15
  endloop
 endfacet
 facet normal -0.898564660311 -0.438841145793 0
  outer loop
   vertex -0.144093632942 0.141600418725 -0.15
   vertex -0.141828337776 0.13696203374 0.15
   vertex -0.144093632942 0.141600418725 0.15
  endloop
 endfacet
 facet normal 0 0 -1
  outer loop
   vertex 0 0 -0.15
   vertex -0.139512677122 0.132392587196 -0.15
   vertex -0.141828337776 0.13696203374 -0.15
  endloop
 endfacet
 facet normal 0 0 1
  outer loop
   vertex 0 0 0.15
   vertex -0.141828337776 0.13696203374 0.15
   vertex -0.139512677122 0.132392587196 0.15
  endloop
 endfacet
 facet normal -0.891998436182 -0.452038482708 0
  outer loop
   vertex -0.141828337776 0.13696203374 -0.15
   vertex -0.139512677122 0.132392587196 -0.15
   vertex -0.139512677122 0.132392587196 0.15
  endloop
 endfacet
 facet normal -0.891998436182 -0.452038482708 0
  outer loop
   vertex -0.141828337776 0.13696203374 -0.15
   vertex -0.139512677122 0.132392587196 0.15
   vertex -0.141828337776 0.13696203374 0.15
  endloop
 endfacet
 facet normal 0 0 -1
  outer loop
   vertex 0 0 -0.15
   vertex -0.137157529347 0.127901465293 -0.15
   vertex -0.139512677122 0.132392587196 -0.15
  endloop
 endfacet
 facet normal 0 0 1
  outer loop
   vertex 0 0 0.15
   vertex -0.139512677122 0.132392587196 0.15
   vertex -0.137157529347 0.127901465293 0.15
  endloop
 endfacet
 facet normal -0.885616217275 -0.464417824486 0
  outer loop
   vertex -0.139512677122 0.132392587196 -0.15
   vertex -0.137157529347 0.127901465293 -0.15
   vertex -0.137157529347 0.127901465293 0.15
  endloop
 endfacet
 facet normal -0.885616217275 -0.464417824486 0
  outer loop
   vertex -0.139512677122 0.132392587196 -0.15
   vertex -0.137157529347 0.127901465293 0.15
   vertex -0.139512677122 0.132392587196 0.15
  endloop
 endfacet
 facet normal 0 0 -1
  outer loop
   vertex 0 0 -0.15
   vertex -0.134774006789 0.123497623868 -0.15
   vertex -0.137157529347 0.127901465293 -0.15
  endloop
 endfacet
 facet normal 0 0 1
  outer loop
   vertex 0 0 0.15
   vertex -0.137157529347 0.127901465293 0.15
   vertex -0.134774006789 0.123497623868 0.15
  endloop
 endfacet
 facet normal -0.879450113902 -0.475991068359 0
  outer loop
   vertex -0.137157529347 0.127901465293 -0.15
   vertex -0.134774006789 0.123497623868 -0.15
   vertex -0.134774006789 0.123497623868 0.15
  endloop
 endfacet
 facet normal -0.879450113902 -0.475991068359 0
  outer loop
   vertex -0.137157529347 0.127901465293 -0.15
   vertex -0.134774006789 0.123497623868 0.15
   vertex -0.137157529347 0.127901465293 0.15
  endloop
 endfacet
 facet normal 0 0 -1
  outer loop
   vertex 0 0 -0.15
   vertex -0.132373418135 0.119189561046 -0.15
   vertex -0.134774006789 0.123497623868 -0.15
  endloop
 endfacet
 facet normal 0 0 1
  outer loop
   vertex 0 0 0.15
   vertex -0.134774006789 0.123497623868 0.15
   vertex -0.132373418135 0.119189561046 0.15
  endloop
 endfacet
 facet normal -0.873535022627 -0.486761301095 0
  outer loop
   vertex -0.134774006789 0.123497623868 -0.15
   vertex -0.132373418135 0.119189561046 -0.15
   vertex -0.132373418135 0.119189561046 0.15
  endloop
 endfacet
 facet normal -0.873535022627 -0.486761301095 0
  outer loop
   vertex -0.134774006789 0.123497623868 -0.15
   vertex -0.132373418135 0.119189561046 0.15
   vertex -0.134774006789 0.123497623868 0.15
  endloop
 endfacet
 facet normal 0 0 -1
  outer loop
   vertex 0 0 -0.15
   vertex -0.129967229815 0.114985291782 -0.15
   vertex -0.132373418135 0.119189561046 -0.15
  endloop
 endfacet
 facet normal 0 0 1
  outer loop
   vertex 0 0 0.15
   vertex -0.132373418135 0.119189561046 0.15
   vertex -0.129967229815 0.114985291782 0.15
  endloop
 endfacet
 facet normal -0.867909585778 -0.496722206987 0
  outer loop
   vertex -0.132373418135 0.119189561046 -0.15
   vertex -0.129967229815 0.114985291782 -0.15
   vertex -0.129967229815 0.114985291782 0.15
  endloop
 endfacet
 facet normal -0.867909585778 -0.496722206987 0
  outer loop
   vertex -0.132373418135 0.119189561046 -0.15
   vertex -0.129967229815 0.114985291782 0.15
   vertex -0.132373418135 0.119189561046 0.15
  endloop
 endfacet
 facet normal 0 0 -1
  outer loop
   vertex 0 0 -0.15
   vertex -0.127567026559 0.11089232437 -0.15
   vertex -0.129967229815 0.114985291782 -0.15
  endloop
 endfacet
 facet normal 0 0 1
  outer loop
   vertex 0 0 0.15
   vertex -0.129967229815 0.114985291782 0.15
   vertex -0.127567026559 0.11089232437 0.15
  endloop
 endfacet
 facet normal -0.862617270657 -0.505857138295 0
  outer loop
   vertex -0.129967229815 0.114985291782 -0.15
   vertex -0.127567026559 0.11089232437 -0.15
   vertex -0.127567026559 0.11089232437 0.15
  endloop
 endfacet
 facet normal -0.862617270657 -0.505857138295 0
  outer loop
   vertex -0.129967229815 0.114985291782 -0.15
   vertex -0.127567026559 0.11089232437 0.15
   vertex -0.129967229815 0.114985291782 0.15
  endloop
 endfacet
 facet normal 0 0 -1
  outer loop
   vertex 0 0 -0.15
   vertex -0.125184471238 0.106917639005 -0.15
   vertex -0.127567026559 0.11089232437 -0.15
  endloop
 endfacet
 facet normal 0 0 1
  outer loop
   vertex 0 0 0.15
   vertex -0.127567026559 0.11089232437 0.15
   vertex -0.125184471238 0.106917639005 0.15
  endloop
 endfacet
 facet normal -0.857707618459 -0.514137764842 0
  outer loop
   vertex -0.127567026559 0.11089232437 -0.15
   vertex -0.125184471238 0.106917639005 -0.15
   vertex -0.125184471238 0.106917639005 0.15
  endloop
 endfacet
 facet normal -0.857707618459 -0.514137764842 0
  outer loop
   vertex -0.127567026559 0.11089232437 -0.15
   vertex -0.125184471238 0.106917639005 0.15
   vertex -0.127567026559 0.11089232437 0.15
  endloop
 endfacet
 facet normal 0 0 -1
  outer loop
   vertex 0 0 -0.15
   vertex -0.122831264155 0.10306766845 -0.15
   vertex -0.125184471238 0.106917639005 -0.15
  endloop
 endfacet
 facet normal 0 0 1
  outer loop
   vertex 0 0 0.15
   vertex -0.125184471238 0.106917639005 0.15
   vertex -0.122831264155 0.10306766845 0.15
  endloop
 endfacet
 facet normal -0.853237722707 -0.521522184139 0
  outer loop
   vertex -0.125184471238 0.106917639005 -0.15
   vertex -0.122831264155 0.10306766845 -0.15
   vertex -0.122831264155 0.10306766845 0.15
  endloop
 endfacet
 facet normal -0.853237722707 -0.521522184139 0
  outer loop
   vertex -0.125184471238 0.106917639005 -0.15
   vertex -0.122831264155 0.10306766845 0.15
   vertex -0.125184471238 0.106917639005 0.15
  endloop
 endfacet
 facet normal 0 0 -1
  outer loop
   vertex 0 0 -0.15
   vertex -0.12051910191 0.0993482808908 -0.15
   vertex -0.122831264155 0.10306766845 -0.15
  endloop
 endfacet
 facet normal 0 0 1
  outer loop
   vertex 0 0 0.15
   vertex -0.122831264155 0.10306766845 0.15
   vertex -0.12051910191 0.0993482808908 0.15
  endloop
 endfacet
 facet normal -0.849274010296 -0.527952323071 0
  outer loop
   vertex -0.122831264155 0.10306766845 -0.15
   vertex -0.12051910191 0.0993482808908 -0.15
   vertex -0.12051910191 0.0993482808908 0.15
  endloop
 endfacet
 facet normal -0.849274010296 -0.527952323071 0
  outer loop
   vertex -0.122831264155 0.10306766845 -0.15
   vertex -0.12051910191 0.0993482808908 0.15
   vertex -0.122831264155 0.10306766845 0.15
  endloop
 endfacet
 facet normal 0 0 -1
  outer loop
   vertex 0 0 -0.15
   vertex -0.118259636006 0.0957647650093 -0.15
   vertex -0.12051910191 0.0993482808908 -0.15
  endloop
 endfacet
 facet normal 0 0 1
  outer loop
   vertex 0 0 0.15
   vertex -0.12051910191 0.0993482808908 0.15
   vertex -0.118259636006 0.0957647650093 0.15
  endloop
 endfacet
 facet normal -0.845894415534 -0.533350389301 0
  outer loop
   vertex -0.12051910191 0.0993482808908 -0.15
   vertex -0.118259636006 0.0957647650093 -0.15
   vertex -0.118259636006 0.0957647650093 0.15
  endloop
 endfacet
 facet normal -0.845894415534 -0.533350389301 0
  outer loop
   vertex -0.12051910191 0.0993482808908 -0.15
   vertex -0.118259636006 0.0957647650093 0.15
   vertex -0.12051910191 0.0993482808908 0.15
  endloop
 endfacet
 facet normal 0 0 -1
  outer loop
   vertex 0 0 -0.15
   vertex -0.11606443133 0.0923218173278 -0.15
   vertex -0.118259636006 0.0957647650093 -0.15
  endloop
 endfacet
 facet normal 0 0 1
  outer loop
   vertex 0 0 0.15
   vertex -0.118259636006 0.0957647650093 0.15
   vertex -0.11606443133 0.0923218173278 0.15
  endloop
 endfacet
 facet normal -0.84319105895 -0.537614023354 0
  outer loop
   vertex -0.118259636006 0.0957647650093 -0.15
   vertex -0.11606443133 0.0923218173278 -0.15
   vertex -0.11606443133 0.0923218173278 0.15
  endloop
 endfacet
 facet normal -0.84319105895 -0.537614023354 0
  outer loop
   vertex -0.118259636006 0.0957647650093 -0.15
   vertex -0.11606443133 0.0923218173278 0.15
   vertex -0.118259636006 0.0957647650093 0.15
  endloop
 endfacet
 facet normal 0 0 -1
  outer loop
   vertex 0 0 -0.15
   vertex -0.113944924673 0.0890235318605 -0.15
   vertex -0.11606443133 0.0923218173278 -0.15
  endloop
 endfacet
 facet normal 0 0 1
  outer loop
   vertex 0 0 0.15
   vertex -0.11606443133 0.0923218173278 0.15
   vertex -0.113944924673 0.0890235318605 0.15
  endloop
 endfacet
 facet normal -0.841273567168 -0.540609642149 0
  outer loop
   vertex -0.11606443133 0.0923218173278 -0.15
   vertex -0.113944924673 0.0890235318605 -0.15
   vertex -0.113944924673 0.0890235318605 0.15
  endloop
 endfacet
 facet normal -0.841273567168 -0.540609642149 0
  outer loop
   vertex -0.11606443133 0.0923218173278 -0.15
   vertex -0.113944924673 0.0890235318605 0.15
   vertex -0.11606443133 0.0923218173278 0.15
  endloop
 endfacet
 facet normal 0 0 -1
  outer loop
   vertex 0 0 -0.15
   vertex -0.111912383427 0.0858733920929 -0.15
   vertex -0.113944924673 0.0890235318605 -0.15
  endloop
 endfacet
 facet normal 0 0 1
  outer loop
   vertex 0 0 0.15
   vertex -0.113944924673 0.0890235318605 0.15
   vertex -0.111912383427 0.0858733920929 0.15
  endloop
 endfacet
 facet normal -0.840273194313 -0.542163221659 0
  outer loop
   vertex -0.113944924673 0.0890235318605 -0.15
   vertex -0.111912383427 0.0858733920929 -0.15
   vertex -0.111912383427 0.0858733920929 0.15
  endloop
 endfacet
 facet normal -0.840273194313 -0.542163221659 0
  outer loop
   vertex -0.113944924673 0.0890235318605 -0.15
   vertex -0.111912383427 0.0858733920929 0.15
   vertex -0.113944924673 0.0890235318605 0.15
  endloop
 endfacet
 facet normal 0 0 -1
  outer loop
   vertex 0 0 -0.15
   vertex -0.109977864624 0.0828742653092 -0.15
   vertex -0.111912383427 0.0858733920929 -0.15
  endloop
 endfacet
 facet normal 0 0 1
  outer loop
   vertex 0 0 0.15
   vertex -0.111912383427 0.0858733920929 0.15
   vertex -0.109977864624 0.0828742653092 0.15
  endloop
 endfacet
 facet normal -0.840347919064 -0.542047391771 0
  outer loop
   vertex -0.111912383427 0.0858733920929 -0.15
   vertex -0.109977864624 0.0828742653092 -0.15
   vertex -0.109977864624 0.0828742653092 0.15
  endloop
 endfacet
 facet normal -0.840347919064 -0.542047391771 0
  outer loop
   vertex -0.111912383427 0.0858733920929 -0.15
   vertex -0.109977864624 0.0828742653092 0.15
   vertex -0.111912383427 0.0858733920929 0.15
  endloop
 endfacet
 facet normal 0 0 -1
  outer loop
   vertex 0 0 -0.15
   vertex -0.108152174452 0.0800283992738 -0.15
   vertex -0.109977864624 0.0828742653092 -0.15
  endloop
 endfacet
 facet normal 0 0 1
  outer loop
   vertex 0 0 0.15
   vertex -0.109977864624 0.0828742653092 0.15
   vertex -0.108152174452 0.0800283992738 0.15
  endloop
 endfacet
 facet normal -0.841688670239 -0.539963130585 0
  outer loop
   vertex -0.109977864624 0.0828742653092 -0.15
   vertex -0.108152174452 0.0800283992738 -0.15
   vertex -0.108152174452 0.0800283992738 0.15
  endloop
 endfacet
 facet normal -0.841688670239 -0.539963130585 0
  outer loop
   vertex -0.109977864624 0.0828742653092 -0.15
   vertex -0.108152174452 0.0800283992738 0.15
   vertex -0.109977864624 0.0828742653092 0.15
  endloop
 endfacet
 facet normal 0 0 -1
  outer loop
   vertex 0 0 -0.15
   vertex -0.106445828408 0.0773374212675 -0.15
   vertex -0.108152174452 0.0800283992738 -0.15
  endloop
 endfacet
 facet normal 0 0 1
  outer loop
   vertex 0 0 0.15
   vertex -0.108152174452 0.0800283992738 0.15
   vertex -0.106445828408 0.0773374212675 0.15
  endloop
 endfacet
 facet normal -0.8445267198 -0.535513416774 0
  outer loop
   vertex -0.108152174452 0.0800283992738 -0.15
   vertex -0.106445828408 0.0773374212675 -0.15
   vertex -0.106445828408 0.0773374212675 0.15
  endloop
 endfacet
 facet normal -0.8445267198 -0.535513416774 0
  outer loop
   vertex -0.108152174452 0.0800283992738 -0.15
   vertex -0.106445828408 0.0773374212675 0.15
   vertex -0.108152174452 0.0800283992738 0.15
  endloop
 endfacet
 facet normal 0 0 -1
  outer loop
   vertex 0 0 -0.15
   vertex -0.104869012239 0.0748023394671 -0.15
   vertex -0.106445828408 0.0773374212675 -0.15
  endloop
 endfacet
 facet normal 0 0 1
  outer loop
   vertex 0 0 0.15
   vertex -0.106445828408 0.0773374212675 0.15
   vertex -0.104869012239 0.0748023394671 0.15
  endloop
 endfacet
 facet normal -0.849141942518 -0.528164710538 0
  outer loop
   vertex -0.106445828408 0.0773374212675 -0.15
   vertex -0.104869012239 0.0748023394671 -0.15
   vertex -0.104869012239 0.0748023394671 0.15
  endloop
 endfacet
 facet normal -0.849141942518 -0.528164710538 0
  outer loop
   vertex -0.106445828408 0.0773374212675 -0.15
   vertex -0.104869012239 0.0748023394671 0.15
   vertex -0.106445828408 0.0773374212675 0.15
  endloop
 endfacet
 facet normal 0 0 -1
  outer loop
   vertex 0 0 -0.15
   vertex -0.103431543792 0.0724235466516 -0.15
   vertex -0.104869012239 0.0748023394671 -0.15
  endloop
 endfacet
 facet normal 0 0 1
  outer loop
   vertex 0 0 0.15
   vertex -0.104869012239 0.0748023394671 0.15
   vertex -0.103431543792 0.0724235466516 0.15
  endloop
 endfacet
 facet normal -0.855870771172 -0.517189736029 0
  outer loop
   vertex -0.104869012239 0.0748023394671 -0.15
   vertex -0.103431543792 0.0724235466516 -0.15
   vertex -0.103431543792 0.0724235466516 0.15
  endloop
 endfacet
 facet normal -0.855870771172 -0.517189736029 0
  outer loop
   vertex -0.104869012239 0.0748023394671 -0.15
   vertex -0.103431543792 0.0724235466516 0.15
   vertex -0.104869012239 0.0748023394671 0.15
  endloop
 endfacet
 facet normal 0 0 -1
  outer loop
   vertex 0 0 -0.15
   vertex -0.102142835949 0.0702008262055 -0.15
   vertex -0.103431543792 0.0724235466516 -0.15
  endloop
 endfacet
 facet normal 0 0 1
  outer loop
   vertex 0 0 0.15
   vertex -0.103431543792 0.0724235466516 0.15
   vertex -0.102142835949 0.0702008262055 0.15
  endloop
 endfacet
 facet normal -0.865110573071 -0.501581196179 0
  outer loop
   vertex -0.103431543792 0.0724235466516 -0.15
   vertex -0.102142835949 0.0702008262055 -0.15
   vertex -0.102142835949 0.0702008262055 0.15
  endloop
 endfacet
 facet normal -0.865110573071 -0.501581196179 0
  outer loop
   vertex -0.103431543792 0.0724235466516 -0.15
   vertex -0.102142835949 0.0702008262055 0.15
   vertex -0.103431543792 0.0724235466516 0.15
  endloop
 endfacet
 facet normal 0 0 -1
  outer loop
   vertex 0 0 -0.15
   vertex -0.10101186076 0.0681333603849 -0.15
   vertex -0.102142835949 0.0702008262055 -0.15
  endloop
 endfacet
 facet normal 0 0 1
  outer loop
   vertex 0 0 0.15
   vertex -0.102142835949 0.0702008262055 0.15
   vertex -0.10101186076 0.0681333603849 0.15
  endloop
 endfacet
 facet normal -0.877312215298 -0.479920073438 0
  outer loop
   vertex -0.102142835949 0.0702008262055 -0.15
   vertex -0.10101186076 0.0681333603849 -0.15
   vertex -0.10101186076 0.0681333603849 0.15
  endloop
 endfacet
 facet normal -0.877312215298 -0.479920073438 0
  outer loop
   vertex -0.102142835949 0.0702008262055 -0.15
   vertex -0.10101186076 0.0681333603849 0.15
   vertex -0.102142835949 0.0702008262055 0.15
  endloop
 endfacet
 facet normal 0 0 -1
  outer loop
   vertex 0 0 -0.15
   vertex -0.100047114917 0.0662197408026 -0.15
   vertex -0.10101186076 0.0681333603849 -0.15
  endloop
 endfacet
 facet normal 0 0 1
  outer loop
   vertex 0 0 0.15
   vertex -0.10101186076 0.0681333603849 0.15
   vertex -0.100047114917 0.0662197408026 0.15
  endloop
 endfacet
 facet normal -0.892941023389 -0.4501736651 0
  outer loop
   vertex -0.10101186076 0.0681333603849 -0.15
   vertex -0.100047114917 0.0662197408026 -0.15
   vertex -0.100047114917 0.0662197408026 0.15
  endloop
 endfacet
 facet normal -0.892941023389 -0.4501736651 0
  outer loop
   vertex -0.10101186076 0.0681333603849 -0.15
   vertex -0.100047114917 0.0662197408026 0.15
   vertex -0.10101186076 0.0681333603849 0.15
  endloop
 endfacet
 facet normal 0 0 -1
  outer loop
   vertex 0 0 -0.15
   vertex -0.0992565866988 0.0644579810771 -0.15
   vertex -0.100047114917 0.0662197408026 -0.15
  endloop
 endfacet
 facet normal 0 0 1
  outer loop
   vertex 0 0 0.15
   vertex -0.100047114917 0.0662197408026 0.15
   vertex -0.0992565866988 0.0644579810771 0.15
  endloop
 endfacet
 facet normal -0.912359674138 -0.409389576084 0
  outer loop
   vertex -0.100047114917 0.0662197408026 -0.15
   vertex -0.0992565866988 0.0644579810771 -0.15
   vertex -0.0992565866988 0.0644579810771 0.15
  endloop
 endfacet
 facet normal -0.912359674138 -0.409389576084 0
  outer loop
   vertex -0.100047114917 0.0662197408026 -0.15
   vertex -0.0992565866988 0.0644579810771 0.15
   vertex -0.100047114917 0.0662197408026 0.15
  endloop
 endfacet
 facet normal 0 0 -1
  outer loop
   vertex 0 0 -0.15
   vertex -0.0986477245202 0.0628455315882 -0.15
   vertex -0.0992565866988 0.0644579810771 -0.15
  endloop
 endfacet
 facet normal 0 0 1
  outer loop
   vertex 0 0 0.15
   vertex -0.0992565866988 0.0644579810771 0.15
   vertex -0.0986477245202 0.0628455315882 0.15
  endloop
 endfacet
 facet normal -0.935526825807 -0.353255655575 0
  outer loop
   vertex -0.0992565866988 0.0644579810771 -0.15
   vertex -0.0986477245202 0.0628455315882 -0.15
   vertex -0.0986477245202 0.0628455315882 0.15
  endloop
 endfacet
 facet normal -0.935526825807 -0.353255655575 0
  outer loop
   vertex -0.0992565866988 0.0644579810771 -0.15
   vertex -0.0986477245202 0.0628455315882 0.15
   vertex -0.0992565866988 0.0644579810771 0.15
  endloop
 endfacet
 facet normal 0 0 -1
  outer loop
   vertex 0 0 -0.15
   vertex -0.0982274071869 0.0613792962686 -0.15
   vertex -0.0986477245202 0.0628455315882 -0.15
  endloop
 endfacet
 facet normal 0 0 1
  outer loop
   vertex 0 0 0.15
   vertex -0.0986477245202 0.0628455315882 0.15
   vertex -0.0982274071869 0.0613792962686 0.15
  endloop
 endfacet
 facet normal -0.961282343818 -0.275565337922 0
  outer loop
   vertex -0.0986477245202 0.0628455315882 -0.15
   vertex -0.0982274071869 0.0613792962686 -0.15
   vertex -0.0982274071869 0.0613792962686 0.15
  endloop
 endfacet
 facet normal -0.961282343818 -0.275565337922 0
  outer loop
   vertex -0.0986477245202 0.0628455315882 -0.15
   vertex -0.0982274071869 0.0613792962686 0.15
   vertex -0.0986477245202 0.0628455315882 0.15
  endloop
 endfacet
 facet normal 0 0 -1
  outer loop
   vertex 0 0 -0.15
   vertex -0.0980019159888 0.0600556513571 -0.15
   vertex -0.0982274071869 0.0613792962686 -0.15
  endloop
 endfacet
 facet normal 0 0 1
  outer loop
   vertex 0 0 0.15
   vertex -0.0982274071869 0.0613792962686 0.15
   vertex -0.0980019159888 0.0600556513571 0.15
  endloop
 endfacet
 facet normal -0.985797760329 -0.16793682065 0
  outer loop
   vertex -0.0982274071869 0.0613792962686 -0.15
   vertex -0.0980019159888 0.0600556513571 -0.15
   vertex -0.0980019159888 0.0600556513571 0.15
  endloop
 endfacet
 facet normal -0.985797760329 -0.16793682065 0
  outer loop
   vertex -0.0982274071869 0.0613792962686 -0.15
   vertex -0.0980019159888 0.0600556513571 0.15
   vertex -0.0982274071869 0.0613792962686 0.15
  endloop
 endfacet
 facet normal 0 0 -1
  outer loop
   vertex 0 0 -0.15
   vertex -0.0979769087293 0.0588704660295 -0.15
   vertex -0.0980019159888 0.0600556513571 -0.15
  endloop
 endfacet
 facet normal 0 0 1
  outer loop
   vertex 0 0 0.15
   vertex -0.0980019159888 0.0600556513571 0.15
   vertex -0.0979769087293 0.0588704660295 0.15
  endloop
 endfacet
 facet normal -0.999777471987 -0.0210951773372 0
  outer loop
   vertex -0.0980019159888 0.0600556513571 -0.15
   vertex -0.0979769087293 0.0588704660295 -0.15
   vertex -0.0979769087293 0.0588704660295 0.15
  endloop
 endfacet
 facet normal -0.999777471987 -0.0210951773372 0
  outer loop
   vertex -0.0980019159888 0.0600556513571 -0.15
   vertex -0.0979769087293 0.0588704660295 0.15
   vertex -0.0980019159888 0.0600556513571 0.15
  endloop
 endfacet
 facet normal 0 0 -1
  outer loop
   vertex 0 0 -0.15
   vertex -0.0981573957954 0.0578191248181 -0.15
   vertex -0.0979769087293 0.0588704660295 -0.15
  endloop
 endfacet
 facet normal 0 0 1
  outer loop
   vertex 0 0 0.15
   vertex -0.0979769087293 0.0588704660295 0.15
   vertex -0.0981573957954 0.0578191248181 0.15
  endloop
 endfacet
 facet normal -0.985582082123 0.169197988756 0
  outer loop
   vertex -0.0979769087293 0.0588704660295 -0.15
   vertex -0.0981573957954 0.0578191248181 -0.15
   vertex -0.0981573957954 0.0578191248181 0.15
  endloop
 endfacet
 facet normal -0.985582082123 0.169197988756 0
  outer loop
   vertex -0.0979769087293 0.0588704660295 -0.15
   vertex -0.0981573957954 0.0578191248181 0.15
   vertex -0.0979769087293 0.0588704660295 0.15
  endloop
 endfacet
 facet normal 0 0 -1
  outer loop
   vertex 0 0 -0.15
   vertex -0.0985477183617 0.0568965517241 -0.15
   vertex -0.0981573957954 0.0578191248181 -0.15
  endloop
 endfacet
 facet normal 0 0 1
  outer loop
   vertex 0 0 0.15
   vertex -0.0981573957954 0.0578191248181 0.15
   vertex -0.0985477183617 0.0568965517241 0.15
  endloop
 endfacet
 facet normal -0.92096611181 0.389642683619 0
  outer loop
   vertex -0.0981573957954 0.0578191248181 -0.15
   vertex -0.0985477183617 0.0568965517241 -0.15
   vertex -0.0985477183617 0.0568965517241 0.15
  endloop
 endfacet
 facet normal -0.92096611181 0.389642683619 0
  outer loop
   vertex -0.0981573957954 0.0578191248181 -0.15
   vertex -0.0985477183617 0.0568965517241 0.15
   vertex -0.0981573957954 0.0578191248181 0.15
  endloop
 endfacet
 facet normal 0 0 -1
  outer loop
   vertex 0 0 -0.15
   vertex -0.0991515288148 0.0560972359191 -0.15
   vertex -0.0985477183617 0.0568965517241 -0.15
  endloop
 endfacet
 facet normal 0 0 1
  outer loop
   vertex 0 0 0.15
   vertex -0.0985477183617 0.0568965517241 0.15
   vertex -0.0991515288148 0.0560972359191 0.15
  endloop
 endfacet
 facet normal -0.797923518317 0.602758707043 0
  outer loop
   vertex -0.0985477183617 0.0568965517241 -0.15
   vertex -0.0991515288148 0.0560972359191 -0.15
   vertex -0.0991515288148 0.0560972359191 0.15
  endloop
 endfacet
 facet normal -0.797923518317 0.602758707043 0
  outer loop
   vertex -0.0985477183617 0.0568965517241 -0.15
   vertex -0.0991515288148 0.0560972359191 0.15
   vertex -0.0985477183617 0.0568965517241 0.15
  endloop
 endfacet
 facet normal 0 0 -1
  outer loop
   vertex 0 0 -0.15
   vertex -0.0999717734788 0.0554152589291 -0.15
   vertex -0.0991515288148 0.0560972359191 -0.15
  endloop
 endfacet
 facet normal 0 0 1
  outer loop
   vertex 0 0 0.15
   vertex -0.0991515288148 0.0560972359191 0.15
   vertex -0.0999717734788 0.0554152589291 0.15
  endloop
 endfacet
 facet normal -0.639320797593 0.768940126255 0
  outer loop
   vertex -0.0991515288148 0.0560972359191 -0.15
   vertex -0.0999717734788 0.0554152589291 -0.15
   vertex -0.0999717734788 0.0554152589291 0.15
  endloop
 endfacet
 facet normal -0.639320797593 0.768940126255 0
  outer loop
   vertex -0.0991515288148 0.0560972359191 -0.15
   vertex -0.0999717734788 0.0554152589291 0.15
   vertex -0.0991515288148 0.0560972359191 0.15
  endloop
 endfacet
 facet normal 0 0 -1
  outer loop
   vertex 0 0 -0.15
   vertex -0.10101067771 0.0548443231873 -0.15
   vertex -0.0999717734788 0.0554152589291 -0.15
  endloop
 endfacet
 facet normal 0 0 1
  outer loop
   vertex 0 0 0.15
   vertex -0.0999717734788 0.0554152589291 0.15
   vertex -0.10101067771 0.0548443231873 0.15
  endloop
 endfacet
 facet normal -0.481619776522 0.876380277541 0
  outer loop
   vertex -0.0999717734788 0.0554152589291 -0.15
   vertex -0.10101067771 0.0548443231873 -0.15
   vertex -0.10101067771 0.0548443231873 0.15
  endloop
 endfacet
 facet normal -0.481619776522 0.876380277541 0
  outer loop
   vertex -0.0999717734788 0.0554152589291 -0.15
   vertex -0.10101067771 0.0548443231873 0.15
   vertex -0.0999717734788 0.0554152589291 0.15
  endloop
 endfacet
 facet normal 0 0 -1
  outer loop
   vertex 0 0 -0.15
   vertex -0.102269733428 0.0543777818374 -0.15
   vertex -0.10101067771 0.0548443231873 -0.15
  endloop
 endfacet
 facet normal 0 0 1
  outer loop
   vertex 0 0 0.15
   vertex -0.10101067771 0.0548443231873 0.15
   vertex -0.102269733428 0.0543777818374 0.15
  endloop
 endfacet
 facet normal -0.347461327251 0.937694313764 0
  outer loop
   vertex -0.10101067771 0.0548443231873 -0.15
   vertex -0.102269733428 0.0543777818374 -0.15
   vertex -0.102269733428 0.0543777818374 0.15
  endloop
 endfacet
 facet normal -0.347461327251 0.937694313764 0
  outer loop
   vertex -0.10101067771 0.0548443231873 -0.15
   vertex -0.102269733428 0.0543777818374 0.15
   vertex -0.10101067771 0.0548443231873 0.15
  endloop
 endfacet
 facet normal 0 0 -1
  outer loop
   vertex 0 0 -0.15
   vertex -0.10374968913 0.054008669666 -0.15
   vertex -0.102269733428 0.0543777818374 -0.15
  endloop
 endfacet
 facet normal 0 0 1
  outer loop
   vertex 0 0 0.15
   vertex -0.102269733428 0.0543777818374 0.15
   vertex -0.10374968913 0.054008669666 0.15
  endloop
 endfacet
 facet normal -0.241994588866 0.970277598917 0
  outer loop
   vertex -0.102269733428 0.0543777818374 -0.15
   vertex -0.10374968913 0.054008669666 -0.15
   vertex -0.10374968913 0.054008669666 0.15
  endloop
 endfacet
 facet normal -0.241994588866 0.970277598917 0
  outer loop
   vertex -0.102269733428 0.0543777818374 -0.15
   vertex -0.10374968913 0.054008669666 0.15
   vertex -0.102269733428 0.0543777818374 0.15
  endloop
 endfacet
 facet normal 0 0 -1
  outer loop
   vertex 0 0 -0.15
   vertex -0.105450542439 0.0537297350356 -0.15
   vertex -0.10374968913 0.054008669666 -0.15
  endloop
 endfacet
 facet normal 0 0 1
  outer loop
   vertex 0 0 0.15
   vertex -0.10374968913 0.054008669666 0.15
   vertex -0.105450542439 0.0537297350356 0.15
  endloop
 endfacet
 facet normal -0.161835041145 0.986817824858 0
  outer loop
   vertex -0.10374968913 0.054008669666 -0.15
   vertex -0.105450542439 0.0537297350356 -0.15
   vertex -0.105450542439 0.0537297350356 0.15
  endloop
 endfacet
 facet normal -0.161835041145 0.986817824858 0
  outer loop
   vertex -0.10374968913 0.054008669666 -0.15
   vertex -0.105450542439 0.0537297350356 0.15
   vertex -0.10374968913 0.054008669666 0.15
  endloop
 endfacet
 facet normal 0 0 -1
  outer loop
   vertex 0 0 -0.15
   vertex -0.107371535225 0.0535334726918 -0.15
   vertex -0.105450542439 0.0537297350356 -0.15
  endloop
 endfacet
 facet normal 0 0 1
  outer loop
   vertex 0 0 0.15
   vertex -0.105450542439 0.0537297350356 0.15
   vertex -0.107371535225 0.0535334726918 0.15
  endloop
 endfacet
 facet normal -0.101638064135 0.994821443234 0
  outer loop
   vertex -0.105450542439 0.0537297350356 -0.15
   vertex -0.107371535225 0.0535334726918 -0.15
   vertex -0.107371535225 0.0535334726918 0.15
  endloop
 endfacet
 facet normal -0.101638064135 0.994821443234 0
  outer loop
   vertex -0.105450542439 0.0537297350356 -0.15
   vertex -0.107371535225 0.0535334726918 0.15
   vertex -0.105450542439 0.0537297350356 0.15
  endloop
 endfacet
 facet normal 0 0 -1
  outer loop
   vertex 0 0 -0.15
   vertex -0.109511151319 0.0534121573095 -0.15
   vertex -0.107371535225 0.0535334726918 -0.15
  endloop
 endfacet
 facet normal 0 0 1
  outer loop
   vertex 0 0 0.15
   vertex -0.107371535225 0.0535334726918 0.15
   vertex -0.109511151319 0.0534121573095 0.15
  endloop
 endfacet
 facet normal -0.0566086816027 0.998396442886 0
  outer loop
   vertex -0.107371535225 0.0535334726918 -0.15
   vertex -0.109511151319 0.0534121573095 -0.15
   vertex -0.109511151319 0.0534121573095 0.15
  endloop
 endfacet
 facet normal -0.0566086816027 0.998396442886 0
  outer loop
   vertex -0.107371535225 0.0535334726918 -0.15
   vertex -0.109511151319 0.0534121573095 0.15
   vertex -0.107371535225 0.0535334726918 0.15
  endloop
 endfacet
 facet normal 0 0 -1
  outer loop
   vertex 0 0 -0.15
   vertex -0.111867116835 0.0533578776439 -0.15
   vertex -0.109511151319 0.0534121573095 -0.15
  endloop
 endfacet
 facet normal 0 0 1
  outer loop
   vertex 0 0 0.15
   vertex -0.109511151319 0.0534121573095 0.15
   vertex -0.111867116835 0.0533578776439 0.15
  endloop
 endfacet
 facet normal -0.0230331322654 0.999734702218 0
  outer loop
   vertex -0.109511151319 0.0534121573095 -0.15
   vertex -0.111867116835 0.0533578776439 -0.15
   vertex -0.111867116835 0.0533578776439 0.15
  endloop
 endfacet
 facet normal -0.0230331322654 0.999734702218 0
  outer loop
   vertex -0.109511151319 0.0534121573095 -0.15
   vertex -0.111867116835 0.0533578776439 0.15
   vertex -0.109511151319 0.0534121573095 0.15
  endloop
 endfacet
 facet normal 0 0 -1
  outer loop
   vertex 0 0 -0.15
   vertex -0.114436403128 0.0533625711505 -0.15
   vertex -0.111867116835 0.0533578776439 -0.15
  endloop
 endfacet
 facet normal 0 0 1
  outer loop
   vertex 0 0 0.15
   vertex -0.111867116835 0.0533578776439 0.15
   vertex -0.114436403128 0.0533625711505 0.15
  endloop
 endfacet
 facet normal 0.00182677141626 0.999998331452 0
  outer loop
   vertex -0.111867116835 0.0533578776439 -0.15
   vertex -0.114436403128 0.0533625711505 -0.15
   vertex -0.114436403128 0.0533625711505 0.15
  endloop
 endfacet
 facet normal 0.00182677141626 0.999998331452 -0
  outer loop
   vertex -0.111867116835 0.0533578776439 -0.15
   vertex -0.114436403128 0.0533625711505 0.15
   vertex -0.111867116835 0.0533578776439 0.15
  endloop
 endfacet
 facet normal 0 0 -1
  outer loop
   vertex 0 0 -0.15
   vertex -0.11721523236 0.053418058935 -0.15
   vertex -0.114436403128 0.0533625711505 -0.15
  endloop
 endfacet
 facet normal 0 0 1
  outer loop
   vertex 0 0 0.15
   vertex -0.114436403128 0.0533625711505 0.15
   vertex -0.11721523236 0.053418058935 0.15
  endloop
 endfacet
 facet normal 0.019964064392 0.999800698206 0
  outer loop
   vertex -0.114436403128 0.0533625711505 -0.15
   vertex -0.11721523236 0.053418058935 -0.15
   vertex -0.11721523236 0.053418058935 0.15
  endloop
 endfacet
 facet normal 0.019964064392 0.999800698206 -0
  outer loop
   vertex -0.114436403128 0.0533625711505 -0.15
   vertex -0.11721523236 0.053418058935 0.15
   vertex -0.114436403128 0.0533625711505 0.15
  endloop
 endfacet
 facet normal 0 0 -1
  outer loop
   vertex 0 0 -0.15
   vertex -0.120199085685 0.0535160808948 -0.15
   vertex -0.11721523236 0.053418058935 -0.15
  endloop
 endfacet
 facet normal 0 0 1
  outer loop
   vertex 0 0 0.15
   vertex -0.11721523236 0.053418058935 0.15
   vertex -0.120199085685 0.0535160808948 0.15
  endloop
 endfacet
 facet normal 0.0328330854491 0.999460848908 0
  outer loop
   vertex -0.11721523236 0.053418058935 -0.15
   vertex -0.120199085685 0.0535160808948 -0.15
   vertex -0.120199085685 0.0535160808948 0.15
  endloop
 endfacet
 facet normal 0.0328330854491 0.999460848908 -0
  outer loop
   vertex -0.11721523236 0.053418058935 -0.15
   vertex -0.120199085685 0.0535160808948 0.15
   vertex -0.11721523236 0.053418058935 0.15
  endloop
 endfacet
 facet normal 0 0 -1
  outer loop
   vertex 0 0 -0.15
   vertex -0.123382714021 0.0536483309126 -0.15
   vertex -0.120199085685 0.0535160808948 -0.15
  endloop
 endfacet
 facet normal 0 0 1
  outer loop
   vertex 0 0 0.15
   vertex -0.120199085685 0.0535160808948 0.15
   vertex -0.123382714021 0.0536483309126 0.15
  endloop
 endfacet
 facet normal 0.0415048630936 0.999138301908 0
  outer loop
   vertex -0.120199085685 0.0535160808948 -0.15
   vertex -0.123382714021 0.0536483309126 -0.15
   vertex -0.123382714021 0.0536483309126 0.15
  endloop
 endfacet
 facet normal 0.0415048630936 0.999138301908 -0
  outer loop
   vertex -0.120199085685 0.0535160808948 -0.15
   vertex -0.123382714021 0.0536483309126 0.15
   vertex -0.120199085685 0.0535160808948 0.15
  endloop
 endfacet
 facet normal 0 0 -1
  outer loop
   vertex 0 0 -0.15
   vertex -0.12676015139 0.0538064919639 -0.15
   vertex -0.123382714021 0.0536483309126 -0.15
  endloop
 endfacet
 facet normal 0 0 1
  outer loop
   vertex 0 0 0.15
   vertex -0.123382714021 0.0536483309126 0.15
   vertex -0.12676015139 0.0538064919639 0.15
  endloop
 endfacet
 facet normal 0.0467774530742 0.998905335797 0
  outer loop
   vertex -0.123382714021 0.0536483309126 -0.15
   vertex -0.12676015139 0.0538064919639 -0.15
   vertex -0.12676015139 0.0538064919639 0.15
  endloop
 endfacet
 facet normal 0.0467774530742 0.998905335797 -0
  outer loop
   vertex -0.123382714021 0.0536483309126 -0.15
   vertex -0.12676015139 0.0538064919639 0.15
   vertex -0.123382714021 0.0536483309126 0.15
  endloop
 endfacet
 facet normal 0 0 -1
  outer loop
   vertex 0 0 -0.15
   vertex -0.130324730775 0.0539822709998 -0.15
   vertex -0.12676015139 0.0538064919639 -0.15
  endloop
 endfacet
 facet normal 0 0 1
  outer loop
   vertex 0 0 0.15
   vertex -0.12676015139 0.0538064919639 0.15
   vertex -0.130324730775 0.0539822709998 0.15
  endloop
 endfacet
 facet normal 0.0492528517966 0.998786341812 0
  outer loop
   vertex -0.12676015139 0.0538064919639 -0.15
   vertex -0.130324730775 0.0539822709998 -0.15
   vertex -0.130324730775 0.0539822709998 0.15
  endloop
 endfacet
 facet normal 0.0492528517966 0.998786341812 -0
  outer loop
   vertex -0.12676015139 0.0538064919639 -0.15
   vertex -0.130324730775 0.0539822709998 0.15
   vertex -0.12676015139 0.0538064919639 0.15
  endloop
 endfacet
 facet normal 0 0 -1
  outer loop
   vertex 0 0 -0.15
   vertex -0.134069102462 0.054167433469 -0.15
   vertex -0.130324730775 0.0539822709998 -0.15
  endloop
 endfacet
 facet normal 0 0 1
  outer loop
   vertex 0 0 0.15
   vertex -0.130324730775 0.0539822709998 0.15
   vertex -0.134069102462 0.054167433469 0.15
  endloop
 endfacet
 facet normal 0.0493905257977 0.998779543223 0
  outer loop
   vertex -0.130324730775 0.0539822709998 -0.15
   vertex -0.134069102462 0.054167433469 -0.15
   vertex -0.134069102462 0.054167433469 0.15
  endloop
 endfacet
 facet normal 0.0493905257977 0.998779543223 -0
  outer loop
   vertex -0.130324730775 0.0539822709998 -0.15
   vertex -0.134069102462 0.054167433469 0.15
   vertex -0.130324730775 0.0539822709998 0.15
  endloop
 endfacet
 facet normal 0 0 -1
  outer loop
   vertex 0 0 -0.15
   vertex -0.137985254795 0.054353837344 -0.15
   vertex -0.134069102462 0.054167433469 -0.15
  endloop
 endfacet
 facet normal 0 0 1
  outer loop
   vertex 0 0 0.15
   vertex -0.134069102462 0.054167433469 0.15
   vertex -0.137985254795 0.054353837344 0.15
  endloop
 endfacet
 facet normal 0.0475449000479 0.998869101774 0
  outer loop
   vertex -0.134069102462 0.054167433469 -0.15
   vertex -0.137985254795 0.054353837344 -0.15
   vertex -0.137985254795 0.054353837344 0.15
  endloop
 endfacet
 facet normal 0.0475449000479 0.998869101774 -0
  outer loop
   vertex -0.134069102462 0.054167433469 -0.15
   vertex -0.137985254795 0.054353837344 0.15
   vertex -0.134069102462 0.054167433469 0.15
  endloop
 endfacet
 facet normal 0 0 -1
  outer loop
   vertex 0 0 -0.15
   vertex -0.142064537289 0.054533466519 -0.15
   vertex -0.137985254795 0.054353837344 -0.15
  endloop
 endfacet
 facet normal 0 0 1
  outer loop
   vertex 0 0 0.15
   vertex -0.137985254795 0.054353837344 0.15
   vertex -0.142064537289 0.054533466519 0.15
  endloop
 endfacet
 facet normal 0.0439918721809 0.999031888972 0
  outer loop
   vertex -0.137985254795 0.054353837344 -0.15
   vertex -0.142064537289 0.054533466519 -0.15
   vertex -0.142064537289 0.054533466519 0.15
  endloop
 endfacet
 facet normal 0.0439918721809 0.999031888972 -0
  outer loop
   vertex -0.137985254795 0.054353837344 -0.15
   vertex -0.142064537289 0.054533466519 0.15
   vertex -0.137985254795 0.054353837344 0.15
  endloop
 endfacet
 facet normal 0 0 -1
  outer loop
   vertex 0 0 -0.15
   vertex -0.146297686029 0.0546984634503 -0.15
   vertex -0.142064537289 0.054533466519 -0.15
  endloop
 endfacet
 facet normal 0 0 1
  outer loop
   vertex 0 0 0.15
   vertex -0.142064537289 0.054533466519 0.15
   vertex -0.146297686029 0.0546984634503 0.15
  endloop
 endfacet
 facet normal 0.0389477784863 0.999241247423 0
  outer loop
   vertex -0.142064537289 0.054533466519 -0.15
   vertex -0.146297686029 0.0546984634503 -0.15
   vertex -0.146297686029 0.0546984634503 0.15
  endloop
 endfacet
 facet normal 0.0389477784863 0.999241247423 -0
  outer loop
   vertex -0.142064537289 0.054533466519 -0.15
   vertex -0.146297686029 0.0546984634503 0.15
   vertex -0.142064537289 0.054533466519 0.15
  endloop
 endfacet
 facet normal 0 0 -1
  outer loop
   vertex 0 0 -0.15
   vertex -0.150674851264 0.0548411609126 -0.15
   vertex -0.146297686029 0.0546984634503 -0.15
  endloop
 endfacet
 facet normal 0 0 1
  outer loop
   vertex 0 0 0.15
   vertex -0.146297686029 0.0546984634503 0.15
   vertex -0.150674851264 0.0548411609126 0.15
  endloop
 endfacet
 facet normal 0.0325831186188 0.999469029226 0
  outer loop
   vertex -0.146297686029 0.0546984634503 -0.15
   vertex -0.150674851264 0.0548411609126 -0.15
   vertex -0.150674851264 0.0548411609126 0.15
  endloop
 endfacet
 facet normal 0.0325831186188 0.999469029226 -0
  outer loop
   vertex -0.146297686029 0.0546984634503 -0.15
   vertex -0.150674851264 0.0548411609126 0.15
   vertex -0.146297686029 0.0546984634503 0.15
  endloop
 endfacet
 facet normal 0 0 -1
  outer loop
   vertex 0 0 -0.15
   vertex -0.15518562711 0.0549541127495 -0.15
   vertex -0.150674851264 0.0548411609126 -0.15
  endloop
 endfacet
 facet normal 0 0 1
  outer loop
   vertex 0 0 0.15
   vertex -0.150674851264 0.0548411609126 0.15
   vertex -0.15518562711 0.0549541127495 0.15
  endloop
 endfacet
 facet normal 0.025032598748 0.999686635401 0
  outer loop
   vertex -0.150674851264 0.0548411609126 -0.15
   vertex -0.15518562711 0.0549541127495 -0.15
   vertex -0.15518562711 0.0549541127495 0.15
  endloop
 endfacet
 facet normal 0.025032598748 0.999686635401 -0
  outer loop
   vertex -0.150674851264 0.0548411609126 -0.15
   vertex -0.15518562711 0.0549541127495 0.15
   vertex -0.150674851264 0.0548411609126 0.15
  endloop
 endfacet
 facet normal 0 0 -1
  outer loop
   vertex 0 0 -0.15
   vertex -0.159819083269 0.0550301235002 -0.15
   vertex -0.15518562711 0.0549541127495 -0.15
  endloop
 endfacet
 facet normal 0 0 1
  outer loop
   vertex 0 0 0.15
   vertex -0.15518562711 0.0549541127495 0.15
   vertex -0.159819083269 0.0550301235002 0.15
  endloop
 endfacet
 facet normal 0.0164025561686 0.999865469026 0
  outer loop
   vertex -0.15518562711 0.0549541127495 -0.15
   vertex -0.159819083269 0.0550301235002 -0.15
   vertex -0.159819083269 0.0550301235002 0.15
  endloop
 endfacet
 facet normal 0.0164025561686 0.999865469026 -0
  outer loop
   vertex -0.15518562711 0.0549541127495 -0.15
   vertex -0.159819083269 0.0550301235002 0.15
   vertex -0.15518562711 0.0549541127495 0.15
  endloop
 endfacet
 facet normal 0 0 -1
  outer loop
   vertex 0 0 -0.15
   vertex -0.164563798652 0.0550622767886 -0.15
   vertex -0.159819083269 0.0550301235002 -0.15
  endloop
 endfacet
 facet normal 0 0 1
  outer loop
   vertex 0 0 0.15
   vertex -0.159819083269 0.0550301235002 0.15
   vertex -0.164563798652 0.0550622767886 0.15
  endloop
 endfacet
 facet normal 0.00677649712074 0.99997703928 0
  outer loop
   vertex -0.159819083269 0.0550301235002 -0.15
   vertex -0.164563798652 0.0550622767886 -0.15
   vertex -0.164563798652 0.0550622767886 0.15
  endloop
 endfacet
 facet normal 0.00677649712074 0.99997703928 -0
  outer loop
   vertex -0.159819083269 0.0550301235002 -0.15
   vertex -0.164563798652 0.0550622767886 0.15
   vertex -0.159819083269 0.0550301235002 0.15
  endloop
 endfacet
 facet normal 0 0 -1
  outer loop
   vertex 0 0 -0.15
   vertex -0.169407896799 0.0550439623674 -0.15
   vertex -0.164563798652 0.0550622767886 -0.15
  endloop
 endfacet
 facet normal 0 0 1
  outer loop
   vertex 0 0 0.15
   vertex -0.164563798652 0.0550622767886 0.15
   vertex -0.169407896799 0.0550439623674 0.15
  endloop
 endfacet
 facet normal -0.00378074301458 0.999992852966 0
  outer loop
   vertex -0.164563798652 0.0550622767886 -0.15
   vertex -0.169407896799 0.0550439623674 -0.15
   vertex -0.169407896799 0.0550439623674 0.15
  endloop
 endfacet
 facet normal -0.00378074301458 0.999992852966 0
  outer loop
   vertex -0.164563798652 0.0550622767886 -0.15
   vertex -0.169407896799 0.0550439623674 0.15
   vertex -0.164563798652 0.0550622767886 0.15
  endloop
 endfacet
 facet normal 0 0 -1
  outer loop
   vertex 0 0 -0.15
   vertex -0.174339082971 0.0549689017151 -0.15
   vertex -0.169407896799 0.0550439623674 -0.15
  endloop
 endfacet
 facet normal 0 0 1
  outer loop
   vertex 0 0 0.15
   vertex -0.169407896799 0.0550439623674 0.15
   vertex -0.174339082971 0.0549689017151 0.15
  endloop
 endfacet
 facet normal -0.0152198589865 0.999884171238 0
  outer loop
   vertex -0.169407896799 0.0550439623674 -0.15
   vertex -0.174339082971 0.0549689017151 -0.15
   vertex -0.174339082971 0.0549689017151 0.15
  endloop
 endfacet
 facet normal -0.0152198589865 0.999884171238 0
  outer loop
   vertex -0.169407896799 0.0550439623674 -0.15
   vertex -0.174339082971 0.0549689017151 0.15
   vertex -0.169407896799 0.0550439623674 0.15
  endloop
 endfacet
 facet normal 0 0 -1
  outer loop
   vertex 0 0 -0.15
   vertex -0.179344682798 0.054831172088 -0.15
   vertex -0.174339082971 0.0549689017151 -0.15
  endloop
 endfacet
 facet normal 0 0 1
  outer loop
   vertex 0 0 0.15
   vertex -0.174339082971 0.0549689017151 0.15
   vertex -0.179344682798 0.054831172088 0.15
  endloop
 endfacet
 facet normal -0.0275046997777 0.99962167418 0
  outer loop
   vertex -0.174339082971 0.0549689017151 -0.15
   vertex -0.179344682798 0.054831172088 -0.15
   vertex -0.179344682798 0.054831172088 0.15
  endloop
 endfacet
 facet normal -0.0275046997777 0.99962167418 0
  outer loop
   vertex -0.174339082971 0.0549689017151 -0.15
   vertex -0.179344682798 0.054831172088 0.15
   vertex -0.174339082971 0.0549689017151 0.15
  endloop
 endfacet
 facet normal 0 0 -1
  outer loop
   vertex 0 0 -0.15
   vertex -0.184411682345 0.0546252289394 -0.15
   vertex -0.179344682798 0.054831172088 -0.15
  endloop
 endfacet
 facet normal 0 0 1
  outer loop
   vertex 0 0 0.15
   vertex -0.179344682798 0.054831172088 0.15
   vertex -0.184411682345 0.0546252289394 0.15
  endloop
 endfacet
 facet normal -0.0406104746621 0.999175054406 0
  outer loop
   vertex -0.179344682798 0.054831172088 -0.15
   vertex -0.184411682345 0.0546252289394 -0.15
   vertex -0.184411682345 0.0546252289394 0.15
  endloop
 endfacet
 facet normal -0.0406104746621 0.999175054406 0
  outer loop
   vertex -0.179344682798 0.054831172088 -0.15
   vertex -0.184411682345 0.0546252289394 0.15
   vertex -0.179344682798 0.054831172088 0.15
  endloop
 endfacet
 facet normal 0 0 -1
  outer loop
   vertex 0 0 -0.15
   vertex -0.189526769461 0.0543459266207 -0.15
   vertex -0.184411682345 0.0546252289394 -0.15
  endloop
 endfacet
 facet normal 0 0 1
  outer loop
   vertex 0 0 0.15
   vertex -0.184411682345 0.0546252289394 0.15
   vertex -0.189526769461 0.0543459266207 0.15
  endloop
 endfacet
 facet normal -0.0545224085776 0.998512547224 0
  outer loop
   vertex -0.184411682345 0.0546252289394 -0.15
   vertex -0.189526769461 0.0543459266207 -0.15
   vertex -0.189526769461 0.0543459266207 0.15
  endloop
 endfacet
 facet normal -0.0545224085776 0.998512547224 0
  outer loop
   vertex -0.184411682345 0.0546252289394 -0.15
   vertex -0.189526769461 0.0543459266207 0.15
   vertex -0.184411682345 0.0546252289394 0.15
  endloop
 endfacet
 facet normal 0 0 -1
  outer loop
   vertex 0 0 -0.15
   vertex -0.194676376273 0.0539885372892 -0.15
   vertex -0.189526769461 0.0543459266207 -0.15
  endloop
 endfacet
 facet normal 0 0 1
  outer loop
   vertex 0 0 0.15
   vertex -0.189526769461 0.0543459266207 0.15
   vertex -0.194676376273 0.0539885372892 0.15
  endloop
 endfacet
 facet normal -0.0692347496727 0.997600395668 0
  outer loop
   vertex -0.189526769461 0.0543459266207 -0.15
   vertex -0.194676376273 0.0539885372892 -0.15
   vertex -0.194676376273 0.0539885372892 0.15
  endloop
 endfacet
 facet normal -0.0692347496727 0.997600395668 0
  outer loop
   vertex -0.189526769461 0.0543459266207 -0.15
   vertex -0.194676376273 0.0539885372892 0.15
   vertex -0.189526769461 0.0543459266207 0.15
  endloop
 endfacet
 facet normal 0 0 -1
  outer loop
   vertex 0 0 -0.15
   vertex -0.19984672268 0.0535487679522 -0.15
   vertex -0.194676376273 0.0539885372892 -0.15
  endloop
 endfacet
 facet normal 0 0 1
  outer loop
   vertex 0 0 0.15
   vertex -0.194676376273 0.0539885372892 0.15
   vertex -0.19984672268 0.0535487679522 0.15
  endloop
 endfacet
 facet normal -0.0847500571035 0.996402241979 0
  outer loop
   vertex -0.194676376273 0.0539885372892 -0.15
   vertex -0.19984672268 0.0535487679522 -0.15
   vertex -0.19984672268 0.0535487679522 0.15
  endloop
 endfacet
 facet normal -0.0847500571035 0.996402241979 0
  outer loop
   vertex -0.194676376273 0.0539885372892 -0.15
   vertex -0.19984672268 0.0535487679522 0.15
   vertex -0.194676376273 0.0539885372892 0.15
  endloop
 endfacet
 facet normal 0 0 -1
  outer loop
   vertex 0 0 -0.15
   vertex -0.205023860694 0.0530227755881 -0.15
   vertex -0.19984672268 0.0535487679522 -0.15
  endloop
 endfacet
 facet normal 0 0 1
  outer loop
   vertex 0 0 0.15
   vertex -0.19984672268 0.0535487679522 0.15
   vertex -0.205023860694 0.0530227755881 0.15
  endloop
 endfacet
 facet normal -0.101078715074 0.994878431447 0
  outer loop
   vertex -0.19984672268 0.0535487679522 -0.15
   vertex -0.205023860694 0.0530227755881 -0.15
   vertex -0.205023860694 0.0530227755881 0.15
  endloop
 endfacet
 facet normal -0.101078715074 0.994878431447 0
  outer loop
   vertex -0.19984672268 0.0535487679522 -0.15
   vertex -0.205023860694 0.0530227755881 0.15
   vertex -0.19984672268 0.0535487679522 0.15
  endloop
 endfacet
 facet normal 0 0 -1
  outer loop
   vertex 0 0 -0.15
   vertex -0.210193719478 0.0524071802875 -0.15
   vertex -0.205023860694 0.0530227755881 -0.15
  endloop
 endfacet
 facet normal 0 0 1
  outer loop
   vertex 0 0 0.15
   vertex -0.205023860694 0.0530227755881 0.15
   vertex -0.210193719478 0.0524071802875 0.15
  endloop
 endfacet
 facet normal -0.118238631661 0.992985209347 0
  outer loop
   vertex -0.205023860694 0.0530227755881 -0.15
   vertex -0.210193719478 0.0524071802875 -0.15
   vertex -0.210193719478 0.0524071802875 0.15
  endloop
 endfacet
 facet normal -0.118238631661 0.992985209347 0
  outer loop
   vertex -0.205023860694 0.0530227755881 -0.15
   vertex -0.210193719478 0.0524071802875 0.15
   vertex -0.205023860694 0.0530227755881 0.15
  endloop
 endfacet
 facet normal 0 0 -1
  outer loop
   vertex 0 0 -0.15
   vertex -0.215342150926 0.0516990763719 -0.15
   vertex -0.210193719478 0.0524071802875 -0.15
  endloop
 endfacet
 facet normal 0 0 1
  outer loop
   vertex 0 0 0.15
   vertex -0.210193719478 0.0524071802875 0.15
   vertex -0.215342150926 0.0516990763719 0.15
  endloop
 endfacet
 facet normal -0.136255089374 0.990673786178 0
  outer loop
   vertex -0.210193719478 0.0524071802875 -0.15
   vertex -0.215342150926 0.0516990763719 -0.15
   vertex -0.215342150926 0.0516990763719 0.15
  endloop
 endfacet
 facet normal -0.136255089374 0.990673786178 0
  outer loop
   vertex -0.210193719478 0.0524071802875 -0.15
   vertex -0.215342150926 0.0516990763719 0.15
   vertex -0.210193719478 0.0524071802875 0.15
  endloop
 endfacet
 facet normal 0 0 -1
  outer loop
   vertex 0 0 -0.15
   vertex -0.220454975633 0.0508960414491 -0.15
   vertex -0.215342150926 0.0516990763719 -0.15
  endloop
 endfacet
 facet normal 0 0 1
  outer loop
   vertex 0 0 0.15
   vertex -0.215342150926 0.0516990763719 0.15
   vertex -0.220454975633 0.0508960414491 0.15
  endloop
 endfacet
 facet normal -0.155160719397 0.987889240328 0
  outer loop
   vertex -0.215342150926 0.0516990763719 -0.15
   vertex -0.220454975633 0.0508960414491 -0.15
   vertex -0.220454975633 0.0508960414491 0.15
  endloop
 endfacet
 facet normal -0.155160719397 0.987889240328 0
  outer loop
   vertex -0.215342150926 0.0516990763719 -0.15
   vertex -0.220454975633 0.0508960414491 0.15
   vertex -0.215342150926 0.0516990763719 0.15
  endloop
 endfacet
 facet normal 0 0 -1
  outer loop
   vertex 0 0 -0.15
   vertex -0.225518029087 0.0499961433784 -0.15
   vertex -0.220454975633 0.0508960414491 -0.15
  endloop
 endfacet
 facet normal 0 0 1
  outer loop
   vertex 0 0 0.15
   vertex -0.220454975633 0.0508960414491 0.15
   vertex -0.225518029087 0.0499961433784 0.15
  endloop
 endfacet
 facet normal -0.174995573291 0.984569220181 0
  outer loop
   vertex -0.220454975633 0.0508960414491 -0.15
   vertex -0.225518029087 0.0499961433784 -0.15
   vertex -0.225518029087 0.0499961433784 0.15
  endloop
 endfacet
 facet normal -0.174995573291 0.984569220181 0
  outer loop
   vertex -0.220454975633 0.0508960414491 -0.15
   vertex -0.225518029087 0.0499961433784 0.15
   vertex -0.220454975633 0.0508960414491 0.15
  endloop
 endfacet
 facet normal 0 0 -1
  outer loop
   vertex 0 0 -0.15
   vertex -0.230517207925 0.0489979451222 -0.15
   vertex -0.225518029087 0.0499961433784 -0.15
  endloop
 endfacet
 facet normal 0 0 1
  outer loop
   vertex 0 0 0.15
   vertex -0.225518029087 0.0499961433784 0.15
   vertex -0.230517207925 0.0489979451222 0.15
  endloop
 endfacet
 facet normal -0.195807264488 0.980642399233 0
  outer loop
   vertex -0.225518029087 0.0499961433784 -0.15
   vertex -0.230517207925 0.0489979451222 -0.15
   vertex -0.230517207925 0.0489979451222 0.15
  endloop
 endfacet
 facet normal -0.195807264488 0.980642399233 0
  outer loop
   vertex -0.225518029087 0.0499961433784 -0.15
   vertex -0.230517207925 0.0489979451222 0.15
   vertex -0.225518029087 0.0499961433784 0.15
  endloop
 endfacet
 facet normal 0 0 -1
  outer loop
   vertex 0 0 -0.15
   vertex -0.2354385161 0.0479005074735 -0.15
   vertex -0.230517207925 0.0489979451222 -0.15
  endloop
 endfacet
 facet normal 0 0 1
  outer loop
   vertex 0 0 0.15
   vertex -0.230517207925 0.0489979451222 0.15
   vertex -0.2354385161 0.0479005074735 0.15
  endloop
 endfacet
 facet normal -0.21765114669 0.976026627887 0
  outer loop
   vertex -0.230517207925 0.0489979451222 -0.15
   vertex -0.2354385161 0.0479005074735 -0.15
   vertex -0.2354385161 0.0479005074735 0.15
  endloop
 endfacet
 facet normal -0.21765114669 0.976026627887 0
  outer loop
   vertex -0.230517207925 0.0489979451222 -0.15
   vertex -0.2354385161 0.0479005074735 0.15
   vertex -0.230517207925 0.0489979451222 0.15
  endloop
 endfacet
 facet normal 0 0 -1
  outer loop
   vertex 0 0 -0.15
   vertex -0.240268110797 0.0467033896527 -0.15
   vertex -0.2354385161 0.0479005074735 -0.15
  endloop
 endfacet
 facet normal 0 0 1
  outer loop
   vertex 0 0 0.15
   vertex -0.2354385161 0.0479005074735 0.15
   vertex -0.240268110797 0.0467033896527 0.15
  endloop
 endfacet
 facet normal -0.240590486257 0.970626713996 0
  outer loop
   vertex -0.2354385161 0.0479005074735 -0.15
   vertex -0.240268110797 0.0467033896527 -0.15
   vertex -0.240268110797 0.0467033896527 0.15
  endloop
 endfacet
 facet normal -0.240590486257 0.970626713996 0
  outer loop
   vertex -0.2354385161 0.0479005074735 -0.15
   vertex -0.240268110797 0.0467033896527 0.15
   vertex -0.2354385161 0.0479005074735 0.15
  endloop
 endfacet
 facet normal 0 0 -1
  outer loop
   vertex 0 0 -0.15
   vertex -0.244992347927 0.0454066477804 -0.15
   vertex -0.240268110797 0.0467033896527 -0.15
  endloop
 endfacet
 facet normal 0 0 1
  outer loop
   vertex 0 0 0.15
   vertex -0.240268110797 0.0467033896527 0.15
   vertex -0.244992347927 0.0454066477804 0.15
  endloop
 endfacet
 facet normal -0.26469656922 0.964331751133 0
  outer loop
   vertex -0.240268110797 0.0467033896527 -0.15
   vertex -0.244992347927 0.0454066477804 -0.15
   vertex -0.244992347927 0.0454066477804 0.15
  endloop
 endfacet
 facet normal -0.26469656922 0.964331751133 0
  outer loop
   vertex -0.240268110797 0.0467033896527 -0.15
   vertex -0.244992347927 0.0454066477804 0.15
   vertex -0.240268110797 0.0467033896527 0.15
  endloop
 endfacet
 facet normal 0 0 -1
  outer loop
   vertex 0 0 -0.15
   vertex -0.249597827057 0.0440108312363 -0.15
   vertex -0.244992347927 0.0454066477804 -0.15
  endloop
 endfacet
 facet normal 0 0 1
  outer loop
   vertex 0 0 0.15
   vertex -0.244992347927 0.0454066477804 0.15
   vertex -0.249597827057 0.0440108312363 0.15
  endloop
 endfacet
 facet normal -0.290048658311 0.957011899514 0
  outer loop
   vertex -0.244992347927 0.0454066477804 -0.15
   vertex -0.249597827057 0.0440108312363 -0.15
   vertex -0.249597827057 0.0440108312363 0.15
  endloop
 endfacet
 facet normal -0.290048658311 0.957011899514 0
  outer loop
   vertex -0.244992347927 0.0454066477804 -0.15
   vertex -0.249597827057 0.0440108312363 0.15
   vertex -0.244992347927 0.0454066477804 0.15
  endloop
 endfacet
 facet normal 0 0 -1
  outer loop
   vertex 0 0 -0.15
   vertex -0.254071435605 0.0425169769273 -0.15
   vertex -0.249597827057 0.0440108312363 -0.15
  endloop
 endfacet
 facet normal 0 0 1
  outer loop
   vertex 0 0 0.15
   vertex -0.249597827057 0.0440108312363 0.15
   vertex -0.254071435605 0.0425169769273 0.15
  endloop
 endfacet
 facet normal -0.316733677913 0.948514510841 0
  outer loop
   vertex -0.249597827057 0.0440108312363 -0.15
   vertex -0.254071435605 0.0425169769273 -0.15
   vertex -0.254071435605 0.0425169769273 0.15
  endloop
 endfacet
 facet normal -0.316733677913 0.948514510841 0
  outer loop
   vertex -0.249597827057 0.0440108312363 -0.15
   vertex -0.254071435605 0.0425169769273 0.15
   vertex -0.249597827057 0.0440108312363 0.15
  endloop
 endfacet
 facet normal 0 0 -1
  outer loop
   vertex 0 0 -0.15
   vertex -0.258400392166 0.0409266014929 -0.15
   vertex -0.254071435605 0.0425169769273 -0.15
  endloop
 endfacet
 facet normal 0 0 1
  outer loop
   vertex 0 0 0.15
   vertex -0.254071435605 0.0425169769273 0.15
   vertex -0.258400392166 0.0409266014929 0.15
  endloop
 endfacet
 facet normal -0.344845450352 0.938659477857 0
  outer loop
   vertex -0.254071435605 0.0425169769273 -0.15
   vertex -0.258400392166 0.0409266014929 -0.15
   vertex -0.258400392166 0.0409266014929 0.15
  endloop
 endfacet
 facet normal -0.344845450352 0.938659477857 0
  outer loop
   vertex -0.254071435605 0.0425169769273 -0.15
   vertex -0.258400392166 0.0409266014929 0.15
   vertex -0.254071435605 0.0425169769273 0.15
  endloop
 endfacet
 facet normal 0 0 -1
  outer loop
   vertex 0 0 -0.15
   vertex -0.262572288788 0.039241691486 -0.15
   vertex -0.258400392166 0.0409266014929 -0.15
  endloop
 endfacet
 facet normal 0 0 1
  outer loop
   vertex 0 0 0.15
   vertex -0.258400392166 0.0409266014929 0.15
   vertex -0.262572288788 0.039241691486 0.15
  endloop
 endfacet
 facet normal -0.374483229146 0.927233687421 0
  outer loop
   vertex -0.258400392166 0.0409266014929 -0.15
   vertex -0.262572288788 0.039241691486 -0.15
   vertex -0.262572288788 0.039241691486 0.15
  endloop
 endfacet
 facet normal -0.374483229146 0.927233687421 0
  outer loop
   vertex -0.258400392166 0.0409266014929 -0.15
   vertex -0.262572288788 0.039241691486 0.15
   vertex -0.258400392166 0.0409266014929 0.15
  endloop
 endfacet
 facet normal 0 0 -1
  outer loop
   vertex 0 0 -0.15
   vertex -0.266575132081 0.0374646915735 -0.15
   vertex -0.262572288788 0.039241691486 -0.15
  endloop
 endfacet
 facet normal 0 0 1
  outer loop
   vertex 0 0 0.15
   vertex -0.262572288788 0.039241691486 0.15
   vertex -0.266575132081 0.0374646915735 0.15
  endloop
 endfacet
 facet normal -0.405749165658 0.913984471732 0
  outer loop
   vertex -0.262572288788 0.039241691486 -0.15
   vertex -0.266575132081 0.0374646915735 -0.15
   vertex -0.266575132081 0.0374646915735 0.15
  endloop
 endfacet
 facet normal -0.405749165658 0.913984471732 0
  outer loop
   vertex -0.262572288788 0.039241691486 -0.15
   vertex -0.266575132081 0.0374646915735 0.15
   vertex -0.262572288788 0.039241691486 0.15
  endloop
 endfacet
 facet normal 0 0 -1
  outer loop
   vertex 0 0 -0.15
   vertex -0.270397382993 0.0355984908121 -0.15
   vertex -0.266575132081 0.0374646915735 -0.15
  endloop
 endfacet
 facet normal 0 0 1
  outer loop
   vertex 0 0 0.15
   vertex -0.266575132081 0.0374646915735 0.15
   vertex -0.270397382993 0.0355984908121 0.15
  endloop
 endfacet
 facet normal -0.438744195861 0.898612002256 0
  outer loop
   vertex -0.266575132081 0.0374646915735 -0.15
   vertex -0.270397382993 0.0355984908121 -0.15
   vertex -0.270397382993 0.0355984908121 0.15
  endloop
 endfacet
 facet normal -0.438744195861 0.898612002256 0
  outer loop
   vertex -0.266575132081 0.0374646915735 -0.15
   vertex -0.270397382993 0.0355984908121 0.15
   vertex -0.266575132081 0.0374646915735 0.15
  endloop
 endfacet
 facet normal 0 0 -1
  outer loop
   vertex 0 0 -0.15
   vertex -0.27402799513 0.0336464070572 -0.15
   vertex -0.270397382993 0.0355984908121 -0.15
  endloop
 endfacet
 facet normal 0 0 1
  outer loop
   vertex 0 0 0.15
   vertex -0.270397382993 0.0355984908121 0.15
   vertex -0.27402799513 0.0336464070572 0.15
  endloop
 endfacet
 facet normal -0.473561634659 0.880760681558 0
  outer loop
   vertex -0.270397382993 0.0355984908121 -0.15
   vertex -0.27402799513 0.0336464070572 -0.15
   vertex -0.27402799513 0.0336464070572 0.15
  endloop
 endfacet
 facet normal -0.473561634659 0.880760681558 0
  outer loop
   vertex -0.270397382993 0.0355984908121 -0.15
   vertex -0.27402799513 0.0336464070572 0.15
   vertex -0.270397382993 0.0355984908121 0.15
  endloop
 endfacet
 facet normal 0 0 -1
  outer loop
   vertex 0 0 -0.15
   vertex -0.277456451473 0.0316121695758 -0.15
   vertex -0.27402799513 0.0336464070572 -0.15
  endloop
 endfacet
 facet normal 0 0 1
  outer loop
   vertex 0 0 0.15
   vertex -0.27402799513 0.0336464070572 0.15
   vertex -0.277456451473 0.0316121695758 0.15
  endloop
 endfacet
 facet normal -0.51027751254 0.860009802384 0
  outer loop
   vertex -0.27402799513 0.0336464070572 -0.15
   vertex -0.277456451473 0.0316121695758 -0.15
   vertex -0.277456451473 0.0316121695758 0.15
  endloop
 endfacet
 facet normal -0.51027751254 0.860009802384 0
  outer loop
   vertex -0.27402799513 0.0336464070572 -0.15
   vertex -0.277456451473 0.0316121695758 0.15
   vertex -0.27402799513 0.0336464070572 0.15
  endloop
 endfacet
 facet normal 0 0 -1
  outer loop
   vertex 0 0 -0.15
   vertex -0.280672799369 0.0294998999376 -0.15
   vertex -0.277456451473 0.0316121695758 -0.15
  endloop
 endfacet
 facet normal 0 0 1
  outer loop
   vertex 0 0 0.15
   vertex -0.277456451473 0.0316121695758 0.15
   vertex -0.280672799369 0.0294998999376 0.15
  endloop
 endfacet
 facet normal -0.548936393243 0.835864125426 0
  outer loop
   vertex -0.277456451473 0.0316121695758 -0.15
   vertex -0.280672799369 0.0294998999376 -0.15
   vertex -0.280672799369 0.0294998999376 0.15
  endloop
 endfacet
 facet normal -0.548936393243 0.835864125426 0
  outer loop
   vertex -0.277456451473 0.0316121695758 -0.15
   vertex -0.280672799369 0.0294998999376 0.15
   vertex -0.277456451473 0.0316121695758 0.15
  endloop
 endfacet
 facet normal 0 0 -1
  outer loop
   vertex 0 0 -0.15
   vertex -0.283667683681 0.027314091266 -0.15
   vertex -0.280672799369 0.0294998999376 -0.15
  endloop
 endfacet
 facet normal 0 0 1
  outer loop
   vertex 0 0 0.15
   vertex -0.280672799369 0.0294998999376 0.15
   vertex -0.283667683681 0.027314091266 0.15
  endloop
 endfacet
 facet normal -0.589531114673 0.807745668408 0
  outer loop
   vertex -0.280672799369 0.0294998999376 -0.15
   vertex -0.283667683681 0.027314091266 -0.15
   vertex -0.283667683681 0.027314091266 0.15
  endloop
 endfacet
 facet normal -0.589531114673 0.807745668408 0
  outer loop
   vertex -0.280672799369 0.0294998999376 -0.15
   vertex -0.283667683681 0.027314091266 0.15
   vertex -0.280672799369 0.0294998999376 0.15
  endloop
 endfacet
 facet normal 0 0 -1
  outer loop
   vertex 0 0 -0.15
   vertex -0.28643237796 0.0250595859383 -0.15
   vertex -0.283667683681 0.027314091266 -0.15
  endloop
 endfacet
 facet normal 0 0 1
  outer loop
   vertex 0 0 0.15
   vertex -0.283667683681 0.027314091266 0.15
   vertex -0.28643237796 0.0250595859383 0.15
  endloop
 endfacet
 facet normal -0.631974707202 0.774989012475 0
  outer loop
   vertex -0.283667683681 0.027314091266 -0.15
   vertex -0.28643237796 0.0250595859383 -0.15
   vertex -0.28643237796 0.0250595859383 0.15
  endloop
 endfacet
 facet normal -0.631974707202 0.774989012475 0
  outer loop
   vertex -0.283667683681 0.027314091266 -0.15
   vertex -0.28643237796 0.0250595859383 0.15
   vertex -0.283667683681 0.027314091266 0.15
  endloop
 endfacet
 facet normal 0 0 -1
  outer loop
   vertex 0 0 -0.15
   vertex -0.288958813557 0.022741551829 -0.15
   vertex -0.28643237796 0.0250595859383 -0.15
  endloop
 endfacet
 facet normal 0 0 1
  outer loop
   vertex 0 0 0.15
   vertex -0.28643237796 0.0250595859383 0.15
   vertex -0.288958813557 0.022741551829 0.15
  endloop
 endfacet
 facet normal -0.676062889633 0.736843924628 0
  outer loop
   vertex -0.28643237796 0.0250595859383 -0.15
   vertex -0.288958813557 0.022741551829 -0.15
   vertex -0.288958813557 0.022741551829 0.15
  endloop
 endfacet
 facet normal -0.676062889633 0.736843924628 0
  outer loop
   vertex -0.28643237796 0.0250595859383 -0.15
   vertex -0.288958813557 0.022741551829 0.15
   vertex -0.28643237796 0.0250595859383 0.15
  endloop
 endfacet
 facet normal 0 0 -1
  outer loop
   vertex 0 0 -0.15
   vertex -0.291239606551 0.0203654571978 -0.15
   vertex -0.288958813557 0.022741551829 -0.15
  endloop
 endfacet
 facet normal 0 0 1
  outer loop
   vertex 0 0 0.15
   vertex -0.288958813557 0.022741551829 0.15
   vertex -0.291239606551 0.0203654571978 0.15
  endloop
 endfacet
 facet normal -0.721426431677 0.692491085631 0
  outer loop
   vertex -0.288958813557 0.022741551829 -0.15
   vertex -0.291239606551 0.0203654571978 -0.15
   vertex -0.291239606551 0.0203654571978 0.15
  endloop
 endfacet
 facet normal -0.721426431677 0.692491085631 0
  outer loop
   vertex -0.288958813557 0.022741551829 -0.15
   vertex -0.291239606551 0.0203654571978 0.15
   vertex -0.288958813557 0.022741551829 0.15
  endloop
 endfacet
 facet normal 0 0 -1
  outer loop
   vertex 0 0 -0.15
   vertex -0.293268082404 0.0179370443264 -0.15
   vertex -0.291239606551 0.0203654571978 -0.15
  endloop
 endfacet
 facet normal 0 0 1
  outer loop
   vertex 0 0 0.15
   vertex -0.291239606551 0.0203654571978 0.15
   vertex -0.293268082404 0.0179370443264 0.15
  endloop
 endfacet
 facet normal -0.767474936569 0.641078951252 0
  outer loop
   vertex -0.291239606551 0.0203654571978 -0.15
   vertex -0.293268082404 0.0179370443264 -0.15
   vertex -0.293268082404 0.0179370443264 0.15
  endloop
 endfacet
 facet normal -0.767474936569 0.641078951252 0
  outer loop
   vertex -0.291239606551 0.0203654571978 -0.15
   vertex -0.293268082404 0.0179370443264 0.15
   vertex -0.291239606551 0.0203654571978 0.15
  endloop
 endfacet
 facet normal 0 0 -1
  outer loop
   vertex 0 0 -0.15
   vertex -0.295038298269 0.0154623020157 -0.15
   vertex -0.293268082404 0.0179370443264 -0.15
  endloop
 endfacet
 facet normal 0 0 1
  outer loop
   vertex 0 0 0.15
   vertex -0.293268082404 0.0179370443264 0.15
   vertex -0.295038298269 0.0154623020157 0.15
  endloop
 endfacet
 facet normal -0.813338019199 0.581791428714 0
  outer loop
   vertex -0.293268082404 0.0179370443264 -0.15
   vertex -0.295038298269 0.0154623020157 -0.15
   vertex -0.295038298269 0.0154623020157 0.15
  endloop
 endfacet
 facet normal -0.813338019199 0.581791428714 0
  outer loop
   vertex -0.293268082404 0.0179370443264 -0.15
   vertex -0.295038298269 0.0154623020157 0.15
   vertex -0.293268082404 0.0179370443264 0.15
  endloop
 endfacet
 facet normal 0 0 -1
  outer loop
   vertex 0 0 -0.15
   vertex -0.296545062849 0.0129474370588 -0.15
   vertex -0.295038298269 0.0154623020157 -0.15
  endloop
 endfacet
 facet normal 0 0 1
  outer loop
   vertex 0 0 0.15
   vertex -0.295038298269 0.0154623020157 0.15
   vertex -0.296545062849 0.0129474370588 0.15
  endloop
 endfacet
 facet normal -0.857816958765 0.513955314454 0
  outer loop
   vertex -0.295038298269 0.0154623020157 -0.15
   vertex -0.296545062849 0.0129474370588 -0.15
   vertex -0.296545062849 0.0129474370588 0.15
  endloop
 endfacet
 facet normal -0.857816958765 0.513955314454 0
  outer loop
   vertex -0.295038298269 0.0154623020157 -0.15
   vertex -0.296545062849 0.0129474370588 0.15
   vertex -0.295038298269 0.0154623020157 0.15
  endloop
 endfacet
 facet normal 0 0 -1
  outer loop
   vertex 0 0 -0.15
   vertex -0.297783953764 0.0103988448077 -0.15
   vertex -0.296545062849 0.0129474370588 -0.15
  endloop
 endfacet
 facet normal 0 0 1
  outer loop
   vertex 0 0 0.15
   vertex -0.296545062849 0.0129474370588 0.15
   vertex -0.297783953764 0.0103988448077 0.15
  endloop
 endfacet
 facet normal -0.899368977461 0.437190396029 0
  outer loop
   vertex -0.296545062849 0.0129474370588 -0.15
   vertex -0.297783953764 0.0103988448077 -0.15
   vertex -0.297783953764 0.0103988448077 0.15
  endloop
 endfacet
 facet normal -0.899368977461 0.437190396029 0
  outer loop
   vertex -0.296545062849 0.0129474370588 -0.15
   vertex -0.297783953764 0.0103988448077 0.15
   vertex -0.296545062849 0.0129474370588 0.15
  endloop
 endfacet
 facet normal 0 0 -1
  outer loop
   vertex 0 0 -0.15
   vertex -0.298751332342 0.0078230789574 -0.15
   vertex -0.297783953764 0.0103988448077 -0.15
  endloop
 endfacet
 facet normal 0 0 1
  outer loop
   vertex 0 0 0.15
   vertex -0.297783953764 0.0103988448077 0.15
   vertex -0.298751332342 0.0078230789574 0.15
  endloop
 endfacet
 facet normal -0.936153843675 0.351590644035 0
  outer loop
   vertex -0.297783953764 0.0103988448077 -0.15
   vertex -0.298751332342 0.0078230789574 -0.15
   vertex -0.298751332342 0.0078230789574 0.15
  endloop
 endfacet
 facet normal -0.936153843675 0.351590644035 0
  outer loop
   vertex -0.297783953764 0.0103988448077 -0.15
   vertex -0.298751332342 0.0078230789574 0.15
   vertex -0.297783953764 0.0103988448077 0.15
  endloop
 endfacet
 facet normal 0 0 -1
  outer loop
   vertex 0 0 -0.15
   vertex -0.299444355796 0.0052268206728 -0.15
   vertex -0.298751332342 0.0078230789574 -0.15
  endloop
 endfacet
 facet normal 0 0 1
  outer loop
   vertex 0 0 0.15
   vertex -0.298751332342 0.0078230789574 0.15
   vertex -0.299444355796 0.0052268206728 0.15
  endloop
 endfacet
 facet normal -0.966171175809 0.257901646051 0
  outer loop
   vertex -0.298751332342 0.0078230789574 -0.15
   vertex -0.299444355796 0.0052268206728 -0.15
   vertex -0.299444355796 0.0052268206728 0.15
  endloop
 endfacet
 facet normal -0.966171175809 0.257901646051 0
  outer loop
   vertex -0.298751332342 0.0078230789574 -0.15
   vertex -0.299444355796 0.0052268206728 0.15
   vertex -0.298751332342 0.0078230789574 0.15
  endloop
 endfacet
 facet normal 0 0 -1
  outer loop
   vertex 0 0 -0.15
   vertex -0.299860986738 0.00261684718687 -0.15
   vertex -0.299444355796 0.0052268206728 -0.15
  endloop
 endfacet
 facet normal 0 0 1
  outer loop
   vertex 0 0 0.15
   vertex -0.299444355796 0.0052268206728 0.15
   vertex -0.299860986738 0.00261684718687 0.15
  endloop
 endfacet
 facet normal -0.987497516802 0.157634559379 0
  outer loop
   vertex -0.299444355796 0.0052268206728 -0.15
   vertex -0.299860986738 0.00261684718687 -0.15
   vertex -0.299860986738 0.00261684718687 0.15
  endloop
 endfacet
 facet normal -0.987497516802 0.157634559379 0
  outer loop
   vertex -0.299444355796 0.0052268206728 -0.15
   vertex -0.299860986738 0.00261684718687 0.15
   vertex -0.299444355796 0.0052268206728 0.15
  endloop
 endfacet
 facet normal 0 0 -1
  outer loop
   vertex 0 0 -0.15
   vertex -0.3 3.67394039744e-17 -0.15
   vertex -0.299860986738 0.00261684718687 -0.15
  endloop
 endfacet
 facet normal 0 0 1
  outer loop
   vertex 0 0 0.15
   vertex -0.299860986738 0.00261684718687 0.15
   vertex -0.3 3.67394039744e-17 0.15
  endloop
 endfacet
 facet normal -0.998591983462 0.053047625454 0
  outer loop
   vertex -0.299860986738 0.00261684718687 -0.15
   vertex -0.3 3.67394039744e-17 -0.15
   vertex -0.3 3.67394039744e-17 0.15
  endloop
 endfacet
 facet normal -0.998591983462 0.053047625454 0
  outer loop
   vertex -0.299860986738 0.00261684718687 -0.15
   vertex -0.3 3.67394039744e-17 0.15
   vertex -0.299860986738 0.00261684718687 0.15
  endloop
 endfacet
 facet normal -0 0 -1
  outer loop
   vertex 0 0 -0.15
   vertex -0.299860986738 -0.00261684718687 -0.15
   vertex -0.3 3.67394039744e-17 -0.15
  endloop
 endfacet
 facet normal 0 0 1
  outer loop
   vertex 0 0 0.15
   vertex -0.3 3.67394039744e-17 0.15
   vertex -0.299860986738 -0.00261684718687 0.15
  endloop
 endfacet
 facet normal -0.998591983462 -0.053047625454 0
  outer loop
   vertex -0.3 3.67394039744e-17 -0.15
   vertex -0.299860986738 -0.00261684718687 -0.15
   vertex -0.299860986738 -0.00261684718687 0.15
  endloop
 endfacet
 facet normal -0.998591983462 -0.053047625454 0
  outer loop
   vertex -0.3 3.67394039744e-17 -0.15
   vertex -0.299860986738 -0.00261684718687 0.15
   vertex -0.3 3.67394039744e-17 0.15
  endloop
 endfacet
 facet normal 0 0 -1
  outer loop
   vertex 0 0 -0.15
   vertex -0.299444355796 -0.0052268206728 -0.15
   vertex -0.299860986738 -0.00261684718687 -0.15
  endloop
 endfacet
 facet normal 0 0 1
  outer loop
   vertex 0 0 0.15
   vertex -0.299860986738 -0.00261684718687 0.15
   vertex -0.299444355796 -0.0052268206728 0.15
  endloop
 endfacet
 facet normal -0.987497516802 -0.157634559379 0
  outer loop
   vertex -0.299860986738 -0.00261684718687 -0.15
   vertex -0.299444355796 -0.0052268206728 -0.15
   vertex -0.299444355796 -0.0052268206728 0.15
  endloop
 endfacet
 facet normal -0.987497516802 -0.157634559379 0
  outer loop
   vertex -0.299860986738 -0.00261684718687 -0.15
   vertex -0.299444355796 -0.0052268206728 0.15
   vertex -0.299860986738 -0.00261684718687 0.15
  endloop
 endfacet
 facet normal 0 0 -1
  outer loop
   vertex 0 0 -0.15
   vertex -0.298751332342 -0.0078230789574 -0.15
   vertex -0.299444355796 -0.0052268206728 -0.15
  endloop
 endfacet
 facet normal 0 0 1
  outer loop
   vertex 0 0 0.15
   vertex -0.299444355796 -0.0052268206728 0.15
   vertex -0.298751332342 -0.0078230789574 0.15
  endloop
 endfacet
 facet normal -0.966171175809 -0.257901646051 0
  outer loop
   vertex -0.299444355796 -0.0052268206728 -0.15
   vertex -0.298751332342 -0.0078230789574 -0.15
   vertex -0.298751332342 -0.0078230789574 0.15
  endloop
 endfacet
 facet normal -0.966171175809 -0.257901646051 0
  outer loop
   vertex -0.299444355796 -0.0052268206728 -0.15
   vertex -0.298751332342 -0.0078230789574 0.15
   vertex -0.299444355796 -0.0052268206728 0.15
  endloop
 endfacet
 facet normal 0 0 -1
  outer loop
   vertex 0 0 -0.15
   vertex -0.297783953764 -0.0103988448077 -0.15
   vertex -0.298751332342 -0.0078230789574 -0.15
  endloop
 endfacet
 facet normal 0 0 1
  outer loop
   vertex 0 0 0.15
   vertex -0.298751332342 -0.0078230789574 0.15
   vertex -0.297783953764 -0.0103988448077 0.15
  endloop
 endfacet
 facet normal -0.936153843675 -0.351590644035 0
  outer loop
   vertex -0.298751332342 -0.0078230789574 -0.15
   vertex -0.297783953764 -0.0103988448077 -0.15
   vertex -0.297783953764 -0.0103988448077 0.15
  endloop
 endfacet
 facet normal -0.936153843675 -0.351590644035 0
  outer loop
   vertex -0.298751332342 -0.0078230789574 -0.15
   vertex -0.297783953764 -0.0103988448077 0.15
   vertex -0.298751332342 -0.0078230789574 0.15
  endloop
 endfacet
 facet normal 0 0 -1
  outer loop
   vertex 0 0 -0.15
   vertex -0.296545062849 -0.0129474370588 -0.15
   vertex -0.297783953764 -0.0103988448077 -0.15
  endloop
 endfacet
 facet normal 0 0 1
  outer loop
   vertex 0 0 0.15
   vertex -0.297783953764 -0.0103988448077 0.15
   vertex -0.296545062849 -0.0129474370588 0.15
  endloop
 endfacet
 facet normal -0.899368977461 -0.437190396029 0
  outer loop
   vertex -0.297783953764 -0.0103988448077 -0.15
   vertex -0.296545062849 -0.0129474370588 -0.15
   vertex -0.296545062849 -0.0129474370588 0.15
  endloop
 endfacet
 facet normal -0.899368977461 -0.437190396029 0
  outer loop
   vertex -0.297783953764 -0.0103988448077 -0.15
   vertex -0.296545062849 -0.0129474370588 0.15
   vertex -0.297783953764 -0.0103988448077 0.15
  endloop
 endfacet
 facet normal 0 0 -1
  outer loop
   vertex 0 0 -0.15
   vertex -0.295038298269 -0.0154623020157 -0.15
   vertex -0.296545062849 -0.0129474370588 -0.15
  endloop
 endfacet
 facet normal 0 0 1
  outer loop
   vertex 0 0 0.15
   vertex -0.296545062849 -0.0129474370588 0.15
   vertex -0.295038298269 -0.0154623020157 0.15
  endloop
 endfacet
 facet normal -0.857816958765 -0.513955314454 0
  outer loop
   vertex -0.296545062849 -0.0129474370588 -0.15
   vertex -0.295038298269 -0.0154623020157 -0.15
   vertex -0.295038298269 -0.0154623020157 0.15
  endloop
 endfacet
 facet normal -0.857816958765 -0.513955314454 0
  outer loop
   vertex -0.296545062849 -0.0129474370588 -0.15
   vertex -0.295038298269 -0.0154623020157 0.15
   vertex -0.296545062849 -0.0129474370588 0.15
  endloop
 endfacet
 facet normal 0 0 -1
  outer loop
   vertex 0 0 -0.15
   vertex -0.293268082404 -0.0179370443264 -0.15
   vertex -0.295038298269 -0.0154623020157 -0.15
  endloop
 endfacet
 facet normal 0 0 1
  outer loop
   vertex 0 0 0.15
   vertex -0.295038298269 -0.0154623020157 0.15
   vertex -0.293268082404 -0.0179370443264 0.15
  endloop
 endfacet
 facet normal -0.813338019199 -0.581791428714 0
  outer loop
   vertex -0.295038298269 -0.0154623020157 -0.15
   vertex -0.293268082404 -0.0179370443264 -0.15
   vertex -0.293268082404 -0.0179370443264 0.15
  endloop
 endfacet
 facet normal -0.813338019199 -0.581791428714 0
  outer loop
   vertex -0.295038298269 -0.0154623020157 -0.15
   vertex -0.293268082404 -0.0179370443264 0.15
   vertex -0.295038298269 -0.0154623020157 0.15
  endloop
 endfacet
 facet normal 0 0 -1
  outer loop
   vertex 0 0 -0.15
   vertex -0.291239606551 -0.0203654571978 -0.15
   vertex -0.293268082404 -0.0179370443264 -0.15
  endloop
 endfacet
 facet normal 0 0 1
  outer loop
   vertex 0 0 0.15
   vertex -0.293268082404 -0.0179370443264 0.15
   vertex -0.291239606551 -0.0203654571978 0.15
  endloop
 endfacet
 facet normal -0.767474936569 -0.641078951252 0
  outer loop
   vertex -0.293268082404 -0.0179370443264 -0.15
   vertex -0.291239606551 -0.0203654571978 -0.15
   vertex -0.291239606551 -0.0203654571978 0.15
  endloop
 endfacet
 facet normal -0.767474936569 -0.641078951252 0
  outer loop
   vertex -0.293268082404 -0.0179370443264 -0.15
   vertex -0.291239606551 -0.0203654571978 0.15
   vertex -0.293268082404 -0.0179370443264 0.15
  endloop
 endfacet
 facet normal 0 0 -1
  outer loop
   vertex 0 0 -0.15
   vertex -0.288958813557 -0.022741551829 -0.15
   vertex -0.291239606551 -0.0203654571978 -0.15
  endloop
 endfacet
 facet normal 0 0 1
  outer loop
   vertex 0 0 0.15
   vertex -0.291239606551 -0.0203654571978 0.15
   vertex -0.288958813557 -0.022741551829 0.15
  endloop
 endfacet
 facet normal -0.721426431677 -0.692491085631 0
  outer loop
   vertex -0.291239606551 -0.0203654571978 -0.15
   vertex -0.288958813557 -0.022741551829 -0.15
   vertex -0.288958813557 -0.022741551829 0.15
  endloop
 endfacet
 facet normal -0.721426431677 -0.692491085631 0
  outer loop
   vertex -0.291239606551 -0.0203654571978 -0.15
   vertex -0.288958813557 -0.022741551829 0.15
   vertex -0.291239606551 -0.0203654571978 0.15
  endloop
 endfacet
 facet normal 0 0 -1
  outer loop
   vertex 0 0 -0.15
   vertex -0.28643237796 -0.0250595859383 -0.15
   vertex -0.288958813557 -0.022741551829 -0.15
  endloop
 endfacet
 facet normal 0 0 1
  outer loop
   vertex 0 0 0.15
   vertex -0.288958813557 -0.022741551829 0.15
   vertex -0.28643237796 -0.0250595859383 0.15
  endloop
 endfacet
 facet normal -0.676062889633 -0.736843924628 0
  outer loop
   vertex -0.288958813557 -0.022741551829 -0.15
   vertex -0.28643237796 -0.0250595859383 -0.15
   vertex -0.28643237796 -0.0250595859383 0.15
  endloop
 endfacet
 facet normal -0.676062889633 -0.736843924628 0
  outer loop
   vertex -0.288958813557 -0.022741551829 -0.15
   vertex -0.28643237796 -0.0250595859383 0.15
   vertex -0.288958813557 -0.022741551829 0.15
  endloop
 endfacet
 facet normal 0 0 -1
  outer loop
   vertex 0 0 -0.15
   vertex -0.283667683681 -0.027314091266 -0.15
   vertex -0.28643237796 -0.0250595859383 -0.15
  endloop
 endfacet
 facet normal 0 0 1
  outer loop
   vertex 0 0 0.15
   vertex -0.28643237796 -0.0250595859383 0.15
   vertex -0.283667683681 -0.027314091266 0.15
  endloop
 endfacet
 facet normal -0.631974707202 -0.774989012475 0
  outer loop
   vertex -0.28643237796 -0.0250595859383 -0.15
   vertex -0.283667683681 -0.027314091266 -0.15
   vertex -0.283667683681 -0.027314091266 0.15
  endloop
 endfacet
 facet normal -0.631974707202 -0.774989012475 0
  outer loop
   vertex -0.28643237796 -0.0250595859383 -0.15
   vertex -0.283667683681 -0.027314091266 0.15
   vertex -0.28643237796 -0.0250595859383 0.15
  endloop
 endfacet
 facet normal 0 0 -1
  outer loop
   vertex 0 0 -0.15
   vertex -0.280672799369 -0.0294998999376 -0.15
   vertex -0.283667683681 -0.027314091266 -0.15
  endloop
 endfacet
 facet normal 0 0 1
  outer loop
   vertex 0 0 0.15
   vertex -0.283667683681 -0.027314091266 0.15
   vertex -0.280672799369 -0.0294998999376 0.15
  endloop
 endfacet
 facet normal -0.589531114673 -0.807745668408 0
  outer loop
   vertex -0.283667683681 -0.027314091266 -0.15
   vertex -0.280672799369 -0.0294998999376 -0.15
   vertex -0.280672799369 -0.0294998999376 0.15
  endloop
 endfacet
 facet normal -0.589531114673 -0.807745668408 0
  outer loop
   vertex -0.283667683681 -0.027314091266 -0.15
   vertex -0.280672799369 -0.0294998999376 0.15
   vertex -0.283667683681 -0.027314091266 0.15
  endloop
 endfacet
 facet normal 0 0 -1
  outer loop
   vertex 0 0 -0.15
   vertex -0.277456451473 -0.0316121695758 -0.15
   vertex -0.280672799369 -0.0294998999376 -0.15
  endloop
 endfacet
 facet normal 0 0 1
  outer loop
   vertex 0 0 0.15
   vertex -0.280672799369 -0.0294998999376 0.15
   vertex -0.277456451473 -0.0316121695758 0.15
  endloop
 endfacet
 facet normal -0.548936393243 -0.835864125426 0
  outer loop
   vertex -0.280672799369 -0.0294998999376 -0.15
   vertex -0.277456451473 -0.0316121695758 -0.15
   vertex -0.277456451473 -0.0316121695758 0.15
  endloop
 endfacet
 facet normal -0.548936393243 -0.835864125426 0
  outer loop
   vertex -0.280672799369 -0.0294998999376 -0.15
   vertex -0.277456451473 -0.0316121695758 0.15
   vertex -0.280672799369 -0.0294998999376 0.15
  endloop
 endfacet
 facet normal 0 0 -1
  outer loop
   vertex 0 0 -0.15
   vertex -0.27402799513 -0.0336464070572 -0.15
   vertex -0.277456451473 -0.0316121695758 -0.15
  endloop
 endfacet
 facet normal 0 0 1
  outer loop
   vertex 0 0 0.15
   vertex -0.277456451473 -0.0316121695758 0.15
   vertex -0.27402799513 -0.0336464070572 0.15
  endloop
 endfacet
 facet normal -0.51027751254 -0.860009802384 0
  outer loop
   vertex -0.277456451473 -0.0316121695758 -0.15
   vertex -0.27402799513 -0.0336464070572 -0.15
   vertex -0.27402799513 -0.0336464070572 0.15
  endloop
 endfacet
 facet normal -0.51027751254 -0.860009802384 0
  outer loop
   vertex -0.277456451473 -0.0316121695758 -0.15
   vertex -0.27402799513 -0.0336464070572 0.15
   vertex -0.277456451473 -0.0316121695758 0.15
  endloop
 endfacet
 facet normal 0 0 -1
  outer loop
   vertex 0 0 -0.15
   vertex -0.270397382993 -0.0355984908121 -0.15
   vertex -0.27402799513 -0.0336464070572 -0.15
  endloop
 endfacet
 facet normal 0 0 1
  outer loop
   vertex 0 0 0.15
   vertex -0.27402799513 -0.0336464070572 0.15
   vertex -0.270397382993 -0.0355984908121 0.15
  endloop
 endfacet
 facet normal -0.473561634659 -0.880760681558 0
  outer loop
   vertex -0.27402799513 -0.0336464070572 -0.15
   vertex -0.270397382993 -0.0355984908121 -0.15
   vertex -0.270397382993 -0.0355984908121 0.15
  endloop
 endfacet
 facet normal -0.473561634659 -0.880760681558 0
  outer loop
   vertex -0.27402799513 -0.0336464070572 -0.15
   vertex -0.270397382993 -0.0355984908121 0.15
   vertex -0.27402799513 -0.0336464070572 0.15
  endloop
 endfacet
 facet normal 0 0 -1
  outer loop
   vertex 0 0 -0.15
   vertex -0.266575132081 -0.0374646915735 -0.15
   vertex -0.270397382993 -0.0355984908121 -0.15
  endloop
 endfacet
 facet normal 0 0 1
  outer loop
   vertex 0 0 0.15
   vertex -0.270397382993 -0.0355984908121 0.15
   vertex -0.266575132081 -0.0374646915735 0.15
  endloop
 endfacet
 facet normal -0.438744195861 -0.898612002256 0
  outer loop
   vertex -0.270397382993 -0.0355984908121 -0.15
   vertex -0.266575132081 -0.0374646915735 -0.15
   vertex -0.266575132081 -0.0374646915735 0.15
  endloop
 endfacet
 facet normal -0.438744195861 -0.898612002256 0
  outer loop
   vertex -0.270397382993 -0.0355984908121 -0.15
   vertex -0.266575132081 -0.0374646915735 0.15
   vertex -0.270397382993 -0.0355984908121 0.15
  endloop
 endfacet
 facet normal 0 0 -1
  outer loop
   vertex 0 0 -0.15
   vertex -0.262572288788 -0.039241691486 -0.15
   vertex -0.266575132081 -0.0374646915735 -0.15
  endloop
 endfacet
 facet normal 0 0 1
  outer loop
   vertex 0 0 0.15
   vertex -0.266575132081 -0.0374646915735 0.15
   vertex -0.262572288788 -0.039241691486 0.15
  endloop
 endfacet
 facet normal -0.405749165658 -0.913984471732 0
  outer loop
   vertex -0.266575132081 -0.0374646915735 -0.15
   vertex -0.262572288788 -0.039241691486 -0.15
   vertex -0.262572288788 -0.039241691486 0.15
  endloop
 endfacet
 facet normal -0.405749165658 -0.913984471732 0
  outer loop
   vertex -0.266575132081 -0.0374646915735 -0.15
   vertex -0.262572288788 -0.039241691486 0.15
   vertex -0.266575132081 -0.0374646915735 0.15
  endloop
 endfacet
 facet normal 0 0 -1
  outer loop
   vertex 0 0 -0.15
   vertex -0.258400392166 -0.0409266014929 -0.15
   vertex -0.262572288788 -0.039241691486 -0.15
  endloop
 endfacet
 facet normal 0 0 1
  outer loop
   vertex 0 0 0.15
   vertex -0.262572288788 -0.039241691486 0.15
   vertex -0.258400392166 -0.0409266014929 0.15
  endloop
 endfacet
 facet normal -0.374483229146 -0.927233687421 0
  outer loop
   vertex -0.262572288788 -0.039241691486 -0.15
   vertex -0.258400392166 -0.0409266014929 -0.15
   vertex -0.258400392166 -0.0409266014929 0.15
  endloop
 endfacet
 facet normal -0.374483229146 -0.927233687421 0
  outer loop
   vertex -0.262572288788 -0.039241691486 -0.15
   vertex -0.258400392166 -0.0409266014929 0.15
   vertex -0.262572288788 -0.039241691486 0.15
  endloop
 endfacet
 facet normal 0 0 -1
  outer loop
   vertex 0 0 -0.15
   vertex -0.254071435605 -0.0425169769273 -0.15
   vertex -0.258400392166 -0.0409266014929 -0.15
  endloop
 endfacet
 facet normal 0 0 1
  outer loop
   vertex 0 0 0.15
   vertex -0.258400392166 -0.0409266014929 0.15
   vertex -0.254071435605 -0.0425169769273 0.15
  endloop
 endfacet
 facet normal -0.344845450352 -0.938659477857 0
  outer loop
   vertex -0.258400392166 -0.0409266014929 -0.15
   vertex -0.254071435605 -0.0425169769273 -0.15
   vertex -0.254071435605 -0.0425169769273 0.15
  endloop
 endfacet
 facet normal -0.344845450352 -0.938659477857 0
  outer loop
   vertex -0.258400392166 -0.0409266014929 -0.15
   vertex -0.254071435605 -0.0425169769273 0.15
   vertex -0.258400392166 -0.0409266014929 0.15
  endloop
 endfacet
 facet normal 0 0 -1
  outer loop
   vertex 0 0 -0.15
   vertex -0.249597827057 -0.0440108312363 -0.15
   vertex -0.254071435605 -0.0425169769273 -0.15
  endloop
 endfacet
 facet normal 0 0 1
  outer loop
   vertex 0 0 0.15
   vertex -0.254071435605 -0.0425169769273 0.15
   vertex -0.249597827057 -0.0440108312363 0.15
  endloop
 endfacet
 facet normal -0.316733677913 -0.948514510841 0
  outer loop
   vertex -0.254071435605 -0.0425169769273 -0.15
   vertex -0.249597827057 -0.0440108312363 -0.15
   vertex -0.249597827057 -0.0440108312363 0.15
  endloop
 endfacet
 facet normal -0.316733677913 -0.948514510841 0
  outer loop
   vertex -0.254071435605 -0.0425169769273 -0.15
   vertex -0.249597827057 -0.0440108312363 0.15
   vertex -0.254071435605 -0.0425169769273 0.15
  endloop
 endfacet
 facet normal 0 0 -1
  outer loop
   vertex 0 0 -0.15
   vertex -0.244992347927 -0.0454066477804 -0.15
   vertex -0.249597827057 -0.0440108312363 -0.15
  endloop
 endfacet
 facet normal 0 0 1
  outer loop
   vertex 0 0 0.15
   vertex -0.249597827057 -0.0440108312363 0.15
   vertex -0.244992347927 -0.0454066477804 0.15
  endloop
 endfacet
 facet normal -0.290048658311 -0.957011899514 0
  outer loop
   vertex -0.249597827057 -0.0440108312363 -0.15
   vertex -0.244992347927 -0.0454066477804 -0.15
   vertex -0.244992347927 -0.0454066477804 0.15
  endloop
 endfacet
 facet normal -0.290048658311 -0.957011899514 0
  outer loop
   vertex -0.249597827057 -0.0440108312363 -0.15
   vertex -0.244992347927 -0.0454066477804 0.15
   vertex -0.249597827057 -0.0440108312363 0.15
  endloop
 endfacet
 facet normal 0 0 -1
  outer loop
   vertex 0 0 -0.15
   vertex -0.240268110797 -0.0467033896527 -0.15
   vertex -0.244992347927 -0.0454066477804 -0.15
  endloop
 endfacet
 facet normal 0 0 1
  outer loop
   vertex 0 0 0.15
   vertex -0.244992347927 -0.0454066477804 0.15
   vertex -0.240268110797 -0.0467033896527 0.15
  endloop
 endfacet
 facet normal -0.26469656922 -0.964331751133 0
  outer loop
   vertex -0.244992347927 -0.0454066477804 -0.15
   vertex -0.240268110797 -0.0467033896527 -0.15
   vertex -0.240268110797 -0.0467033896527 0.15
  endloop
 endfacet
 facet normal -0.26469656922 -0.964331751133 0
  outer loop
   vertex -0.244992347927 -0.0454066477804 -0.15
   vertex -0.240268110797 -0.0467033896527 0.15
   vertex -0.244992347927 -0.0454066477804 0.15
  endloop
 endfacet
 facet normal 0 0 -1
  outer loop
   vertex 0 0 -0.15
   vertex -0.2354385161 -0.0479005074735 -0.15
   vertex -0.240268110797 -0.0467033896527 -0.15
  endloop
 endfacet
 facet normal 0 0 1
  outer loop
   vertex 0 0 0.15
   vertex -0.240268110797 -0.0467033896527 0.15
   vertex -0.2354385161 -0.0479005074735 0.15
  endloop
 endfacet
 facet normal -0.240590486257 -0.970626713996 0
  outer loop
   vertex -0.240268110797 -0.0467033896527 -0.15
   vertex -0.2354385161 -0.0479005074735 -0.15
   vertex -0.2354385161 -0.0479005074735 0.15
  endloop
 endfacet
 facet normal -0.240590486257 -0.970626713996 0
  outer loop
   vertex -0.240268110797 -0.0467033896527 -0.15
   vertex -0.2354385161 -0.0479005074735 0.15
   vertex -0.240268110797 -0.0467033896527 0.15
  endloop
 endfacet
 facet normal 0 0 -1
  outer loop
   vertex 0 0 -0.15
   vertex -0.230517207925 -0.0489979451222 -0.15
   vertex -0.2354385161 -0.0479005074735 -0.15
  endloop
 endfacet
 facet normal 0 0 1
  outer loop
   vertex 0 0 0.15
   vertex -0.2354385161 -0.0479005074735 0.15
   vertex -0.230517207925 -0.0489979451222 0.15
  endloop
 endfacet
 facet normal -0.21765114669 -0.976026627887 0
  outer loop
   vertex -0.2354385161 -0.0479005074735 -0.15
   vertex -0.230517207925 -0.0489979451222 -0.15
   vertex -0.230517207925 -0.0489979451222 0.15
  endloop
 endfacet
 facet normal -0.21765114669 -0.976026627887 0
  outer loop
   vertex -0.2354385161 -0.0479005074735 -0.15
   vertex -0.230517207925 -0.0489979451222 0.15
   vertex -0.2354385161 -0.0479005074735 0.15
  endloop
 endfacet
 facet normal 0 0 -1
  outer loop
   vertex 0 0 -0.15
   vertex -0.225518029087 -0.0499961433784 -0.15
   vertex -0.230517207925 -0.0489979451222 -0.15
  endloop
 endfacet
 facet normal 0 0 1
  outer loop
   vertex 0 0 0.15
   vertex -0.230517207925 -0.0489979451222 0.15
   vertex -0.225518029087 -0.0499961433784 0.15
  endloop
 endfacet
 facet normal -0.195807264488 -0.980642399233 0
  outer loop
   vertex -0.230517207925 -0.0489979451222 -0.15
   vertex -0.225518029087 -0.0499961433784 -0.15
   vertex -0.225518029087 -0.0499961433784 0.15
  endloop
 endfacet
 facet normal -0.195807264488 -0.980642399233 0
  outer loop
   vertex -0.230517207925 -0.0489979451222 -0.15
   vertex -0.225518029087 -0.0499961433784 0.15
   vertex -0.230517207925 -0.0489979451222 0.15
  endloop
 endfacet
 facet normal 0 0 -1
  outer loop
   vertex 0 0 -0.15
   vertex -0.220454975633 -0.0508960414491 -0.15
   vertex -0.225518029087 -0.0499961433784 -0.15
  endloop
 endfacet
 facet normal 0 0 1
  outer loop
   vertex 0 0 0.15
   vertex -0.225518029087 -0.0499961433784 0.15
   vertex -0.220454975633 -0.0508960414491 0.15
  endloop
 endfacet
 facet normal -0.174995573291 -0.984569220181 0
  outer loop
   vertex -0.225518029087 -0.0499961433784 -0.15
   vertex -0.220454975633 -0.0508960414491 -0.15
   vertex -0.220454975633 -0.0508960414491 0.15
  endloop
 endfacet
 facet normal -0.174995573291 -0.984569220181 0
  outer loop
   vertex -0.225518029087 -0.0499961433784 -0.15
   vertex -0.220454975633 -0.0508960414491 0.15
   vertex -0.225518029087 -0.0499961433784 0.15
  endloop
 endfacet
 facet normal 0 0 -1
  outer loop
   vertex 0 0 -0.15
   vertex -0.215342150926 -0.0516990763719 -0.15
   vertex -0.220454975633 -0.0508960414491 -0.15
  endloop
 endfacet
 facet normal 0 0 1
  outer loop
   vertex 0 0 0.15
   vertex -0.220454975633 -0.0508960414491 0.15
   vertex -0.215342150926 -0.0516990763719 0.15
  endloop
 endfacet
 facet normal -0.155160719397 -0.987889240328 0
  outer loop
   vertex -0.220454975633 -0.0508960414491 -0.15
   vertex -0.215342150926 -0.0516990763719 -0.15
   vertex -0.215342150926 -0.0516990763719 0.15
  endloop
 endfacet
 facet normal -0.155160719397 -0.987889240328 0
  outer loop
   vertex -0.220454975633 -0.0508960414491 -0.15
   vertex -0.215342150926 -0.0516990763719 0.15
   vertex -0.220454975633 -0.0508960414491 0.15
  endloop
 endfacet
 facet normal 0 0 -1
  outer loop
   vertex 0 0 -0.15
   vertex -0.210193719478 -0.0524071802875 -0.15
   vertex -0.215342150926 -0.0516990763719 -0.15
  endloop
 endfacet
 facet normal 0 0 1
  outer loop
   vertex 0 0 0.15
   vertex -0.215342150926 -0.0516990763719 0.15
   vertex -0.210193719478 -0.0524071802875 0.15
  endloop
 endfacet
 facet normal -0.136255089373 -0.990673786178 0
  outer loop
   vertex -0.215342150926 -0.0516990763719 -0.15
   vertex -0.210193719478 -0.0524071802875 -0.15
   vertex -0.210193719478 -0.0524071802875 0.15
  endloop
 endfacet
 facet normal -0.136255089373 -0.990673786178 0
  outer loop
   vertex -0.215342150926 -0.0516990763719 -0.15
   vertex -0.210193719478 -0.0524071802875 0.15
   vertex -0.215342150926 -0.0516990763719 0.15
  endloop
 endfacet
 facet normal 0 0 -1
  outer loop
   vertex 0 0 -0.15
   vertex -0.205023860694 -0.0530227755881 -0.15
   vertex -0.210193719478 -0.0524071802875 -0.15
  endloop
 endfacet
 facet normal 0 0 1
  outer loop
   vertex 0 0 0.15
   vertex -0.210193719478 -0.0524071802875 0.15
   vertex -0.205023860694 -0.0530227755881 0.15
  endloop
 endfacet
 facet normal -0.118238631661 -0.992985209348 0
  outer loop
   vertex -0.210193719478 -0.0524071802875 -0.15
   vertex -0.205023860694 -0.0530227755881 -0.15
   vertex -0.205023860694 -0.0530227755881 0.15
  endloop
 endfacet
 facet normal -0.118238631661 -0.992985209348 0
  outer loop
   vertex -0.210193719478 -0.0524071802875 -0.15
   vertex -0.205023860694 -0.0530227755881 0.15
   vertex -0.210193719478 -0.0524071802875 0.15
  endloop
 endfacet
 facet normal 0 0 -1
  outer loop
   vertex 0 0 -0.15
   vertex -0.19984672268 -0.0535487679522 -0.15
   vertex -0.205023860694 -0.0530227755881 -0.15
  endloop
 endfacet
 facet normal 0 0 1
  outer loop
   vertex 0 0 0.15
   vertex -0.205023860694 -0.0530227755881 0.15
   vertex -0.19984672268 -0.0535487679522 0.15
  endloop
 endfacet
 facet normal -0.101078715074 -0.994878431447 0
  outer loop
   vertex -0.205023860694 -0.0530227755881 -0.15
   vertex -0.19984672268 -0.0535487679522 -0.15
   vertex -0.19984672268 -0.0535487679522 0.15
  endloop
 endfacet
 facet normal -0.101078715074 -0.994878431447 0
  outer loop
   vertex -0.205023860694 -0.0530227755881 -0.15
   vertex -0.19984672268 -0.0535487679522 0.15
   vertex -0.205023860694 -0.0530227755881 0.15
  endloop
 endfacet
 facet normal 0 0 -1
  outer loop
   vertex 0 0 -0.15
   vertex -0.194676376273 -0.0539885372892 -0.15
   vertex -0.19984672268 -0.0535487679522 -0.15
  endloop
 endfacet
 facet normal 0 0 1
  outer loop
   vertex 0 0 0.15
   vertex -0.19984672268 -0.0535487679522 0.15
   vertex -0.194676376273 -0.0539885372892 0.15
  endloop
 endfacet
 facet normal -0.0847500571035 -0.996402241979 0
  outer loop
   vertex -0.19984672268 -0.0535487679522 -0.15
   vertex -0.194676376273 -0.0539885372892 -0.15
   vertex -0.194676376273 -0.0539885372892 0.15
  endloop
 endfacet
 facet normal -0.0847500571035 -0.996402241979 0
  outer loop
   vertex -0.19984672268 -0.0535487679522 -0.15
   vertex -0.194676376273 -0.0539885372892 0.15
   vertex -0.19984672268 -0.0535487679522 0.15
  endloop
 endfacet
 facet normal 0 0 -1
  outer loop
   vertex 0 0 -0.15
   vertex -0.189526769461 -0.0543459266207 -0.15
   vertex -0.194676376273 -0.0539885372892 -0.15
  endloop
 endfacet
 facet normal 0 0 1
  outer loop
   vertex 0 0 0.15
   vertex -0.194676376273 -0.0539885372892 0.15
   vertex -0.189526769461 -0.0543459266207 0.15
  endloop
 endfacet
 facet normal -0.0692347496727 -0.997600395668 0
  outer loop
   vertex -0.194676376273 -0.0539885372892 -0.15
   vertex -0.189526769461 -0.0543459266207 -0.15
   vertex -0.189526769461 -0.0543459266207 0.15
  endloop
 endfacet
 facet normal -0.0692347496727 -0.997600395668 0
  outer loop
   vertex -0.194676376273 -0.0539885372892 -0.15
   vertex -0.189526769461 -0.0543459266207 0.15
   vertex -0.194676376273 -0.0539885372892 0.15
  endloop
 endfacet
 facet normal 0 0 -1
  outer loop
   vertex 0 0 -0.15
   vertex -0.184411682345 -0.0546252289394 -0.15
   vertex -0.189526769461 -0.0543459266207 -0.15
  endloop
 endfacet
 facet normal 0 0 1
  outer loop
   vertex 0 0 0.15
   vertex -0.189526769461 -0.0543459266207 0.15
   vertex -0.184411682345 -0.0546252289394 0.15
  endloop
 endfacet
 facet normal -0.0545224085777 -0.998512547224 0
  outer loop
   vertex -0.189526769461 -0.0543459266207 -0.15
   vertex -0.184411682345 -0.0546252289394 -0.15
   vertex -0.184411682345 -0.0546252289394 0.15
  endloop
 endfacet
 facet normal -0.0545224085777 -0.998512547224 0
  outer loop
   vertex -0.189526769461 -0.0543459266207 -0.15
   vertex -0.184411682345 -0.0546252289394 0.15
   vertex -0.189526769461 -0.0543459266207 0.15
  endloop
 endfacet
 facet normal 0 0 -1
  outer loop
   vertex 0 0 -0.15
   vertex -0.179344682798 -0.054831172088 -0.15
   vertex -0.184411682345 -0.0546252289394 -0.15
  endloop
 endfacet
 facet normal 0 0 1
  outer loop
   vertex 0 0 0.15
   vertex -0.184411682345 -0.0546252289394 0.15
   vertex -0.179344682798 -0.054831172088 0.15
  endloop
 endfacet
 facet normal -0.0406104746621 -0.999175054406 0
  outer loop
   vertex -0.184411682345 -0.0546252289394 -0.15
   vertex -0.179344682798 -0.054831172088 -0.15
   vertex -0.179344682798 -0.054831172088 0.15
  endloop
 endfacet
 facet normal -0.0406104746621 -0.999175054406 0
  outer loop
   vertex -0.184411682345 -0.0546252289394 -0.15
   vertex -0.179344682798 -0.054831172088 0.15
   vertex -0.184411682345 -0.0546252289394 0.15
  endloop
 endfacet
 facet normal 0 0 -1
  outer loop
   vertex 0 0 -0.15
   vertex -0.174339082971 -0.0549689017151 -0.15
   vertex -0.179344682798 -0.054831172088 -0.15
  endloop
 endfacet
 facet normal 0 0 1
  outer loop
   vertex 0 0 0.15
   vertex -0.179344682798 -0.054831172088 0.15
   vertex -0.174339082971 -0.0549689017151 0.15
  endloop
 endfacet
 facet normal -0.0275046997777 -0.99962167418 0
  outer loop
   vertex -0.179344682798 -0.054831172088 -0.15
   vertex -0.174339082971 -0.0549689017151 -0.15
   vertex -0.174339082971 -0.0549689017151 0.15
  endloop
 endfacet
 facet normal -0.0275046997777 -0.99962167418 0
  outer loop
   vertex -0.179344682798 -0.054831172088 -0.15
   vertex -0.174339082971 -0.0549689017151 0.15
   vertex -0.179344682798 -0.054831172088 0.15
  endloop
 endfacet
 facet normal 0 0 -1
  outer loop
   vertex 0 0 -0.15
   vertex -0.169407896799 -0.0550439623674 -0.15
   vertex -0.174339082971 -0.0549689017151 -0.15
  endloop
 endfacet
 facet normal 0 0 1
  outer loop
   vertex 0 0 0.15
   vertex -0.174339082971 -0.0549689017151 0.15
   vertex -0.169407896799 -0.0550439623674 0.15
  endloop
 endfacet
 facet normal -0.0152198589865 -0.999884171238 0
  outer loop
   vertex -0.174339082971 -0.0549689017151 -0.15
   vertex -0.169407896799 -0.0550439623674 -0.15
   vertex -0.169407896799 -0.0550439623674 0.15
  endloop
 endfacet
 facet normal -0.0152198589865 -0.999884171238 0
  outer loop
   vertex -0.174339082971 -0.0549689017151 -0.15
   vertex -0.169407896799 -0.0550439623674 0.15
   vertex -0.174339082971 -0.0549689017151 0.15
  endloop
 endfacet
 facet normal 0 0 -1
  outer loop
   vertex 0 0 -0.15
   vertex -0.164563798652 -0.0550622767886 -0.15
   vertex -0.169407896799 -0.0550439623674 -0.15
  endloop
 endfacet
 facet normal 0 0 1
  outer loop
   vertex 0 0 0.15
   vertex -0.169407896799 -0.0550439623674 0.15
   vertex -0.164563798652 -0.0550622767886 0.15
  endloop
 endfacet
 facet normal -0.00378074301456 -0.999992852966 0
  outer loop
   vertex -0.169407896799 -0.0550439623674 -0.15
   vertex -0.164563798652 -0.0550622767886 -0.15
   vertex -0.164563798652 -0.0550622767886 0.15
  endloop
 endfacet
 facet normal -0.00378074301456 -0.999992852966 0
  outer loop
   vertex -0.169407896799 -0.0550439623674 -0.15
   vertex -0.164563798652 -0.0550622767886 0.15
   vertex -0.169407896799 -0.0550439623674 0.15
  endloop
 endfacet
 facet normal 0 0 -1
  outer loop
   vertex 0 0 -0.15
   vertex -0.159819083269 -0.0550301235002 -0.15
   vertex -0.164563798652 -0.0550622767886 -0.15
  endloop
 endfacet
 facet normal 0 0 1
  outer loop
   vertex 0 0 0.15
   vertex -0.164563798652 -0.0550622767886 0.15
   vertex -0.159819083269 -0.0550301235002 0.15
  endloop
 endfacet
 facet normal 0.00677649712073 -0.99997703928 0
  outer loop
   vertex -0.164563798652 -0.0550622767886 -0.15
   vertex -0.159819083269 -0.0550301235002 -0.15
   vertex -0.159819083269 -0.0550301235002 0.15
  endloop
 endfacet
 facet normal 0.00677649712073 -0.99997703928 0
  outer loop
   vertex -0.164563798652 -0.0550622767886 -0.15
   vertex -0.159819083269 -0.0550301235002 0.15
   vertex -0.164563798652 -0.0550622767886 0.15
  endloop
 endfacet
 facet normal 0 0 -1
  outer loop
   vertex 0 0 -0.15
   vertex -0.15518562711 -0.0549541127495 -0.15
   vertex -0.159819083269 -0.0550301235002 -0.15
  endloop
 endfacet
 facet normal 0 0 1
  outer loop
   vertex 0 0 0.15
   vertex -0.159819083269 -0.0550301235002 0.15
   vertex -0.15518562711 -0.0549541127495 0.15
  endloop
 endfacet
 facet normal 0.0164025561686 -0.999865469026 0
  outer loop
   vertex -0.159819083269 -0.0550301235002 -0.15
   vertex -0.15518562711 -0.0549541127495 -0.15
   vertex -0.15518562711 -0.0549541127495 0.15
  endloop
 endfacet
 facet normal 0.0164025561686 -0.999865469026 0
  outer loop
   vertex -0.159819083269 -0.0550301235002 -0.15
   vertex -0.15518562711 -0.0549541127495 0.15
   vertex -0.159819083269 -0.0550301235002 0.15
  endloop
 endfacet
 facet normal 0 0 -1
  outer loop
   vertex 0 0 -0.15
   vertex -0.150674851264 -0.0548411609126 -0.15
   vertex -0.15518562711 -0.0549541127495 -0.15
  endloop
 endfacet
 facet normal 0 0 1
  outer loop
   vertex 0 0 0.15
   vertex -0.15518562711 -0.0549541127495 0.15
   vertex -0.150674851264 -0.0548411609126 0.15
  endloop
 endfacet
 facet normal 0.025032598748 -0.999686635401 0
  outer loop
   vertex -0.15518562711 -0.0549541127495 -0.15
   vertex -0.150674851264 -0.0548411609126 -0.15
   vertex -0.150674851264 -0.0548411609126 0.15
  endloop
 endfacet
 facet normal 0.025032598748 -0.999686635401 0
  outer loop
   vertex -0.15518562711 -0.0549541127495 -0.15
   vertex -0.150674851264 -0.0548411609126 0.15
   vertex -0.15518562711 -0.0549541127495 0.15
  endloop
 endfacet
 facet normal 0 0 -1
  outer loop
   vertex 0 0 -0.15
   vertex -0.146297686029 -0.0546984634503 -0.15
   vertex -0.150674851264 -0.0548411609126 -0.15
  endloop
 endfacet
 facet normal 0 0 1
  outer loop
   vertex 0 0 0.15
   vertex -0.150674851264 -0.0548411609126 0.15
   vertex -0.146297686029 -0.0546984634503 0.15
  endloop
 endfacet
 facet normal 0.0325831186188 -0.999469029226 0
  outer loop
   vertex -0.150674851264 -0.0548411609126 -0.15
   vertex -0.146297686029 -0.0546984634503 -0.15
   vertex -0.146297686029 -0.0546984634503 0.15
  endloop
 endfacet
 facet normal 0.0325831186188 -0.999469029226 0
  outer loop
   vertex -0.150674851264 -0.0548411609126 -0.15
   vertex -0.146297686029 -0.0546984634503 0.15
   vertex -0.150674851264 -0.0548411609126 0.15
  endloop
 endfacet
 facet normal 0 0 -1
  outer loop
   vertex 0 0 -0.15
   vertex -0.142064537289 -0.054533466519 -0.15
   vertex -0.146297686029 -0.0546984634503 -0.15
  endloop
 endfacet
 facet normal 0 0 1
  outer loop
   vertex 0 0 0.15
   vertex -0.146297686029 -0.0546984634503 0.15
   vertex -0.142064537289 -0.054533466519 0.15
  endloop
 endfacet
 facet normal 0.0389477784863 -0.999241247423 0
  outer loop
   vertex -0.146297686029 -0.0546984634503 -0.15
   vertex -0.142064537289 -0.054533466519 -0.15
   vertex -0.142064537289 -0.054533466519 0.15
  endloop
 endfacet
 facet normal 0.0389477784863 -0.999241247423 0
  outer loop
   vertex -0.146297686029 -0.0546984634503 -0.15
   vertex -0.142064537289 -0.054533466519 0.15
   vertex -0.146297686029 -0.0546984634503 0.15
  endloop
 endfacet
 facet normal 0 0 -1
  outer loop
   vertex 0 0 -0.15
   vertex -0.137985254795 -0.054353837344 -0.15
   vertex -0.142064537289 -0.054533466519 -0.15
  endloop
 endfacet
 facet normal 0 0 1
  outer loop
   vertex 0 0 0.15
   vertex -0.142064537289 -0.054533466519 0.15
   vertex -0.137985254795 -0.054353837344 0.15
  endloop
 endfacet
 facet normal 0.0439918721809 -0.999031888972 0
  outer loop
   vertex -0.142064537289 -0.054533466519 -0.15
   vertex -0.137985254795 -0.054353837344 -0.15
   vertex -0.137985254795 -0.054353837344 0.15
  endloop
 endfacet
 facet normal 0.0439918721809 -0.999031888972 0
  outer loop
   vertex -0.142064537289 -0.054533466519 -0.15
   vertex -0.137985254795 -0.054353837344 0.15
   vertex -0.142064537289 -0.054533466519 0.15
  endloop
 endfacet
 facet normal 0 0 -1
  outer loop
   vertex 0 0 -0.15
   vertex -0.134069102462 -0.054167433469 -0.15
   vertex -0.137985254795 -0.054353837344 -0.15
  endloop
 endfacet
 facet normal 0 0 1
  outer loop
   vertex 0 0 0.15
   vertex -0.137985254795 -0.054353837344 0.15
   vertex -0.134069102462 -0.054167433469 0.15
  endloop
 endfacet
 facet normal 0.0475449000479 -0.998869101774 0
  outer loop
   vertex -0.137985254795 -0.054353837344 -0.15
   vertex -0.134069102462 -0.054167433469 -0.15
   vertex -0.134069102462 -0.054167433469 0.15
  endloop
 endfacet
 facet normal 0.0475449000479 -0.998869101774 0
  outer loop
   vertex -0.137985254795 -0.054353837344 -0.15
   vertex -0.134069102462 -0.054167433469 0.15
   vertex -0.137985254795 -0.054353837344 0.15
  endloop
 endfacet
 facet normal 0 0 -1
  outer loop
   vertex 0 0 -0.15
   vertex -0.130324730775 -0.0539822709998 -0.15
   vertex -0.134069102462 -0.054167433469 -0.15
  endloop
 endfacet
 facet normal 0 0 1
  outer loop
   vertex 0 0 0.15
   vertex -0.134069102462 -0.054167433469 0.15
   vertex -0.130324730775 -0.0539822709998 0.15
  endloop
 endfacet
 facet normal 0.0493905257977 -0.998779543223 0
  outer loop
   vertex -0.134069102462 -0.054167433469 -0.15
   vertex -0.130324730775 -0.0539822709998 -0.15
   vertex -0.130324730775 -0.0539822709998 0.15
  endloop
 endfacet
 facet normal 0.0493905257977 -0.998779543223 0
  outer loop
   vertex -0.134069102462 -0.054167433469 -0.15
   vertex -0.130324730775 -0.0539822709998 0.15
   vertex -0.134069102462 -0.054167433469 0.15
  endloop
 endfacet
 facet normal 0 0 -1
  outer loop
   vertex 0 0 -0.15
   vertex -0.12676015139 -0.0538064919639 -0.15
   vertex -0.130324730775 -0.0539822709998 -0.15
  endloop
 endfacet
 facet normal 0 0 1
  outer loop
   vertex 0 0 0.15
   vertex -0.130324730775 -0.0539822709998 0.15
   vertex -0.12676015139 -0.0538064919639 0.15
  endloop
 endfacet
 facet normal 0.0492528517966 -0.998786341812 0
  outer loop
   vertex -0.130324730775 -0.0539822709998 -0.15
   vertex -0.12676015139 -0.0538064919639 -0.15
   vertex -0.12676015139 -0.0538064919639 0.15
  endloop
 endfacet
 facet normal 0.0492528517966 -0.998786341812 0
  outer loop
   vertex -0.130324730775 -0.0539822709998 -0.15
   vertex -0.12676015139 -0.0538064919639 0.15
   vertex -0.130324730775 -0.0539822709998 0.15
  endloop
 endfacet
 facet normal 0 0 -1
  outer loop
   vertex 0 0 -0.15
   vertex -0.123382714021 -0.0536483309126 -0.15
   vertex -0.12676015139 -0.0538064919639 -0.15
  endloop
 endfacet
 facet normal 0 0 1
  outer loop
   vertex 0 0 0.15
   vertex -0.12676015139 -0.0538064919639 0.15
   vertex -0.123382714021 -0.0536483309126 0.15
  endloop
 endfacet
 facet normal 0.0467774530742 -0.998905335797 0
  outer loop
   vertex -0.12676015139 -0.0538064919639 -0.15
   vertex -0.123382714021 -0.0536483309126 -0.15
   vertex -0.123382714021 -0.0536483309126 0.15
  endloop
 endfacet
 facet normal 0.0467774530742 -0.998905335797 0
  outer loop
   vertex -0.12676015139 -0.0538064919639 -0.15
   vertex -0.123382714021 -0.0536483309126 0.15
   vertex -0.12676015139 -0.0538064919639 0.15
  endloop
 endfacet
 facet normal 0 0 -1
  outer loop
   vertex 0 0 -0.15
   vertex -0.120199085685 -0.0535160808948 -0.15
   vertex -0.123382714021 -0.0536483309126 -0.15
  endloop
 endfacet
 facet normal 0 0 1
  outer loop
   vertex 0 0 0.15
   vertex -0.123382714021 -0.0536483309126 0.15
   vertex -0.120199085685 -0.0535160808948 0.15
  endloop
 endfacet
 facet normal 0.0415048630936 -0.999138301908 0
  outer loop
   vertex -0.123382714021 -0.0536483309126 -0.15
   vertex -0.120199085685 -0.0535160808948 -0.15
   vertex -0.120199085685 -0.0535160808948 0.15
  endloop
 endfacet
 facet normal 0.0415048630936 -0.999138301908 0
  outer loop
   vertex -0.123382714021 -0.0536483309126 -0.15
   vertex -0.120199085685 -0.0535160808948 0.15
   vertex -0.123382714021 -0.0536483309126 0.15
  endloop
 endfacet
 facet normal 0 0 -1
  outer loop
   vertex 0 0 -0.15
   vertex -0.11721523236 -0.053418058935 -0.15
   vertex -0.120199085685 -0.0535160808948 -0.15
  endloop
 endfacet
 facet normal 0 0 1
  outer loop
   vertex 0 0 0.15
   vertex -0.120199085685 -0.0535160808948 0.15
   vertex -0.11721523236 -0.053418058935 0.15
  endloop
 endfacet
 facet normal 0.032833085449 -0.999460848908 0
  outer loop
   vertex -0.120199085685 -0.0535160808948 -0.15
   vertex -0.11721523236 -0.053418058935 -0.15
   vertex -0.11721523236 -0.053418058935 0.15
  endloop
 endfacet
 facet normal 0.032833085449 -0.999460848908 0
  outer loop
   vertex -0.120199085685 -0.0535160808948 -0.15
   vertex -0.11721523236 -0.053418058935 0.15
   vertex -0.120199085685 -0.0535160808948 0.15
  endloop
 endfacet
 facet normal 0 0 -1
  outer loop
   vertex 0 0 -0.15
   vertex -0.114436403128 -0.0533625711505 -0.15
   vertex -0.11721523236 -0.053418058935 -0.15
  endloop
 endfacet
 facet normal 0 0 1
  outer loop
   vertex 0 0 0.15
   vertex -0.11721523236 -0.053418058935 0.15
   vertex -0.114436403128 -0.0533625711505 0.15
  endloop
 endfacet
 facet normal 0.019964064392 -0.999800698206 0
  outer loop
   vertex -0.11721523236 -0.053418058935 -0.15
   vertex -0.114436403128 -0.0533625711505 -0.15
   vertex -0.114436403128 -0.0533625711505 0.15
  endloop
 endfacet
 facet normal 0.019964064392 -0.999800698206 0
  outer loop
   vertex -0.11721523236 -0.053418058935 -0.15
   vertex -0.114436403128 -0.0533625711505 0.15
   vertex -0.11721523236 -0.053418058935 0.15
  endloop
 endfacet
 facet normal 0 0 -1
  outer loop
   vertex 0 0 -0.15
   vertex -0.111867116835 -0.0533578776439 -0.15
   vertex -0.114436403128 -0.0533625711505 -0.15
  endloop
 endfacet
 facet normal 0 0 1
  outer loop
   vertex 0 0 0.15
   vertex -0.114436403128 -0.0533625711505 0.15
   vertex -0.111867116835 -0.0533578776439 0.15
  endloop
 endfacet
 facet normal 0.00182677141624 -0.999998331452 0
  outer loop
   vertex -0.114436403128 -0.0533625711505 -0.15
   vertex -0.111867116835 -0.0533578776439 -0.15
   vertex -0.111867116835 -0.0533578776439 0.15
  endloop
 endfacet
 facet normal 0.00182677141624 -0.999998331452 0
  outer loop
   vertex -0.114436403128 -0.0533625711505 -0.15
   vertex -0.111867116835 -0.0533578776439 0.15
   vertex -0.114436403128 -0.0533625711505 0.15
  endloop
 endfacet
 facet normal 0 0 -1
  outer loop
   vertex 0 0 -0.15
   vertex -0.109511151319 -0.0534121573095 -0.15
   vertex -0.111867116835 -0.0533578776439 -0.15
  endloop
 endfacet
 facet normal 0 0 1
  outer loop
   vertex 0 0 0.15
   vertex -0.111867116835 -0.0533578776439 0.15
   vertex -0.109511151319 -0.0534121573095 0.15
  endloop
 endfacet
 facet normal -0.0230331322654 -0.999734702218 0
  outer loop
   vertex -0.111867116835 -0.0533578776439 -0.15
   vertex -0.109511151319 -0.0534121573095 -0.15
   vertex -0.109511151319 -0.0534121573095 0.15
  endloop
 endfacet
 facet normal -0.0230331322654 -0.999734702218 0
  outer loop
   vertex -0.111867116835 -0.0533578776439 -0.15
   vertex -0.109511151319 -0.0534121573095 0.15
   vertex -0.111867116835 -0.0533578776439 0.15
  endloop
 endfacet
 facet normal 0 0 -1
  outer loop
   vertex 0 0 -0.15
   vertex -0.107371535225 -0.0535334726918 -0.15
   vertex -0.109511151319 -0.0534121573095 -0.15
  endloop
 endfacet
 facet normal 0 0 1
  outer loop
   vertex 0 0 0.15
   vertex -0.109511151319 -0.0534121573095 0.15
   vertex -0.107371535225 -0.0535334726918 0.15
  endloop
 endfacet
 facet normal -0.0566086816027 -0.998396442886 0
  outer loop
   vertex -0.109511151319 -0.0534121573095 -0.15
   vertex -0.107371535225 -0.0535334726918 -0.15
   vertex -0.107371535225 -0.0535334726918 0.15
  endloop
 endfacet
 facet normal -0.0566086816027 -0.998396442886 0
  outer loop
   vertex -0.109511151319 -0.0534121573095 -0.15
   vertex -0.107371535225 -0.0535334726918 0.15
   vertex -0.109511151319 -0.0534121573095 0.15
  endloop
 endfacet
 facet normal 0 0 -1
  outer loop
   vertex 0 0 -0.15
   vertex -0.105450542439 -0.0537297350356 -0.15
   vertex -0.107371535225 -0.0535334726918 -0.15
  endloop
 endfacet
 facet normal 0 0 1
  outer loop
   vertex 0 0 0.15
   vertex -0.107371535225 -0.0535334726918 0.15
   vertex -0.105450542439 -0.0537297350356 0.15
  endloop
 endfacet
 facet normal -0.101638064135 -0.994821443234 0
  outer loop
   vertex -0.107371535225 -0.0535334726918 -0.15
   vertex -0.105450542439 -0.0537297350356 -0.15
   vertex -0.105450542439 -0.0537297350356 0.15
  endloop
 endfacet
 facet normal -0.101638064135 -0.994821443234 0
  outer loop
   vertex -0.107371535225 -0.0535334726918 -0.15
   vertex -0.105450542439 -0.0537297350356 0.15
   vertex -0.107371535225 -0.0535334726918 0.15
  endloop
 endfacet
 facet normal 0 0 -1
  outer loop
   vertex 0 0 -0.15
   vertex -0.10374968913 -0.054008669666 -0.15
   vertex -0.105450542439 -0.0537297350356 -0.15
  endloop
 endfacet
 facet normal 0 0 1
  outer loop
   vertex 0 0 0.15
   vertex -0.105450542439 -0.0537297350356 0.15
   vertex -0.10374968913 -0.054008669666 0.15
  endloop
 endfacet
 facet normal -0.161835041145 -0.986817824858 0
  outer loop
   vertex -0.105450542439 -0.0537297350356 -0.15
   vertex -0.10374968913 -0.054008669666 -0.15
   vertex -0.10374968913 -0.054008669666 0.15
  endloop
 endfacet
 facet normal -0.161835041145 -0.986817824858 0
  outer loop
   vertex -0.105450542439 -0.0537297350356 -0.15
   vertex -0.10374968913 -0.054008669666 0.15
   vertex -0.105450542439 -0.0537297350356 0.15
  endloop
 endfacet
 facet normal 0 0 -1
  outer loop
   vertex 0 0 -0.15
   vertex -0.102269733428 -0.0543777818374 -0.15
   vertex -0.10374968913 -0.054008669666 -0.15
  endloop
 endfacet
 facet normal 0 0 1
  outer loop
   vertex 0 0 0.15
   vertex -0.10374968913 -0.054008669666 0.15
   vertex -0.102269733428 -0.0543777818374 0.15
  endloop
 endfacet
 facet normal -0.241994588866 -0.970277598917 0
  outer loop
   vertex -0.10374968913 -0.054008669666 -0.15
   vertex -0.102269733428 -0.0543777818374 -0.15
   vertex -0.102269733428 -0.0543777818374 0.15
  endloop
 endfacet
 facet normal -0.241994588866 -0.970277598917 0
  outer loop
   vertex -0.10374968913 -0.054008669666 -0.15
   vertex -0.102269733428 -0.0543777818374 0.15
   vertex -0.10374968913 -0.054008669666 0.15
  endloop
 endfacet
 facet normal 0 0 -1
  outer loop
   vertex 0 0 -0.15
   vertex -0.10101067771 -0.0548443231873 -0.15
   vertex -0.102269733428 -0.0543777818374 -0.15
  endloop
 endfacet
 facet normal 0 0 1
  outer loop
   vertex 0 0 0.15
   vertex -0.102269733428 -0.0543777818374 0.15
   vertex -0.10101067771 -0.0548443231873 0.15
  endloop
 endfacet
 facet normal -0.347461327251 -0.937694313764 0
  outer loop
   vertex -0.102269733428 -0.0543777818374 -0.15
   vertex -0.10101067771 -0.0548443231873 -0.15
   vertex -0.10101067771 -0.0548443231873 0.15
  endloop
 endfacet
 facet normal -0.347461327251 -0.937694313764 0
  outer loop
   vertex -0.102269733428 -0.0543777818374 -0.15
   vertex -0.10101067771 -0.0548443231873 0.15
   vertex -0.102269733428 -0.0543777818374 0.15
  endloop
 endfacet
 facet normal 0 0 -1
  outer loop
   vertex 0 0 -0.15
   vertex -0.0999717734788 -0.0554152589291 -0.15
   vertex -0.10101067771 -0.0548443231873 -0.15
  endloop
 endfacet
 facet normal 0 0 1
  outer loop
   vertex 0 0 0.15
   vertex -0.10101067771 -0.0548443231873 0.15
   vertex -0.0999717734788 -0.0554152589291 0.15
  endloop
 endfacet
 facet normal -0.481619776522 -0.876380277541 0
  outer loop
   vertex -0.10101067771 -0.0548443231873 -0.15
   vertex -0.0999717734788 -0.0554152589291 -0.15
   vertex -0.0999717734788 -0.0554152589291 0.15
  endloop
 endfacet
 facet normal -0.481619776522 -0.876380277541 0
  outer loop
   vertex -0.10101067771 -0.0548443231873 -0.15
   vertex -0.0999717734788 -0.0554152589291 0.15
   vertex -0.10101067771 -0.0548443231873 0.15
  endloop
 endfacet
 facet normal 0 0 -1
  outer loop
   vertex 0 0 -0.15
   vertex -0.0991515288148 -0.0560972359191 -0.15
   vertex -0.0999717734788 -0.0554152589291 -0.15
  endloop
 endfacet
 facet normal 0 0 1
  outer loop
   vertex 0 0 0.15
   vertex -0.0999717734788 -0.0554152589291 0.15
   vertex -0.0991515288148 -0.0560972359191 0.15
  endloop
 endfacet
 facet normal -0.639320797593 -0.768940126255 0
  outer loop
   vertex -0.0999717734788 -0.0554152589291 -0.15
   vertex -0.0991515288148 -0.0560972359191 -0.15
   vertex -0.0991515288148 -0.0560972359191 0.15
  endloop
 endfacet
 facet normal -0.639320797593 -0.768940126255 0
  outer loop
   vertex -0.0999717734788 -0.0554152589291 -0.15
   vertex -0.0991515288148 -0.0560972359191 0.15
   vertex -0.0999717734788 -0.0554152589291 0.15
  endloop
 endfacet
 facet normal 0 0 -1
  outer loop
   vertex 0 0 -0.15
   vertex -0.0985477183617 -0.0568965517241 -0.15
   vertex -0.0991515288148 -0.0560972359191 -0.15
  endloop
 endfacet
 facet normal 0 0 1
  outer loop
   vertex 0 0 0.15
   vertex -0.0991515288148 -0.0560972359191 0.15
   vertex -0.0985477183617 -0.0568965517241 0.15
  endloop
 endfacet
 facet normal -0.797923518317 -0.602758707043 0
  outer loop
   vertex -0.0991515288148 -0.0560972359191 -0.15
   vertex -0.0985477183617 -0.0568965517241 -0.15
   vertex -0.0985477183617 -0.0568965517241 0.15
  endloop
 endfacet
 facet normal -0.797923518317 -0.602758707043 0
  outer loop
   vertex -0.0991515288148 -0.0560972359191 -0.15
   vertex -0.0985477183617 -0.0568965517241 0.15
   vertex -0.0991515288148 -0.0560972359191 0.15
  endloop
 endfacet
 facet normal 0 0 -1
  outer loop
   vertex 0 0 -0.15
   vertex -0.0981573957954 -0.0578191248181 -0.15
   vertex -0.0985477183617 -0.0568965517241 -0.15
  endloop
 endfacet
 facet normal 0 0 1
  outer loop
   vertex 0 0 0.15
   vertex -0.0985477183617 -0.0568965517241 0.15
   vertex -0.0981573957954 -0.0578191248181 0.15
  endloop
 endfacet
 facet normal -0.92096611181 -0.389642683619 0
  outer loop
   vertex -0.0985477183617 -0.0568965517241 -0.15
   vertex -0.0981573957954 -0.0578191248181 -0.15
   vertex -0.0981573957954 -0.0578191248181 0.15
  endloop
 endfacet
 facet normal -0.92096611181 -0.389642683619 0
  outer loop
   vertex -0.0985477183617 -0.0568965517241 -0.15
   vertex -0.0981573957954 -0.0578191248181 0.15
   vertex -0.0985477183617 -0.0568965517241 0.15
  endloop
 endfacet
 facet normal 0 0 -1
  outer loop
   vertex 0 0 -0.15
   vertex -0.0979769087293 -0.0588704660295 -0.15
   vertex -0.0981573957954 -0.0578191248181 -0.15
  endloop
 endfacet
 facet normal 0 0 1
  outer loop
   vertex 0 0 0.15
   vertex -0.0981573957954 -0.0578191248181 0.15
   vertex -0.0979769087293 -0.0588704660295 0.15
  endloop
 endfacet
 facet normal -0.985582082123 -0.169197988756 0
  outer loop
   vertex -0.0981573957954 -0.0578191248181 -0.15
   vertex -0.0979769087293 -0.0588704660295 -0.15
   vertex -0.0979769087293 -0.0588704660295 0.15
  endloop
 endfacet
 facet normal -0.985582082123 -0.169197988756 0
  outer loop
   vertex -0.0981573957954 -0.0578191248181 -0.15
   vertex -0.0979769087293 -0.0588704660295 0.15
   vertex -0.0981573957954 -0.0578191248181 0.15
  endloop
 endfacet
 facet normal 0 0 -1
  outer loop
   vertex 0 0 -0.15
   vertex -0.0980019159888 -0.0600556513571 -0.15
   vertex -0.0979769087293 -0.0588704660295 -0.15
  endloop
 endfacet
 facet normal 0 0 1
  outer loop
   vertex 0 0 0.15
   vertex -0.0979769087293 -0.0588704660295 0.15
   vertex -0.0980019159888 -0.0600556513571 0.15
  endloop
 endfacet
 facet normal -0.999777471987 0.0210951773372 0
  outer loop
   vertex -0.0979769087293 -0.0588704660295 -0.15
   vertex -0.0980019159888 -0.0600556513571 -0.15
   vertex -0.0980019159888 -0.0600556513571 0.15
  endloop
 endfacet
 facet normal -0.999777471987 0.0210951773372 0
  outer loop
   vertex -0.0979769087293 -0.0588704660295 -0.15
   vertex -0.0980019159888 -0.0600556513571 0.15
   vertex -0.0979769087293 -0.0588704660295 0.15
  endloop
 endfacet
 facet normal 0 0 -1
  outer loop
   vertex 0 0 -0.15
   vertex -0.0982274071869 -0.0613792962686 -0.15
   vertex -0.0980019159888 -0.0600556513571 -0.15
  endloop
 endfacet
 facet normal 0 0 1
  outer loop
   vertex 0 0 0.15
   vertex -0.0980019159888 -0.0600556513571 0.15
   vertex -0.0982274071869 -0.0613792962686 0.15
  endloop
 endfacet
 facet normal -0.985797760329 0.16793682065 0
  outer loop
   vertex -0.0980019159888 -0.0600556513571 -0.15
   vertex -0.0982274071869 -0.0613792962686 -0.15
   vertex -0.0982274071869 -0.0613792962686 0.15
  endloop
 endfacet
 facet normal -0.985797760329 0.16793682065 0
  outer loop
   vertex -0.0980019159888 -0.0600556513571 -0.15
   vertex -0.0982274071869 -0.0613792962686 0.15
   vertex -0.0980019159888 -0.0600556513571 0.15
  endloop
 endfacet
 facet normal 0 0 -1
  outer loop
   vertex 0 0 -0.15
   vertex -0.0986477245202 -0.0628455315882 -0.15
   vertex -0.0982274071869 -0.0613792962686 -0.15
  endloop
 endfacet
 facet normal 0 0 1
  outer loop
   vertex 0 0 0.15
   vertex -0.0982274071869 -0.0613792962686 0.15
   vertex -0.0986477245202 -0.0628455315882 0.15
  endloop
 endfacet
 facet normal -0.961282343818 0.275565337922 0
  outer loop
   vertex -0.0982274071869 -0.0613792962686 -0.15
   vertex -0.0986477245202 -0.0628455315882 -0.15
   vertex -0.0986477245202 -0.0628455315882 0.15
  endloop
 endfacet
 facet normal -0.961282343818 0.275565337922 0
  outer loop
   vertex -0.0982274071869 -0.0613792962686 -0.15
   vertex -0.0986477245202 -0.0628455315882 0.15
   vertex -0.0982274071869 -0.0613792962686 0.15
  endloop
 endfacet
 facet normal 0 0 -1
  outer loop
   vertex 0 0 -0.15
   vertex -0.0992565866988 -0.0644579810771 -0.15
   vertex -0.0986477245202 -0.0628455315882 -0.15
  endloop
 endfacet
 facet normal 0 0 1
  outer loop
   vertex 0 0 0.15
   vertex -0.0986477245202 -0.0628455315882 0.15
   vertex -0.0992565866988 -0.0644579810771 0.15
  endloop
 endfacet
 facet normal -0.935526825807 0.353255655575 0
  outer loop
   vertex -0.0986477245202 -0.0628455315882 -0.15
   vertex -0.0992565866988 -0.0644579810771 -0.15
   vertex -0.0992565866988 -0.0644579810771 0.15
  endloop
 endfacet
 facet normal -0.935526825807 0.353255655575 0
  outer loop
   vertex -0.0986477245202 -0.0628455315882 -0.15
   vertex -0.0992565866988 -0.0644579810771 0.15
   vertex -0.0986477245202 -0.0628455315882 0.15
  endloop
 endfacet
 facet normal 0 0 -1
  outer loop
   vertex 0 0 -0.15
   vertex -0.100047114917 -0.0662197408026 -0.15
   vertex -0.0992565866988 -0.0644579810771 -0.15
  endloop
 endfacet
 facet normal 0 0 1
  outer loop
   vertex 0 0 0.15
   vertex -0.0992565866988 -0.0644579810771 0.15
   vertex -0.100047114917 -0.0662197408026 0.15
  endloop
 endfacet
 facet normal -0.912359674138 0.409389576084 0
  outer loop
   vertex -0.0992565866988 -0.0644579810771 -0.15
   vertex -0.100047114917 -0.0662197408026 -0.15
   vertex -0.100047114917 -0.0662197408026 0.15
  endloop
 endfacet
 facet normal -0.912359674138 0.409389576084 0
  outer loop
   vertex -0.0992565866988 -0.0644579810771 -0.15
   vertex -0.100047114917 -0.0662197408026 0.15
   vertex -0.0992565866988 -0.0644579810771 0.15
  endloop
 endfacet
 facet normal 0 0 -1
  outer loop
   vertex 0 0 -0.15
   vertex -0.10101186076 -0.0681333603849 -0.15
   vertex -0.100047114917 -0.0662197408026 -0.15
  endloop
 endfacet
 facet normal 0 0 1
  outer loop
   vertex 0 0 0.15
   vertex -0.100047114917 -0.0662197408026 0.15
   vertex -0.10101186076 -0.0681333603849 0.15
  endloop
 endfacet
 facet normal -0.892941023389 0.4501736651 0
  outer loop
   vertex -0.100047114917 -0.0662197408026 -0.15
   vertex -0.10101186076 -0.0681333603849 -0.15
   vertex -0.10101186076 -0.0681333603849 0.15
  endloop
 endfacet
 facet normal -0.892941023389 0.4501736651 0
  outer loop
   vertex -0.100047114917 -0.0662197408026 -0.15
   vertex -0.10101186076 -0.0681333603849 0.15
   vertex -0.100047114917 -0.0662197408026 0.15
  endloop
 endfacet
 facet normal 0 0 -1
  outer loop
   vertex 0 0 -0.15
   vertex -0.102142835949 -0.0702008262055 -0.15
   vertex -0.10101186076 -0.0681333603849 -0.15
  endloop
 endfacet
 facet normal 0 0 1
  outer loop
   vertex 0 0 0.15
   vertex -0.10101186076 -0.0681333603849 0.15
   vertex -0.102142835949 -0.0702008262055 0.15
  endloop
 endfacet
 facet normal -0.877312215298 0.479920073438 0
  outer loop
   vertex -0.10101186076 -0.0681333603849 -0.15
   vertex -0.102142835949 -0.0702008262055 -0.15
   vertex -0.102142835949 -0.0702008262055 0.15
  endloop
 endfacet
 facet normal -0.877312215298 0.479920073438 0
  outer loop
   vertex -0.10101186076 -0.0681333603849 -0.15
   vertex -0.102142835949 -0.0702008262055 0.15
   vertex -0.10101186076 -0.0681333603849 0.15
  endloop
 endfacet
 facet normal 0 0 -1
  outer loop
   vertex 0 0 -0.15
   vertex -0.103431543792 -0.0724235466516 -0.15
   vertex -0.102142835949 -0.0702008262055 -0.15
  endloop
 endfacet
 facet normal 0 0 1
  outer loop
   vertex 0 0 0.15
   vertex -0.102142835949 -0.0702008262055 0.15
   vertex -0.103431543792 -0.0724235466516 0.15
  endloop
 endfacet
 facet normal -0.865110573071 0.501581196179 0
  outer loop
   vertex -0.102142835949 -0.0702008262055 -0.15
   vertex -0.103431543792 -0.0724235466516 -0.15
   vertex -0.103431543792 -0.0724235466516 0.15
  endloop
 endfacet
 facet normal -0.865110573071 0.501581196179 0
  outer loop
   vertex -0.102142835949 -0.0702008262055 -0.15
   vertex -0.103431543792 -0.0724235466516 0.15
   vertex -0.102142835949 -0.0702008262055 0.15
  endloop
 endfacet
 facet normal 0 0 -1
  outer loop
   vertex 0 0 -0.15
   vertex -0.104869012239 -0.0748023394671 -0.15
   vertex -0.103431543792 -0.0724235466516 -0.15
  endloop
 endfacet
 facet normal 0 0 1
  outer loop
   vertex 0 0 0.15
   vertex -0.103431543792 -0.0724235466516 0.15
   vertex -0.104869012239 -0.0748023394671 0.15
  endloop
 endfacet
 facet normal -0.855870771172 0.517189736029 0
  outer loop
   vertex -0.103431543792 -0.0724235466516 -0.15
   vertex -0.104869012239 -0.0748023394671 -0.15
   vertex -0.104869012239 -0.0748023394671 0.15
  endloop
 endfacet
 facet normal -0.855870771172 0.517189736029 0
  outer loop
   vertex -0.103431543792 -0.0724235466516 -0.15
   vertex -0.104869012239 -0.0748023394671 0.15
   vertex -0.103431543792 -0.0724235466516 0.15
  endloop
 endfacet
 facet normal 0 0 -1
  outer loop
   vertex 0 0 -0.15
   vertex -0.106445828408 -0.0773374212675 -0.15
   vertex -0.104869012239 -0.0748023394671 -0.15
  endloop
 endfacet
 facet normal 0 0 1
  outer loop
   vertex 0 0 0.15
   vertex -0.104869012239 -0.0748023394671 0.15
   vertex -0.106445828408 -0.0773374212675 0.15
  endloop
 endfacet
 facet normal -0.849141942518 0.528164710538 0
  outer loop
   vertex -0.104869012239 -0.0748023394671 -0.15
   vertex -0.106445828408 -0.0773374212675 -0.15
   vertex -0.106445828408 -0.0773374212675 0.15
  endloop
 endfacet
 facet normal -0.849141942518 0.528164710538 0
  outer loop
   vertex -0.104869012239 -0.0748023394671 -0.15
   vertex -0.106445828408 -0.0773374212675 0.15
   vertex -0.104869012239 -0.0748023394671 0.15
  endloop
 endfacet
 facet normal 0 0 -1
  outer loop
   vertex 0 0 -0.15
   vertex -0.108152174452 -0.0800283992738 -0.15
   vertex -0.106445828408 -0.0773374212675 -0.15
  endloop
 endfacet
 facet normal 0 0 1
  outer loop
   vertex 0 0 0.15
   vertex -0.106445828408 -0.0773374212675 0.15
   vertex -0.108152174452 -0.0800283992738 0.15
  endloop
 endfacet
 facet normal -0.8445267198 0.535513416774 0
  outer loop
   vertex -0.106445828408 -0.0773374212675 -0.15
   vertex -0.108152174452 -0.0800283992738 -0.15
   vertex -0.108152174452 -0.0800283992738 0.15
  endloop
 endfacet
 facet normal -0.8445267198 0.535513416774 0
  outer loop
   vertex -0.106445828408 -0.0773374212675 -0.15
   vertex -0.108152174452 -0.0800283992738 0.15
   vertex -0.106445828408 -0.0773374212675 0.15
  endloop
 endfacet
 facet normal 0 0 -1
  outer loop
   vertex 0 0 -0.15
   vertex -0.109977864624 -0.0828742653092 -0.15
   vertex -0.108152174452 -0.0800283992738 -0.15
  endloop
 endfacet
 facet normal 0 0 1
  outer loop
   vertex 0 0 0.15
   vertex -0.108152174452 -0.0800283992738 0.15
   vertex -0.109977864624 -0.0828742653092 0.15
  endloop
 endfacet
 facet normal -0.841688670239 0.539963130585 0
  outer loop
   vertex -0.108152174452 -0.0800283992738 -0.15
   vertex -0.109977864624 -0.0828742653092 -0.15
   vertex -0.109977864624 -0.0828742653092 0.15
  endloop
 endfacet
 facet normal -0.841688670239 0.539963130585 0
  outer loop
   vertex -0.108152174452 -0.0800283992738 -0.15
   vertex -0.109977864624 -0.0828742653092 0.15
   vertex -0.108152174452 -0.0800283992738 0.15
  endloop
 endfacet
 facet normal 0 0 -1
  outer loop
   vertex 0 0 -0.15
   vertex -0.111912383427 -0.0858733920929 -0.15
   vertex -0.109977864624 -0.0828742653092 -0.15
  endloop
 endfacet
 facet normal 0 0 1
  outer loop
   vertex 0 0 0.15
   vertex -0.109977864624 -0.0828742653092 0.15
   vertex -0.111912383427 -0.0858733920929 0.15
  endloop
 endfacet
 facet normal -0.840347919064 0.542047391771 0
  outer loop
   vertex -0.109977864624 -0.0828742653092 -0.15
   vertex -0.111912383427 -0.0858733920929 -0.15
   vertex -0.111912383427 -0.0858733920929 0.15
  endloop
 endfacet
 facet normal -0.840347919064 0.542047391771 0
  outer loop
   vertex -0.109977864624 -0.0828742653092 -0.15
   vertex -0.111912383427 -0.0858733920929 0.15
   vertex -0.109977864624 -0.0828742653092 0.15
  endloop
 endfacet
 facet normal 0 0 -1
  outer loop
   vertex 0 0 -0.15
   vertex -0.113944924673 -0.0890235318605 -0.15
   vertex -0.111912383427 -0.0858733920929 -0.15
  endloop
 endfacet
 facet normal 0 0 1
  outer loop
   vertex 0 0 0.15
   vertex -0.111912383427 -0.0858733920929 0.15
   vertex -0.113944924673 -0.0890235318605 0.15
  endloop
 endfacet
 facet normal -0.840273194313 0.542163221659 0
  outer loop
   vertex -0.111912383427 -0.0858733920929 -0.15
   vertex -0.113944924673 -0.0890235318605 -0.15
   vertex -0.113944924673 -0.0890235318605 0.15
  endloop
 endfacet
 facet normal -0.840273194313 0.542163221659 0
  outer loop
   vertex -0.111912383427 -0.0858733920929 -0.15
   vertex -0.113944924673 -0.0890235318605 0.15
   vertex -0.111912383427 -0.0858733920929 0.15
  endloop
 endfacet
 facet normal 0 0 -1
  outer loop
   vertex 0 0 -0.15
   vertex -0.11606443133 -0.0923218173278 -0.15
   vertex -0.113944924673 -0.0890235318605 -0.15
  endloop
 endfacet
 facet normal 0 0 1
  outer loop
   vertex 0 0 0.15
   vertex -0.113944924673 -0.0890235318605 0.15
   vertex -0.11606443133 -0.0923218173278 0.15
  endloop
 endfacet
 facet normal -0.841273567168 0.540609642149 0
  outer loop
   vertex -0.113944924673 -0.0890235318605 -0.15
   vertex -0.11606443133 -0.0923218173278 -0.15
   vertex -0.11606443133 -0.0923218173278 0.15
  endloop
 endfacet
 facet normal -0.841273567168 0.540609642149 0
  outer loop
   vertex -0.113944924673 -0.0890235318605 -0.15
   vertex -0.11606443133 -0.0923218173278 0.15
   vertex -0.113944924673 -0.0890235318605 0.15
  endloop
 endfacet
 facet normal 0 0 -1
  outer loop
   vertex 0 0 -0.15
   vertex -0.118259636006 -0.0957647650093 -0.15
   vertex -0.11606443133 -0.0923218173278 -0.15
  endloop
 endfacet
 facet normal 0 0 1
  outer loop
   vertex 0 0 0.15
   vertex -0.11606443133 -0.0923218173278 0.15
   vertex -0.118259636006 -0.0957647650093 0.15
  endloop
 endfacet
 facet normal -0.84319105895 0.537614023354 0
  outer loop
   vertex -0.11606443133 -0.0923218173278 -0.15
   vertex -0.118259636006 -0.0957647650093 -0.15
   vertex -0.118259636006 -0.0957647650093 0.15
  endloop
 endfacet
 facet normal -0.84319105895 0.537614023354 0
  outer loop
   vertex -0.11606443133 -0.0923218173278 -0.15
   vertex -0.118259636006 -0.0957647650093 0.15
   vertex -0.11606443133 -0.0923218173278 0.15
  endloop
 endfacet
 facet normal 0 0 -1
  outer loop
   vertex 0 0 -0.15
   vertex -0.12051910191 -0.0993482808908 -0.15
   vertex -0.118259636006 -0.0957647650093 -0.15
  endloop
 endfacet
 facet normal 0 0 1
  outer loop
   vertex 0 0 0.15
   vertex -0.118259636006 -0.0957647650093 0.15
   vertex -0.12051910191 -0.0993482808908 0.15
  endloop
 endfacet
 facet normal -0.845894415534 0.533350389301 0
  outer loop
   vertex -0.118259636006 -0.0957647650093 -0.15
   vertex -0.12051910191 -0.0993482808908 -0.15
   vertex -0.12051910191 -0.0993482808908 0.15
  endloop
 endfacet
 facet normal -0.845894415534 0.533350389301 0
  outer loop
   vertex -0.118259636006 -0.0957647650093 -0.15
   vertex -0.12051910191 -0.0993482808908 0.15
   vertex -0.118259636006 -0.0957647650093 0.15
  endloop
 endfacet
 facet normal 0 0 -1
  outer loop
   vertex 0 0 -0.15
   vertex -0.122831264155 -0.10306766845 -0.15
   vertex -0.12051910191 -0.0993482808908 -0.15
  endloop
 endfacet
 facet normal 0 0 1
  outer loop
   vertex 0 0 0.15
   vertex -0.12051910191 -0.0993482808908 0.15
   vertex -0.122831264155 -0.10306766845 0.15
  endloop
 endfacet
 facet normal -0.849274010296 0.527952323071 0
  outer loop
   vertex -0.12051910191 -0.0993482808908 -0.15
   vertex -0.122831264155 -0.10306766845 -0.15
   vertex -0.122831264155 -0.10306766845 0.15
  endloop
 endfacet
 facet normal -0.849274010296 0.527952323071 0
  outer loop
   vertex -0.12051910191 -0.0993482808908 -0.15
   vertex -0.122831264155 -0.10306766845 0.15
   vertex -0.12051910191 -0.0993482808908 0.15
  endloop
 endfacet
 facet normal 0 0 -1
  outer loop
   vertex 0 0 -0.15
   vertex -0.125184471238 -0.106917639005 -0.15
   vertex -0.122831264155 -0.10306766845 -0.15
  endloop
 endfacet
 facet normal 0 0 1
  outer loop
   vertex 0 0 0.15
   vertex -0.122831264155 -0.10306766845 0.15
   vertex -0.125184471238 -0.106917639005 0.15
  endloop
 endfacet
 facet normal -0.853237722707 0.521522184139 0
  outer loop
   vertex -0.122831264155 -0.10306766845 -0.15
   vertex -0.125184471238 -0.106917639005 -0.15
   vertex -0.125184471238 -0.106917639005 0.15
  endloop
 endfacet
 facet normal -0.853237722707 0.521522184139 0
  outer loop
   vertex -0.122831264155 -0.10306766845 -0.15
   vertex -0.125184471238 -0.106917639005 0.15
   vertex -0.122831264155 -0.10306766845 0.15
  endloop
 endfacet
 facet normal 0 0 -1
  outer loop
   vertex 0 0 -0.15
   vertex -0.127567026559 -0.11089232437 -0.15
   vertex -0.125184471238 -0.106917639005 -0.15
  endloop
 endfacet
 facet normal 0 0 1
  outer loop
   vertex 0 0 0.15
   vertex -0.125184471238 -0.106917639005 0.15
   vertex -0.127567026559 -0.11089232437 0.15
  endloop
 endfacet
 facet normal -0.857707618459 0.514137764842 0
  outer loop
   vertex -0.125184471238 -0.106917639005 -0.15
   vertex -0.127567026559 -0.11089232437 -0.15
   vertex -0.127567026559 -0.11089232437 0.15
  endloop
 endfacet
 facet normal -0.857707618459 0.514137764842 0
  outer loop
   vertex -0.125184471238 -0.106917639005 -0.15
   vertex -0.127567026559 -0.11089232437 0.15
   vertex -0.125184471238 -0.106917639005 0.15
  endloop
 endfacet
 facet normal 0 0 -1
  outer loop
   vertex 0 0 -0.15
   vertex -0.129967229815 -0.114985291782 -0.15
   vertex -0.127567026559 -0.11089232437 -0.15
  endloop
 endfacet
 facet normal 0 0 1
  outer loop
   vertex 0 0 0.15
   vertex -0.127567026559 -0.11089232437 0.15
   vertex -0.129967229815 -0.114985291782 0.15
  endloop
 endfacet
 facet normal -0.862617270657 0.505857138295 0
  outer loop
   vertex -0.127567026559 -0.11089232437 -0.15
   vertex -0.129967229815 -0.114985291782 -0.15
   vertex -0.129967229815 -0.114985291782 0.15
  endloop
 endfacet
 facet normal -0.862617270657 0.505857138295 0
  outer loop
   vertex -0.127567026559 -0.11089232437 -0.15
   vertex -0.129967229815 -0.114985291782 0.15
   vertex -0.127567026559 -0.11089232437 0.15
  endloop
 endfacet
 facet normal 0 0 -1
  outer loop
   vertex 0 0 -0.15
   vertex -0.132373418135 -0.119189561046 -0.15
   vertex -0.129967229815 -0.114985291782 -0.15
  endloop
 endfacet
 facet normal 0 0 1
  outer loop
   vertex 0 0 0.15
   vertex -0.129967229815 -0.114985291782 0.15
   vertex -0.132373418135 -0.119189561046 0.15
  endloop
 endfacet
 facet normal -0.867909585778 0.496722206987 0
  outer loop
   vertex -0.129967229815 -0.114985291782 -0.15
   vertex -0.132373418135 -0.119189561046 -0.15
   vertex -0.132373418135 -0.119189561046 0.15
  endloop
 endfacet
 facet normal -0.867909585778 0.496722206987 0
  outer loop
   vertex -0.129967229815 -0.114985291782 -0.15
   vertex -0.132373418135 -0.119189561046 0.15
   vertex -0.129967229815 -0.114985291782 0.15
  endloop
 endfacet
 facet normal 0 0 -1
  outer loop
   vertex 0 0 -0.15
   vertex -0.134774006789 -0.123497623868 -0.15
   vertex -0.132373418135 -0.119189561046 -0.15
  endloop
 endfacet
 facet normal 0 0 1
  outer loop
   vertex 0 0 0.15
   vertex -0.132373418135 -0.119189561046 0.15
   vertex -0.134774006789 -0.123497623868 0.15
  endloop
 endfacet
 facet normal -0.873535022627 0.486761301095 0
  outer loop
   vertex -0.132373418135 -0.119189561046 -0.15
   vertex -0.134774006789 -0.123497623868 -0.15
   vertex -0.134774006789 -0.123497623868 0.15
  endloop
 endfacet
 facet normal -0.873535022627 0.486761301095 0
  outer loop
   vertex -0.132373418135 -0.119189561046 -0.15
   vertex -0.134774006789 -0.123497623868 0.15
   vertex -0.132373418135 -0.119189561046 0.15
  endloop
 endfacet
 facet normal 0 0 -1
  outer loop
   vertex 0 0 -0.15
   vertex -0.137157529347 -0.127901465293 -0.15
   vertex -0.134774006789 -0.123497623868 -0.15
  endloop
 endfacet
 facet normal 0 0 1
  outer loop
   vertex 0 0 0.15
   vertex -0.134774006789 -0.123497623868 0.15
   vertex -0.137157529347 -0.127901465293 0.15
  endloop
 endfacet
 facet normal -0.879450113902 0.475991068359 0
  outer loop
   vertex -0.134774006789 -0.123497623868 -0.15
   vertex -0.137157529347 -0.127901465293 -0.15
   vertex -0.137157529347 -0.127901465293 0.15
  endloop
 endfacet
 facet normal -0.879450113902 0.475991068359 0
  outer loop
   vertex -0.134774006789 -0.123497623868 -0.15
   vertex -0.137157529347 -0.127901465293 0.15
   vertex -0.134774006789 -0.123497623868 0.15
  endloop
 endfacet
 facet normal 0 0 -1
  outer loop
   vertex 0 0 -0.15
   vertex -0.139512677122 -0.132392587196 -0.15
   vertex -0.137157529347 -0.127901465293 -0.15
  endloop
 endfacet
 facet normal 0 0 1
  outer loop
   vertex 0 0 0.15
   vertex -0.137157529347 -0.127901465293 0.15
   vertex -0.139512677122 -0.132392587196 0.15
  endloop
 endfacet
 facet normal -0.885616217275 0.464417824486 0
  outer loop
   vertex -0.137157529347 -0.127901465293 -0.15
   vertex -0.139512677122 -0.132392587196 -0.15
   vertex -0.139512677122 -0.132392587196 0.15
  endloop
 endfacet
 facet normal -0.885616217275 0.464417824486 0
  outer loop
   vertex -0.137157529347 -0.127901465293 -0.15
   vertex -0.139512677122 -0.132392587196 0.15
   vertex -0.137157529347 -0.127901465293 0.15
  endloop
 endfacet
 facet normal 0 0 -1
  outer loop
   vertex 0 0 -0.15
   vertex -0.141828337776 -0.13696203374 -0.15
   vertex -0.139512677122 -0.132392587196 -0.15
  endloop
 endfacet
 facet normal 0 0 1
  outer loop
   vertex 0 0 0.15
   vertex -0.139512677122 -0.132392587196 0.15
   vertex -0.141828337776 -0.13696203374 0.15
  endloop
 endfacet
 facet normal -0.891998436182 0.452038482708 0
  outer loop
   vertex -0.139512677122 -0.132392587196 -0.15
   vertex -0.141828337776 -0.13696203374 -0.15
   vertex -0.141828337776 -0.13696203374 0.15
  endloop
 endfacet
 facet normal -0.891998436182 0.452038482708 0
  outer loop
   vertex -0.139512677122 -0.132392587196 -0.15
   vertex -0.141828337776 -0.13696203374 0.15
   vertex -0.139512677122 -0.132392587196 0.15
  endloop
 endfacet
 facet normal 0 0 -1
  outer loop
   vertex 0 0 -0.15
   vertex -0.144093632942 -0.141600418725 -0.15
   vertex -0.141828337776 -0.13696203374 -0.15
  endloop
 endfacet
 facet normal 0 0 1
  outer loop
   vertex 0 0 0.15
   vertex -0.141828337776 -0.13696203374 0.15
   vertex -0.144093632942 -0.141600418725 0.15
  endloop
 endfacet
 facet normal -0.898564660311 0.438841145793 0
  outer loop
   vertex -0.141828337776 -0.13696203374 -0.15
   vertex -0.144093632942 -0.141600418725 -0.15
   vertex -0.144093632942 -0.141600418725 0.15
  endloop
 endfacet
 facet normal -0.898564660311 0.438841145793 0
  outer loop
   vertex -0.141828337776 -0.13696203374 -0.15
   vertex -0.144093632942 -0.141600418725 0.15
   vertex -0.141828337776 -0.13696203374 0.15
  endloop
 endfacet
 facet normal 0 0 -1
  outer loop
   vertex 0 0 -0.15
   vertex -0.146297954728 -0.146297954728 -0.15
   vertex -0.144093632942 -0.141600418725 -0.15
  endloop
 endfacet
 facet normal 0 0 1
  outer loop
   vertex 0 0 0.15
   vertex -0.144093632942 -0.141600418725 0.15
   vertex -0.146297954728 -0.146297954728 0.15
  endloop
 endfacet
 facet normal -0.905284682493 0.424805418566 0
  outer loop
   vertex -0.144093632942 -0.141600418725 -0.15
   vertex -0.146297954728 -0.146297954728 -0.15
   vertex -0.146297954728 -0.146297954728 0.15
  endloop
 endfacet
 facet normal -0.905284682493 0.424805418566 0
  outer loop
   vertex -0.144093632942 -0.141600418725 -0.15
   vertex -0.146297954728 -0.146297954728 0.15
   vertex -0.144093632942 -0.141600418725 0.15
  endloop
 endfacet
 facet normal 0 0 -1
  outer loop
   vertex 0 0 -0.15
   vertex -0.148431000986 -0.151044483949 -0.15
   vertex -0.146297954728 -0.146297954728 -0.15
  endloop
 endfacet
 facet normal 0 0 1
  outer loop
   vertex 0 0 0.15
   vertex -0.146297954728 -0.146297954728 0.15
   vertex -0.148431000986 -0.151044483949 0.15
  endloop
 endfacet
 facet normal -0.912129352848 0.409902480687 0
  outer loop
   vertex -0.146297954728 -0.146297954728 -0.15
   vertex -0.148431000986 -0.151044483949 -0.15
   vertex -0.148431000986 -0.151044483949 0.15
  endloop
 endfacet
 facet normal -0.912129352848 0.409902480687 0
  outer loop
   vertex -0.146297954728 -0.146297954728 -0.15
   vertex -0.148431000986 -0.151044483949 0.15
   vertex -0.146297954728 -0.146297954728 0.15
  endloop
 endfacet
 facet normal 0 0 -1
  outer loop
   vertex 0 0 -0.15
   vertex -0.150482809208 -0.15582951064 -0.15
   vertex -0.148431000986 -0.151044483949 -0.15
  endloop
 endfacet
 facet normal 0 0 1
  outer loop
   vertex 0 0 0.15
   vertex -0.148431000986 -0.151044483949 0.15
   vertex -0.150482809208 -0.15582951064 0.15
  endloop
 endfacet
 facet normal -0.919069732708 0.394094945946 0
  outer loop
   vertex -0.148431000986 -0.151044483949 -0.15
   vertex -0.150482809208 -0.15582951064 -0.15
   vertex -0.150482809208 -0.15582951064 0.15
  endloop
 endfacet
 facet normal -0.919069732708 0.394094945946 0
  outer loop
   vertex -0.148431000986 -0.151044483949 -0.15
   vertex -0.150482809208 -0.15582951064 0.15
   vertex -0.148431000986 -0.151044483949 0.15
  endloop
 endfacet
 facet normal 0 0 -1
  outer loop
   vertex 0 0 -0.15
   vertex -0.152443788953 -0.160642235021 -0.15
   vertex -0.150482809208 -0.15582951064 -0.15
  endloop
 endfacet
 facet normal 0 0 1
  outer loop
   vertex 0 0 0.15
   vertex -0.150482809208 -0.15582951064 0.15
   vertex -0.152443788953 -0.160642235021 0.15
  endloop
 endfacet
 facet normal -0.92607621038 0.377336524297 0
  outer loop
   vertex -0.150482809208 -0.15582951064 -0.15
   vertex -0.152443788953 -0.160642235021 -0.15
   vertex -0.152443788953 -0.160642235021 0.15
  endloop
 endfacet
 facet normal -0.92607621038 0.377336524297 0
  outer loop
   vertex -0.150482809208 -0.15582951064 -0.15
   vertex -0.152443788953 -0.160642235021 0.15
   vertex -0.150482809208 -0.15582951064 0.15
  endloop
 endfacet
 facet normal 0 0 -1
  outer loop
   vertex 0 0 -0.15
   vertex -0.154304752664 -0.165471588565 -0.15
   vertex -0.152443788953 -0.160642235021 -0.15
  endloop
 endfacet
 facet normal 0 0 1
  outer loop
   vertex 0 0 0.15
   vertex -0.152443788953 -0.160642235021 0.15
   vertex -0.154304752664 -0.165471588565 0.15
  endloop
 endfacet
 facet normal -0.933117537948 0.359571495497 0
  outer loop
   vertex -0.152443788953 -0.160642235021 -0.15
   vertex -0.154304752664 -0.165471588565 -0.15
   vertex -0.154304752664 -0.165471588565 0.15
  endloop
 endfacet
 facet normal -0.933117537948 0.359571495497 0
  outer loop
   vertex -0.152443788953 -0.160642235021 -0.15
   vertex -0.154304752664 -0.165471588565 0.15
   vertex -0.152443788953 -0.160642235021 0.15
  endloop
 endfacet
 facet normal 0 0 -1
  outer loop
   vertex 0 0 -0.15
   vertex -0.156056944801 -0.170306270512 -0.15
   vertex -0.154304752664 -0.165471588565 -0.15
  endloop
 endfacet
 facet normal 0 0 1
  outer loop
   vertex 0 0 0.15
   vertex -0.154304752664 -0.165471588565 0.15
   vertex -0.156056944801 -0.170306270512 0.15
  endloop
 endfacet
 facet normal -0.940159743107 0.34073399807 0
  outer loop
   vertex -0.154304752664 -0.165471588565 -0.15
   vertex -0.156056944801 -0.170306270512 -0.15
   vertex -0.156056944801 -0.170306270512 0.15
  endloop
 endfacet
 facet normal -0.940159743107 0.34073399807 0
  outer loop
   vertex -0.154304752664 -0.165471588565 -0.15
   vertex -0.156056944801 -0.170306270512 0.15
   vertex -0.154304752664 -0.165471588565 0.15
  endloop
 endfacet
 facet normal 0 0 -1
  outer loop
   vertex 0 0 -0.15
   vertex -0.157692069171 -0.175134785511 -0.15
   vertex -0.156056944801 -0.170306270512 -0.15
  endloop
 endfacet
 facet normal 0 0 1
  outer loop
   vertex 0 0 0.15
   vertex -0.156056944801 -0.170306270512 0.15
   vertex -0.157692069171 -0.175134785511 0.15
  endloop
 endfacet
 facet normal -0.947164862008 0.320747134324 0
  outer loop
   vertex -0.156056944801 -0.170306270512 -0.15
   vertex -0.157692069171 -0.175134785511 -0.15
   vertex -0.157692069171 -0.175134785511 0.15
  endloop
 endfacet
 facet normal -0.947164862008 0.320747134324 0
  outer loop
   vertex -0.156056944801 -0.170306270512 -0.15
   vertex -0.157692069171 -0.175134785511 0.15
   vertex -0.156056944801 -0.170306270512 0.15
  endloop
 endfacet
 facet normal 0 0 -1
  outer loop
   vertex 0 0 -0.15
   vertex -0.159202314376 -0.179945482235 -0.15
   vertex -0.157692069171 -0.175134785511 -0.15
  endloop
 endfacet
 facet normal 0 0 1
  outer loop
   vertex 0 0 0.15
   vertex -0.157692069171 -0.175134785511 0.15
   vertex -0.159202314376 -0.179945482235 0.15
  endloop
 endfacet
 facet normal -0.954089427865 0.299521891747 0
  outer loop
   vertex -0.157692069171 -0.175134785511 -0.15
   vertex -0.159202314376 -0.179945482235 -0.15
   vertex -0.159202314376 -0.179945482235 0.15
  endloop
 endfacet
 facet normal -0.954089427865 0.299521891747 0
  outer loop
   vertex -0.157692069171 -0.175134785511 -0.15
   vertex -0.159202314376 -0.179945482235 0.15
   vertex -0.157692069171 -0.175134785511 0.15
  endloop
 endfacet
 facet normal 0 0 -1
  outer loop
   vertex 0 0 -0.15
   vertex -0.160580377281 -0.184726592843 -0.15
   vertex -0.159202314376 -0.179945482235 -0.15
  endloop
 endfacet
 facet normal 0 0 1
  outer loop
   vertex 0 0 0.15
   vertex -0.159202314376 -0.179945482235 0.15
   vertex -0.160580377281 -0.184726592843 0.15
  endloop
 endfacet
 facet normal -0.960882635041 0.276955883991 0
  outer loop
   vertex -0.159202314376 -0.179945482235 -0.15
   vertex -0.160580377281 -0.184726592843 -0.15
   vertex -0.160580377281 -0.184726592843 0.15
  endloop
 endfacet
 facet normal -0.960882635041 0.276955883991 0
  outer loop
   vertex -0.159202314376 -0.179945482235 -0.15
   vertex -0.160580377281 -0.184726592843 0.15
   vertex -0.159202314376 -0.179945482235 0.15
  endloop
 endfacet
 facet normal 0 0 -1
  outer loop
   vertex 0 0 -0.15
   vertex -0.161819484442 -0.189466273148 -0.15
   vertex -0.160580377281 -0.184726592843 -0.15
  endloop
 endfacet
 facet normal 0 0 1
  outer loop
   vertex 0 0 0.15
   vertex -0.160580377281 -0.184726592843 0.15
   vertex -0.161819484442 -0.189466273148 0.15
  endloop
 endfacet
 facet normal -0.967484078767 0.252931922328 0
  outer loop
   vertex -0.160580377281 -0.184726592843 -0.15
   vertex -0.161819484442 -0.189466273148 -0.15
   vertex -0.161819484442 -0.189466273148 0.15
  endloop
 endfacet
 facet normal -0.967484078767 0.252931922328 0
  outer loop
   vertex -0.160580377281 -0.184726592843 -0.15
   vertex -0.161819484442 -0.189466273148 0.15
   vertex -0.160580377281 -0.184726592843 0.15
  endloop
 endfacet
 facet normal 0 0 -1
  outer loop
   vertex 0 0 -0.15
   vertex -0.162913411421 -0.194152643342 -0.15
   vertex -0.161819484442 -0.189466273148 -0.15
  endloop
 endfacet
 facet normal 0 0 1
  outer loop
   vertex 0 0 0.15
   vertex -0.161819484442 -0.189466273148 0.15
   vertex -0.162913411421 -0.194152643342 0.15
  endloop
 endfacet
 facet normal -0.973820945859 0.227316443327 0
  outer loop
   vertex -0.161819484442 -0.189466273148 -0.15
   vertex -0.162913411421 -0.194152643342 -0.15
   vertex -0.162913411421 -0.194152643342 0.15
  endloop
 endfacet
 facet normal -0.973820945859 0.227316443327 0
  outer loop
   vertex -0.161819484442 -0.189466273148 -0.15
   vertex -0.162913411421 -0.194152643342 0.15
   vertex -0.161819484442 -0.189466273148 0.15
  endloop
 endfacet
 facet normal 0 0 -1
  outer loop
   vertex 0 0 -0.15
   vertex -0.163856499914 -0.198773829147 -0.15
   vertex -0.162913411421 -0.194152643342 -0.15
  endloop
 endfacet
 facet normal 0 0 1
  outer loop
   vertex 0 0 0.15
   vertex -0.162913411421 -0.194152643342 0.15
   vertex -0.163856499914 -0.198773829147 0.15
  endloop
 endfacet
 facet normal -0.979804501203 0.199957844114 0
  outer loop
   vertex -0.162913411421 -0.194152643342 -0.15
   vertex -0.163856499914 -0.198773829147 -0.15
   vertex -0.163856499914 -0.198773829147 0.15
  endloop
 endfacet
 facet normal -0.979804501203 0.199957844114 0
  outer loop
   vertex -0.162913411421 -0.194152643342 -0.15
   vertex -0.163856499914 -0.198773829147 0.15
   vertex -0.162913411421 -0.194152643342 0.15
  endloop
 endfacet
 facet normal 0 0 -1
  outer loop
   vertex 0 0 -0.15
   vertex -0.164643672667 -0.203318003217 -0.15
   vertex -0.163856499914 -0.198773829147 -0.15
  endloop
 endfacet
 facet normal 0 0 1
  outer loop
   vertex 0 0 0.15
   vertex -0.163856499914 -0.198773829147 0.15
   vertex -0.164643672667 -0.203318003217 0.15
  endloop
 endfacet
 facet normal -0.985325678504 0.170684818544 0
  outer loop
   vertex -0.163856499914 -0.198773829147 -0.15
   vertex -0.164643672667 -0.203318003217 -0.15
   vertex -0.164643672667 -0.203318003217 0.15
  endloop
 endfacet
 facet normal -0.985325678504 0.170684818544 0
  outer loop
   vertex -0.163856499914 -0.198773829147 -0.15
   vertex -0.164643672667 -0.203318003217 0.15
   vertex -0.163856499914 -0.198773829147 0.15
  endloop
 endfacet
 facet normal 0 0 -1
  outer loop
   vertex 0 0 -0.15
   vertex -0.165270446108 -0.207773426678 -0.15
   vertex -0.164643672667 -0.203318003217 -0.15
  endloop
 endfacet
 facet normal 0 0 1
  outer loop
   vertex 0 0 0.15
   vertex -0.164643672667 -0.203318003217 0.15
   vertex -0.165270446108 -0.207773426678 0.15
  endloop
 endfacet
 facet normal -0.990249543124 0.139304853979 0
  outer loop
   vertex -0.164643672667 -0.203318003217 -0.15
   vertex -0.165270446108 -0.207773426678 -0.15
   vertex -0.165270446108 -0.207773426678 0.15
  endloop
 endfacet
 facet normal -0.990249543124 0.139304853979 0
  outer loop
   vertex -0.164643672667 -0.203318003217 -0.15
   vertex -0.165270446108 -0.207773426678 0.15
   vertex -0.164643672667 -0.203318003217 0.15
  endloop
 endfacet
 facet normal 0 0 -1
  outer loop
   vertex 0 0 -0.15
   vertex -0.165732940688 -0.212128490612 -0.15
   vertex -0.165270446108 -0.207773426678 -0.15
  endloop
 endfacet
 facet normal 0 0 1
  outer loop
   vertex 0 0 0.15
   vertex -0.165270446108 -0.207773426678 0.15
   vertex -0.165732940688 -0.212128490612 0.15
  endloop
 endfacet
 facet normal -0.994408354014 0.105603150841 0
  outer loop
   vertex -0.165270446108 -0.207773426678 -0.15
   vertex -0.165732940688 -0.212128490612 -0.15
   vertex -0.165732940688 -0.212128490612 0.15
  endloop
 endfacet
 facet normal -0.994408354014 0.105603150841 0
  outer loop
   vertex -0.165270446108 -0.207773426678 -0.15
   vertex -0.165732940688 -0.212128490612 0.15
   vertex -0.165270446108 -0.207773426678 0.15
  endloop
 endfacet
 facet normal 0 0 -1
  outer loop
   vertex 0 0 -0.15
   vertex -0.166027888876 -0.216371757383 -0.15
   vertex -0.165732940688 -0.212128490612 -0.15
  endloop
 endfacet
 facet normal 0 0 1
  outer loop
   vertex 0 0 0.15
   vertex -0.165732940688 -0.212128490612 0.15
   vertex -0.166027888876 -0.216371757383 0.15
  endloop
 endfacet
 facet normal -0.99759292003 0.0693423817489 0
  outer loop
   vertex -0.165732940688 -0.212128490612 -0.15
   vertex -0.166027888876 -0.216371757383 -0.15
   vertex -0.166027888876 -0.216371757383 0.15
  endloop
 endfacet
 facet normal -0.99759292003 0.0693423817489 0
  outer loop
   vertex -0.165732940688 -0.212128490612 -0.15
   vertex -0.166027888876 -0.216371757383 0.15
   vertex -0.165732940688 -0.212128490612 0.15
  endloop
 endfacet
 facet normal 0 0 -1
  outer loop
   vertex 0 0 -0.15
   vertex -0.166152640823 -0.220492001602 -0.15
   vertex -0.166027888876 -0.216371757383 -0.15
  endloop
 endfacet
 facet normal 0 0 1
  outer loop
   vertex 0 0 0.15
   vertex -0.166027888876 -0.216371757383 0.15
   vertex -0.166152640823 -0.220492001602 0.15
  endloop
 endfacet
 facet normal -0.999541942214 0.0302639349071 0
  outer loop
   vertex -0.166027888876 -0.216371757383 -0.15
   vertex -0.166152640823 -0.220492001602 -0.15
   vertex -0.166152640823 -0.220492001602 0.15
  endloop
 endfacet
 facet normal -0.999541942214 0.0302639349071 0
  outer loop
   vertex -0.166027888876 -0.216371757383 -0.15
   vertex -0.166152640823 -0.220492001602 0.15
   vertex -0.166027888876 -0.216371757383 0.15
  endloop
 endfacet
 facet normal 0 0 -1
  outer loop
   vertex 0 0 -0.15
   vertex -0.166105167658 -0.224478250631 -0.15
   vertex -0.166152640823 -0.220492001602 -0.15
  endloop
 endfacet
 facet normal 0 0 1
  outer loop
   vertex 0 0 0.15
   vertex -0.166152640823 -0.220492001602 0.15
   vertex -0.166105167658 -0.224478250631 0.15
  endloop
 endfacet
 facet normal -0.999929092638 -0.0119083876477 0
  outer loop
   vertex -0.166152640823 -0.220492001602 -0.15
   vertex -0.166105167658 -0.224478250631 -0.15
   vertex -0.166105167658 -0.224478250631 0.15
  endloop
 endfacet
 facet normal -0.999929092638 -0.0119083876477 0
  outer loop
   vertex -0.166152640823 -0.220492001602 -0.15
   vertex -0.166105167658 -0.224478250631 0.15
   vertex -0.166152640823 -0.220492001602 0.15
  endloop
 endfacet
 facet normal 0 0 -1
  outer loop
   vertex 0 0 -0.15
   vertex -0.16588406244 -0.228319824436 -0.15
   vertex -0.166105167658 -0.224478250631 -0.15
  endloop
 endfacet
 facet normal 0 0 1
  outer loop
   vertex 0 0 0.15
   vertex -0.166105167658 -0.224478250631 0.15
   vertex -0.16588406244 -0.228319824436 0.15
  endloop
 endfacet
 facet normal -0.998347763352 -0.0574607988974 0
  outer loop
   vertex -0.166105167658 -0.224478250631 -0.15
   vertex -0.16588406244 -0.228319824436 -0.15
   vertex -0.16588406244 -0.228319824436 0.15
  endloop
 endfacet
 facet normal -0.998347763352 -0.0574607988974 0
  outer loop
   vertex -0.166105167658 -0.224478250631 -0.15
   vertex -0.16588406244 -0.228319824436 0.15
   vertex -0.166105167658 -0.224478250631 0.15
  endloop
 endfacet
 facet normal 0 0 -1
  outer loop
   vertex 0 0 -0.15
   vertex -0.165488538758 -0.232006374667 -0.15
   vertex -0.16588406244 -0.228319824436 -0.15
  endloop
 endfacet
 facet normal 0 0 1
  outer loop
   vertex 0 0 0.15
   vertex -0.16588406244 -0.228319824436 0.15
   vertex -0.165488538758 -0.232006374667 0.15
  endloop
 endfacet
 facet normal -0.994293825975 -0.106676087424 0
  outer loop
   vertex -0.16588406244 -0.228319824436 -0.15
   vertex -0.165488538758 -0.232006374667 -0.15
   vertex -0.165488538758 -0.232006374667 0.15
  endloop
 endfacet
 facet normal -0.994293825975 -0.106676087424 0
  outer loop
   vertex -0.16588406244 -0.228319824436 -0.15
   vertex -0.165488538758 -0.232006374667 0.15
   vertex -0.16588406244 -0.228319824436 0.15
  endloop
 endfacet
 facet normal 0 0 -1
  outer loop
   vertex 0 0 -0.15
   vertex -0.164918427011 -0.235527922811 -0.15
   vertex -0.165488538758 -0.232006374667 -0.15
  endloop
 endfacet
 facet normal 0 0 1
  outer loop
   vertex 0 0 0.15
   vertex -0.165488538758 -0.232006374667 0.15
   vertex -0.164918427011 -0.235527922811 0.15
  endloop
 endfacet
 facet normal -0.987147526058 -0.159811644749 0
  outer loop
   vertex -0.165488538758 -0.232006374667 -0.15
   vertex -0.164918427011 -0.235527922811 -0.15
   vertex -0.164918427011 -0.235527922811 0.15
  endloop
 endfacet
 facet normal -0.987147526058 -0.159811644749 0
  outer loop
   vertex -0.165488538758 -0.232006374667 -0.15
   vertex -0.164918427011 -0.235527922811 0.15
   vertex -0.165488538758 -0.232006374667 0.15
  endloop
 endfacet
 facet normal 0 0 -1
  outer loop
   vertex 0 0 -0.15
   vertex -0.164174168384 -0.238874897274 -0.15
   vertex -0.164918427011 -0.235527922811 -0.15
  endloop
 endfacet
 facet normal 0 0 1
  outer loop
   vertex 0 0 0.15
   vertex -0.164918427011 -0.235527922811 0.15
   vertex -0.164174168384 -0.238874897274 0.15
  endloop
 endfacet
 facet normal -0.976157002168 -0.217065674664 0
  outer loop
   vertex -0.164918427011 -0.235527922811 -0.15
   vertex -0.164174168384 -0.238874897274 -0.15
   vertex -0.164174168384 -0.238874897274 0.15
  endloop
 endfacet
 facet normal -0.976157002168 -0.217065674664 0
  outer loop
   vertex -0.164918427011 -0.235527922811 -0.15
   vertex -0.164174168384 -0.238874897274 0.15
   vertex -0.164918427011 -0.235527922811 0.15
  endloop
 endfacet
 facet normal 0 0 -1
  outer loop
   vertex 0 0 -0.15
   vertex -0.163256806568 -0.242038169262 -0.15
   vertex -0.164174168384 -0.238874897274 -0.15
  endloop
 endfacet
 facet normal 0 0 1
  outer loop
   vertex 0 0 0.15
   vertex -0.164174168384 -0.238874897274 0.15
   vertex -0.163256806568 -0.242038169262 0.15
  endloop
 endfacet
 facet normal -0.960428087889 -0.278528073978 0
  outer loop
   vertex -0.164174168384 -0.238874897274 -0.15
   vertex -0.163256806568 -0.242038169262 -0.15
   vertex -0.163256806568 -0.242038169262 0.15
  endloop
 endfacet
 facet normal -0.960428087889 -0.278528073978 0
  outer loop
   vertex -0.164174168384 -0.238874897274 -0.15
   vertex -0.163256806568 -0.242038169262 0.15
   vertex -0.164174168384 -0.238874897274 0.15
  endloop
 endfacet
 facet normal 0 0 -1
  outer loop
   vertex 0 0 -0.15
   vertex -0.162167977258 -0.245009087318 -0.15
   vertex -0.163256806568 -0.242038169262 -0.15
  endloop
 endfacet
 facet normal 0 0 1
  outer loop
   vertex 0 0 0.15
   vertex -0.163256806568 -0.242038169262 0.15
   vertex -0.162167977258 -0.245009087318 0.15
  endloop
 endfacet
 facet normal -0.9389281259 -0.344113316211 0
  outer loop
   vertex -0.163256806568 -0.242038169262 -0.15
   vertex -0.162167977258 -0.245009087318 -0.15
   vertex -0.162167977258 -0.245009087318 0.15
  endloop
 endfacet
 facet normal -0.9389281259 -0.344113316211 0
  outer loop
   vertex -0.163256806568 -0.242038169262 -0.15
   vertex -0.162167977258 -0.245009087318 0.15
   vertex -0.163256806568 -0.242038169262 0.15
  endloop
 endfacet
 facet normal 0 0 -1
  outer loop
   vertex 0 0 -0.15
   vertex -0.160909895481 -0.247779510382 -0.15
   vertex -0.162167977258 -0.245009087318 -0.15
  endloop
 endfacet
 facet normal 0 0 1
  outer loop
   vertex 0 0 0.15
   vertex -0.162167977258 -0.245009087318 0.15
   vertex -0.160909895481 -0.247779510382 0.15
  endloop
 endfacet
 facet normal -0.91051516657 -0.413475672133 0
  outer loop
   vertex -0.162167977258 -0.245009087318 -0.15
   vertex -0.160909895481 -0.247779510382 -0.15
   vertex -0.160909895481 -0.247779510382 0.15
  endloop
 endfacet
 facet normal -0.91051516657 -0.413475672133 0
  outer loop
   vertex -0.162167977258 -0.245009087318 -0.15
   vertex -0.160909895481 -0.247779510382 0.15
   vertex -0.162167977258 -0.245009087318 0.15
  endloop
 endfacet
 facet normal 0 0 -1
  outer loop
   vertex 0 0 -0.15
   vertex -0.159485340831 -0.250341839264 -0.15
   vertex -0.160909895481 -0.247779510382 -0.15
  endloop
 endfacet
 facet normal 0 0 1
  outer loop
   vertex 0 0 0.15
   vertex -0.160909895481 -0.247779510382 0.15
   vertex -0.159485340831 -0.250341839264 0.15
  endloop
 endfacet
 facet normal -0.87400683811 -0.48591362086 0
  outer loop
   vertex -0.160909895481 -0.247779510382 -0.15
   vertex -0.159485340831 -0.250341839264 -0.15
   vertex -0.159485340831 -0.250341839264 0.15
  endloop
 endfacet
 facet normal -0.87400683811 -0.48591362086 0
  outer loop
   vertex -0.160909895481 -0.247779510382 -0.15
   vertex -0.159485340831 -0.250341839264 0.15
   vertex -0.160909895481 -0.247779510382 0.15
  endloop
 endfacet
 facet normal 0 0 -1
  outer loop
   vertex 0 0 -0.15
   vertex -0.157897640655 -0.252689046395 -0.15
   vertex -0.159485340831 -0.250341839264 -0.15
  endloop
 endfacet
 facet normal 0 0 1
  outer loop
   vertex 0 0 0.15
   vertex -0.159485340831 -0.250341839264 0.15
   vertex -0.157897640655 -0.252689046395 0.15
  endloop
 endfacet
 facet normal -0.828302477983 -0.560281183842 0
  outer loop
   vertex -0.159485340831 -0.250341839264 -0.15
   vertex -0.157897640655 -0.252689046395 -0.15
   vertex -0.157897640655 -0.252689046395 0.15
  endloop
 endfacet
 facet normal -0.828302477983 -0.560281183842 0
  outer loop
   vertex -0.159485340831 -0.250341839264 -0.15
   vertex -0.157897640655 -0.252689046395 0.15
   vertex -0.159485340831 -0.250341839264 0.15
  endloop
 endfacet
 facet normal 0 0 -1
  outer loop
   vertex 0 0 -0.15
   vertex -0.156150651284 -0.254814703744 -0.15
   vertex -0.157897640655 -0.252689046395 -0.15
  endloop
 endfacet
 facet normal 0 0 1
  outer loop
   vertex 0 0 0.15
   vertex -0.157897640655 -0.252689046395 0.15
   vertex -0.156150651284 -0.254814703744 0.15
  endloop
 endfacet
 facet normal -0.772563351305 -0.634937688455 0
  outer loop
   vertex -0.157897640655 -0.252689046395 -0.15
   vertex -0.156150651284 -0.254814703744 -0.15
   vertex -0.156150651284 -0.254814703744 0.15
  endloop
 endfacet
 facet normal -0.772563351305 -0.634937688455 0
  outer loop
   vertex -0.157897640655 -0.252689046395 -0.15
   vertex -0.156150651284 -0.254814703744 0.15
   vertex -0.157897640655 -0.252689046395 0.15
  endloop
 endfacet
 facet normal 0 0 -1
  outer loop
   vertex 0 0 -0.15
   vertex -0.154248737382 -0.256713008803 -0.15
   vertex -0.156150651284 -0.254814703744 -0.15
  endloop
 endfacet
 facet normal 0 0 1
  outer loop
   vertex 0 0 0.15
   vertex -0.156150651284 -0.254814703744 0.15
   vertex -0.154248737382 -0.256713008803 0.15
  endloop
 endfacet
 facet normal -0.706434965062 -0.70777795963 0
  outer loop
   vertex -0.156150651284 -0.254814703744 -0.15
   vertex -0.154248737382 -0.256713008803 -0.15
   vertex -0.154248737382 -0.256713008803 0.15
  endloop
 endfacet
 facet normal -0.706434965062 -0.70777795963 0
  outer loop
   vertex -0.156150651284 -0.254814703744 -0.15
   vertex -0.154248737382 -0.256713008803 0.15
   vertex -0.156150651284 -0.254814703744 0.15
  endloop
 endfacet
 facet normal 0 0 -1
  outer loop
   vertex 0 0 -0.15
   vertex -0.15219674951 -0.258378808525 -0.15
   vertex -0.154248737382 -0.256713008803 -0.15
  endloop
 endfacet
 facet normal 0 0 1
  outer loop
   vertex 0 0 0.15
   vertex -0.154248737382 -0.256713008803 0.15
   vertex -0.15219674951 -0.258378808525 0.15
  endloop
 endfacet
 facet normal -0.630264291337 -0.776380656035 0
  outer loop
   vertex -0.154248737382 -0.256713008803 -0.15
   vertex -0.15219674951 -0.258378808525 -0.15
   vertex -0.15219674951 -0.258378808525 0.15
  endloop
 endfacet
 facet normal -0.630264291337 -0.776380656035 0
  outer loop
   vertex -0.154248737382 -0.256713008803 -0.15
   vertex -0.15219674951 -0.258378808525 0.15
   vertex -0.154248737382 -0.256713008803 0.15
  endloop
 endfacet
 facet normal 0 0 -1
  outer loop
   vertex 0 0 -0.15
   vertex -0.15 -0.259807621135 -0.15
   vertex -0.15219674951 -0.258378808525 -0.15
  endloop
 endfacet
 facet normal 0 0 1
  outer loop
   vertex 0 0 0.15
   vertex -0.15219674951 -0.258378808525 0.15
   vertex -0.15 -0.259807621135 0.15
  endloop
 endfacet
 facet normal -0.545236582984 -0.838282212966 0
  outer loop
   vertex -0.15219674951 -0.258378808525 -0.15
   vertex -0.15 -0.259807621135 -0.15
   vertex -0.15 -0.259807621135 0.15
  endloop
 endfacet
 facet normal -0.545236582984 -0.838282212966 0
  outer loop
   vertex -0.15219674951 -0.258378808525 -0.15
   vertex -0.15 -0.259807621135 0.15
   vertex -0.15219674951 -0.258378808525 0.15
  endloop
 endfacet
 facet normal 0 0 -1
  outer loop
   vertex 0 0 -0.15
   vertex -0.147664237227 -0.260995655712 -0.15
   vertex -0.15 -0.259807621135 -0.15
  endloop
 endfacet
 facet normal 0 0 1
  outer loop
   vertex 0 0 0.15
   vertex -0.15 -0.259807621135 0.15
   vertex -0.147664237227 -0.260995655712 0.15
  endloop
 endfacet
 facet normal -0.453355400477 -0.89132983842 0
  outer loop
   vertex -0.15 -0.259807621135 -0.15
   vertex -0.147664237227 -0.260995655712 -0.15
   vertex -0.147664237227 -0.260995655712 0.15
  endloop
 endfacet
 facet normal -0.453355400477 -0.89132983842 0
  outer loop
   vertex -0.15 -0.259807621135 -0.15
   vertex -0.147664237227 -0.260995655712 0.15
   vertex -0.15 -0.259807621135 0.15
  endloop
 endfacet
 facet normal 0 0 -1
  outer loop
   vertex 0 0 -0.15
   vertex -0.145195618414 -0.261939829475 -0.15
   vertex -0.147664237227 -0.260995655712 -0.15
  endloop
 endfacet
 facet normal 0 0 1
  outer loop
   vertex 0 0 0.15
   vertex -0.147664237227 -0.260995655712 0.15
   vertex -0.145195618414 -0.261939829475 0.15
  endloop
 endfacet
 facet normal -0.357233225465 -0.934015215414 0
  outer loop
   vertex -0.147664237227 -0.260995655712 -0.15
   vertex -0.145195618414 -0.261939829475 -0.15
   vertex -0.145195618414 -0.261939829475 0.15
  endloop
 endfacet
 facet normal -0.357233225465 -0.934015215414 0
  outer loop
   vertex -0.147664237227 -0.260995655712 -0.15
   vertex -0.145195618414 -0.261939829475 0.15
   vertex -0.147664237227 -0.260995655712 0.15
  endloop
 endfacet
 facet normal 0 0 -1
  outer loop
   vertex 0 0 -0.15
   vertex -0.142600681058 -0.262637782701 -0.15
   vertex -0.145195618414 -0.261939829475 -0.15
  endloop
 endfacet
 facet normal 0 0 1
  outer loop
   vertex 0 0 0.15
   vertex -0.145195618414 -0.261939829475 0.15
   vertex -0.142600681058 -0.262637782701 0.15
  endloop
 endfacet
 facet normal -0.259736210747 -0.96567960568 0
  outer loop
   vertex -0.145195618414 -0.261939829475 -0.15
   vertex -0.142600681058 -0.262637782701 -0.15
   vertex -0.142600681058 -0.262637782701 0.15
  endloop
 endfacet
 facet normal -0.259736210747 -0.96567960568 0
  outer loop
   vertex -0.145195618414 -0.261939829475 -0.15
   vertex -0.142600681058 -0.262637782701 0.15
   vertex -0.145195618414 -0.261939829475 0.15
  endloop
 endfacet
 facet normal 0 0 -1
  outer loop
   vertex 0 0 -0.15
   vertex -0.139886313108 -0.263087891203 -0.15
   vertex -0.142600681058 -0.262637782701 -0.15
  endloop
 endfacet
 facet normal 0 0 1
  outer loop
   vertex 0 0 0.15
   vertex -0.142600681058 -0.262637782701 0.15
   vertex -0.139886313108 -0.263087891203 0.15
  endloop
 endfacet
 facet normal -0.16359049237 -0.98652833249 0
  outer loop
   vertex -0.142600681058 -0.262637782701 -0.15
   vertex -0.139886313108 -0.263087891203 -0.15
   vertex -0.139886313108 -0.263087891203 0.15
  endloop
 endfacet
 facet normal -0.16359049237 -0.98652833249 0
  outer loop
   vertex -0.142600681058 -0.262637782701 -0.15
   vertex -0.139886313108 -0.263087891203 0.15
   vertex -0.142600681058 -0.262637782701 0.15
  endloop
 endfacet
 facet normal 0 0 -1
  outer loop
   vertex 0 0 -0.15
   vertex -0.137059722018 -0.263289276323 -0.15
   vertex -0.139886313108 -0.263087891203 -0.15
  endloop
 endfacet
 facet normal 0 0 1
  outer loop
   vertex 0 0 0.15
   vertex -0.139886313108 -0.263087891203 0.15
   vertex -0.137059722018 -0.263289276323 0.15
  endloop
 endfacet
 facet normal -0.0710664994785 -0.997471579872 0
  outer loop
   vertex -0.139886313108 -0.263087891203 -0.15
   vertex -0.137059722018 -0.263289276323 -0.15
   vertex -0.137059722018 -0.263289276323 0.15
  endloop
 endfacet
 facet normal -0.0710664994785 -0.997471579872 0
  outer loop
   vertex -0.139886313108 -0.263087891203 -0.15
   vertex -0.137059722018 -0.263289276323 0.15
   vertex -0.139886313108 -0.263087891203 0.15
  endloop
 endfacet
 facet normal 0 0 -1
  outer loop
   vertex 0 0 -0.15
   vertex -0.134128402788 -0.263241812398 -0.15
   vertex -0.137059722018 -0.263289276323 -0.15
  endloop
 endfacet
 facet normal 0 0 1
  outer loop
   vertex 0 0 0.15
   vertex -0.137059722018 -0.263289276323 0.15
   vertex -0.134128402788 -0.263241812398 0.15
  endloop
 endfacet
 facet normal 0.0161898793452 -0.999868935314 0
  outer loop
   vertex -0.137059722018 -0.263289276323 -0.15
   vertex -0.134128402788 -0.263241812398 -0.15
   vertex -0.134128402788 -0.263241812398 0.15
  endloop
 endfacet
 facet normal 0.0161898793452 -0.999868935314 0
  outer loop
   vertex -0.137059722018 -0.263289276323 -0.15
   vertex -0.134128402788 -0.263241812398 0.15
   vertex -0.137059722018 -0.263289276323 0.15
  endloop
 endfacet
 facet normal 0 0 -1
  outer loop
   vertex 0 0 -0.15
   vertex -0.131100105147 -0.262946131644 -0.15
   vertex -0.134128402788 -0.263241812398 -0.15
  endloop
 endfacet
 facet normal 0 0 1
  outer loop
   vertex 0 0 0.15
   vertex -0.134128402788 -0.263241812398 0.15
   vertex -0.131100105147 -0.262946131644 0.15
  endloop
 endfacet
 facet normal 0.0971771473708 -0.995267100847 0
  outer loop
   vertex -0.134128402788 -0.263241812398 -0.15
   vertex -0.131100105147 -0.262946131644 -0.15
   vertex -0.131100105147 -0.262946131644 0.15
  endloop
 endfacet
 facet normal 0.0971771473708 -0.995267100847 0
  outer loop
   vertex -0.134128402788 -0.263241812398 -0.15
   vertex -0.131100105147 -0.262946131644 0.15
   vertex -0.134128402788 -0.263241812398 0.15
  endloop
 endfacet
 facet normal 0 0 -1
  outer loop
   vertex 0 0 -0.15
   vertex -0.127982799983 -0.26240362646 -0.15
   vertex -0.131100105147 -0.262946131644 -0.15
  endloop
 endfacet
 facet normal 0 0 1
  outer loop
   vertex 0 0 0.15
   vertex -0.131100105147 -0.262946131644 0.15
   vertex -0.127982799983 -0.26240362646 0.15
  endloop
 endfacet
 facet normal 0.171453189331 -0.985192267463 0
  outer loop
   vertex -0.131100105147 -0.262946131644 -0.15
   vertex -0.127982799983 -0.26240362646 -0.15
   vertex -0.127982799983 -0.26240362646 0.15
  endloop
 endfacet
 facet normal 0.171453189331 -0.985192267463 0
  outer loop
   vertex -0.131100105147 -0.262946131644 -0.15
   vertex -0.127982799983 -0.26240362646 0.15
   vertex -0.131100105147 -0.262946131644 0.15
  endloop
 endfacet
 facet normal 0 0 -1
  outer loop
   vertex 0 0 -0.15
   vertex -0.124784645173 -0.261616449103 -0.15
   vertex -0.127982799983 -0.26240362646 -0.15
  endloop
 endfacet
 facet normal 0 0 1
  outer loop
   vertex 0 0 0.15
   vertex -0.127982799983 -0.26240362646 0.15
   vertex -0.124784645173 -0.261616449103 0.15
  endloop
 endfacet
 facet normal 0.239001656212 -0.971019159609 0
  outer loop
   vertex -0.127982799983 -0.26240362646 -0.15
   vertex -0.124784645173 -0.261616449103 -0.15
   vertex -0.124784645173 -0.261616449103 0.15
  endloop
 endfacet
 facet normal 0.239001656212 -0.971019159609 0
  outer loop
   vertex -0.127982799983 -0.26240362646 -0.15
   vertex -0.124784645173 -0.261616449103 0.15
   vertex -0.127982799983 -0.26240362646 0.15
  endloop
 endfacet
 facet normal 0 0 -1
  outer loop
   vertex 0 0 -0.15
   vertex -0.121513950949 -0.260587508749 -0.15
   vertex -0.124784645173 -0.261616449103 -0.15
  endloop
 endfacet
 facet normal 0 0 1
  outer loop
   vertex 0 0 0.15
   vertex -0.124784645173 -0.261616449103 0.15
   vertex -0.121513950949 -0.260587508749 0.15
  endloop
 endfacet
 facet normal 0.300094112535 -0.953909599292 0
  outer loop
   vertex -0.124784645173 -0.261616449103 -0.15
   vertex -0.121513950949 -0.260587508749 -0.15
   vertex -0.121513950949 -0.260587508749 0.15
  endloop
 endfacet
 facet normal 0.300094112535 -0.953909599292 0
  outer loop
   vertex -0.124784645173 -0.261616449103 -0.15
   vertex -0.121513950949 -0.260587508749 0.15
   vertex -0.124784645173 -0.261616449103 0.15
  endloop
 endfacet
 facet normal 0 0 -1
  outer loop
   vertex 0 0 -0.15
   vertex -0.118179144923 -0.259320465933 -0.15
   vertex -0.121513950949 -0.260587508749 -0.15
  endloop
 endfacet
 facet normal 0 0 1
  outer loop
   vertex 0 0 0.15
   vertex -0.121513950949 -0.260587508749 0.15
   vertex -0.118179144923 -0.259320465933 0.15
  endloop
 endfacet
 facet normal 0.355172818856 -0.934800657224 0
  outer loop
   vertex -0.121513950949 -0.260587508749 -0.15
   vertex -0.118179144923 -0.259320465933 -0.15
   vertex -0.118179144923 -0.259320465933 0.15
  endloop
 endfacet
 facet normal 0.355172818856 -0.934800657224 0
  outer loop
   vertex -0.121513950949 -0.260587508749 -0.15
   vertex -0.118179144923 -0.259320465933 0.15
   vertex -0.121513950949 -0.260587508749 0.15
  endloop
 endfacet
 facet normal 0 0 -1
  outer loop
   vertex 0 0 -0.15
   vertex -0.11478873693 -0.257819724374 -0.15
   vertex -0.118179144923 -0.259320465933 -0.15
  endloop
 endfacet
 facet normal 0 0 1
  outer loop
   vertex 0 0 0.15
   vertex -0.118179144923 -0.259320465933 0.15
   vertex -0.11478873693 -0.257819724374 0.15
  endloop
 endfacet
 facet normal 0.404762711302 -0.914421755832 0
  outer loop
   vertex -0.118179144923 -0.259320465933 -0.15
   vertex -0.11478873693 -0.257819724374 -0.15
   vertex -0.11478873693 -0.257819724374 0.15
  endloop
 endfacet
 facet normal 0.404762711302 -0.914421755832 0
  outer loop
   vertex -0.118179144923 -0.259320465933 -0.15
   vertex -0.11478873693 -0.257819724374 0.15
   vertex -0.118179144923 -0.259320465933 0.15
  endloop
 endfacet
 facet normal 0 0 -1
  outer loop
   vertex 0 0 -0.15
   vertex -0.111351283815 -0.256090420207 -0.15
   vertex -0.11478873693 -0.257819724374 -0.15
  endloop
 endfacet
 facet normal 0 0 1
  outer loop
   vertex 0 0 0.15
   vertex -0.11478873693 -0.257819724374 0.15
   vertex -0.111351283815 -0.256090420207 0.15
  endloop
 endfacet
 facet normal 0.449411370109 -0.893324924323 0
  outer loop
   vertex -0.11478873693 -0.257819724374 -0.15
   vertex -0.111351283815 -0.256090420207 -0.15
   vertex -0.111351283815 -0.256090420207 0.15
  endloop
 endfacet
 facet normal 0.449411370109 -0.893324924323 0
  outer loop
   vertex -0.11478873693 -0.257819724374 -0.15
   vertex -0.111351283815 -0.256090420207 0.15
   vertex -0.11478873693 -0.257819724374 0.15
  endloop
 endfacet
 facet normal 0 0 -1
  outer loop
   vertex 0 0 -0.15
   vertex -0.107875354308 -0.254138408659 -0.15
   vertex -0.111351283815 -0.256090420207 -0.15
  endloop
 endfacet
 facet normal 0 0 1
  outer loop
   vertex 0 0 0.15
   vertex -0.111351283815 -0.256090420207 0.15
   vertex -0.107875354308 -0.254138408659 0.15
  endloop
 endfacet
 facet normal 0.489651580098 -0.871918190031 0
  outer loop
   vertex -0.111351283815 -0.256090420207 -0.15
   vertex -0.107875354308 -0.254138408659 -0.15
   vertex -0.107875354308 -0.254138408659 0.15
  endloop
 endfacet
 facet normal 0.489651580098 -0.871918190031 0
  outer loop
   vertex -0.111351283815 -0.256090420207 -0.15
   vertex -0.107875354308 -0.254138408659 0.15
   vertex -0.111351283815 -0.256090420207 0.15
  endloop
 endfacet
 facet normal 0 0 -1
  outer loop
   vertex 0 0 -0.15
   vertex -0.104369494117 -0.251970248195 -0.15
   vertex -0.107875354308 -0.254138408659 -0.15
  endloop
 endfacet
 facet normal 0 0 1
  outer loop
   vertex 0 0 0.15
   vertex -0.107875354308 -0.254138408659 0.15
   vertex -0.104369494117 -0.251970248195 0.15
  endloop
 endfacet
 facet normal 0.525980307555 -0.850496746651 0
  outer loop
   vertex -0.107875354308 -0.254138408659 -0.15
   vertex -0.104369494117 -0.251970248195 -0.15
   vertex -0.104369494117 -0.251970248195 0.15
  endloop
 endfacet
 facet normal 0.525980307555 -0.850496746651 0
  outer loop
   vertex -0.107875354308 -0.254138408659 -0.15
   vertex -0.104369494117 -0.251970248195 0.15
   vertex -0.107875354308 -0.254138408659 0.15
  endloop
 endfacet
 facet normal 0 0 -1
  outer loop
   vertex 0 0 -0.15
   vertex -0.100842191393 -0.249593182186 -0.15
   vertex -0.104369494117 -0.251970248195 -0.15
  endloop
 endfacet
 facet normal 0 0 1
  outer loop
   vertex 0 0 0.15
   vertex -0.104369494117 -0.251970248195 0.15
   vertex -0.100842191393 -0.249593182186 0.15
  endloop
 endfacet
 facet normal 0.558848724168 -0.829269620507 0
  outer loop
   vertex -0.104369494117 -0.251970248195 -0.15
   vertex -0.100842191393 -0.249593182186 -0.15
   vertex -0.100842191393 -0.249593182186 0.15
  endloop
 endfacet
 facet normal 0.558848724168 -0.829269620507 0
  outer loop
   vertex -0.104369494117 -0.251970248195 -0.15
   vertex -0.100842191393 -0.249593182186 0.15
   vertex -0.104369494117 -0.251970248195 0.15
  endloop
 endfacet
 facet normal 0 0 -1
  outer loop
   vertex 0 0 -0.15
   vertex -0.0973018426799 -0.247015118164 -0.15
   vertex -0.100842191393 -0.249593182186 -0.15
  endloop
 endfacet
 facet normal 0 0 1
  outer loop
   vertex 0 0 0.15
   vertex -0.100842191393 -0.249593182186 0.15
   vertex -0.0973018426799 -0.247015118164 0.15
  endloop
 endfacet
 facet normal 0.588659188355 -0.808381320891 0
  outer loop
   vertex -0.100842191393 -0.249593182186 -0.15
   vertex -0.0973018426799 -0.247015118164 -0.15
   vertex -0.0973018426799 -0.247015118164 0.15
  endloop
 endfacet
 facet normal 0.588659188355 -0.808381320891 0
  outer loop
   vertex -0.100842191393 -0.249593182186 -0.15
   vertex -0.0973018426799 -0.247015118164 0.15
   vertex -0.100842191393 -0.249593182186 0.15
  endloop
 endfacet
 facet normal 0 0 -1
  outer loop
   vertex 0 0 -0.15
   vertex -0.0937567194997 -0.24424460471 -0.15
   vertex -0.0973018426799 -0.247015118164 -0.15
  endloop
 endfacet
 facet normal 0 0 1
  outer loop
   vertex 0 0 0.15
   vertex -0.0973018426799 -0.247015118164 0.15
   vertex -0.0937567194997 -0.24424460471 0.15
  endloop
 endfacet
 facet normal 0.615766313979 -0.787928833442 0
  outer loop
   vertex -0.0973018426799 -0.247015118164 -0.15
   vertex -0.0937567194997 -0.24424460471 -0.15
   vertex -0.0937567194997 -0.24424460471 0.15
  endloop
 endfacet
 facet normal 0.615766313979 -0.787928833442 0
  outer loop
   vertex -0.0973018426799 -0.247015118164 -0.15
   vertex -0.0937567194997 -0.24424460471 0.15
   vertex -0.0973018426799 -0.247015118164 0.15
  endloop
 endfacet
 facet normal 0 0 -1
  outer loop
   vertex 0 0 -0.15
   vertex -0.0902149356915 -0.241290806074 -0.15
   vertex -0.0937567194997 -0.24424460471 -0.15
  endloop
 endfacet
 facet normal 0 0 1
  outer loop
   vertex 0 0 0.15
   vertex -0.0937567194997 -0.24424460471 0.15
   vertex -0.0902149356915 -0.241290806074 0.15
  endloop
 endfacet
 facet normal 0.640480228151 -0.767974659313 0
  outer loop
   vertex -0.0937567194997 -0.24424460471 -0.15
   vertex -0.0902149356915 -0.241290806074 -0.15
   vertex -0.0902149356915 -0.241290806074 0.15
  endloop
 endfacet
 facet normal 0.640480228151 -0.767974659313 0
  outer loop
   vertex -0.0937567194997 -0.24424460471 -0.15
   vertex -0.0902149356915 -0.241290806074 0.15
   vertex -0.0937567194997 -0.24424460471 0.15
  endloop
 endfacet
 facet normal 0 0 -1
  outer loop
   vertex 0 0 -0.15
   vertex -0.086684415636 -0.238163474578 -0.15
   vertex -0.0902149356915 -0.241290806074 -0.15
  endloop
 endfacet
 facet normal 0 0 1
  outer loop
   vertex 0 0 0.15
   vertex -0.0902149356915 -0.241290806074 0.15
   vertex -0.086684415636 -0.238163474578 0.15
  endloop
 endfacet
 facet normal 0.66307082329 -0.748556666727 0
  outer loop
   vertex -0.0902149356915 -0.241290806074 -0.15
   vertex -0.086684415636 -0.238163474578 -0.15
   vertex -0.086684415636 -0.238163474578 0.15
  endloop
 endfacet
 facet normal 0.66307082329 -0.748556666727 0
  outer loop
   vertex -0.0902149356915 -0.241290806074 -0.15
   vertex -0.086684415636 -0.238163474578 0.15
   vertex -0.0902149356915 -0.241290806074 0.15
  endloop
 endfacet
 facet normal 0 0 -1
  outer loop
   vertex 0 0 -0.15
   vertex -0.0831728634852 -0.234872920928 -0.15
   vertex -0.086684415636 -0.238163474578 -0.15
  endloop
 endfacet
 facet normal 0 0 1
  outer loop
   vertex 0 0 0.15
   vertex -0.086684415636 -0.238163474578 0.15
   vertex -0.0831728634852 -0.234872920928 0.15
  endloop
 endfacet
 facet normal 0.683772287548 -0.729695456188 0
  outer loop
   vertex -0.086684415636 -0.238163474578 -0.15
   vertex -0.0831728634852 -0.234872920928 -0.15
   vertex -0.0831728634852 -0.234872920928 0.15
  endloop
 endfacet
 facet normal 0.683772287548 -0.729695456188 0
  outer loop
   vertex -0.086684415636 -0.238163474578 -0.15
   vertex -0.0831728634852 -0.234872920928 0.15
   vertex -0.086684415636 -0.238163474578 0.15
  endloop
 endfacet
 facet normal 0 0 -1
  outer loop
   vertex 0 0 -0.15
   vertex -0.0796877335166 -0.231429982496 -0.15
   vertex -0.0831728634852 -0.234872920928 -0.15
  endloop
 endfacet
 facet normal 0 0 1
  outer loop
   vertex 0 0 0.15
   vertex -0.0831728634852 -0.234872920928 0.15
   vertex -0.0796877335166 -0.231429982496 0.15
  endloop
 endfacet
 facet normal 0.702787509547 -0.711399828805 0
  outer loop
   vertex -0.0831728634852 -0.234872920928 -0.15
   vertex -0.0796877335166 -0.231429982496 -0.15
   vertex -0.0796877335166 -0.231429982496 0.15
  endloop
 endfacet
 facet normal 0.702787509547 -0.711399828805 0
  outer loop
   vertex -0.0831728634852 -0.234872920928 -0.15
   vertex -0.0796877335166 -0.231429982496 0.15
   vertex -0.0831728634852 -0.234872920928 0.15
  endloop
 endfacet
 facet normal 0 0 -1
  outer loop
   vertex 0 0 -0.15
   vertex -0.0762362017239 -0.227845989709 -0.15
   vertex -0.0796877335166 -0.231429982496 -0.15
  endloop
 endfacet
 facet normal 0 0 1
  outer loop
   vertex 0 0 0.15
   vertex -0.0796877335166 -0.231429982496 0.15
   vertex -0.0762362017239 -0.227845989709 0.15
  endloop
 endfacet
 facet normal 0.720292148784 -0.693670830005 0
  outer loop
   vertex -0.0796877335166 -0.231429982496 -0.15
   vertex -0.0762362017239 -0.227845989709 -0.15
   vertex -0.0762362017239 -0.227845989709 0.15
  endloop
 endfacet
 facet normal 0.720292148784 -0.693670830005 0
  outer loop
   vertex -0.0796877335166 -0.231429982496 -0.15
   vertex -0.0762362017239 -0.227845989709 0.15
   vertex -0.0796877335166 -0.231429982496 0.15
  endloop
 endfacet
 facet normal 0 0 -1
  outer loop
   vertex 0 0 -0.15
   vertex -0.0728251387532 -0.224132730633 -0.15
   vertex -0.0762362017239 -0.227845989709 -0.15
  endloop
 endfacet
 facet normal 0 0 1
  outer loop
   vertex 0 0 0.15
   vertex -0.0762362017239 -0.227845989709 0.15
   vertex -0.0728251387532 -0.224132730633 0.15
  endloop
 endfacet
 facet normal 0.736438281175 -0.67650473614 0
  outer loop
   vertex -0.0762362017239 -0.227845989709 -0.15
   vertex -0.0728251387532 -0.224132730633 -0.15
   vertex -0.0728251387532 -0.224132730633 0.15
  endloop
 endfacet
 facet normal 0.736438281175 -0.67650473614 0
  outer loop
   vertex -0.0762362017239 -0.227845989709 -0.15
   vertex -0.0728251387532 -0.224132730633 0.15
   vertex -0.0762362017239 -0.227845989709 0.15
  endloop
 endfacet
 facet normal 0 0 -1
  outer loop
   vertex 0 0 -0.15
   vertex -0.0694610842867 -0.22030241389 -0.15
   vertex -0.0728251387532 -0.224132730633 -0.15
  endloop
 endfacet
 facet normal 0 0 1
  outer loop
   vertex 0 0 0.15
   vertex -0.0728251387532 -0.224132730633 0.15
   vertex -0.0694610842867 -0.22030241389 0.15
  endloop
 endfacet
 facet normal 0.75135759752 -0.659895264909 0
  outer loop
   vertex -0.0728251387532 -0.224132730633 -0.15
   vertex -0.0694610842867 -0.22030241389 -0.15
   vertex -0.0694610842867 -0.22030241389 0.15
  endloop
 endfacet
 facet normal 0.75135759752 -0.659895264909 0
  outer loop
   vertex -0.0728251387532 -0.224132730633 -0.15
   vertex -0.0694610842867 -0.22030241389 0.15
   vertex -0.0728251387532 -0.224132730633 0.15
  endloop
 endfacet
 facet normal 0 0 -1
  outer loop
   vertex 0 0 -0.15
   vertex -0.0661502229697 -0.216367630014 -0.15
   vertex -0.0694610842867 -0.22030241389 -0.15
  endloop
 endfacet
 facet normal 0 0 1
  outer loop
   vertex 0 0 0.15
   vertex -0.0694610842867 -0.22030241389 0.15
   vertex -0.0661502229697 -0.216367630014 0.15
  endloop
 endfacet
 facet normal 0.765164169816 -0.643835222111 0
  outer loop
   vertex -0.0694610842867 -0.22030241389 -0.15
   vertex -0.0661502229697 -0.216367630014 -0.15
   vertex -0.0661502229697 -0.216367630014 0.15
  endloop
 endfacet
 facet normal 0.765164169816 -0.643835222111 0
  outer loop
   vertex -0.0694610842867 -0.22030241389 -0.15
   vertex -0.0661502229697 -0.216367630014 0.15
   vertex -0.0694610842867 -0.22030241389 0.15
  endloop
 endfacet
 facet normal 0 0 -1
  outer loop
   vertex 0 0 -0.15
   vertex -0.0628983619726 -0.212341311393 -0.15
   vertex -0.0661502229697 -0.216367630014 -0.15
  endloop
 endfacet
 facet normal 0 0 1
  outer loop
   vertex 0 0 0.15
   vertex -0.0661502229697 -0.216367630014 0.15
   vertex -0.0628983619726 -0.212341311393 0.15
  endloop
 endfacet
 facet normal 0.777956818551 -0.628317744831 0
  outer loop
   vertex -0.0661502229697 -0.216367630014 -0.15
   vertex -0.0628983619726 -0.212341311393 -0.15
   vertex -0.0628983619726 -0.212341311393 0.15
  endloop
 endfacet
 facet normal 0.777956818551 -0.628317744831 0
  outer loop
   vertex -0.0661502229697 -0.216367630014 -0.15
   vertex -0.0628983619726 -0.212341311393 0.15
   vertex -0.0661502229697 -0.216367630014 0.15
  endloop
 endfacet
 facet normal 0 0 -1
  outer loop
   vertex 0 0 -0.15
   vertex -0.0597109102691 -0.208236690927 -0.15
   vertex -0.0628983619726 -0.212341311393 -0.15
  endloop
 endfacet
 facet normal 0 0 1
  outer loop
   vertex 0 0 0.15
   vertex -0.0628983619726 -0.212341311393 0.15
   vertex -0.0597109102691 -0.208236690927 0.15
  endloop
 endfacet
 facet normal 0.789821121007 -0.613337261881 0
  outer loop
   vertex -0.0628983619726 -0.212341311393 -0.15
   vertex -0.0597109102691 -0.208236690927 -0.15
   vertex -0.0597109102691 -0.208236690927 0.15
  endloop
 endfacet
 facet normal 0.789821121007 -0.613337261881 0
  outer loop
   vertex -0.0628983619726 -0.212341311393 -0.15
   vertex -0.0597109102691 -0.208236690927 0.15
   vertex -0.0628983619726 -0.212341311393 0.15
  endloop
 endfacet
 facet normal 0 0 -1
  outer loop
   vertex 0 0 -0.15
   vertex -0.0565928597087 -0.204067259537 -0.15
   vertex -0.0597109102691 -0.208236690927 -0.15
  endloop
 endfacet
 facet normal 0 0 1
  outer loop
   vertex 0 0 0.15
   vertex -0.0597109102691 -0.208236690927 0.15
   vertex -0.0565928597087 -0.204067259537 0.15
  endloop
 endfacet
 facet normal 0.800831101047 -0.598890263401 0
  outer loop
   vertex -0.0597109102691 -0.208236690927 -0.15
   vertex -0.0565928597087 -0.204067259537 -0.15
   vertex -0.0565928597087 -0.204067259537 0.15
  endloop
 endfacet
 facet normal 0.800831101047 -0.598890263401 0
  outer loop
   vertex -0.0597109102691 -0.208236690927 -0.15
   vertex -0.0565928597087 -0.204067259537 0.15
   vertex -0.0597109102691 -0.208236690927 0.15
  endloop
 endfacet
 facet normal 0 0 -1
  outer loop
   vertex 0 0 -0.15
   vertex -0.0535487679522 -0.19984672268 -0.15
   vertex -0.0565928597087 -0.204067259537 -0.15
  endloop
 endfacet
 facet normal 0 0 1
  outer loop
   vertex 0 0 0.15
   vertex -0.0565928597087 -0.204067259537 0.15
   vertex -0.0535487679522 -0.19984672268 0.15
  endloop
 endfacet
 facet normal 0.811050637773 -0.58497595076 0
  outer loop
   vertex -0.0565928597087 -0.204067259537 -0.15
   vertex -0.0535487679522 -0.19984672268 -0.15
   vertex -0.0535487679522 -0.19984672268 0.15
  endloop
 endfacet
 facet normal 0.811050637773 -0.58497595076 0
  outer loop
   vertex -0.0565928597087 -0.204067259537 -0.15
   vertex -0.0535487679522 -0.19984672268 0.15
   vertex -0.0565928597087 -0.204067259537 0.15
  endloop
 endfacet
 facet normal 0 0 -1
  outer loop
   vertex 0 0 -0.15
   vertex -0.050582743331 -0.195588956014 -0.15
   vertex -0.0535487679522 -0.19984672268 -0.15
  endloop
 endfacet
 facet normal 0 0 1
  outer loop
   vertex 0 0 0.15
   vertex -0.0535487679522 -0.19984672268 0.15
   vertex -0.050582743331 -0.195588956014 0.15
  endloop
 endfacet
 facet normal 0.82053462539 -0.571596823413 0
  outer loop
   vertex -0.0535487679522 -0.19984672268 -0.15
   vertex -0.050582743331 -0.195588956014 -0.15
   vertex -0.050582743331 -0.195588956014 0.15
  endloop
 endfacet
 facet normal 0.82053462539 -0.571596823413 0
  outer loop
   vertex -0.0535487679522 -0.19984672268 -0.15
   vertex -0.050582743331 -0.195588956014 0.15
   vertex -0.0535487679522 -0.19984672268 0.15
  endloop
 endfacet
 facet normal 0 0 -1
  outer loop
   vertex 0 0 -0.15
   vertex -0.0476984316848 -0.191307960361 -0.15
   vertex -0.050582743331 -0.195588956014 -0.15
  endloop
 endfacet
 facet normal 0 0 1
  outer loop
   vertex 0 0 0.15
   vertex -0.050582743331 -0.195588956014 0.15
   vertex -0.0476984316848 -0.191307960361 0.15
  endloop
 endfacet
 facet normal 0.829329910638 -0.558759249875 0
  outer loop
   vertex -0.050582743331 -0.195588956014 -0.15
   vertex -0.0476984316848 -0.191307960361 -0.15
   vertex -0.0476984316848 -0.191307960361 0.15
  endloop
 endfacet
 facet normal 0.829329910638 -0.558759249875 0
  outer loop
   vertex -0.050582743331 -0.195588956014 -0.15
   vertex -0.0476984316848 -0.191307960361 0.15
   vertex -0.050582743331 -0.195588956014 0.15
  endloop
 endfacet
 facet normal 0 0 -1
  outer loop
   vertex 0 0 -0.15
   vertex -0.0448990052237 -0.187017816135 -0.15
   vertex -0.0476984316848 -0.191307960361 -0.15
  endloop
 endfacet
 facet normal 0 0 1
  outer loop
   vertex 0 0 0.15
   vertex -0.0476984316848 -0.191307960361 0.15
   vertex -0.0448990052237 -0.187017816135 0.15
  endloop
 endfacet
 facet normal 0.837476027604 -0.546474064516 0
  outer loop
   vertex -0.0476984316848 -0.191307960361 -0.15
   vertex -0.0448990052237 -0.187017816135 -0.15
   vertex -0.0448990052237 -0.187017816135 0.15
  endloop
 endfacet
 facet normal 0.837476027604 -0.546474064516 0
  outer loop
   vertex -0.0476984316848 -0.191307960361 -0.15
   vertex -0.0448990052237 -0.187017816135 0.15
   vertex -0.0476984316848 -0.191307960361 0.15
  endloop
 endfacet
 facet normal 0 0 -1
  outer loop
   vertex 0 0 -0.15
   vertex -0.0421871534518 -0.182732637381 -0.15
   vertex -0.0448990052237 -0.187017816135 -0.15
  endloop
 endfacet
 facet normal 0 0 1
  outer loop
   vertex 0 0 0.15
   vertex -0.0448990052237 -0.187017816135 0.15
   vertex -0.0421871534518 -0.182732637381 0.15
  endloop
 endfacet
 facet normal 0.845005742612 -0.53475722992 0
  outer loop
   vertex -0.0448990052237 -0.187017816135 -0.15
   vertex -0.0421871534518 -0.182732637381 -0.15
   vertex -0.0421871534518 -0.182732637381 0.15
  endloop
 endfacet
 facet normal 0.845005742612 -0.53475722992 0
  outer loop
   vertex -0.0448990052237 -0.187017816135 -0.15
   vertex -0.0421871534518 -0.182732637381 0.15
   vertex -0.0448990052237 -0.187017816135 0.15
  endloop
 endfacet
 facet normal 0 0 -1
  outer loop
   vertex 0 0 -0.15
   vertex -0.0395650761822 -0.178466525583 -0.15
   vertex -0.0421871534518 -0.182732637381 -0.15
  endloop
 endfacet
 facet normal 0 0 1
  outer loop
   vertex 0 0 0.15
   vertex -0.0421871534518 -0.182732637381 0.15
   vertex -0.0395650761822 -0.178466525583 0.15
  endloop
 endfacet
 facet normal 0.851945414124 -0.523630605821 0
  outer loop
   vertex -0.0421871534518 -0.182732637381 -0.15
   vertex -0.0395650761822 -0.178466525583 -0.15
   vertex -0.0395650761822 -0.178466525583 0.15
  endloop
 endfacet
 facet normal 0.851945414124 -0.523630605821 0
  outer loop
   vertex -0.0421871534518 -0.182732637381 -0.15
   vertex -0.0395650761822 -0.178466525583 0.15
   vertex -0.0421871534518 -0.182732637381 0.15
  endloop
 endfacet
 facet normal 0 0 -1
  outer loop
   vertex 0 0 -0.15
   vertex -0.0370344786644 -0.174233523413 -0.15
   vertex -0.0395650761822 -0.178466525583 -0.15
  endloop
 endfacet
 facet normal 0 0 1
  outer loop
   vertex 0 0 0.15
   vertex -0.0395650761822 -0.178466525583 0.15
   vertex -0.0370344786644 -0.174233523413 0.15
  endloop
 endfacet
 facet normal 0.858315163641 -0.513122870143 0
  outer loop
   vertex -0.0395650761822 -0.178466525583 -0.15
   vertex -0.0370344786644 -0.174233523413 -0.15
   vertex -0.0370344786644 -0.174233523413 0.15
  endloop
 endfacet
 facet normal 0.858315163641 -0.513122870143 0
  outer loop
   vertex -0.0395650761822 -0.178466525583 -0.15
   vertex -0.0370344786644 -0.174233523413 0.15
   vertex -0.0395650761822 -0.178466525583 0.15
  endloop
 endfacet
 facet normal 0 0 -1
  outer loop
   vertex 0 0 -0.15
   vertex -0.0345965688371 -0.170047568571 -0.15
   vertex -0.0370344786644 -0.174233523413 -0.15
  endloop
 endfacet
 facet normal 0 0 1
  outer loop
   vertex 0 0 0.15
   vertex -0.0370344786644 -0.174233523413 0.15
   vertex -0.0345965688371 -0.170047568571 0.15
  endloop
 endfacet
 facet normal 0.864128842764 -0.503270645979 0
  outer loop
   vertex -0.0370344786644 -0.174233523413 -0.15
   vertex -0.0345965688371 -0.170047568571 -0.15
   vertex -0.0345965688371 -0.170047568571 0.15
  endloop
 endfacet
 facet normal 0.864128842764 -0.503270645979 0
  outer loop
   vertex -0.0370344786644 -0.174233523413 -0.15
   vertex -0.0345965688371 -0.170047568571 0.15
   vertex -0.0370344786644 -0.174233523413 0.15
  endloop
 endfacet
 facet normal 0 0 -1
  outer loop
   vertex 0 0 -0.15
   vertex -0.03225205671 -0.165922447871 -0.15
   vertex -0.0345965688371 -0.170047568571 -0.15
  endloop
 endfacet
 facet normal 0 0 1
  outer loop
   vertex 0 0 0.15
   vertex -0.0345965688371 -0.170047568571 0.15
   vertex -0.03225205671 -0.165922447871 0.15
  endloop
 endfacet
 facet normal 0.869393767778 -0.494119900985 0
  outer loop
   vertex -0.0345965688371 -0.170047568571 -0.15
   vertex -0.03225205671 -0.165922447871 -0.15
   vertex -0.03225205671 -0.165922447871 0.15
  endloop
 endfacet
 facet normal 0.869393767778 -0.494119900985 0
  outer loop
   vertex -0.0345965688371 -0.170047568571 -0.15
   vertex -0.03225205671 -0.165922447871 0.15
   vertex -0.0345965688371 -0.170047568571 0.15
  endloop
 endfacet
 facet normal 0 0 -1
  outer loop
   vertex 0 0 -0.15
   vertex -0.0300011558715 -0.161871751754 -0.15
   vertex -0.03225205671 -0.165922447871 -0.15
  endloop
 endfacet
 facet normal 0 0 1
  outer loop
   vertex 0 0 0.15
   vertex -0.03225205671 -0.165922447871 0.15
   vertex -0.0300011558715 -0.161871751754 0.15
  endloop
 endfacet
 facet normal 0.874110174628 -0.485727704184 0
  outer loop
   vertex -0.03225205671 -0.165922447871 -0.15
   vertex -0.0300011558715 -0.161871751754 -0.15
   vertex -0.0300011558715 -0.161871751754 0.15
  endloop
 endfacet
 facet normal 0.874110174628 -0.485727704184 0
  outer loop
   vertex -0.03225205671 -0.165922447871 -0.15
   vertex -0.0300011558715 -0.161871751754 0.15
   vertex -0.03225205671 -0.165922447871 0.15
  endloop
 endfacet
 facet normal 0 0 -1
  outer loop
   vertex 0 0 -0.15
   vertex -0.0278435871087 -0.157908829362 -0.15
   vertex -0.0300011558715 -0.161871751754 -0.15
  endloop
 endfacet
 facet normal 0 0 1
  outer loop
   vertex 0 0 0.15
   vertex -0.0300011558715 -0.161871751754 0.15
   vertex -0.0278435871087 -0.157908829362 0.15
  endloop
 endfacet
 facet normal 0.878270321455 -0.478164451262 0
  outer loop
   vertex -0.0300011558715 -0.161871751754 -0.15
   vertex -0.0278435871087 -0.157908829362 -0.15
   vertex -0.0278435871087 -0.157908829362 0.15
  endloop
 endfacet
 facet normal 0.878270321455 -0.478164451262 0
  outer loop
   vertex -0.0300011558715 -0.161871751754 -0.15
   vertex -0.0278435871087 -0.157908829362 0.15
   vertex -0.0300011558715 -0.161871751754 0.15
  endloop
 endfacet
 facet normal 0 0 -1
  outer loop
   vertex 0 0 -0.15
   vertex -0.0257785841185 -0.154046744341 -0.15
   vertex -0.0278435871087 -0.157908829362 -0.15
  endloop
 endfacet
 facet normal 0 0 1
  outer loop
   vertex 0 0 0.15
   vertex -0.0278435871087 -0.157908829362 0.15
   vertex -0.0257785841185 -0.154046744341 0.15
  endloop
 endfacet
 facet normal 0.881857128915 -0.471516706154 0
  outer loop
   vertex -0.0278435871087 -0.157908829362 -0.15
   vertex -0.0257785841185 -0.154046744341 -0.15
   vertex -0.0257785841185 -0.154046744341 0.15
  endloop
 endfacet
 facet normal 0.881857128915 -0.471516706154 0
  outer loop
   vertex -0.0278435871087 -0.157908829362 -0.15
   vertex -0.0257785841185 -0.154046744341 0.15
   vertex -0.0278435871087 -0.157908829362 0.15
  endloop
 endfacet
 facet normal 0 0 -1
  outer loop
   vertex 0 0 -0.15
   vertex -0.0238049012824 -0.150298231528 -0.15
   vertex -0.0257785841185 -0.154046744341 -0.15
  endloop
 endfacet
 facet normal 0 0 1
  outer loop
   vertex 0 0 0.15
   vertex -0.0257785841185 -0.154046744341 0.15
   vertex -0.0238049012824 -0.150298231528 0.15
  endloop
 endfacet
 facet normal 0.88484219402 -0.465890858121 0
  outer loop
   vertex -0.0257785841185 -0.154046744341 -0.15
   vertex -0.0238049012824 -0.150298231528 -0.15
   vertex -0.0238049012824 -0.150298231528 0.15
  endloop
 endfacet
 facet normal 0.88484219402 -0.465890858121 0
  outer loop
   vertex -0.0257785841185 -0.154046744341 -0.15
   vertex -0.0238049012824 -0.150298231528 0.15
   vertex -0.0257785841185 -0.154046744341 0.15
  endloop
 endfacet
 facet normal 0 0 -1
  outer loop
   vertex 0 0 -0.15
   vertex -0.0219208234642 -0.146675654672 -0.15
   vertex -0.0238049012824 -0.150298231528 -0.15
  endloop
 endfacet
 facet normal 0 0 1
  outer loop
   vertex 0 0 0.15
   vertex -0.0238049012824 -0.150298231528 0.15
   vertex -0.0219208234642 -0.146675654672 0.15
  endloop
 endfacet
 facet normal 0.887182931131 -0.461417865617 0
  outer loop
   vertex -0.0238049012824 -0.150298231528 -0.15
   vertex -0.0219208234642 -0.146675654672 -0.15
   vertex -0.0219208234642 -0.146675654672 0.15
  endloop
 endfacet
 facet normal 0.887182931131 -0.461417865617 0
  outer loop
   vertex -0.0238049012824 -0.150298231528 -0.15
   vertex -0.0219208234642 -0.146675654672 0.15
   vertex -0.0238049012824 -0.150298231528 0.15
  endloop
 endfacet
 facet normal 0 0 -1
  outer loop
   vertex 0 0 -0.15
   vertex -0.0201241777892 -0.143190965329 -0.15
   vertex -0.0219208234642 -0.146675654672 -0.15
  endloop
 endfacet
 facet normal 0 0 1
  outer loop
   vertex 0 0 0.15
   vertex -0.0219208234642 -0.146675654672 0.15
   vertex -0.0201241777892 -0.143190965329 0.15
  endloop
 endfacet
 facet normal 0.888818467216 -0.458259459625 0
  outer loop
   vertex -0.0219208234642 -0.146675654672 -0.15
   vertex -0.0201241777892 -0.143190965329 -0.15
   vertex -0.0201241777892 -0.143190965329 0.15
  endloop
 endfacet
 facet normal 0.888818467216 -0.458259459625 0
  outer loop
   vertex -0.0219208234642 -0.146675654672 -0.15
   vertex -0.0201241777892 -0.143190965329 0.15
   vertex -0.0219208234642 -0.146675654672 0.15
  endloop
 endfacet
 facet normal 0 0 -1
  outer loop
   vertex 0 0 -0.15
   vertex -0.0184123473479 -0.139855663093 -0.15
   vertex -0.0201241777892 -0.143190965329 -0.15
  endloop
 endfacet
 facet normal 0 0 1
  outer loop
   vertex 0 0 0.15
   vertex -0.0201241777892 -0.143190965329 0.15
   vertex -0.0184123473479 -0.139855663093 0.15
  endloop
 endfacet
 facet normal 0.88966372011 -0.456616321565 0
  outer loop
   vertex -0.0201241777892 -0.143190965329 -0.15
   vertex -0.0184123473479 -0.139855663093 -0.15
   vertex -0.0184123473479 -0.139855663093 0.15
  endloop
 endfacet
 facet normal 0.88966372011 -0.456616321565 0
  outer loop
   vertex -0.0201241777892 -0.143190965329 -0.15
   vertex -0.0184123473479 -0.139855663093 0.15
   vertex -0.0201241777892 -0.143190965329 0.15
  endloop
 endfacet
 facet normal 0 0 -1
  outer loop
   vertex 0 0 -0.15
   vertex -0.0167822867657 -0.136680757273 -0.15
   vertex -0.0184123473479 -0.139855663093 -0.15
  endloop
 endfacet
 facet normal 0 0 1
  outer loop
   vertex 0 0 0.15
   vertex -0.0184123473479 -0.139855663093 0.15
   vertex -0.0167822867657 -0.136680757273 0.15
  endloop
 endfacet
 facet normal 0.88960077086 -0.456738950041 0
  outer loop
   vertex -0.0184123473479 -0.139855663093 -0.15
   vertex -0.0167822867657 -0.136680757273 -0.15
   vertex -0.0167822867657 -0.136680757273 0.15
  endloop
 endfacet
 facet normal 0.88960077086 -0.456738950041 0
  outer loop
   vertex -0.0184123473479 -0.139855663093 -0.15
   vertex -0.0167822867657 -0.136680757273 0.15
   vertex -0.0184123473479 -0.139855663093 0.15
  endloop
 endfacet
 facet normal 0 0 -1
  outer loop
   vertex 0 0 -0.15
   vertex -0.0152305395696 -0.133676730186 -0.15
   vertex -0.0167822867657 -0.136680757273 -0.15
  endloop
 endfacet
 facet normal 0 0 1
  outer loop
   vertex 0 0 0.15
   vertex -0.0167822867657 -0.136680757273 0.15
   vertex -0.0152305395696 -0.133676730186 0.15
  endloop
 endfacet
 facet normal 0.888466123313 -0.458942205212 0
  outer loop
   vertex -0.0167822867657 -0.136680757273 -0.15
   vertex -0.0152305395696 -0.133676730186 -0.15
   vertex -0.0152305395696 -0.133676730186 0.15
  endloop
 endfacet
 facet normal 0.888466123313 -0.458942205212 0
  outer loop
   vertex -0.0167822867657 -0.136680757273 -0.15
   vertex -0.0152305395696 -0.133676730186 0.15
   vertex -0.0167822867657 -0.136680757273 0.15
  endloop
 endfacet
 facet normal 0 0 -1
  outer loop
   vertex 0 0 -0.15
   vertex -0.0137532572766 -0.130853502162 -0.15
   vertex -0.0152305395696 -0.133676730186 -0.15
  endloop
 endfacet
 facet normal 0 0 1
  outer loop
   vertex 0 0 0.15
   vertex -0.0152305395696 -0.133676730186 0.15
   vertex -0.0137532572766 -0.130853502162 0.15
  endloop
 endfacet
 facet normal 0.886031582893 -0.463624885134 0
  outer loop
   vertex -0.0152305395696 -0.133676730186 -0.15
   vertex -0.0137532572766 -0.130853502162 -0.15
   vertex -0.0137532572766 -0.130853502162 0.15
  endloop
 endfacet
 facet normal 0.886031582893 -0.463624885134 0
  outer loop
   vertex -0.0152305395696 -0.133676730186 -0.15
   vertex -0.0137532572766 -0.130853502162 0.15
   vertex -0.0152305395696 -0.133676730186 0.15
  endloop
 endfacet
 facet normal 0 0 -1
  outer loop
   vertex 0 0 -0.15
   vertex -0.0123462201217 -0.128220398402 -0.15
   vertex -0.0137532572766 -0.130853502162 -0.15
  endloop
 endfacet
 facet normal 0 0 1
  outer loop
   vertex 0 0 0.15
   vertex -0.0137532572766 -0.130853502162 0.15
   vertex -0.0123462201217 -0.128220398402 0.15
  endloop
 endfacet
 facet normal 0.881975027967 -0.471296138371 0
  outer loop
   vertex -0.0137532572766 -0.130853502162 -0.15
   vertex -0.0123462201217 -0.128220398402 -0.15
   vertex -0.0123462201217 -0.128220398402 0.15
  endloop
 endfacet
 facet normal 0.881975027967 -0.471296138371 0
  outer loop
   vertex -0.0137532572766 -0.130853502162 -0.15
   vertex -0.0123462201217 -0.128220398402 0.15
   vertex -0.0137532572766 -0.130853502162 0.15
  endloop
 endfacet
 facet normal 0 0 -1
  outer loop
   vertex 0 0 -0.15
   vertex -0.0110048593366 -0.125786117802 -0.15
   vertex -0.0123462201217 -0.128220398402 -0.15
  endloop
 endfacet
 facet normal 0 0 1
  outer loop
   vertex 0 0 0.15
   vertex -0.0123462201217 -0.128220398402 0.15
   vertex -0.0110048593366 -0.125786117802 0.15
  endloop
 endfacet
 facet normal 0.875834835564 -0.482610962177 0
  outer loop
   vertex -0.0123462201217 -0.128220398402 -0.15
   vertex -0.0110048593366 -0.125786117802 -0.15
   vertex -0.0110048593366 -0.125786117802 0.15
  endloop
 endfacet
 facet normal 0.875834835564 -0.482610962177 0
  outer loop
   vertex -0.0123462201217 -0.128220398402 -0.15
   vertex -0.0110048593366 -0.125786117802 0.15
   vertex -0.0123462201217 -0.128220398402 0.15
  endloop
 endfacet
 facet normal 0 0 -1
  outer loop
   vertex 0 0 -0.15
   vertex -0.00972428088598 -0.123558703849 -0.15
   vertex -0.0110048593366 -0.125786117802 -0.15
  endloop
 endfacet
 facet normal 0 0 1
  outer loop
   vertex 0 0 0.15
   vertex -0.0110048593366 -0.125786117802 0.15
   vertex -0.00972428088598 -0.123558703849 0.15
  endloop
 endfacet
 facet normal 0.866937344487 -0.498417135272 0
  outer loop
   vertex -0.0110048593366 -0.125786117802 -0.15
   vertex -0.00972428088598 -0.123558703849 -0.15
   vertex -0.00972428088598 -0.123558703849 0.15
  endloop
 endfacet
 facet normal 0.866937344487 -0.498417135272 0
  outer loop
   vertex -0.0110048593366 -0.125786117802 -0.15
   vertex -0.00972428088598 -0.123558703849 0.15
   vertex -0.0110048593366 -0.125786117802 0.15
  endloop
 endfacet
 facet normal 0 0 -1
  outer loop
   vertex 0 0 -0.15
   vertex -0.00849929055839 -0.121545517694 -0.15
   vertex -0.00972428088598 -0.123558703849 -0.15
  endloop
 endfacet
 facet normal 0 0 1
  outer loop
   vertex 0 0 0.15
   vertex -0.00972428088598 -0.123558703849 0.15
   vertex -0.00849929055839 -0.121545517694 0.15
  endloop
 endfacet
 facet normal 0.854279083033 -0.519814628779 0
  outer loop
   vertex -0.00972428088598 -0.123558703849 -0.15
   vertex -0.00849929055839 -0.121545517694 -0.15
   vertex -0.00849929055839 -0.121545517694 0.15
  endloop
 endfacet
 facet normal 0.854279083033 -0.519814628779 0
  outer loop
   vertex -0.00972428088598 -0.123558703849 -0.15
   vertex -0.00849929055839 -0.121545517694 0.15
   vertex -0.00972428088598 -0.123558703849 0.15
  endloop
 endfacet
 facet normal 0 0 -1
  outer loop
   vertex 0 0 -0.15
   vertex -0.00732442030876 -0.119753213494 -0.15
   vertex -0.00849929055839 -0.121545517694 -0.15
  endloop
 endfacet
 facet normal 0 0 1
  outer loop
   vertex 0 0 0.15
   vertex -0.00849929055839 -0.121545517694 0.15
   vertex -0.00732442030876 -0.119753213494 0.15
  endloop
 endfacet
 facet normal 0.836332341786 -0.548222777786 0
  outer loop
   vertex -0.00849929055839 -0.121545517694 -0.15
   vertex -0.00732442030876 -0.119753213494 -0.15
   vertex -0.00732442030876 -0.119753213494 0.15
  endloop
 endfacet
 facet normal 0.836332341786 -0.548222777786 0
  outer loop
   vertex -0.00849929055839 -0.121545517694 -0.15
   vertex -0.00732442030876 -0.119753213494 0.15
   vertex -0.00849929055839 -0.121545517694 0.15
  endloop
 endfacet
 facet normal 0 0 -1
  outer loop
   vertex 0 0 -0.15
   vertex -0.00619395574 -0.118187716113 -0.15
   vertex -0.00732442030876 -0.119753213494 -0.15
  endloop
 endfacet
 facet normal 0 0 1
  outer loop
   vertex 0 0 0.15
   vertex -0.00732442030876 -0.119753213494 0.15
   vertex -0.00619395574 -0.118187716113 0.15
  endloop
 endfacet
 facet normal 0.810721610003 -0.58543186715 0
  outer loop
   vertex -0.00732442030876 -0.119753213494 -0.15
   vertex -0.00619395574 -0.118187716113 -0.15
   vertex -0.00619395574 -0.118187716113 0.15
  endloop
 endfacet
 facet normal 0.810721610003 -0.58543186715 0
  outer loop
   vertex -0.00732442030876 -0.119753213494 -0.15
   vertex -0.00619395574 -0.118187716113 0.15
   vertex -0.00732442030876 -0.119753213494 0.15
  endloop
 endfacet
 facet normal 0 0 -1
  outer loop
   vertex 0 0 -0.15
   vertex -0.00510196460958 -0.116854201254 -0.15
   vertex -0.00619395574 -0.118187716113 -0.15
  endloop
 endfacet
 facet normal 0 0 1
  outer loop
   vertex 0 0 0.15
   vertex -0.00619395574 -0.118187716113 0.15
   vertex -0.00510196460958 -0.116854201254 0.15
  endloop
 endfacet
 facet normal 0.773691784662 -0.633562169283 0
  outer loop
   vertex -0.00619395574 -0.118187716113 -0.15
   vertex -0.00510196460958 -0.116854201254 -0.15
   vertex -0.00510196460958 -0.116854201254 0.15
  endloop
 endfacet
 facet normal 0.773691784662 -0.633562169283 0
  outer loop
   vertex -0.00619395574 -0.118187716113 -0.15
   vertex -0.00510196460958 -0.116854201254 0.15
   vertex -0.00619395574 -0.118187716113 0.15
  endloop
 endfacet
 facet normal 0 0 -1
  outer loop
   vertex 0 0 -0.15
   vertex -0.00404232624158 -0.115757078106 -0.15
   vertex -0.00510196460958 -0.116854201254 -0.15
  endloop
 endfacet
 facet normal 0 0 1
  outer loop
   vertex 0 0 0.15
   vertex -0.00510196460958 -0.116854201254 0.15
   vertex -0.00404232624158 -0.115757078106 0.15
  endloop
 endfacet
 facet normal 0.719287754952 -0.694712260995 0
  outer loop
   vertex -0.00510196460958 -0.116854201254 -0.15
   vertex -0.00404232624158 -0.115757078106 -0.15
   vertex -0.00404232624158 -0.115757078106 0.15
  endloop
 endfacet
 facet normal 0.719287754952 -0.694712260995 0
  outer loop
   vertex -0.00510196460958 -0.116854201254 -0.15
   vertex -0.00404232624158 -0.115757078106 0.15
   vertex -0.00510196460958 -0.116854201254 0.15
  endloop
 endfacet
 facet normal 0 0 -1
  outer loop
   vertex 0 0 -0.15
   vertex -0.00300876172172 -0.114899974544 -0.15
   vertex -0.00404232624158 -0.115757078106 -0.15
  endloop
 endfacet
 facet normal 0 0 1
  outer loop
   vertex 0 0 0.15
   vertex -0.00404232624158 -0.115757078106 0.15
   vertex -0.00300876172172 -0.114899974544 0.15
  endloop
 endfacet
 facet normal 0.638336433078 -0.769757493114 0
  outer loop
   vertex -0.00404232624158 -0.115757078106 -0.15
   vertex -0.00300876172172 -0.114899974544 -0.15
   vertex -0.00300876172172 -0.114899974544 0.15
  endloop
 endfacet
 facet normal 0.638336433078 -0.769757493114 0
  outer loop
   vertex -0.00404232624158 -0.115757078106 -0.15
   vertex -0.00300876172172 -0.114899974544 0.15
   vertex -0.00404232624158 -0.115757078106 0.15
  endloop
 endfacet
 facet normal 0 0 -1
  outer loop
   vertex 0 0 -0.15
   vertex -0.00199486474952 -0.114285724959 -0.15
   vertex -0.00300876172172 -0.114899974544 -0.15
  endloop
 endfacet
 facet normal 0 0 1
  outer loop
   vertex 0 0 0.15
   vertex -0.00300876172172 -0.114899974544 0.15
   vertex -0.00199486474952 -0.114285724959 0.15
  endloop
 endfacet
 facet normal 0.518157695465 -0.855285100204 0
  outer loop
   vertex -0.00300876172172 -0.114899974544 -0.15
   vertex -0.00199486474952 -0.114285724959 -0.15
   vertex -0.00199486474952 -0.114285724959 0.15
  endloop
 endfacet
 facet normal 0.518157695465 -0.855285100204 0
  outer loop
   vertex -0.00300876172172 -0.114899974544 -0.15
   vertex -0.00199486474952 -0.114285724959 0.15
   vertex -0.00300876172172 -0.114899974544 0.15
  endloop
 endfacet
 facet normal 0 0 -1
  outer loop
   vertex 0 0 -0.15
   vertex -0.000994133019358 -0.113916360737 -0.15
   vertex -0.00199486474952 -0.114285724959 -0.15
  endloop
 endfacet
 facet normal 0 0 1
  outer loop
   vertex 0 0 0.15
   vertex -0.00199486474952 -0.114285724959 0.15
   vertex -0.000994133019358 -0.113916360737 0.15
  endloop
 endfacet
 facet normal 0.34626128453 -0.938138115011 0
  outer loop
   vertex -0.00199486474952 -0.114285724959 -0.15
   vertex -0.000994133019358 -0.113916360737 -0.15
   vertex -0.000994133019358 -0.113916360737 0.15
  endloop
 endfacet
 facet normal 0.34626128453 -0.938138115011 0
  outer loop
   vertex -0.00199486474952 -0.114285724959 -0.15
   vertex -0.000994133019358 -0.113916360737 0.15
   vertex -0.00199486474952 -0.114285724959 0.15
  endloop
 endfacet
 facet normal 0 0 -1
  outer loop
   vertex 0 0 -0.15
   vertex -2.09034539854e-17 -0.113793103448 -0.15
   vertex -0.000994133019358 -0.113916360737 -0.15
  endloop
 endfacet
 facet normal 0 0 1
  outer loop
   vertex 0 0 0.15
   vertex -0.000994133019358 -0.113916360737 0.15
   vertex -2.09034539854e-17 -0.113793103448 0.15
  endloop
 endfacet
 facet normal 0.123042593493 -0.992401390661 0
  outer loop
   vertex -0.000994133019358 -0.113916360737 -0.15
   vertex -2.09034539854e-17 -0.113793103448 -0.15
   vertex -2.09034539854e-17 -0.113793103448 0.15
  endloop
 endfacet
 facet normal 0.123042593493 -0.992401390661 0
  outer loop
   vertex -0.000994133019358 -0.113916360737 -0.15
   vertex -2.09034539854e-17 -0.113793103448 0.15
   vertex -0.000994133019358 -0.113916360737 0.15
  endloop
 endfacet
 facet normal 0 -0 -1
  outer loop
   vertex 0 0 -0.15
   vertex 0.000994133019358 -0.113916360737 -0.15
   vertex -2.09034539854e-17 -0.113793103448 -0.15
  endloop
 endfacet
 facet normal 0 0 1
  outer loop
   vertex 0 0 0.15
   vertex -2.09034539854e-17 -0.113793103448 0.15
   vertex 0.000994133019358 -0.113916360737 0.15
  endloop
 endfacet
 facet normal -0.123042593493 -0.992401390661 0
  outer loop
   vertex -2.09034539854e-17 -0.113793103448 -0.15
   vertex 0.000994133019358 -0.113916360737 -0.15
   vertex 0.000994133019358 -0.113916360737 0.15
  endloop
 endfacet
 facet normal -0.123042593493 -0.992401390661 0
  outer loop
   vertex -2.09034539854e-17 -0.113793103448 -0.15
   vertex 0.000994133019358 -0.113916360737 0.15
   vertex -2.09034539854e-17 -0.113793103448 0.15
  endloop
 endfacet
 facet normal 0 0 -1
  outer loop
   vertex 0 0 -0.15
   vertex 0.00199486474952 -0.114285724959 -0.15
   vertex 0.000994133019358 -0.113916360737 -0.15
  endloop
 endfacet
 facet normal 0 0 1
  outer loop
   vertex 0 0 0.15
   vertex 0.000994133019358 -0.113916360737 0.15
   vertex 0.00199486474952 -0.114285724959 0.15
  endloop
 endfacet
 facet normal -0.34626128453 -0.938138115011 0
  outer loop
   vertex 0.000994133019358 -0.113916360737 -0.15
   vertex 0.00199486474952 -0.114285724959 -0.15
   vertex 0.00199486474952 -0.114285724959 0.15
  endloop
 endfacet
 facet normal -0.34626128453 -0.938138115011 0
  outer loop
   vertex 0.000994133019358 -0.113916360737 -0.15
   vertex 0.00199486474952 -0.114285724959 0.15
   vertex 0.000994133019358 -0.113916360737 0.15
  endloop
 endfacet
 facet normal 0 0 -1
  outer loop
   vertex 0 0 -0.15
   vertex 0.00300876172172 -0.114899974544 -0.15
   vertex 0.00199486474952 -0.114285724959 -0.15
  endloop
 endfacet
 facet normal 0 0 1
  outer loop
   vertex 0 0 0.15
   vertex 0.00199486474952 -0.114285724959 0.15
   vertex 0.00300876172172 -0.114899974544 0.15
  endloop
 endfacet
 facet normal -0.518157695465 -0.855285100204 0
  outer loop
   vertex 0.00199486474952 -0.114285724959 -0.15
   vertex 0.00300876172172 -0.114899974544 -0.15
   vertex 0.00300876172172 -0.114899974544 0.15
  endloop
 endfacet
 facet normal -0.518157695465 -0.855285100204 0
  outer loop
   vertex 0.00199486474952 -0.114285724959 -0.15
   vertex 0.00300876172172 -0.114899974544 0.15
   vertex 0.00199486474952 -0.114285724959 0.15
  endloop
 endfacet
 facet normal 0 0 -1
  outer loop
   vertex 0 0 -0.15
   vertex 0.00404232624158 -0.115757078106 -0.15
   vertex 0.00300876172172 -0.114899974544 -0.15
  endloop
 endfacet
 facet normal 0 0 1
  outer loop
   vertex 0 0 0.15
   vertex 0.00300876172172 -0.114899974544 0.15
   vertex 0.00404232624158 -0.115757078106 0.15
  endloop
 endfacet
 facet normal -0.638336433078 -0.769757493114 0
  outer loop
   vertex 0.00300876172172 -0.114899974544 -0.15
   vertex 0.00404232624158 -0.115757078106 -0.15
   vertex 0.00404232624158 -0.115757078106 0.15
  endloop
 endfacet
 facet normal -0.638336433078 -0.769757493114 0
  outer loop
   vertex 0.00300876172172 -0.114899974544 -0.15
   vertex 0.00404232624158 -0.115757078106 0.15
   vertex 0.00300876172172 -0.114899974544 0.15
  endloop
 endfacet
 facet normal 0 0 -1
  outer loop
   vertex 0 0 -0.15
   vertex 0.00510196460958 -0.116854201254 -0.15
   vertex 0.00404232624158 -0.115757078106 -0.15
  endloop
 endfacet
 facet normal 0 0 1
  outer loop
   vertex 0 0 0.15
   vertex 0.00404232624158 -0.115757078106 0.15
   vertex 0.00510196460958 -0.116854201254 0.15
  endloop
 endfacet
 facet normal -0.719287754952 -0.694712260995 0
  outer loop
   vertex 0.00404232624158 -0.115757078106 -0.15
   vertex 0.00510196460958 -0.116854201254 -0.15
   vertex 0.00510196460958 -0.116854201254 0.15
  endloop
 endfacet
 facet normal -0.719287754952 -0.694712260995 0
  outer loop
   vertex 0.00404232624158 -0.115757078106 -0.15
   vertex 0.00510196460958 -0.116854201254 0.15
   vertex 0.00404232624158 -0.115757078106 0.15
  endloop
 endfacet
 facet normal 0 0 -1
  outer loop
   vertex 0 0 -0.15
   vertex 0.00619395574 -0.118187716113 -0.15
   vertex 0.00510196460958 -0.116854201254 -0.15
  endloop
 endfacet
 facet normal 0 0 1
  outer loop
   vertex 0 0 0.15
   vertex 0.00510196460958 -0.116854201254 0.15
   vertex 0.00619395574 -0.118187716113 0.15
  endloop
 endfacet
 facet normal -0.773691784662 -0.633562169283 0
  outer loop
   vertex 0.00510196460958 -0.116854201254 -0.15
   vertex 0.00619395574 -0.118187716113 -0.15
   vertex 0.00619395574 -0.118187716113 0.15
  endloop
 endfacet
 facet normal -0.773691784662 -0.633562169283 0
  outer loop
   vertex 0.00510196460958 -0.116854201254 -0.15
   vertex 0.00619395574 -0.118187716113 0.15
   vertex 0.00510196460958 -0.116854201254 0.15
  endloop
 endfacet
 facet normal 0 0 -1
  outer loop
   vertex 0 0 -0.15
   vertex 0.00732442030876 -0.119753213494 -0.15
   vertex 0.00619395574 -0.118187716113 -0.15
  endloop
 endfacet
 facet normal 0 0 1
  outer loop
   vertex 0 0 0.15
   vertex 0.00619395574 -0.118187716113 0.15
   vertex 0.00732442030876 -0.119753213494 0.15
  endloop
 endfacet
 facet normal -0.810721610003 -0.58543186715 0
  outer loop
   vertex 0.00619395574 -0.118187716113 -0.15
   vertex 0.00732442030876 -0.119753213494 -0.15
   vertex 0.00732442030876 -0.119753213494 0.15
  endloop
 endfacet
 facet normal -0.810721610003 -0.58543186715 0
  outer loop
   vertex 0.00619395574 -0.118187716113 -0.15
   vertex 0.00732442030876 -0.119753213494 0.15
   vertex 0.00619395574 -0.118187716113 0.15
  endloop
 endfacet
 facet normal 0 0 -1
  outer loop
   vertex 0 0 -0.15
   vertex 0.00849929055839 -0.121545517694 -0.15
   vertex 0.00732442030876 -0.119753213494 -0.15
  endloop
 endfacet
 facet normal 0 0 1
  outer loop
   vertex 0 0 0.15
   vertex 0.00732442030876 -0.119753213494 0.15
   vertex 0.00849929055839 -0.121545517694 0.15
  endloop
 endfacet
 facet normal -0.836332341786 -0.548222777786 0
  outer loop
   vertex 0.00732442030876 -0.119753213494 -0.15
   vertex 0.00849929055839 -0.121545517694 -0.15
   vertex 0.00849929055839 -0.121545517694 0.15
  endloop
 endfacet
 facet normal -0.836332341786 -0.548222777786 0
  outer loop
   vertex 0.00732442030876 -0.119753213494 -0.15
   vertex 0.00849929055839 -0.121545517694 0.15
   vertex 0.00732442030876 -0.119753213494 0.15
  endloop
 endfacet
 facet normal 0 0 -1
  outer loop
   vertex 0 0 -0.15
   vertex 0.00972428088598 -0.123558703849 -0.15
   vertex 0.00849929055839 -0.121545517694 -0.15
  endloop
 endfacet
 facet normal 0 0 1
  outer loop
   vertex 0 0 0.15
   vertex 0.00849929055839 -0.121545517694 0.15
   vertex 0.00972428088598 -0.123558703849 0.15
  endloop
 endfacet
 facet normal -0.854279083033 -0.519814628779 0
  outer loop
   vertex 0.00849929055839 -0.121545517694 -0.15
   vertex 0.00972428088598 -0.123558703849 -0.15
   vertex 0.00972428088598 -0.123558703849 0.15
  endloop
 endfacet
 facet normal -0.854279083033 -0.519814628779 0
  outer loop
   vertex 0.00849929055839 -0.121545517694 -0.15
   vertex 0.00972428088598 -0.123558703849 0.15
   vertex 0.00849929055839 -0.121545517694 0.15
  endloop
 endfacet
 facet normal 0 0 -1
  outer loop
   vertex 0 0 -0.15
   vertex 0.0110048593366 -0.125786117802 -0.15
   vertex 0.00972428088598 -0.123558703849 -0.15
  endloop
 endfacet
 facet normal 0 0 1
  outer loop
   vertex 0 0 0.15
   vertex 0.00972428088598 -0.123558703849 0.15
   vertex 0.0110048593366 -0.125786117802 0.15
  endloop
 endfacet
 facet normal -0.866937344487 -0.498417135272 0
  outer loop
   vertex 0.00972428088598 -0.123558703849 -0.15
   vertex 0.0110048593366 -0.125786117802 -0.15
   vertex 0.0110048593366 -0.125786117802 0.15
  endloop
 endfacet
 facet normal -0.866937344487 -0.498417135272 0
  outer loop
   vertex 0.00972428088598 -0.123558703849 -0.15
   vertex 0.0110048593366 -0.125786117802 0.15
   vertex 0.00972428088598 -0.123558703849 0.15
  endloop
 endfacet
 facet normal 0 0 -1
  outer loop
   vertex 0 0 -0.15
   vertex 0.0123462201216 -0.128220398402 -0.15
   vertex 0.0110048593366 -0.125786117802 -0.15
  endloop
 endfacet
 facet normal 0 0 1
  outer loop
   vertex 0 0 0.15
   vertex 0.0110048593366 -0.125786117802 0.15
   vertex 0.0123462201216 -0.128220398402 0.15
  endloop
 endfacet
 facet normal -0.875834835564 -0.482610962177 0
  outer loop
   vertex 0.0110048593366 -0.125786117802 -0.15
   vertex 0.0123462201216 -0.128220398402 -0.15
   vertex 0.0123462201216 -0.128220398402 0.15
  endloop
 endfacet
 facet normal -0.875834835564 -0.482610962177 0
  outer loop
   vertex 0.0110048593366 -0.125786117802 -0.15
   vertex 0.0123462201216 -0.128220398402 0.15
   vertex 0.0110048593366 -0.125786117802 0.15
  endloop
 endfacet
 facet normal 0 0 -1
  outer loop
   vertex 0 0 -0.15
   vertex 0.0137532572766 -0.130853502162 -0.15
   vertex 0.0123462201216 -0.128220398402 -0.15
  endloop
 endfacet
 facet normal 0 0 1
  outer loop
   vertex 0 0 0.15
   vertex 0.0123462201216 -0.128220398402 0.15
   vertex 0.0137532572766 -0.130853502162 0.15
  endloop
 endfacet
 facet normal -0.881975027967 -0.471296138371 0
  outer loop
   vertex 0.0123462201216 -0.128220398402 -0.15
   vertex 0.0137532572766 -0.130853502162 -0.15
   vertex 0.0137532572766 -0.130853502162 0.15
  endloop
 endfacet
 facet normal -0.881975027967 -0.471296138371 0
  outer loop
   vertex 0.0123462201216 -0.128220398402 -0.15
   vertex 0.0137532572766 -0.130853502162 0.15
   vertex 0.0123462201216 -0.128220398402 0.15
  endloop
 endfacet
 facet normal 0 0 -1
  outer loop
   vertex 0 0 -0.15
   vertex 0.0152305395696 -0.133676730186 -0.15
   vertex 0.0137532572766 -0.130853502162 -0.15
  endloop
 endfacet
 facet normal 0 0 1
  outer loop
   vertex 0 0 0.15
   vertex 0.0137532572766 -0.130853502162 0.15
   vertex 0.0152305395696 -0.133676730186 0.15
  endloop
 endfacet
 facet normal -0.886031582893 -0.463624885134 0
  outer loop
   vertex 0.0137532572766 -0.130853502162 -0.15
   vertex 0.0152305395696 -0.133676730186 -0.15
   vertex 0.0152305395696 -0.133676730186 0.15
  endloop
 endfacet
 facet normal -0.886031582893 -0.463624885134 0
  outer loop
   vertex 0.0137532572766 -0.130853502162 -0.15
   vertex 0.0152305395696 -0.133676730186 0.15
   vertex 0.0137532572766 -0.130853502162 0.15
  endloop
 endfacet
 facet normal 0 0 -1
  outer loop
   vertex 0 0 -0.15
   vertex 0.0167822867657 -0.136680757273 -0.15
   vertex 0.0152305395696 -0.133676730186 -0.15
  endloop
 endfacet
 facet normal 0 0 1
  outer loop
   vertex 0 0 0.15
   vertex 0.0152305395696 -0.133676730186 0.15
   vertex 0.0167822867657 -0.136680757273 0.15
  endloop
 endfacet
 facet normal -0.888466123313 -0.458942205212 0
  outer loop
   vertex 0.0152305395696 -0.133676730186 -0.15
   vertex 0.0167822867657 -0.136680757273 -0.15
   vertex 0.0167822867657 -0.136680757273 0.15
  endloop
 endfacet
 facet normal -0.888466123313 -0.458942205212 0
  outer loop
   vertex 0.0152305395696 -0.133676730186 -0.15
   vertex 0.0167822867657 -0.136680757273 0.15
   vertex 0.0152305395696 -0.133676730186 0.15
  endloop
 endfacet
 facet normal 0 0 -1
  outer loop
   vertex 0 0 -0.15
   vertex 0.0184123473479 -0.139855663093 -0.15
   vertex 0.0167822867657 -0.136680757273 -0.15
  endloop
 endfacet
 facet normal 0 0 1
  outer loop
   vertex 0 0 0.15
   vertex 0.0167822867657 -0.136680757273 0.15
   vertex 0.0184123473479 -0.139855663093 0.15
  endloop
 endfacet
 facet normal -0.88960077086 -0.456738950041 0
  outer loop
   vertex 0.0167822867657 -0.136680757273 -0.15
   vertex 0.0184123473479 -0.139855663093 -0.15
   vertex 0.0184123473479 -0.139855663093 0.15
  endloop
 endfacet
 facet normal -0.88960077086 -0.456738950041 0
  outer loop
   vertex 0.0167822867657 -0.136680757273 -0.15
   vertex 0.0184123473479 -0.139855663093 0.15
   vertex 0.0167822867657 -0.136680757273 0.15
  endloop
 endfacet
 facet normal 0 0 -1
  outer loop
   vertex 0 0 -0.15
   vertex 0.0201241777892 -0.143190965329 -0.15
   vertex 0.0184123473479 -0.139855663093 -0.15
  endloop
 endfacet
 facet normal 0 0 1
  outer loop
   vertex 0 0 0.15
   vertex 0.0184123473479 -0.139855663093 0.15
   vertex 0.0201241777892 -0.143190965329 0.15
  endloop
 endfacet
 facet normal -0.88966372011 -0.456616321565 0
  outer loop
   vertex 0.0184123473479 -0.139855663093 -0.15
   vertex 0.0201241777892 -0.143190965329 -0.15
   vertex 0.0201241777892 -0.143190965329 0.15
  endloop
 endfacet
 facet normal -0.88966372011 -0.456616321565 0
  outer loop
   vertex 0.0184123473479 -0.139855663093 -0.15
   vertex 0.0201241777892 -0.143190965329 0.15
   vertex 0.0184123473479 -0.139855663093 0.15
  endloop
 endfacet
 facet normal 0 0 -1
  outer loop
   vertex 0 0 -0.15
   vertex 0.0219208234642 -0.146675654672 -0.15
   vertex 0.0201241777892 -0.143190965329 -0.15
  endloop
 endfacet
 facet normal 0 0 1
  outer loop
   vertex 0 0 0.15
   vertex 0.0201241777892 -0.143190965329 0.15
   vertex 0.0219208234642 -0.146675654672 0.15
  endloop
 endfacet
 facet normal -0.888818467216 -0.458259459625 0
  outer loop
   vertex 0.0201241777892 -0.143190965329 -0.15
   vertex 0.0219208234642 -0.146675654672 -0.15
   vertex 0.0219208234642 -0.146675654672 0.15
  endloop
 endfacet
 facet normal -0.888818467216 -0.458259459625 0
  outer loop
   vertex 0.0201241777892 -0.143190965329 -0.15
   vertex 0.0219208234642 -0.146675654672 0.15
   vertex 0.0201241777892 -0.143190965329 0.15
  endloop
 endfacet
 facet normal 0 0 -1
  outer loop
   vertex 0 0 -0.15
   vertex 0.0238049012824 -0.150298231528 -0.15
   vertex 0.0219208234642 -0.146675654672 -0.15
  endloop
 endfacet
 facet normal 0 0 1
  outer loop
   vertex 0 0 0.15
   vertex 0.0219208234642 -0.146675654672 0.15
   vertex 0.0238049012824 -0.150298231528 0.15
  endloop
 endfacet
 facet normal -0.887182931131 -0.461417865617 0
  outer loop
   vertex 0.0219208234642 -0.146675654672 -0.15
   vertex 0.0238049012824 -0.150298231528 -0.15
   vertex 0.0238049012824 -0.150298231528 0.15
  endloop
 endfacet
 facet normal -0.887182931131 -0.461417865617 0
  outer loop
   vertex 0.0219208234642 -0.146675654672 -0.15
   vertex 0.0238049012824 -0.150298231528 0.15
   vertex 0.0219208234642 -0.146675654672 0.15
  endloop
 endfacet
 facet normal 0 0 -1
  outer loop
   vertex 0 0 -0.15
   vertex 0.0257785841185 -0.154046744341 -0.15
   vertex 0.0238049012824 -0.150298231528 -0.15
  endloop
 endfacet
 facet normal 0 0 1
  outer loop
   vertex 0 0 0.15
   vertex 0.0238049012824 -0.150298231528 0.15
   vertex 0.0257785841185 -0.154046744341 0.15
  endloop
 endfacet
 facet normal -0.88484219402 -0.465890858121 0
  outer loop
   vertex 0.0238049012824 -0.150298231528 -0.15
   vertex 0.0257785841185 -0.154046744341 -0.15
   vertex 0.0257785841185 -0.154046744341 0.15
  endloop
 endfacet
 facet normal -0.88484219402 -0.465890858121 0
  outer loop
   vertex 0.0238049012824 -0.150298231528 -0.15
   vertex 0.0257785841185 -0.154046744341 0.15
   vertex 0.0238049012824 -0.150298231528 0.15
  endloop
 endfacet
 facet normal 0 0 -1
  outer loop
   vertex 0 0 -0.15
   vertex 0.0278435871087 -0.157908829362 -0.15
   vertex 0.0257785841185 -0.154046744341 -0.15
  endloop
 endfacet
 facet normal 0 0 1
  outer loop
   vertex 0 0 0.15
   vertex 0.0257785841185 -0.154046744341 0.15
   vertex 0.0278435871087 -0.157908829362 0.15
  endloop
 endfacet
 facet normal -0.881857128915 -0.471516706154 0
  outer loop
   vertex 0.0257785841185 -0.154046744341 -0.15
   vertex 0.0278435871087 -0.157908829362 -0.15
   vertex 0.0278435871087 -0.157908829362 0.15
  endloop
 endfacet
 facet normal -0.881857128915 -0.471516706154 0
  outer loop
   vertex 0.0257785841185 -0.154046744341 -0.15
   vertex 0.0278435871087 -0.157908829362 0.15
   vertex 0.0257785841185 -0.154046744341 0.15
  endloop
 endfacet
 facet normal 0 0 -1
  outer loop
   vertex 0 0 -0.15
   vertex 0.0300011558715 -0.161871751754 -0.15
   vertex 0.0278435871087 -0.157908829362 -0.15
  endloop
 endfacet
 facet normal 0 0 1
  outer loop
   vertex 0 0 0.15
   vertex 0.0278435871087 -0.157908829362 0.15
   vertex 0.0300011558715 -0.161871751754 0.15
  endloop
 endfacet
 facet normal -0.878270321455 -0.478164451262 0
  outer loop
   vertex 0.0278435871087 -0.157908829362 -0.15
   vertex 0.0300011558715 -0.161871751754 -0.15
   vertex 0.0300011558715 -0.161871751754 0.15
  endloop
 endfacet
 facet normal -0.878270321455 -0.478164451262 0
  outer loop
   vertex 0.0278435871087 -0.157908829362 -0.15
   vertex 0.0300011558715 -0.161871751754 0.15
   vertex 0.0278435871087 -0.157908829362 0.15
  endloop
 endfacet
 facet normal 0 0 -1
  outer loop
   vertex 0 0 -0.15
   vertex 0.03225205671 -0.165922447871 -0.15
   vertex 0.0300011558715 -0.161871751754 -0.15
  endloop
 endfacet
 facet normal 0 0 1
  outer loop
   vertex 0 0 0.15
   vertex 0.0300011558715 -0.161871751754 0.15
   vertex 0.03225205671 -0.165922447871 0.15
  endloop
 endfacet
 facet normal -0.874110174628 -0.485727704184 0
  outer loop
   vertex 0.0300011558715 -0.161871751754 -0.15
   vertex 0.03225205671 -0.165922447871 -0.15
   vertex 0.03225205671 -0.165922447871 0.15
  endloop
 endfacet
 facet normal -0.874110174628 -0.485727704184 0
  outer loop
   vertex 0.0300011558715 -0.161871751754 -0.15
   vertex 0.03225205671 -0.165922447871 0.15
   vertex 0.0300011558715 -0.161871751754 0.15
  endloop
 endfacet
 facet normal 0 0 -1
  outer loop
   vertex 0 0 -0.15
   vertex 0.0345965688371 -0.170047568571 -0.15
   vertex 0.03225205671 -0.165922447871 -0.15
  endloop
 endfacet
 facet normal 0 0 1
  outer loop
   vertex 0 0 0.15
   vertex 0.03225205671 -0.165922447871 0.15
   vertex 0.0345965688371 -0.170047568571 0.15
  endloop
 endfacet
 facet normal -0.869393767778 -0.494119900985 0
  outer loop
   vertex 0.03225205671 -0.165922447871 -0.15
   vertex 0.0345965688371 -0.170047568571 -0.15
   vertex 0.0345965688371 -0.170047568571 0.15
  endloop
 endfacet
 facet normal -0.869393767778 -0.494119900985 0
  outer loop
   vertex 0.03225205671 -0.165922447871 -0.15
   vertex 0.0345965688371 -0.170047568571 0.15
   vertex 0.03225205671 -0.165922447871 0.15
  endloop
 endfacet
 facet normal 0 0 -1
  outer loop
   vertex 0 0 -0.15
   vertex 0.0370344786644 -0.174233523413 -0.15
   vertex 0.0345965688371 -0.170047568571 -0.15
  endloop
 endfacet
 facet normal 0 0 1
  outer loop
   vertex 0 0 0.15
   vertex 0.0345965688371 -0.170047568571 0.15
   vertex 0.0370344786644 -0.174233523413 0.15
  endloop
 endfacet
 facet normal -0.864128842764 -0.503270645979 0
  outer loop
   vertex 0.0345965688371 -0.170047568571 -0.15
   vertex 0.0370344786644 -0.174233523413 -0.15
   vertex 0.0370344786644 -0.174233523413 0.15
  endloop
 endfacet
 facet normal -0.864128842764 -0.503270645979 0
  outer loop
   vertex 0.0345965688371 -0.170047568571 -0.15
   vertex 0.0370344786644 -0.174233523413 0.15
   vertex 0.0345965688371 -0.170047568571 0.15
  endloop
 endfacet
 facet normal 0 0 -1
  outer loop
   vertex 0 0 -0.15
   vertex 0.0395650761822 -0.178466525583 -0.15
   vertex 0.0370344786644 -0.174233523413 -0.15
  endloop
 endfacet
 facet normal 0 0 1
  outer loop
   vertex 0 0 0.15
   vertex 0.0370344786644 -0.174233523413 0.15
   vertex 0.0395650761822 -0.178466525583 0.15
  endloop
 endfacet
 facet normal -0.858315163641 -0.513122870143 0
  outer loop
   vertex 0.0370344786644 -0.174233523413 -0.15
   vertex 0.0395650761822 -0.178466525583 -0.15
   vertex 0.0395650761822 -0.178466525583 0.15
  endloop
 endfacet
 facet normal -0.858315163641 -0.513122870143 0
  outer loop
   vertex 0.0370344786644 -0.174233523413 -0.15
   vertex 0.0395650761822 -0.178466525583 0.15
   vertex 0.0370344786644 -0.174233523413 0.15
  endloop
 endfacet
 facet normal 0 0 -1
  outer loop
   vertex 0 0 -0.15
   vertex 0.0421871534518 -0.182732637381 -0.15
   vertex 0.0395650761822 -0.178466525583 -0.15
  endloop
 endfacet
 facet normal 0 0 1
  outer loop
   vertex 0 0 0.15
   vertex 0.0395650761822 -0.178466525583 0.15
   vertex 0.0421871534518 -0.182732637381 0.15
  endloop
 endfacet
 facet normal -0.851945414124 -0.523630605821 0
  outer loop
   vertex 0.0395650761822 -0.178466525583 -0.15
   vertex 0.0421871534518 -0.182732637381 -0.15
   vertex 0.0421871534518 -0.182732637381 0.15
  endloop
 endfacet
 facet normal -0.851945414124 -0.523630605821 0
  outer loop
   vertex 0.0395650761822 -0.178466525583 -0.15
   vertex 0.0421871534518 -0.182732637381 0.15
   vertex 0.0395650761822 -0.178466525583 0.15
  endloop
 endfacet
 facet normal 0 0 -1
  outer loop
   vertex 0 0 -0.15
   vertex 0.0448990052237 -0.187017816135 -0.15
   vertex 0.0421871534518 -0.182732637381 -0.15
  endloop
 endfacet
 facet normal 0 0 1
  outer loop
   vertex 0 0 0.15
   vertex 0.0421871534518 -0.182732637381 0.15
   vertex 0.0448990052237 -0.187017816135 0.15
  endloop
 endfacet
 facet normal -0.845005742612 -0.53475722992 0
  outer loop
   vertex 0.0421871534518 -0.182732637381 -0.15
   vertex 0.0448990052237 -0.187017816135 -0.15
   vertex 0.0448990052237 -0.187017816135 0.15
  endloop
 endfacet
 facet normal -0.845005742612 -0.53475722992 0
  outer loop
   vertex 0.0421871534518 -0.182732637381 -0.15
   vertex 0.0448990052237 -0.187017816135 0.15
   vertex 0.0421871534518 -0.182732637381 0.15
  endloop
 endfacet
 facet normal 0 0 -1
  outer loop
   vertex 0 0 -0.15
   vertex 0.0476984316848 -0.191307960361 -0.15
   vertex 0.0448990052237 -0.187017816135 -0.15
  endloop
 endfacet
 facet normal 0 0 1
  outer loop
   vertex 0 0 0.15
   vertex 0.0448990052237 -0.187017816135 0.15
   vertex 0.0476984316848 -0.191307960361 0.15
  endloop
 endfacet
 facet normal -0.837476027604 -0.546474064516 0
  outer loop
   vertex 0.0448990052237 -0.187017816135 -0.15
   vertex 0.0476984316848 -0.191307960361 -0.15
   vertex 0.0476984316848 -0.191307960361 0.15
  endloop
 endfacet
 facet normal -0.837476027604 -0.546474064516 0
  outer loop
   vertex 0.0448990052237 -0.187017816135 -0.15
   vertex 0.0476984316848 -0.191307960361 0.15
   vertex 0.0448990052237 -0.187017816135 0.15
  endloop
 endfacet
 facet normal 0 0 -1
  outer loop
   vertex 0 0 -0.15
   vertex 0.050582743331 -0.195588956014 -0.15
   vertex 0.0476984316848 -0.191307960361 -0.15
  endloop
 endfacet
 facet normal 0 0 1
  outer loop
   vertex 0 0 0.15
   vertex 0.0476984316848 -0.191307960361 0.15
   vertex 0.050582743331 -0.195588956014 0.15
  endloop
 endfacet
 facet normal -0.829329910638 -0.558759249875 0
  outer loop
   vertex 0.0476984316848 -0.191307960361 -0.15
   vertex 0.050582743331 -0.195588956014 -0.15
   vertex 0.050582743331 -0.195588956014 0.15
  endloop
 endfacet
 facet normal -0.829329910638 -0.558759249875 0
  outer loop
   vertex 0.0476984316848 -0.191307960361 -0.15
   vertex 0.050582743331 -0.195588956014 0.15
   vertex 0.0476984316848 -0.191307960361 0.15
  endloop
 endfacet
 facet normal 0 0 -1
  outer loop
   vertex 0 0 -0.15
   vertex 0.0535487679522 -0.19984672268 -0.15
   vertex 0.050582743331 -0.195588956014 -0.15
  endloop
 endfacet
 facet normal 0 0 1
  outer loop
   vertex 0 0 0.15
   vertex 0.050582743331 -0.195588956014 0.15
   vertex 0.0535487679522 -0.19984672268 0.15
  endloop
 endfacet
 facet normal -0.82053462539 -0.571596823413 0
  outer loop
   vertex 0.050582743331 -0.195588956014 -0.15
   vertex 0.0535487679522 -0.19984672268 -0.15
   vertex 0.0535487679522 -0.19984672268 0.15
  endloop
 endfacet
 facet normal -0.82053462539 -0.571596823413 0
  outer loop
   vertex 0.050582743331 -0.195588956014 -0.15
   vertex 0.0535487679522 -0.19984672268 0.15
   vertex 0.050582743331 -0.195588956014 0.15
  endloop
 endfacet
 facet normal 0 0 -1
  outer loop
   vertex 0 0 -0.15
   vertex 0.0565928597087 -0.204067259537 -0.15
   vertex 0.0535487679522 -0.19984672268 -0.15
  endloop
 endfacet
 facet normal 0 0 1
  outer loop
   vertex 0 0 0.15
   vertex 0.0535487679522 -0.19984672268 0.15
   vertex 0.0565928597087 -0.204067259537 0.15
  endloop
 endfacet
 facet normal -0.811050637773 -0.58497595076 0
  outer loop
   vertex 0.0535487679522 -0.19984672268 -0.15
   vertex 0.0565928597087 -0.204067259537 -0.15
   vertex 0.0565928597087 -0.204067259537 0.15
  endloop
 endfacet
 facet normal -0.811050637773 -0.58497595076 0
  outer loop
   vertex 0.0535487679522 -0.19984672268 -0.15
   vertex 0.0565928597087 -0.204067259537 0.15
   vertex 0.0535487679522 -0.19984672268 0.15
  endloop
 endfacet
 facet normal 0 0 -1
  outer loop
   vertex 0 0 -0.15
   vertex 0.0597109102691 -0.208236690927 -0.15
   vertex 0.0565928597087 -0.204067259537 -0.15
  endloop
 endfacet
 facet normal 0 0 1
  outer loop
   vertex 0 0 0.15
   vertex 0.0565928597087 -0.204067259537 0.15
   vertex 0.0597109102691 -0.208236690927 0.15
  endloop
 endfacet
 facet normal -0.800831101047 -0.598890263401 0
  outer loop
   vertex 0.0565928597087 -0.204067259537 -0.15
   vertex 0.0597109102691 -0.208236690927 -0.15
   vertex 0.0597109102691 -0.208236690927 0.15
  endloop
 endfacet
 facet normal -0.800831101047 -0.598890263401 0
  outer loop
   vertex 0.0565928597087 -0.204067259537 -0.15
   vertex 0.0597109102691 -0.208236690927 0.15
   vertex 0.0565928597087 -0.204067259537 0.15
  endloop
 endfacet
 facet normal 0 0 -1
  outer loop
   vertex 0 0 -0.15
   vertex 0.0628983619726 -0.212341311393 -0.15
   vertex 0.0597109102691 -0.208236690927 -0.15
  endloop
 endfacet
 facet normal 0 0 1
  outer loop
   vertex 0 0 0.15
   vertex 0.0597109102691 -0.208236690927 0.15
   vertex 0.0628983619726 -0.212341311393 0.15
  endloop
 endfacet
 facet normal -0.789821121007 -0.613337261881 0
  outer loop
   vertex 0.0597109102691 -0.208236690927 -0.15
   vertex 0.0628983619726 -0.212341311393 -0.15
   vertex 0.0628983619726 -0.212341311393 0.15
  endloop
 endfacet
 facet normal -0.789821121007 -0.613337261881 0
  outer loop
   vertex 0.0597109102691 -0.208236690927 -0.15
   vertex 0.0628983619726 -0.212341311393 0.15
   vertex 0.0597109102691 -0.208236690927 0.15
  endloop
 endfacet
 facet normal 0 0 -1
  outer loop
   vertex 0 0 -0.15
   vertex 0.0661502229697 -0.216367630014 -0.15
   vertex 0.0628983619726 -0.212341311393 -0.15
  endloop
 endfacet
 facet normal 0 0 1
  outer loop
   vertex 0 0 0.15
   vertex 0.0628983619726 -0.212341311393 0.15
   vertex 0.0661502229697 -0.216367630014 0.15
  endloop
 endfacet
 facet normal -0.777956818551 -0.628317744831 0
  outer loop
   vertex 0.0628983619726 -0.212341311393 -0.15
   vertex 0.0661502229697 -0.216367630014 -0.15
   vertex 0.0661502229697 -0.216367630014 0.15
  endloop
 endfacet
 facet normal -0.777956818551 -0.628317744831 0
  outer loop
   vertex 0.0628983619726 -0.212341311393 -0.15
   vertex 0.0661502229697 -0.216367630014 0.15
   vertex 0.0628983619726 -0.212341311393 0.15
  endloop
 endfacet
 facet normal 0 0 -1
  outer loop
   vertex 0 0 -0.15
   vertex 0.0694610842867 -0.22030241389 -0.15
   vertex 0.0661502229697 -0.216367630014 -0.15
  endloop
 endfacet
 facet normal 0 0 1
  outer loop
   vertex 0 0 0.15
   vertex 0.0661502229697 -0.216367630014 0.15
   vertex 0.0694610842867 -0.22030241389 0.15
  endloop
 endfacet
 facet normal -0.765164169816 -0.643835222111 0
  outer loop
   vertex 0.0661502229697 -0.216367630014 -0.15
   vertex 0.0694610842867 -0.22030241389 -0.15
   vertex 0.0694610842867 -0.22030241389 0.15
  endloop
 endfacet
 facet normal -0.765164169816 -0.643835222111 0
  outer loop
   vertex 0.0661502229697 -0.216367630014 -0.15
   vertex 0.0694610842867 -0.22030241389 0.15
   vertex 0.0661502229697 -0.216367630014 0.15
  endloop
 endfacet
 facet normal 0 0 -1
  outer loop
   vertex 0 0 -0.15
   vertex 0.0728251387532 -0.224132730633 -0.15
   vertex 0.0694610842867 -0.22030241389 -0.15
  endloop
 endfacet
 facet normal 0 0 1
  outer loop
   vertex 0 0 0.15
   vertex 0.0694610842867 -0.22030241389 0.15
   vertex 0.0728251387532 -0.224132730633 0.15
  endloop
 endfacet
 facet normal -0.75135759752 -0.659895264909 0
  outer loop
   vertex 0.0694610842867 -0.22030241389 -0.15
   vertex 0.0728251387532 -0.224132730633 -0.15
   vertex 0.0728251387532 -0.224132730633 0.15
  endloop
 endfacet
 facet normal -0.75135759752 -0.659895264909 0
  outer loop
   vertex 0.0694610842867 -0.22030241389 -0.15
   vertex 0.0728251387532 -0.224132730633 0.15
   vertex 0.0694610842867 -0.22030241389 0.15
  endloop
 endfacet
 facet normal 0 0 -1
  outer loop
   vertex 0 0 -0.15
   vertex 0.0762362017239 -0.227845989709 -0.15
   vertex 0.0728251387532 -0.224132730633 -0.15
  endloop
 endfacet
 facet normal 0 0 1
  outer loop
   vertex 0 0 0.15
   vertex 0.0728251387532 -0.224132730633 0.15
   vertex 0.0762362017239 -0.227845989709 0.15
  endloop
 endfacet
 facet normal -0.736438281175 -0.67650473614 0
  outer loop
   vertex 0.0728251387532 -0.224132730633 -0.15
   vertex 0.0762362017239 -0.227845989709 -0.15
   vertex 0.0762362017239 -0.227845989709 0.15
  endloop
 endfacet
 facet normal -0.736438281175 -0.67650473614 0
  outer loop
   vertex 0.0728251387532 -0.224132730633 -0.15
   vertex 0.0762362017239 -0.227845989709 0.15
   vertex 0.0728251387532 -0.224132730633 0.15
  endloop
 endfacet
 facet normal 0 0 -1
  outer loop
   vertex 0 0 -0.15
   vertex 0.0796877335166 -0.231429982496 -0.15
   vertex 0.0762362017239 -0.227845989709 -0.15
  endloop
 endfacet
 facet normal 0 0 1
  outer loop
   vertex 0 0 0.15
   vertex 0.0762362017239 -0.227845989709 0.15
   vertex 0.0796877335166 -0.231429982496 0.15
  endloop
 endfacet
 facet normal -0.720292148784 -0.693670830005 0
  outer loop
   vertex 0.0762362017239 -0.227845989709 -0.15
   vertex 0.0796877335166 -0.231429982496 -0.15
   vertex 0.0796877335166 -0.231429982496 0.15
  endloop
 endfacet
 facet normal -0.720292148784 -0.693670830005 0
  outer loop
   vertex 0.0762362017239 -0.227845989709 -0.15
   vertex 0.0796877335166 -0.231429982496 0.15
   vertex 0.0762362017239 -0.227845989709 0.15
  endloop
 endfacet
 facet normal 0 0 -1
  outer loop
   vertex 0 0 -0.15
   vertex 0.0831728634852 -0.234872920928 -0.15
   vertex 0.0796877335166 -0.231429982496 -0.15
  endloop
 endfacet
 facet normal 0 0 1
  outer loop
   vertex 0 0 0.15
   vertex 0.0796877335166 -0.231429982496 0.15
   vertex 0.0831728634852 -0.234872920928 0.15
  endloop
 endfacet
 facet normal -0.702787509547 -0.711399828805 0
  outer loop
   vertex 0.0796877335166 -0.231429982496 -0.15
   vertex 0.0831728634852 -0.234872920928 -0.15
   vertex 0.0831728634852 -0.234872920928 0.15
  endloop
 endfacet
 facet normal -0.702787509547 -0.711399828805 0
  outer loop
   vertex 0.0796877335166 -0.231429982496 -0.15
   vertex 0.0831728634852 -0.234872920928 0.15
   vertex 0.0796877335166 -0.231429982496 0.15
  endloop
 endfacet
 facet normal 0 0 -1
  outer loop
   vertex 0 0 -0.15
   vertex 0.086684415636 -0.238163474578 -0.15
   vertex 0.0831728634852 -0.234872920928 -0.15
  endloop
 endfacet
 facet normal 0 0 1
  outer loop
   vertex 0 0 0.15
   vertex 0.0831728634852 -0.234872920928 0.15
   vertex 0.086684415636 -0.238163474578 0.15
  endloop
 endfacet
 facet normal -0.683772287548 -0.729695456188 0
  outer loop
   vertex 0.0831728634852 -0.234872920928 -0.15
   vertex 0.086684415636 -0.238163474578 -0.15
   vertex 0.086684415636 -0.238163474578 0.15
  endloop
 endfacet
 facet normal -0.683772287548 -0.729695456188 0
  outer loop
   vertex 0.0831728634852 -0.234872920928 -0.15
   vertex 0.086684415636 -0.238163474578 0.15
   vertex 0.0831728634852 -0.234872920928 0.15
  endloop
 endfacet
 facet normal 0 0 -1
  outer loop
   vertex 0 0 -0.15
   vertex 0.0902149356915 -0.241290806074 -0.15
   vertex 0.086684415636 -0.238163474578 -0.15
  endloop
 endfacet
 facet normal 0 0 1
  outer loop
   vertex 0 0 0.15
   vertex 0.086684415636 -0.238163474578 0.15
   vertex 0.0902149356915 -0.241290806074 0.15
  endloop
 endfacet
 facet normal -0.66307082329 -0.748556666727 0
  outer loop
   vertex 0.086684415636 -0.238163474578 -0.15
   vertex 0.0902149356915 -0.241290806074 -0.15
   vertex 0.0902149356915 -0.241290806074 0.15
  endloop
 endfacet
 facet normal -0.66307082329 -0.748556666727 0
  outer loop
   vertex 0.086684415636 -0.238163474578 -0.15
   vertex 0.0902149356915 -0.241290806074 0.15
   vertex 0.086684415636 -0.238163474578 0.15
  endloop
 endfacet
 facet normal 0 0 -1
  outer loop
   vertex 0 0 -0.15
   vertex 0.0937567194997 -0.24424460471 -0.15
   vertex 0.0902149356915 -0.241290806074 -0.15
  endloop
 endfacet
 facet normal 0 0 1
  outer loop
   vertex 0 0 0.15
   vertex 0.0902149356915 -0.241290806074 0.15
   vertex 0.0937567194997 -0.24424460471 0.15
  endloop
 endfacet
 facet normal -0.640480228151 -0.767974659313 0
  outer loop
   vertex 0.0902149356915 -0.241290806074 -0.15
   vertex 0.0937567194997 -0.24424460471 -0.15
   vertex 0.0937567194997 -0.24424460471 0.15
  endloop
 endfacet
 facet normal -0.640480228151 -0.767974659313 0
  outer loop
   vertex 0.0902149356915 -0.241290806074 -0.15
   vertex 0.0937567194997 -0.24424460471 0.15
   vertex 0.0902149356915 -0.241290806074 0.15
  endloop
 endfacet
 facet normal 0 0 -1
  outer loop
   vertex 0 0 -0.15
   vertex 0.0973018426799 -0.247015118164 -0.15
   vertex 0.0937567194997 -0.24424460471 -0.15
  endloop
 endfacet
 facet normal 0 0 1
  outer loop
   vertex 0 0 0.15
   vertex 0.0937567194997 -0.24424460471 0.15
   vertex 0.0973018426799 -0.247015118164 0.15
  endloop
 endfacet
 facet normal -0.615766313979 -0.787928833442 0
  outer loop
   vertex 0.0937567194997 -0.24424460471 -0.15
   vertex 0.0973018426799 -0.247015118164 -0.15
   vertex 0.0973018426799 -0.247015118164 0.15
  endloop
 endfacet
 facet normal -0.615766313979 -0.787928833442 0
  outer loop
   vertex 0.0937567194997 -0.24424460471 -0.15
   vertex 0.0973018426799 -0.247015118164 0.15
   vertex 0.0937567194997 -0.24424460471 0.15
  endloop
 endfacet
 facet normal 0 0 -1
  outer loop
   vertex 0 0 -0.15
   vertex 0.100842191393 -0.249593182186 -0.15
   vertex 0.0973018426799 -0.247015118164 -0.15
  endloop
 endfacet
 facet normal 0 0 1
  outer loop
   vertex 0 0 0.15
   vertex 0.0973018426799 -0.247015118164 0.15
   vertex 0.100842191393 -0.249593182186 0.15
  endloop
 endfacet
 facet normal -0.588659188355 -0.808381320891 0
  outer loop
   vertex 0.0973018426799 -0.247015118164 -0.15
   vertex 0.100842191393 -0.249593182186 -0.15
   vertex 0.100842191393 -0.249593182186 0.15
  endloop
 endfacet
 facet normal -0.588659188355 -0.808381320891 0
  outer loop
   vertex 0.0973018426799 -0.247015118164 -0.15
   vertex 0.100842191393 -0.249593182186 0.15
   vertex 0.0973018426799 -0.247015118164 0.15
  endloop
 endfacet
 facet normal 0 0 -1
  outer loop
   vertex 0 0 -0.15
   vertex 0.104369494117 -0.251970248195 -0.15
   vertex 0.100842191393 -0.249593182186 -0.15
  endloop
 endfacet
 facet normal 0 0 1
  outer loop
   vertex 0 0 0.15
   vertex 0.100842191393 -0.249593182186 0.15
   vertex 0.104369494117 -0.251970248195 0.15
  endloop
 endfacet
 facet normal -0.558848724168 -0.829269620507 0
  outer loop
   vertex 0.100842191393 -0.249593182186 -0.15
   vertex 0.104369494117 -0.251970248195 -0.15
   vertex 0.104369494117 -0.251970248195 0.15
  endloop
 endfacet
 facet normal -0.558848724168 -0.829269620507 0
  outer loop
   vertex 0.100842191393 -0.249593182186 -0.15
   vertex 0.104369494117 -0.251970248195 0.15
   vertex 0.100842191393 -0.249593182186 0.15
  endloop
 endfacet
 facet normal 0 0 -1
  outer loop
   vertex 0 0 -0.15
   vertex 0.107875354308 -0.254138408659 -0.15
   vertex 0.104369494117 -0.251970248195 -0.15
  endloop
 endfacet
 facet normal 0 0 1
  outer loop
   vertex 0 0 0.15
   vertex 0.104369494117 -0.251970248195 0.15
   vertex 0.107875354308 -0.254138408659 0.15
  endloop
 endfacet
 facet normal -0.525980307555 -0.850496746651 0
  outer loop
   vertex 0.104369494117 -0.251970248195 -0.15
   vertex 0.107875354308 -0.254138408659 -0.15
   vertex 0.107875354308 -0.254138408659 0.15
  endloop
 endfacet
 facet normal -0.525980307555 -0.850496746651 0
  outer loop
   vertex 0.104369494117 -0.251970248195 -0.15
   vertex 0.107875354308 -0.254138408659 0.15
   vertex 0.104369494117 -0.251970248195 0.15
  endloop
 endfacet
 facet normal 0 0 -1
  outer loop
   vertex 0 0 -0.15
   vertex 0.111351283815 -0.256090420207 -0.15
   vertex 0.107875354308 -0.254138408659 -0.15
  endloop
 endfacet
 facet normal 0 0 1
  outer loop
   vertex 0 0 0.15
   vertex 0.107875354308 -0.254138408659 0.15
   vertex 0.111351283815 -0.256090420207 0.15
  endloop
 endfacet
 facet normal -0.489651580098 -0.871918190031 0
  outer loop
   vertex 0.107875354308 -0.254138408659 -0.15
   vertex 0.111351283815 -0.256090420207 -0.15
   vertex 0.111351283815 -0.256090420207 0.15
  endloop
 endfacet
 facet normal -0.489651580098 -0.871918190031 0
  outer loop
   vertex 0.107875354308 -0.254138408659 -0.15
   vertex 0.111351283815 -0.256090420207 0.15
   vertex 0.107875354308 -0.254138408659 0.15
  endloop
 endfacet
 facet normal 0 0 -1
  outer loop
   vertex 0 0 -0.15
   vertex 0.11478873693 -0.257819724374 -0.15
   vertex 0.111351283815 -0.256090420207 -0.15
  endloop
 endfacet
 facet normal 0 0 1
  outer loop
   vertex 0 0 0.15
   vertex 0.111351283815 -0.256090420207 0.15
   vertex 0.11478873693 -0.257819724374 0.15
  endloop
 endfacet
 facet normal -0.449411370109 -0.893324924323 0
  outer loop
   vertex 0.111351283815 -0.256090420207 -0.15
   vertex 0.11478873693 -0.257819724374 -0.15
   vertex 0.11478873693 -0.257819724374 0.15
  endloop
 endfacet
 facet normal -0.449411370109 -0.893324924323 0
  outer loop
   vertex 0.111351283815 -0.256090420207 -0.15
   vertex 0.11478873693 -0.257819724374 0.15
   vertex 0.111351283815 -0.256090420207 0.15
  endloop
 endfacet
 facet normal 0 0 -1
  outer loop
   vertex 0 0 -0.15
   vertex 0.118179144923 -0.259320465933 -0.15
   vertex 0.11478873693 -0.257819724374 -0.15
  endloop
 endfacet
 facet normal 0 0 1
  outer loop
   vertex 0 0 0.15
   vertex 0.11478873693 -0.257819724374 0.15
   vertex 0.118179144923 -0.259320465933 0.15
  endloop
 endfacet
 facet normal -0.404762711302 -0.914421755832 0
  outer loop
   vertex 0.11478873693 -0.257819724374 -0.15
   vertex 0.118179144923 -0.259320465933 -0.15
   vertex 0.118179144923 -0.259320465933 0.15
  endloop
 endfacet
 facet normal -0.404762711302 -0.914421755832 0
  outer loop
   vertex 0.11478873693 -0.257819724374 -0.15
   vertex 0.118179144923 -0.259320465933 0.15
   vertex 0.11478873693 -0.257819724374 0.15
  endloop
 endfacet
 facet normal 0 0 -1
  outer loop
   vertex 0 0 -0.15
   vertex 0.121513950949 -0.260587508749 -0.15
   vertex 0.118179144923 -0.259320465933 -0.15
  endloop
 endfacet
 facet normal 0 0 1
  outer loop
   vertex 0 0 0.15
   vertex 0.118179144923 -0.259320465933 0.15
   vertex 0.121513950949 -0.260587508749 0.15
  endloop
 endfacet
 facet normal -0.355172818856 -0.934800657224 0
  outer loop
   vertex 0.118179144923 -0.259320465933 -0.15
   vertex 0.121513950949 -0.260587508749 -0.15
   vertex 0.121513950949 -0.260587508749 0.15
  endloop
 endfacet
 facet normal -0.355172818856 -0.934800657224 0
  outer loop
   vertex 0.118179144923 -0.259320465933 -0.15
   vertex 0.121513950949 -0.260587508749 0.15
   vertex 0.118179144923 -0.259320465933 0.15
  endloop
 endfacet
 facet normal 0 0 -1
  outer loop
   vertex 0 0 -0.15
   vertex 0.124784645173 -0.261616449103 -0.15
   vertex 0.121513950949 -0.260587508749 -0.15
  endloop
 endfacet
 facet normal 0 0 1
  outer loop
   vertex 0 0 0.15
   vertex 0.121513950949 -0.260587508749 0.15
   vertex 0.124784645173 -0.261616449103 0.15
  endloop
 endfacet
 facet normal -0.300094112535 -0.953909599292 0
  outer loop
   vertex 0.121513950949 -0.260587508749 -0.15
   vertex 0.124784645173 -0.261616449103 -0.15
   vertex 0.124784645173 -0.261616449103 0.15
  endloop
 endfacet
 facet normal -0.300094112535 -0.953909599292 0
  outer loop
   vertex 0.121513950949 -0.260587508749 -0.15
   vertex 0.124784645173 -0.261616449103 0.15
   vertex 0.121513950949 -0.260587508749 0.15
  endloop
 endfacet
 facet normal 0 0 -1
  outer loop
   vertex 0 0 -0.15
   vertex 0.127982799983 -0.26240362646 -0.15
   vertex 0.124784645173 -0.261616449103 -0.15
  endloop
 endfacet
 facet normal 0 0 1
  outer loop
   vertex 0 0 0.15
   vertex 0.124784645173 -0.261616449103 0.15
   vertex 0.127982799983 -0.26240362646 0.15
  endloop
 endfacet
 facet normal -0.239001656212 -0.971019159609 0
  outer loop
   vertex 0.124784645173 -0.261616449103 -0.15
   vertex 0.127982799983 -0.26240362646 -0.15
   vertex 0.127982799983 -0.26240362646 0.15
  endloop
 endfacet
 facet normal -0.239001656212 -0.971019159609 0
  outer loop
   vertex 0.124784645173 -0.261616449103 -0.15
   vertex 0.127982799983 -0.26240362646 0.15
   vertex 0.124784645173 -0.261616449103 0.15
  endloop
 endfacet
 facet normal 0 0 -1
  outer loop
   vertex 0 0 -0.15
   vertex 0.131100105147 -0.262946131644 -0.15
   vertex 0.127982799983 -0.26240362646 -0.15
  endloop
 endfacet
 facet normal 0 0 1
  outer loop
   vertex 0 0 0.15
   vertex 0.127982799983 -0.26240362646 0.15
   vertex 0.131100105147 -0.262946131644 0.15
  endloop
 endfacet
 facet normal -0.171453189331 -0.985192267463 0
  outer loop
   vertex 0.127982799983 -0.26240362646 -0.15
   vertex 0.131100105147 -0.262946131644 -0.15
   vertex 0.131100105147 -0.262946131644 0.15
  endloop
 endfacet
 facet normal -0.171453189331 -0.985192267463 0
  outer loop
   vertex 0.127982799983 -0.26240362646 -0.15
   vertex 0.131100105147 -0.262946131644 0.15
   vertex 0.127982799983 -0.26240362646 0.15
  endloop
 endfacet
 facet normal 0 0 -1
  outer loop
   vertex 0 0 -0.15
   vertex 0.134128402788 -0.263241812398 -0.15
   vertex 0.131100105147 -0.262946131644 -0.15
  endloop
 endfacet
 facet normal 0 0 1
  outer loop
   vertex 0 0 0.15
   vertex 0.131100105147 -0.262946131644 0.15
   vertex 0.134128402788 -0.263241812398 0.15
  endloop
 endfacet
 facet normal -0.0971771473707 -0.995267100847 0
  outer loop
   vertex 0.131100105147 -0.262946131644 -0.15
   vertex 0.134128402788 -0.263241812398 -0.15
   vertex 0.134128402788 -0.263241812398 0.15
  endloop
 endfacet
 facet normal -0.0971771473707 -0.995267100847 0
  outer loop
   vertex 0.131100105147 -0.262946131644 -0.15
   vertex 0.134128402788 -0.263241812398 0.15
   vertex 0.131100105147 -0.262946131644 0.15
  endloop
 endfacet
 facet normal 0 0 -1
  outer loop
   vertex 0 0 -0.15
   vertex 0.137059722018 -0.263289276323 -0.15
   vertex 0.134128402788 -0.263241812398 -0.15
  endloop
 endfacet
 facet normal 0 0 1
  outer loop
   vertex 0 0 0.15
   vertex 0.134128402788 -0.263241812398 0.15
   vertex 0.137059722018 -0.263289276323 0.15
  endloop
 endfacet
 facet normal -0.0161898793453 -0.999868935314 0
  outer loop
   vertex 0.134128402788 -0.263241812398 -0.15
   vertex 0.137059722018 -0.263289276323 -0.15
   vertex 0.137059722018 -0.263289276323 0.15
  endloop
 endfacet
 facet normal -0.0161898793453 -0.999868935314 0
  outer loop
   vertex 0.134128402788 -0.263241812398 -0.15
   vertex 0.137059722018 -0.263289276323 0.15
   vertex 0.134128402788 -0.263241812398 0.15
  endloop
 endfacet
 facet normal 0 0 -1
  outer loop
   vertex 0 0 -0.15
   vertex 0.139886313108 -0.263087891203 -0.15
   vertex 0.137059722018 -0.263289276323 -0.15
  endloop
 endfacet
 facet normal 0 0 1
  outer loop
   vertex 0 0 0.15
   vertex 0.137059722018 -0.263289276323 0.15
   vertex 0.139886313108 -0.263087891203 0.15
  endloop
 endfacet
 facet normal 0.0710664994786 -0.997471579872 0
  outer loop
   vertex 0.137059722018 -0.263289276323 -0.15
   vertex 0.139886313108 -0.263087891203 -0.15
   vertex 0.139886313108 -0.263087891203 0.15
  endloop
 endfacet
 facet normal 0.0710664994786 -0.997471579872 0
  outer loop
   vertex 0.137059722018 -0.263289276323 -0.15
   vertex 0.139886313108 -0.263087891203 0.15
   vertex 0.137059722018 -0.263289276323 0.15
  endloop
 endfacet
 facet normal 0 0 -1
  outer loop
   vertex 0 0 -0.15
   vertex 0.142600681058 -0.262637782701 -0.15
   vertex 0.139886313108 -0.263087891203 -0.15
  endloop
 endfacet
 facet normal 0 0 1
  outer loop
   vertex 0 0 0.15
   vertex 0.139886313108 -0.263087891203 0.15
   vertex 0.142600681058 -0.262637782701 0.15
  endloop
 endfacet
 facet normal 0.16359049237 -0.98652833249 0
  outer loop
   vertex 0.139886313108 -0.263087891203 -0.15
   vertex 0.142600681058 -0.262637782701 -0.15
   vertex 0.142600681058 -0.262637782701 0.15
  endloop
 endfacet
 facet normal 0.16359049237 -0.98652833249 0
  outer loop
   vertex 0.139886313108 -0.263087891203 -0.15
   vertex 0.142600681058 -0.262637782701 0.15
   vertex 0.139886313108 -0.263087891203 0.15
  endloop
 endfacet
 facet normal 0 0 -1
  outer loop
   vertex 0 0 -0.15
   vertex 0.145195618414 -0.261939829475 -0.15
   vertex 0.142600681058 -0.262637782701 -0.15
  endloop
 endfacet
 facet normal 0 0 1
  outer loop
   vertex 0 0 0.15
   vertex 0.142600681058 -0.262637782701 0.15
   vertex 0.145195618414 -0.261939829475 0.15
  endloop
 endfacet
 facet normal 0.259736210747 -0.96567960568 0
  outer loop
   vertex 0.142600681058 -0.262637782701 -0.15
   vertex 0.145195618414 -0.261939829475 -0.15
   vertex 0.145195618414 -0.261939829475 0.15
  endloop
 endfacet
 facet normal 0.259736210747 -0.96567960568 0
  outer loop
   vertex 0.142600681058 -0.262637782701 -0.15
   vertex 0.145195618414 -0.261939829475 0.15
   vertex 0.142600681058 -0.262637782701 0.15
  endloop
 endfacet
 facet normal 0 0 -1
  outer loop
   vertex 0 0 -0.15
   vertex 0.147664237227 -0.260995655712 -0.15
   vertex 0.145195618414 -0.261939829475 -0.15
  endloop
 endfacet
 facet normal 0 0 1
  outer loop
   vertex 0 0 0.15
   vertex 0.145195618414 -0.261939829475 0.15
   vertex 0.147664237227 -0.260995655712 0.15
  endloop
 endfacet
 facet normal 0.357233225465 -0.934015215414 0
  outer loop
   vertex 0.145195618414 -0.261939829475 -0.15
   vertex 0.147664237227 -0.260995655712 -0.15
   vertex 0.147664237227 -0.260995655712 0.15
  endloop
 endfacet
 facet normal 0.357233225465 -0.934015215414 0
  outer loop
   vertex 0.145195618414 -0.261939829475 -0.15
   vertex 0.147664237227 -0.260995655712 0.15
   vertex 0.145195618414 -0.261939829475 0.15
  endloop
 endfacet
 facet normal 0 0 -1
  outer loop
   vertex 0 0 -0.15
   vertex 0.15 -0.259807621135 -0.15
   vertex 0.147664237227 -0.260995655712 -0.15
  endloop
 endfacet
 facet normal 0 0 1
  outer loop
   vertex 0 0 0.15
   vertex 0.147664237227 -0.260995655712 0.15
   vertex 0.15 -0.259807621135 0.15
  endloop
 endfacet
 facet normal 0.453355400477 -0.89132983842 0
  outer loop
   vertex 0.147664237227 -0.260995655712 -0.15
   vertex 0.15 -0.259807621135 -0.15
   vertex 0.15 -0.259807621135 0.15
  endloop
 endfacet
 facet normal 0.453355400477 -0.89132983842 0
  outer loop
   vertex 0.147664237227 -0.260995655712 -0.15
   vertex 0.15 -0.259807621135 0.15
   vertex 0.147664237227 -0.260995655712 0.15
  endloop
 endfacet
 facet normal 0 0 -1
  outer loop
   vertex 0 0 -0.15
   vertex 0.15219674951 -0.258378808525 -0.15
   vertex 0.15 -0.259807621135 -0.15
  endloop
 endfacet
 facet normal 0 0 1
  outer loop
   vertex 0 0 0.15
   vertex 0.15 -0.259807621135 0.15
   vertex 0.15219674951 -0.258378808525 0.15
  endloop
 endfacet
 facet normal 0.545236582984 -0.838282212966 0
  outer loop
   vertex 0.15 -0.259807621135 -0.15
   vertex 0.15219674951 -0.258378808525 -0.15
   vertex 0.15219674951 -0.258378808525 0.15
  endloop
 endfacet
 facet normal 0.545236582984 -0.838282212966 0
  outer loop
   vertex 0.15 -0.259807621135 -0.15
   vertex 0.15219674951 -0.258378808525 0.15
   vertex 0.15 -0.259807621135 0.15
  endloop
 endfacet
 facet normal 0 0 -1
  outer loop
   vertex 0 0 -0.15
   vertex 0.154248737382 -0.256713008803 -0.15
   vertex 0.15219674951 -0.258378808525 -0.15
  endloop
 endfacet
 facet normal 0 0 1
  outer loop
   vertex 0 0 0.15
   vertex 0.15219674951 -0.258378808525 0.15
   vertex 0.154248737382 -0.256713008803 0.15
  endloop
 endfacet
 facet normal 0.630264291337 -0.776380656035 0
  outer loop
   vertex 0.15219674951 -0.258378808525 -0.15
   vertex 0.154248737382 -0.256713008803 -0.15
   vertex 0.154248737382 -0.256713008803 0.15
  endloop
 endfacet
 facet normal 0.630264291337 -0.776380656035 0
  outer loop
   vertex 0.15219674951 -0.258378808525 -0.15
   vertex 0.154248737382 -0.256713008803 0.15
   vertex 0.15219674951 -0.258378808525 0.15
  endloop
 endfacet
 facet normal 0 0 -1
  outer loop
   vertex 0 0 -0.15
   vertex 0.156150651284 -0.254814703744 -0.15
   vertex 0.154248737382 -0.256713008803 -0.15
  endloop
 endfacet
 facet normal 0 0 1
  outer loop
   vertex 0 0 0.15
   vertex 0.154248737382 -0.256713008803 0.15
   vertex 0.156150651284 -0.254814703744 0.15
  endloop
 endfacet
 facet normal 0.706434965062 -0.70777795963 0
  outer loop
   vertex 0.154248737382 -0.256713008803 -0.15
   vertex 0.156150651284 -0.254814703744 -0.15
   vertex 0.156150651284 -0.254814703744 0.15
  endloop
 endfacet
 facet normal 0.706434965062 -0.70777795963 0
  outer loop
   vertex 0.154248737382 -0.256713008803 -0.15
   vertex 0.156150651284 -0.254814703744 0.15
   vertex 0.154248737382 -0.256713008803 0.15
  endloop
 endfacet
 facet normal 0 0 -1
  outer loop
   vertex 0 0 -0.15
   vertex 0.157897640655 -0.252689046395 -0.15
   vertex 0.156150651284 -0.254814703744 -0.15
  endloop
 endfacet
 facet normal 0 0 1
  outer loop
   vertex 0 0 0.15
   vertex 0.156150651284 -0.254814703744 0.15
   vertex 0.157897640655 -0.252689046395 0.15
  endloop
 endfacet
 facet normal 0.772563351305 -0.634937688455 0
  outer loop
   vertex 0.156150651284 -0.254814703744 -0.15
   vertex 0.157897640655 -0.252689046395 -0.15
   vertex 0.157897640655 -0.252689046395 0.15
  endloop
 endfacet
 facet normal 0.772563351305 -0.634937688455 0
  outer loop
   vertex 0.156150651284 -0.254814703744 -0.15
   vertex 0.157897640655 -0.252689046395 0.15
   vertex 0.156150651284 -0.254814703744 0.15
  endloop
 endfacet
 facet normal 0 0 -1
  outer loop
   vertex 0 0 -0.15
   vertex 0.159485340831 -0.250341839264 -0.15
   vertex 0.157897640655 -0.252689046395 -0.15
  endloop
 endfacet
 facet normal 0 0 1
  outer loop
   vertex 0 0 0.15
   vertex 0.157897640655 -0.252689046395 0.15
   vertex 0.159485340831 -0.250341839264 0.15
  endloop
 endfacet
 facet normal 0.828302477983 -0.560281183842 0
  outer loop
   vertex 0.157897640655 -0.252689046395 -0.15
   vertex 0.159485340831 -0.250341839264 -0.15
   vertex 0.159485340831 -0.250341839264 0.15
  endloop
 endfacet
 facet normal 0.828302477983 -0.560281183842 0
  outer loop
   vertex 0.157897640655 -0.252689046395 -0.15
   vertex 0.159485340831 -0.250341839264 0.15
   vertex 0.157897640655 -0.252689046395 0.15
  endloop
 endfacet
 facet normal 0 0 -1
  outer loop
   vertex 0 0 -0.15
   vertex 0.160909895481 -0.247779510382 -0.15
   vertex 0.159485340831 -0.250341839264 -0.15
  endloop
 endfacet
 facet normal 0 0 1
  outer loop
   vertex 0 0 0.15
   vertex 0.159485340831 -0.250341839264 0.15
   vertex 0.160909895481 -0.247779510382 0.15
  endloop
 endfacet
 facet normal 0.87400683811 -0.48591362086 0
  outer loop
   vertex 0.159485340831 -0.250341839264 -0.15
   vertex 0.160909895481 -0.247779510382 -0.15
   vertex 0.160909895481 -0.247779510382 0.15
  endloop
 endfacet
 facet normal 0.87400683811 -0.48591362086 0
  outer loop
   vertex 0.159485340831 -0.250341839264 -0.15
   vertex 0.160909895481 -0.247779510382 0.15
   vertex 0.159485340831 -0.250341839264 0.15
  endloop
 endfacet
 facet normal 0 0 -1
  outer loop
   vertex 0 0 -0.15
   vertex 0.162167977258 -0.245009087318 -0.15
   vertex 0.160909895481 -0.247779510382 -0.15
  endloop
 endfacet
 facet normal 0 0 1
  outer loop
   vertex 0 0 0.15
   vertex 0.160909895481 -0.247779510382 0.15
   vertex 0.162167977258 -0.245009087318 0.15
  endloop
 endfacet
 facet normal 0.91051516657 -0.413475672133 0
  outer loop
   vertex 0.160909895481 -0.247779510382 -0.15
   vertex 0.162167977258 -0.245009087318 -0.15
   vertex 0.162167977258 -0.245009087318 0.15
  endloop
 endfacet
 facet normal 0.91051516657 -0.413475672133 0
  outer loop
   vertex 0.160909895481 -0.247779510382 -0.15
   vertex 0.162167977258 -0.245009087318 0.15
   vertex 0.160909895481 -0.247779510382 0.15
  endloop
 endfacet
 facet normal 0 0 -1
  outer loop
   vertex 0 0 -0.15
   vertex 0.163256806568 -0.242038169262 -0.15
   vertex 0.162167977258 -0.245009087318 -0.15
  endloop
 endfacet
 facet normal 0 0 1
  outer loop
   vertex 0 0 0.15
   vertex 0.162167977258 -0.245009087318 0.15
   vertex 0.163256806568 -0.242038169262 0.15
  endloop
 endfacet
 facet normal 0.9389281259 -0.344113316211 0
  outer loop
   vertex 0.162167977258 -0.245009087318 -0.15
   vertex 0.163256806568 -0.242038169262 -0.15
   vertex 0.163256806568 -0.242038169262 0.15
  endloop
 endfacet
 facet normal 0.9389281259 -0.344113316211 0
  outer loop
   vertex 0.162167977258 -0.245009087318 -0.15
   vertex 0.163256806568 -0.242038169262 0.15
   vertex 0.162167977258 -0.245009087318 0.15
  endloop
 endfacet
 facet normal 0 0 -1
  outer loop
   vertex 0 0 -0.15
   vertex 0.164174168384 -0.238874897274 -0.15
   vertex 0.163256806568 -0.242038169262 -0.15
  endloop
 endfacet
 facet normal 0 0 1
  outer loop
   vertex 0 0 0.15
   vertex 0.163256806568 -0.242038169262 0.15
   vertex 0.164174168384 -0.238874897274 0.15
  endloop
 endfacet
 facet normal 0.960428087889 -0.278528073978 0
  outer loop
   vertex 0.163256806568 -0.242038169262 -0.15
   vertex 0.164174168384 -0.238874897274 -0.15
   vertex 0.164174168384 -0.238874897274 0.15
  endloop
 endfacet
 facet normal 0.960428087889 -0.278528073978 0
  outer loop
   vertex 0.163256806568 -0.242038169262 -0.15
   vertex 0.164174168384 -0.238874897274 0.15
   vertex 0.163256806568 -0.242038169262 0.15
  endloop
 endfacet
 facet normal 0 0 -1
  outer loop
   vertex 0 0 -0.15
   vertex 0.164918427011 -0.235527922811 -0.15
   vertex 0.164174168384 -0.238874897274 -0.15
  endloop
 endfacet
 facet normal 0 0 1
  outer loop
   vertex 0 0 0.15
   vertex 0.164174168384 -0.238874897274 0.15
   vertex 0.164918427011 -0.235527922811 0.15
  endloop
 endfacet
 facet normal 0.976157002168 -0.217065674664 0
  outer loop
   vertex 0.164174168384 -0.238874897274 -0.15
   vertex 0.164918427011 -0.235527922811 -0.15
   vertex 0.164918427011 -0.235527922811 0.15
  endloop
 endfacet
 facet normal 0.976157002168 -0.217065674664 0
  outer loop
   vertex 0.164174168384 -0.238874897274 -0.15
   vertex 0.164918427011 -0.235527922811 0.15
   vertex 0.164174168384 -0.238874897274 0.15
  endloop
 endfacet
 facet normal 0 0 -1
  outer loop
   vertex 0 0 -0.15
   vertex 0.165488538758 -0.232006374667 -0.15
   vertex 0.164918427011 -0.235527922811 -0.15
  endloop
 endfacet
 facet normal 0 0 1
  outer loop
   vertex 0 0 0.15
   vertex 0.164918427011 -0.235527922811 0.15
   vertex 0.165488538758 -0.232006374667 0.15
  endloop
 endfacet
 facet normal 0.987147526058 -0.159811644749 0
  outer loop
   vertex 0.164918427011 -0.235527922811 -0.15
   vertex 0.165488538758 -0.232006374667 -0.15
   vertex 0.165488538758 -0.232006374667 0.15
  endloop
 endfacet
 facet normal 0.987147526058 -0.159811644749 0
  outer loop
   vertex 0.164918427011 -0.235527922811 -0.15
   vertex 0.165488538758 -0.232006374667 0.15
   vertex 0.164918427011 -0.235527922811 0.15
  endloop
 endfacet
 facet normal 0 0 -1
  outer loop
   vertex 0 0 -0.15
   vertex 0.16588406244 -0.228319824436 -0.15
   vertex 0.165488538758 -0.232006374667 -0.15
  endloop
 endfacet
 facet normal 0 0 1
  outer loop
   vertex 0 0 0.15
   vertex 0.165488538758 -0.232006374667 0.15
   vertex 0.16588406244 -0.228319824436 0.15
  endloop
 endfacet
 facet normal 0.994293825975 -0.106676087424 0
  outer loop
   vertex 0.165488538758 -0.232006374667 -0.15
   vertex 0.16588406244 -0.228319824436 -0.15
   vertex 0.16588406244 -0.228319824436 0.15
  endloop
 endfacet
 facet normal 0.994293825975 -0.106676087424 0
  outer loop
   vertex 0.165488538758 -0.232006374667 -0.15
   vertex 0.16588406244 -0.228319824436 0.15
   vertex 0.165488538758 -0.232006374667 0.15
  endloop
 endfacet
 facet normal 0 0 -1
  outer loop
   vertex 0 0 -0.15
   vertex 0.166105167658 -0.224478250631 -0.15
   vertex 0.16588406244 -0.228319824436 -0.15
  endloop
 endfacet
 facet normal 0 0 1
  outer loop
   vertex 0 0 0.15
   vertex 0.16588406244 -0.228319824436 0.15
   vertex 0.166105167658 -0.224478250631 0.15
  endloop
 endfacet
 facet normal 0.998347763352 -0.0574607988972 0
  outer loop
   vertex 0.16588406244 -0.228319824436 -0.15
   vertex 0.166105167658 -0.224478250631 -0.15
   vertex 0.166105167658 -0.224478250631 0.15
  endloop
 endfacet
 facet normal 0.998347763352 -0.0574607988972 0
  outer loop
   vertex 0.16588406244 -0.228319824436 -0.15
   vertex 0.166105167658 -0.224478250631 0.15
   vertex 0.16588406244 -0.228319824436 0.15
  endloop
 endfacet
 facet normal 0 0 -1
  outer loop
   vertex 0 0 -0.15
   vertex 0.166152640823 -0.220492001602 -0.15
   vertex 0.166105167658 -0.224478250631 -0.15
  endloop
 endfacet
 facet normal 0 0 1
  outer loop
   vertex 0 0 0.15
   vertex 0.166105167658 -0.224478250631 0.15
   vertex 0.166152640823 -0.220492001602 0.15
  endloop
 endfacet
 facet normal 0.999929092638 -0.0119083876477 0
  outer loop
   vertex 0.166105167658 -0.224478250631 -0.15
   vertex 0.166152640823 -0.220492001602 -0.15
   vertex 0.166152640823 -0.220492001602 0.15
  endloop
 endfacet
 facet normal 0.999929092638 -0.0119083876477 0
  outer loop
   vertex 0.166105167658 -0.224478250631 -0.15
   vertex 0.166152640823 -0.220492001602 0.15
   vertex 0.166105167658 -0.224478250631 0.15
  endloop
 endfacet
 facet normal 0 0 -1
  outer loop
   vertex 0 0 -0.15
   vertex 0.166027888876 -0.216371757383 -0.15
   vertex 0.166152640823 -0.220492001602 -0.15
  endloop
 endfacet
 facet normal 0 0 1
  outer loop
   vertex 0 0 0.15
   vertex 0.166152640823 -0.220492001602 0.15
   vertex 0.166027888876 -0.216371757383 0.15
  endloop
 endfacet
 facet normal 0.999541942214 0.0302639349071 0
  outer loop
   vertex 0.166152640823 -0.220492001602 -0.15
   vertex 0.166027888876 -0.216371757383 -0.15
   vertex 0.166027888876 -0.216371757383 0.15
  endloop
 endfacet
 facet normal 0.999541942214 0.0302639349071 -0
  outer loop
   vertex 0.166152640823 -0.220492001602 -0.15
   vertex 0.166027888876 -0.216371757383 0.15
   vertex 0.166152640823 -0.220492001602 0.15
  endloop
 endfacet
 facet normal 0 0 -1
  outer loop
   vertex 0 0 -0.15
   vertex 0.165732940688 -0.212128490612 -0.15
   vertex 0.166027888876 -0.216371757383 -0.15
  endloop
 endfacet
 facet normal 0 0 1
  outer loop
   vertex 0 0 0.15
   vertex 0.166027888876 -0.216371757383 0.15
   vertex 0.165732940688 -0.212128490612 0.15
  endloop
 endfacet
 facet normal 0.99759292003 0.0693423817489 0
  outer loop
   vertex 0.166027888876 -0.216371757383 -0.15
   vertex 0.165732940688 -0.212128490612 -0.15
   vertex 0.165732940688 -0.212128490612 0.15
  endloop
 endfacet
 facet normal 0.99759292003 0.0693423817489 -0
  outer loop
   vertex 0.166027888876 -0.216371757383 -0.15
   vertex 0.165732940688 -0.212128490612 0.15
   vertex 0.166027888876 -0.216371757383 0.15
  endloop
 endfacet
 facet normal 0 0 -1
  outer loop
   vertex 0 0 -0.15
   vertex 0.165270446108 -0.207773426678 -0.15
   vertex 0.165732940688 -0.212128490612 -0.15
  endloop
 endfacet
 facet normal 0 0 1
  outer loop
   vertex 0 0 0.15
   vertex 0.165732940688 -0.212128490612 0.15
   vertex 0.165270446108 -0.207773426678 0.15
  endloop
 endfacet
 facet normal 0.994408354014 0.105603150842 0
  outer loop
   vertex 0.165732940688 -0.212128490612 -0.15
   vertex 0.165270446108 -0.207773426678 -0.15
   vertex 0.165270446108 -0.207773426678 0.15
  endloop
 endfacet
 facet normal 0.994408354014 0.105603150842 -0
  outer loop
   vertex 0.165732940688 -0.212128490612 -0.15
   vertex 0.165270446108 -0.207773426678 0.15
   vertex 0.165732940688 -0.212128490612 0.15
  endloop
 endfacet
 facet normal 0 0 -1
  outer loop
   vertex 0 0 -0.15
   vertex 0.164643672667 -0.203318003217 -0.15
   vertex 0.165270446108 -0.207773426678 -0.15
  endloop
 endfacet
 facet normal 0 0 1
  outer loop
   vertex 0 0 0.15
   vertex 0.165270446108 -0.207773426678 0.15
   vertex 0.164643672667 -0.203318003217 0.15
  endloop
 endfacet
 facet normal 0.990249543124 0.139304853979 0
  outer loop
   vertex 0.165270446108 -0.207773426678 -0.15
   vertex 0.164643672667 -0.203318003217 -0.15
   vertex 0.164643672667 -0.203318003217 0.15
  endloop
 endfacet
 facet normal 0.990249543124 0.139304853979 -0
  outer loop
   vertex 0.165270446108 -0.207773426678 -0.15
   vertex 0.164643672667 -0.203318003217 0.15
   vertex 0.165270446108 -0.207773426678 0.15
  endloop
 endfacet
 facet normal 0 0 -1
  outer loop
   vertex 0 0 -0.15
   vertex 0.163856499914 -0.198773829147 -0.15
   vertex 0.164643672667 -0.203318003217 -0.15
  endloop
 endfacet
 facet normal 0 0 1
  outer loop
   vertex 0 0 0.15
   vertex 0.164643672667 -0.203318003217 0.15
   vertex 0.163856499914 -0.198773829147 0.15
  endloop
 endfacet
 facet normal 0.985325678504 0.170684818544 0
  outer loop
   vertex 0.164643672667 -0.203318003217 -0.15
   vertex 0.163856499914 -0.198773829147 -0.15
   vertex 0.163856499914 -0.198773829147 0.15
  endloop
 endfacet
 facet normal 0.985325678504 0.170684818544 -0
  outer loop
   vertex 0.164643672667 -0.203318003217 -0.15
   vertex 0.163856499914 -0.198773829147 0.15
   vertex 0.164643672667 -0.203318003217 0.15
  endloop
 endfacet
 facet normal 0 0 -1
  outer loop
   vertex 0 0 -0.15
   vertex 0.162913411421 -0.194152643342 -0.15
   vertex 0.163856499914 -0.198773829147 -0.15
  endloop
 endfacet
 facet normal 0 0 1
  outer loop
   vertex 0 0 0.15
   vertex 0.163856499914 -0.198773829147 0.15
   vertex 0.162913411421 -0.194152643342 0.15
  endloop
 endfacet
 facet normal 0.979804501203 0.199957844114 0
  outer loop
   vertex 0.163856499914 -0.198773829147 -0.15
   vertex 0.162913411421 -0.194152643342 -0.15
   vertex 0.162913411421 -0.194152643342 0.15
  endloop
 endfacet
 facet normal 0.979804501203 0.199957844114 -0
  outer loop
   vertex 0.163856499914 -0.198773829147 -0.15
   vertex 0.162913411421 -0.194152643342 0.15
   vertex 0.163856499914 -0.198773829147 0.15
  endloop
 endfacet
 facet normal 0 0 -1
  outer loop
   vertex 0 0 -0.15
   vertex 0.161819484442 -0.189466273148 -0.15
   vertex 0.162913411421 -0.194152643342 -0.15
  endloop
 endfacet
 facet normal 0 0 1
  outer loop
   vertex 0 0 0.15
   vertex 0.162913411421 -0.194152643342 0.15
   vertex 0.161819484442 -0.189466273148 0.15
  endloop
 endfacet
 facet normal 0.973820945859 0.227316443327 0
  outer loop
   vertex 0.162913411421 -0.194152643342 -0.15
   vertex 0.161819484442 -0.189466273148 -0.15
   vertex 0.161819484442 -0.189466273148 0.15
  endloop
 endfacet
 facet normal 0.973820945859 0.227316443327 -0
  outer loop
   vertex 0.162913411421 -0.194152643342 -0.15
   vertex 0.161819484442 -0.189466273148 0.15
   vertex 0.162913411421 -0.194152643342 0.15
  endloop
 endfacet
 facet normal 0 0 -1
  outer loop
   vertex 0 0 -0.15
   vertex 0.160580377281 -0.184726592843 -0.15
   vertex 0.161819484442 -0.189466273148 -0.15
  endloop
 endfacet
 facet normal 0 0 1
  outer loop
   vertex 0 0 0.15
   vertex 0.161819484442 -0.189466273148 0.15
   vertex 0.160580377281 -0.184726592843 0.15
  endloop
 endfacet
 facet normal 0.967484078767 0.252931922328 0
  outer loop
   vertex 0.161819484442 -0.189466273148 -0.15
   vertex 0.160580377281 -0.184726592843 -0.15
   vertex 0.160580377281 -0.184726592843 0.15
  endloop
 endfacet
 facet normal 0.967484078767 0.252931922328 -0
  outer loop
   vertex 0.161819484442 -0.189466273148 -0.15
   vertex 0.160580377281 -0.184726592843 0.15
   vertex 0.161819484442 -0.189466273148 0.15
  endloop
 endfacet
 facet normal 0 0 -1
  outer loop
   vertex 0 0 -0.15
   vertex 0.159202314376 -0.179945482235 -0.15
   vertex 0.160580377281 -0.184726592843 -0.15
  endloop
 endfacet
 facet normal 0 0 1
  outer loop
   vertex 0 0 0.15
   vertex 0.160580377281 -0.184726592843 0.15
   vertex 0.159202314376 -0.179945482235 0.15
  endloop
 endfacet
 facet normal 0.960882635041 0.276955883991 0
  outer loop
   vertex 0.160580377281 -0.184726592843 -0.15
   vertex 0.159202314376 -0.179945482235 -0.15
   vertex 0.159202314376 -0.179945482235 0.15
  endloop
 endfacet
 facet normal 0.960882635041 0.276955883991 -0
  outer loop
   vertex 0.160580377281 -0.184726592843 -0.15
   vertex 0.159202314376 -0.179945482235 0.15
   vertex 0.160580377281 -0.184726592843 0.15
  endloop
 endfacet
 facet normal 0 0 -1
  outer loop
   vertex 0 0 -0.15
   vertex 0.157692069171 -0.175134785511 -0.15
   vertex 0.159202314376 -0.179945482235 -0.15
  endloop
 endfacet
 facet normal 0 0 1
  outer loop
   vertex 0 0 0.15
   vertex 0.159202314376 -0.179945482235 0.15
   vertex 0.157692069171 -0.175134785511 0.15
  endloop
 endfacet
 facet normal 0.954089427865 0.299521891747 0
  outer loop
   vertex 0.159202314376 -0.179945482235 -0.15
   vertex 0.157692069171 -0.175134785511 -0.15
   vertex 0.157692069171 -0.175134785511 0.15
  endloop
 endfacet
 facet normal 0.954089427865 0.299521891747 -0
  outer loop
   vertex 0.159202314376 -0.179945482235 -0.15
   vertex 0.157692069171 -0.175134785511 0.15
   vertex 0.159202314376 -0.179945482235 0.15
  endloop
 endfacet
 facet normal 0 0 -1
  outer loop
   vertex 0 0 -0.15
   vertex 0.156056944801 -0.170306270512 -0.15
   vertex 0.157692069171 -0.175134785511 -0.15
  endloop
 endfacet
 facet normal 0 0 1
  outer loop
   vertex 0 0 0.15
   vertex 0.157692069171 -0.175134785511 0.15
   vertex 0.156056944801 -0.170306270512 0.15
  endloop
 endfacet
 facet normal 0.947164862008 0.320747134324 0
  outer loop
   vertex 0.157692069171 -0.175134785511 -0.15
   vertex 0.156056944801 -0.170306270512 -0.15
   vertex 0.156056944801 -0.170306270512 0.15
  endloop
 endfacet
 facet normal 0.947164862008 0.320747134324 -0
  outer loop
   vertex 0.157692069171 -0.175134785511 -0.15
   vertex 0.156056944801 -0.170306270512 0.15
   vertex 0.157692069171 -0.175134785511 0.15
  endloop
 endfacet
 facet normal 0 0 -1
  outer loop
   vertex 0 0 -0.15
   vertex 0.154304752664 -0.165471588565 -0.15
   vertex 0.156056944801 -0.170306270512 -0.15
  endloop
 endfacet
 facet normal 0 0 1
  outer loop
   vertex 0 0 0.15
   vertex 0.156056944801 -0.170306270512 0.15
   vertex 0.154304752664 -0.165471588565 0.15
  endloop
 endfacet
 facet normal 0.940159743107 0.34073399807 0
  outer loop
   vertex 0.156056944801 -0.170306270512 -0.15
   vertex 0.154304752664 -0.165471588565 -0.15
   vertex 0.154304752664 -0.165471588565 0.15
  endloop
 endfacet
 facet normal 0.940159743107 0.34073399807 -0
  outer loop
   vertex 0.156056944801 -0.170306270512 -0.15
   vertex 0.154304752664 -0.165471588565 0.15
   vertex 0.156056944801 -0.170306270512 0.15
  endloop
 endfacet
 facet normal 0 0 -1
  outer loop
   vertex 0 0 -0.15
   vertex 0.152443788953 -0.160642235021 -0.15
   vertex 0.154304752664 -0.165471588565 -0.15
  endloop
 endfacet
 facet normal 0 0 1
  outer loop
   vertex 0 0 0.15
   vertex 0.154304752664 -0.165471588565 0.15
   vertex 0.152443788953 -0.160642235021 0.15
  endloop
 endfacet
 facet normal 0.933117537948 0.359571495497 0
  outer loop
   vertex 0.154304752664 -0.165471588565 -0.15
   vertex 0.152443788953 -0.160642235021 -0.15
   vertex 0.152443788953 -0.160642235021 0.15
  endloop
 endfacet
 facet normal 0.933117537948 0.359571495497 -0
  outer loop
   vertex 0.154304752664 -0.165471588565 -0.15
   vertex 0.152443788953 -0.160642235021 0.15
   vertex 0.154304752664 -0.165471588565 0.15
  endloop
 endfacet
 facet normal 0 0 -1
  outer loop
   vertex 0 0 -0.15
   vertex 0.150482809208 -0.15582951064 -0.15
   vertex 0.152443788953 -0.160642235021 -0.15
  endloop
 endfacet
 facet normal 0 0 1
  outer loop
   vertex 0 0 0.15
   vertex 0.152443788953 -0.160642235021 0.15
   vertex 0.150482809208 -0.15582951064 0.15
  endloop
 endfacet
 facet normal 0.92607621038 0.377336524297 0
  outer loop
   vertex 0.152443788953 -0.160642235021 -0.15
   vertex 0.150482809208 -0.15582951064 -0.15
   vertex 0.150482809208 -0.15582951064 0.15
  endloop
 endfacet
 facet normal 0.92607621038 0.377336524297 -0
  outer loop
   vertex 0.152443788953 -0.160642235021 -0.15
   vertex 0.150482809208 -0.15582951064 0.15
   vertex 0.152443788953 -0.160642235021 0.15
  endloop
 endfacet
 facet normal 0 0 -1
  outer loop
   vertex 0 0 -0.15
   vertex 0.148431000986 -0.151044483949 -0.15
   vertex 0.150482809208 -0.15582951064 -0.15
  endloop
 endfacet
 facet normal 0 0 1
  outer loop
   vertex 0 0 0.15
   vertex 0.150482809208 -0.15582951064 0.15
   vertex 0.148431000986 -0.151044483949 0.15
  endloop
 endfacet
 facet normal 0.919069732708 0.394094945946 0
  outer loop
   vertex 0.150482809208 -0.15582951064 -0.15
   vertex 0.148431000986 -0.151044483949 -0.15
   vertex 0.148431000986 -0.151044483949 0.15
  endloop
 endfacet
 facet normal 0.919069732708 0.394094945946 -0
  outer loop
   vertex 0.150482809208 -0.15582951064 -0.15
   vertex 0.148431000986 -0.151044483949 0.15
   vertex 0.150482809208 -0.15582951064 0.15
  endloop
 endfacet
 facet normal 0 0 -1
  outer loop
   vertex 0 0 -0.15
   vertex 0.146297954728 -0.146297954728 -0.15
   vertex 0.148431000986 -0.151044483949 -0.15
  endloop
 endfacet
 facet normal 0 0 1
  outer loop
   vertex 0 0 0.15
   vertex 0.148431000986 -0.151044483949 0.15
   vertex 0.146297954728 -0.146297954728 0.15
  endloop
 endfacet
 facet normal 0.912129352848 0.409902480687 0
  outer loop
   vertex 0.148431000986 -0.151044483949 -0.15
   vertex 0.146297954728 -0.146297954728 -0.15
   vertex 0.146297954728 -0.146297954728 0.15
  endloop
 endfacet
 facet normal 0.912129352848 0.409902480687 -0
  outer loop
   vertex 0.148431000986 -0.151044483949 -0.15
   vertex 0.146297954728 -0.146297954728 0.15
   vertex 0.148431000986 -0.151044483949 0.15
  endloop
 endfacet
 facet normal 0 0 -1
  outer loop
   vertex 0 0 -0.15
   vertex 0.144093632942 -0.141600418725 -0.15
   vertex 0.146297954728 -0.146297954728 -0.15
  endloop
 endfacet
 facet normal 0 0 1
  outer loop
   vertex 0 0 0.15
   vertex 0.146297954728 -0.146297954728 0.15
   vertex 0.144093632942 -0.141600418725 0.15
  endloop
 endfacet
 facet normal 0.905284682493 0.424805418566 0
  outer loop
   vertex 0.146297954728 -0.146297954728 -0.15
   vertex 0.144093632942 -0.141600418725 -0.15
   vertex 0.144093632942 -0.141600418725 0.15
  endloop
 endfacet
 facet normal 0.905284682493 0.424805418566 -0
  outer loop
   vertex 0.146297954728 -0.146297954728 -0.15
   vertex 0.144093632942 -0.141600418725 0.15
   vertex 0.146297954728 -0.146297954728 0.15
  endloop
 endfacet
 facet normal 0 0 -1
  outer loop
   vertex 0 0 -0.15
   vertex 0.141828337776 -0.13696203374 -0.15
   vertex 0.144093632942 -0.141600418725 -0.15
  endloop
 endfacet
 facet normal 0 0 1
  outer loop
   vertex 0 0 0.15
   vertex 0.144093632942 -0.141600418725 0.15
   vertex 0.141828337776 -0.13696203374 0.15
  endloop
 endfacet
 facet normal 0.898564660311 0.438841145793 0
  outer loop
   vertex 0.144093632942 -0.141600418725 -0.15
   vertex 0.141828337776 -0.13696203374 -0.15
   vertex 0.141828337776 -0.13696203374 0.15
  endloop
 endfacet
 facet normal 0.898564660311 0.438841145793 -0
  outer loop
   vertex 0.144093632942 -0.141600418725 -0.15
   vertex 0.141828337776 -0.13696203374 0.15
   vertex 0.144093632942 -0.141600418725 0.15
  endloop
 endfacet
 facet normal 0 0 -1
  outer loop
   vertex 0 0 -0.15
   vertex 0.139512677122 -0.132392587196 -0.15
   vertex 0.141828337776 -0.13696203374 -0.15
  endloop
 endfacet
 facet normal 0 0 1
  outer loop
   vertex 0 0 0.15
   vertex 0.141828337776 -0.13696203374 0.15
   vertex 0.139512677122 -0.132392587196 0.15
  endloop
 endfacet
 facet normal 0.891998436182 0.452038482708 0
  outer loop
   vertex 0.141828337776 -0.13696203374 -0.15
   vertex 0.139512677122 -0.132392587196 -0.15
   vertex 0.139512677122 -0.132392587196 0.15
  endloop
 endfacet
 facet normal 0.891998436182 0.452038482708 -0
  outer loop
   vertex 0.141828337776 -0.13696203374 -0.15
   vertex 0.139512677122 -0.132392587196 0.15
   vertex 0.141828337776 -0.13696203374 0.15
  endloop
 endfacet
 facet normal 0 0 -1
  outer loop
   vertex 0 0 -0.15
   vertex 0.137157529347 -0.127901465293 -0.15
   vertex 0.139512677122 -0.132392587196 -0.15
  endloop
 endfacet
 facet normal 0 0 1
  outer loop
   vertex 0 0 0.15
   vertex 0.139512677122 -0.132392587196 0.15
   vertex 0.137157529347 -0.127901465293 0.15
  endloop
 endfacet
 facet normal 0.885616217275 0.464417824486 0
  outer loop
   vertex 0.139512677122 -0.132392587196 -0.15
   vertex 0.137157529347 -0.127901465293 -0.15
   vertex 0.137157529347 -0.127901465293 0.15
  endloop
 endfacet
 facet normal 0.885616217275 0.464417824486 -0
  outer loop
   vertex 0.139512677122 -0.132392587196 -0.15
   vertex 0.137157529347 -0.127901465293 0.15
   vertex 0.139512677122 -0.132392587196 0.15
  endloop
 endfacet
 facet normal 0 0 -1
  outer loop
   vertex 0 0 -0.15
   vertex 0.134774006789 -0.123497623868 -0.15
   vertex 0.137157529347 -0.127901465293 -0.15
  endloop
 endfacet
 facet normal 0 0 1
  outer loop
   vertex 0 0 0.15
   vertex 0.137157529347 -0.127901465293 0.15
   vertex 0.134774006789 -0.123497623868 0.15
  endloop
 endfacet
 facet normal 0.879450113902 0.475991068359 0
  outer loop
   vertex 0.137157529347 -0.127901465293 -0.15
   vertex 0.134774006789 -0.123497623868 -0.15
   vertex 0.134774006789 -0.123497623868 0.15
  endloop
 endfacet
 facet normal 0.879450113902 0.475991068359 -0
  outer loop
   vertex 0.137157529347 -0.127901465293 -0.15
   vertex 0.134774006789 -0.123497623868 0.15
   vertex 0.137157529347 -0.127901465293 0.15
  endloop
 endfacet
 facet normal 0 0 -1
  outer loop
   vertex 0 0 -0.15
   vertex 0.132373418135 -0.119189561046 -0.15
   vertex 0.134774006789 -0.123497623868 -0.15
  endloop
 endfacet
 facet normal 0 0 1
  outer loop
   vertex 0 0 0.15
   vertex 0.134774006789 -0.123497623868 0.15
   vertex 0.132373418135 -0.119189561046 0.15
  endloop
 endfacet
 facet normal 0.873535022627 0.486761301095 0
  outer loop
   vertex 0.134774006789 -0.123497623868 -0.15
   vertex 0.132373418135 -0.119189561046 -0.15
   vertex 0.132373418135 -0.119189561046 0.15
  endloop
 endfacet
 facet normal 0.873535022627 0.486761301095 -0
  outer loop
   vertex 0.134774006789 -0.123497623868 -0.15
   vertex 0.132373418135 -0.119189561046 0.15
   vertex 0.134774006789 -0.123497623868 0.15
  endloop
 endfacet
 facet normal 0 0 -1
  outer loop
   vertex 0 0 -0.15
   vertex 0.129967229815 -0.114985291782 -0.15
   vertex 0.132373418135 -0.119189561046 -0.15
  endloop
 endfacet
 facet normal 0 0 1
  outer loop
   vertex 0 0 0.15
   vertex 0.132373418135 -0.119189561046 0.15
   vertex 0.129967229815 -0.114985291782 0.15
  endloop
 endfacet
 facet normal 0.867909585778 0.496722206987 0
  outer loop
   vertex 0.132373418135 -0.119189561046 -0.15
   vertex 0.129967229815 -0.114985291782 -0.15
   vertex 0.129967229815 -0.114985291782 0.15
  endloop
 endfacet
 facet normal 0.867909585778 0.496722206987 -0
  outer loop
   vertex 0.132373418135 -0.119189561046 -0.15
   vertex 0.129967229815 -0.114985291782 0.15
   vertex 0.132373418135 -0.119189561046 0.15
  endloop
 endfacet
 facet normal 0 0 -1
  outer loop
   vertex 0 0 -0.15
   vertex 0.127567026559 -0.11089232437 -0.15
   vertex 0.129967229815 -0.114985291782 -0.15
  endloop
 endfacet
 facet normal 0 0 1
  outer loop
   vertex 0 0 0.15
   vertex 0.129967229815 -0.114985291782 0.15
   vertex 0.127567026559 -0.11089232437 0.15
  endloop
 endfacet
 facet normal 0.862617270657 0.505857138295 0
  outer loop
   vertex 0.129967229815 -0.114985291782 -0.15
   vertex 0.127567026559 -0.11089232437 -0.15
   vertex 0.127567026559 -0.11089232437 0.15
  endloop
 endfacet
 facet normal 0.862617270657 0.505857138295 -0
  outer loop
   vertex 0.129967229815 -0.114985291782 -0.15
   vertex 0.127567026559 -0.11089232437 0.15
   vertex 0.129967229815 -0.114985291782 0.15
  endloop
 endfacet
 facet normal 0 0 -1
  outer loop
   vertex 0 0 -0.15
   vertex 0.125184471238 -0.106917639005 -0.15
   vertex 0.127567026559 -0.11089232437 -0.15
  endloop
 endfacet
 facet normal 0 0 1
  outer loop
   vertex 0 0 0.15
   vertex 0.127567026559 -0.11089232437 0.15
   vertex 0.125184471238 -0.106917639005 0.15
  endloop
 endfacet
 facet normal 0.857707618459 0.514137764842 0
  outer loop
   vertex 0.127567026559 -0.11089232437 -0.15
   vertex 0.125184471238 -0.106917639005 -0.15
   vertex 0.125184471238 -0.106917639005 0.15
  endloop
 endfacet
 facet normal 0.857707618459 0.514137764842 -0
  outer loop
   vertex 0.127567026559 -0.11089232437 -0.15
   vertex 0.125184471238 -0.106917639005 0.15
   vertex 0.127567026559 -0.11089232437 0.15
  endloop
 endfacet
 facet normal 0 0 -1
  outer loop
   vertex 0 0 -0.15
   vertex 0.122831264155 -0.10306766845 -0.15
   vertex 0.125184471238 -0.106917639005 -0.15
  endloop
 endfacet
 facet normal 0 0 1
  outer loop
   vertex 0 0 0.15
   vertex 0.125184471238 -0.106917639005 0.15
   vertex 0.122831264155 -0.10306766845 0.15
  endloop
 endfacet
 facet normal 0.853237722707 0.521522184139 0
  outer loop
   vertex 0.125184471238 -0.106917639005 -0.15
   vertex 0.122831264155 -0.10306766845 -0.15
   vertex 0.122831264155 -0.10306766845 0.15
  endloop
 endfacet
 facet normal 0.853237722707 0.521522184139 -0
  outer loop
   vertex 0.125184471238 -0.106917639005 -0.15
   vertex 0.122831264155 -0.10306766845 0.15
   vertex 0.125184471238 -0.106917639005 0.15
  endloop
 endfacet
 facet normal 0 0 -1
  outer loop
   vertex 0 0 -0.15
   vertex 0.12051910191 -0.0993482808908 -0.15
   vertex 0.122831264155 -0.10306766845 -0.15
  endloop
 endfacet
 facet normal 0 0 1
  outer loop
   vertex 0 0 0.15
   vertex 0.122831264155 -0.10306766845 0.15
   vertex 0.12051910191 -0.0993482808908 0.15
  endloop
 endfacet
 facet normal 0.849274010296 0.527952323071 0
  outer loop
   vertex 0.122831264155 -0.10306766845 -0.15
   vertex 0.12051910191 -0.0993482808908 -0.15
   vertex 0.12051910191 -0.0993482808908 0.15
  endloop
 endfacet
 facet normal 0.849274010296 0.527952323071 -0
  outer loop
   vertex 0.122831264155 -0.10306766845 -0.15
   vertex 0.12051910191 -0.0993482808908 0.15
   vertex 0.122831264155 -0.10306766845 0.15
  endloop
 endfacet
 facet normal 0 0 -1
  outer loop
   vertex 0 0 -0.15
   vertex 0.118259636006 -0.0957647650093 -0.15
   vertex 0.12051910191 -0.0993482808908 -0.15
  endloop
 endfacet
 facet normal 0 0 1
  outer loop
   vertex 0 0 0.15
   vertex 0.12051910191 -0.0993482808908 0.15
   vertex 0.118259636006 -0.0957647650093 0.15
  endloop
 endfacet
 facet normal 0.845894415534 0.533350389301 0
  outer loop
   vertex 0.12051910191 -0.0993482808908 -0.15
   vertex 0.118259636006 -0.0957647650093 -0.15
   vertex 0.118259636006 -0.0957647650093 0.15
  endloop
 endfacet
 facet normal 0.845894415534 0.533350389301 -0
  outer loop
   vertex 0.12051910191 -0.0993482808908 -0.15
   vertex 0.118259636006 -0.0957647650093 0.15
   vertex 0.12051910191 -0.0993482808908 0.15
  endloop
 endfacet
 facet normal 0 0 -1
  outer loop
   vertex 0 0 -0.15
   vertex 0.11606443133 -0.0923218173278 -0.15
   vertex 0.118259636006 -0.0957647650093 -0.15
  endloop
 endfacet
 facet normal 0 0 1
  outer loop
   vertex 0 0 0.15
   vertex 0.118259636006 -0.0957647650093 0.15
   vertex 0.11606443133 -0.0923218173278 0.15
  endloop
 endfacet
 facet normal 0.84319105895 0.537614023354 0
  outer loop
   vertex 0.118259636006 -0.0957647650093 -0.15
   vertex 0.11606443133 -0.0923218173278 -0.15
   vertex 0.11606443133 -0.0923218173278 0.15
  endloop
 endfacet
 facet normal 0.84319105895 0.537614023354 -0
  outer loop
   vertex 0.118259636006 -0.0957647650093 -0.15
   vertex 0.11606443133 -0.0923218173278 0.15
   vertex 0.118259636006 -0.0957647650093 0.15
  endloop
 endfacet
 facet normal 0 0 -1
  outer loop
   vertex 0 0 -0.15
   vertex 0.113944924673 -0.0890235318605 -0.15
   vertex 0.11606443133 -0.0923218173278 -0.15
  endloop
 endfacet
 facet normal 0 0 1
  outer loop
   vertex 0 0 0.15
   vertex 0.11606443133 -0.0923218173278 0.15
   vertex 0.113944924673 -0.0890235318605 0.15
  endloop
 endfacet
 facet normal 0.841273567168 0.540609642149 0
  outer loop
   vertex 0.11606443133 -0.0923218173278 -0.15
   vertex 0.113944924673 -0.0890235318605 -0.15
   vertex 0.113944924673 -0.0890235318605 0.15
  endloop
 endfacet
 facet normal 0.841273567168 0.540609642149 -0
  outer loop
   vertex 0.11606443133 -0.0923218173278 -0.15
   vertex 0.113944924673 -0.0890235318605 0.15
   vertex 0.11606443133 -0.0923218173278 0.15
  endloop
 endfacet
 facet normal 0 0 -1
  outer loop
   vertex 0 0 -0.15
   vertex 0.111912383427 -0.0858733920929 -0.15
   vertex 0.113944924673 -0.0890235318605 -0.15
  endloop
 endfacet
 facet normal 0 0 1
  outer loop
   vertex 0 0 0.15
   vertex 0.113944924673 -0.0890235318605 0.15
   vertex 0.111912383427 -0.0858733920929 0.15
  endloop
 endfacet
 facet normal 0.840273194313 0.542163221659 0
  outer loop
   vertex 0.113944924673 -0.0890235318605 -0.15
   vertex 0.111912383427 -0.0858733920929 -0.15
   vertex 0.111912383427 -0.0858733920929 0.15
  endloop
 endfacet
 facet normal 0.840273194313 0.542163221659 -0
  outer loop
   vertex 0.113944924673 -0.0890235318605 -0.15
   vertex 0.111912383427 -0.0858733920929 0.15
   vertex 0.113944924673 -0.0890235318605 0.15
  endloop
 endfacet
 facet normal 0 0 -1
  outer loop
   vertex 0 0 -0.15
   vertex 0.109977864624 -0.0828742653092 -0.15
   vertex 0.111912383427 -0.0858733920929 -0.15
  endloop
 endfacet
 facet normal 0 0 1
  outer loop
   vertex 0 0 0.15
   vertex 0.111912383427 -0.0858733920929 0.15
   vertex 0.109977864624 -0.0828742653092 0.15
  endloop
 endfacet
 facet normal 0.840347919064 0.542047391771 0
  outer loop
   vertex 0.111912383427 -0.0858733920929 -0.15
   vertex 0.109977864624 -0.0828742653092 -0.15
   vertex 0.109977864624 -0.0828742653092 0.15
  endloop
 endfacet
 facet normal 0.840347919064 0.542047391771 -0
  outer loop
   vertex 0.111912383427 -0.0858733920929 -0.15
   vertex 0.109977864624 -0.0828742653092 0.15
   vertex 0.111912383427 -0.0858733920929 0.15
  endloop
 endfacet
 facet normal 0 0 -1
  outer loop
   vertex 0 0 -0.15
   vertex 0.108152174452 -0.0800283992738 -0.15
   vertex 0.109977864624 -0.0828742653092 -0.15
  endloop
 endfacet
 facet normal 0 0 1
  outer loop
   vertex 0 0 0.15
   vertex 0.109977864624 -0.0828742653092 0.15
   vertex 0.108152174452 -0.0800283992738 0.15
  endloop
 endfacet
 facet normal 0.841688670239 0.539963130585 0
  outer loop
   vertex 0.109977864624 -0.0828742653092 -0.15
   vertex 0.108152174452 -0.0800283992738 -0.15
   vertex 0.108152174452 -0.0800283992738 0.15
  endloop
 endfacet
 facet normal 0.841688670239 0.539963130585 -0
  outer loop
   vertex 0.109977864624 -0.0828742653092 -0.15
   vertex 0.108152174452 -0.0800283992738 0.15
   vertex 0.109977864624 -0.0828742653092 0.15
  endloop
 endfacet
 facet normal 0 0 -1
  outer loop
   vertex 0 0 -0.15
   vertex 0.106445828408 -0.0773374212675 -0.15
   vertex 0.108152174452 -0.0800283992738 -0.15
  endloop
 endfacet
 facet normal 0 0 1
  outer loop
   vertex 0 0 0.15
   vertex 0.108152174452 -0.0800283992738 0.15
   vertex 0.106445828408 -0.0773374212675 0.15
  endloop
 endfacet
 facet normal 0.8445267198 0.535513416774 0
  outer loop
   vertex 0.108152174452 -0.0800283992738 -0.15
   vertex 0.106445828408 -0.0773374212675 -0.15
   vertex 0.106445828408 -0.0773374212675 0.15
  endloop
 endfacet
 facet normal 0.8445267198 0.535513416774 -0
  outer loop
   vertex 0.108152174452 -0.0800283992738 -0.15
   vertex 0.106445828408 -0.0773374212675 0.15
   vertex 0.108152174452 -0.0800283992738 0.15
  endloop
 endfacet
 facet normal 0 0 -1
  outer loop
   vertex 0 0 -0.15
   vertex 0.104869012239 -0.0748023394671 -0.15
   vertex 0.106445828408 -0.0773374212675 -0.15
  endloop
 endfacet
 facet normal 0 0 1
  outer loop
   vertex 0 0 0.15
   vertex 0.106445828408 -0.0773374212675 0.15
   vertex 0.104869012239 -0.0748023394671 0.15
  endloop
 endfacet
 facet normal 0.849141942518 0.528164710537 0
  outer loop
   vertex 0.106445828408 -0.0773374212675 -0.15
   vertex 0.104869012239 -0.0748023394671 -0.15
   vertex 0.104869012239 -0.0748023394671 0.15
  endloop
 endfacet
 facet normal 0.849141942518 0.528164710537 -0
  outer loop
   vertex 0.106445828408 -0.0773374212675 -0.15
   vertex 0.104869012239 -0.0748023394671 0.15
   vertex 0.106445828408 -0.0773374212675 0.15
  endloop
 endfacet
 facet normal 0 0 -1
  outer loop
   vertex 0 0 -0.15
   vertex 0.103431543792 -0.0724235466516 -0.15
   vertex 0.104869012239 -0.0748023394671 -0.15
  endloop
 endfacet
 facet normal 0 0 1
  outer loop
   vertex 0 0 0.15
   vertex 0.104869012239 -0.0748023394671 0.15
   vertex 0.103431543792 -0.0724235466516 0.15
  endloop
 endfacet
 facet normal 0.855870771172 0.517189736029 0
  outer loop
   vertex 0.104869012239 -0.0748023394671 -0.15
   vertex 0.103431543792 -0.0724235466516 -0.15
   vertex 0.103431543792 -0.0724235466516 0.15
  endloop
 endfacet
 facet normal 0.855870771172 0.517189736029 -0
  outer loop
   vertex 0.104869012239 -0.0748023394671 -0.15
   vertex 0.103431543792 -0.0724235466516 0.15
   vertex 0.104869012239 -0.0748023394671 0.15
  endloop
 endfacet
 facet normal 0 0 -1
  outer loop
   vertex 0 0 -0.15
   vertex 0.102142835949 -0.0702008262055 -0.15
   vertex 0.103431543792 -0.0724235466516 -0.15
  endloop
 endfacet
 facet normal 0 0 1
  outer loop
   vertex 0 0 0.15
   vertex 0.103431543792 -0.0724235466516 0.15
   vertex 0.102142835949 -0.0702008262055 0.15
  endloop
 endfacet
 facet normal 0.865110573071 0.501581196179 0
  outer loop
   vertex 0.103431543792 -0.0724235466516 -0.15
   vertex 0.102142835949 -0.0702008262055 -0.15
   vertex 0.102142835949 -0.0702008262055 0.15
  endloop
 endfacet
 facet normal 0.865110573071 0.501581196179 -0
  outer loop
   vertex 0.103431543792 -0.0724235466516 -0.15
   vertex 0.102142835949 -0.0702008262055 0.15
   vertex 0.103431543792 -0.0724235466516 0.15
  endloop
 endfacet
 facet normal 0 0 -1
  outer loop
   vertex 0 0 -0.15
   vertex 0.10101186076 -0.0681333603849 -0.15
   vertex 0.102142835949 -0.0702008262055 -0.15
  endloop
 endfacet
 facet normal 0 0 1
  outer loop
   vertex 0 0 0.15
   vertex 0.102142835949 -0.0702008262055 0.15
   vertex 0.10101186076 -0.0681333603849 0.15
  endloop
 endfacet
 facet normal 0.877312215298 0.479920073438 0
  outer loop
   vertex 0.102142835949 -0.0702008262055 -0.15
   vertex 0.10101186076 -0.0681333603849 -0.15
   vertex 0.10101186076 -0.0681333603849 0.15
  endloop
 endfacet
 facet normal 0.877312215298 0.479920073438 -0
  outer loop
   vertex 0.102142835949 -0.0702008262055 -0.15
   vertex 0.10101186076 -0.0681333603849 0.15
   vertex 0.102142835949 -0.0702008262055 0.15
  endloop
 endfacet
 facet normal 0 0 -1
  outer loop
   vertex 0 0 -0.15
   vertex 0.100047114917 -0.0662197408026 -0.15
   vertex 0.10101186076 -0.0681333603849 -0.15
  endloop
 endfacet
 facet normal 0 0 1
  outer loop
   vertex 0 0 0.15
   vertex 0.10101186076 -0.0681333603849 0.15
   vertex 0.100047114917 -0.0662197408026 0.15
  endloop
 endfacet
 facet normal 0.892941023389 0.4501736651 0
  outer loop
   vertex 0.10101186076 -0.0681333603849 -0.15
   vertex 0.100047114917 -0.0662197408026 -0.15
   vertex 0.100047114917 -0.0662197408026 0.15
  endloop
 endfacet
 facet normal 0.892941023389 0.4501736651 -0
  outer loop
   vertex 0.10101186076 -0.0681333603849 -0.15
   vertex 0.100047114917 -0.0662197408026 0.15
   vertex 0.10101186076 -0.0681333603849 0.15
  endloop
 endfacet
 facet normal 0 0 -1
  outer loop
   vertex 0 0 -0.15
   vertex 0.0992565866988 -0.0644579810771 -0.15
   vertex 0.100047114917 -0.0662197408026 -0.15
  endloop
 endfacet
 facet normal 0 0 1
  outer loop
   vertex 0 0 0.15
   vertex 0.100047114917 -0.0662197408026 0.15
   vertex 0.0992565866988 -0.0644579810771 0.15
  endloop
 endfacet
 facet normal 0.912359674138 0.409389576084 0
  outer loop
   vertex 0.100047114917 -0.0662197408026 -0.15
   vertex 0.0992565866988 -0.0644579810771 -0.15
   vertex 0.0992565866988 -0.0644579810771 0.15
  endloop
 endfacet
 facet normal 0.912359674138 0.409389576084 -0
  outer loop
   vertex 0.100047114917 -0.0662197408026 -0.15
   vertex 0.0992565866988 -0.0644579810771 0.15
   vertex 0.100047114917 -0.0662197408026 0.15
  endloop
 endfacet
 facet normal 0 0 -1
  outer loop
   vertex 0 0 -0.15
   vertex 0.0986477245202 -0.0628455315882 -0.15
   vertex 0.0992565866988 -0.0644579810771 -0.15
  endloop
 endfacet
 facet normal 0 0 1
  outer loop
   vertex 0 0 0.15
   vertex 0.0992565866988 -0.0644579810771 0.15
   vertex 0.0986477245202 -0.0628455315882 0.15
  endloop
 endfacet
 facet normal 0.935526825807 0.353255655575 0
  outer loop
   vertex 0.0992565866988 -0.0644579810771 -0.15
   vertex 0.0986477245202 -0.0628455315882 -0.15
   vertex 0.0986477245202 -0.0628455315882 0.15
  endloop
 endfacet
 facet normal 0.935526825807 0.353255655575 -0
  outer loop
   vertex 0.0992565866988 -0.0644579810771 -0.15
   vertex 0.0986477245202 -0.0628455315882 0.15
   vertex 0.0992565866988 -0.0644579810771 0.15
  endloop
 endfacet
 facet normal 0 0 -1
  outer loop
   vertex 0 0 -0.15
   vertex 0.0982274071869 -0.0613792962686 -0.15
   vertex 0.0986477245202 -0.0628455315882 -0.15
  endloop
 endfacet
 facet normal 0 0 1
  outer loop
   vertex 0 0 0.15
   vertex 0.0986477245202 -0.0628455315882 0.15
   vertex 0.0982274071869 -0.0613792962686 0.15
  endloop
 endfacet
 facet normal 0.961282343818 0.275565337922 0
  outer loop
   vertex 0.0986477245202 -0.0628455315882 -0.15
   vertex 0.0982274071869 -0.0613792962686 -0.15
   vertex 0.0982274071869 -0.0613792962686 0.15
  endloop
 endfacet
 facet normal 0.961282343818 0.275565337922 -0
  outer loop
   vertex 0.0986477245202 -0.0628455315882 -0.15
   vertex 0.0982274071869 -0.0613792962686 0.15
   vertex 0.0986477245202 -0.0628455315882 0.15
  endloop
 endfacet
 facet normal 0 0 -1
  outer loop
   vertex 0 0 -0.15
   vertex 0.0980019159888 -0.0600556513571 -0.15
   vertex 0.0982274071869 -0.0613792962686 -0.15
  endloop
 endfacet
 facet normal 0 0 1
  outer loop
   vertex 0 0 0.15
   vertex 0.0982274071869 -0.0613792962686 0.15
   vertex 0.0980019159888 -0.0600556513571 0.15
  endloop
 endfacet
 facet normal 0.985797760329 0.16793682065 0
  outer loop
   vertex 0.0982274071869 -0.0613792962686 -0.15
   vertex 0.0980019159888 -0.0600556513571 -0.15
   vertex 0.0980019159888 -0.0600556513571 0.15
  endloop
 endfacet
 facet normal 0.985797760329 0.16793682065 -0
  outer loop
   vertex 0.0982274071869 -0.0613792962686 -0.15
   vertex 0.0980019159888 -0.0600556513571 0.15
   vertex 0.0982274071869 -0.0613792962686 0.15
  endloop
 endfacet
 facet normal 0 0 -1
  outer loop
   vertex 0 0 -0.15
   vertex 0.0979769087293 -0.0588704660295 -0.15
   vertex 0.0980019159888 -0.0600556513571 -0.15
  endloop
 endfacet
 facet normal 0 0 1
  outer loop
   vertex 0 0 0.15
   vertex 0.0980019159888 -0.0600556513571 0.15
   vertex 0.0979769087293 -0.0588704660295 0.15
  endloop
 endfacet
 facet normal 0.999777471987 0.0210951773373 0
  outer loop
   vertex 0.0980019159888 -0.0600556513571 -0.15
   vertex 0.0979769087293 -0.0588704660295 -0.15
   vertex 0.0979769087293 -0.0588704660295 0.15
  endloop
 endfacet
 facet normal 0.999777471987 0.0210951773373 -0
  outer loop
   vertex 0.0980019159888 -0.0600556513571 -0.15
   vertex 0.0979769087293 -0.0588704660295 0.15
   vertex 0.0980019159888 -0.0600556513571 0.15
  endloop
 endfacet
 facet normal 0 0 -1
  outer loop
   vertex 0 0 -0.15
   vertex 0.0981573957954 -0.0578191248181 -0.15
   vertex 0.0979769087293 -0.0588704660295 -0.15
  endloop
 endfacet
 facet normal 0 0 1
  outer loop
   vertex 0 0 0.15
   vertex 0.0979769087293 -0.0588704660295 0.15
   vertex 0.0981573957954 -0.0578191248181 0.15
  endloop
 endfacet
 facet normal 0.985582082123 -0.169197988756 0
  outer loop
   vertex 0.0979769087293 -0.0588704660295 -0.15
   vertex 0.0981573957954 -0.0578191248181 -0.15
   vertex 0.0981573957954 -0.0578191248181 0.15
  endloop
 endfacet
 facet normal 0.985582082123 -0.169197988756 0
  outer loop
   vertex 0.0979769087293 -0.0588704660295 -0.15
   vertex 0.0981573957954 -0.0578191248181 0.15
   vertex 0.0979769087293 -0.0588704660295 0.15
  endloop
 endfacet
 facet normal 0 0 -1
  outer loop
   vertex 0 0 -0.15
   vertex 0.0985477183617 -0.0568965517241 -0.15
   vertex 0.0981573957954 -0.0578191248181 -0.15
  endloop
 endfacet
 facet normal 0 0 1
  outer loop
   vertex 0 0 0.15
   vertex 0.0981573957954 -0.0578191248181 0.15
   vertex 0.0985477183617 -0.0568965517241 0.15
  endloop
 endfacet
 facet normal 0.92096611181 -0.389642683619 0
  outer loop
   vertex 0.0981573957954 -0.0578191248181 -0.15
   vertex 0.0985477183617 -0.0568965517241 -0.15
   vertex 0.0985477183617 -0.0568965517241 0.15
  endloop
 endfacet
 facet normal 0.92096611181 -0.389642683619 0
  outer loop
   vertex 0.0981573957954 -0.0578191248181 -0.15
   vertex 0.0985477183617 -0.0568965517241 0.15
   vertex 0.0981573957954 -0.0578191248181 0.15
  endloop
 endfacet
 facet normal 0 0 -1
  outer loop
   vertex 0 0 -0.15
   vertex 0.0991515288148 -0.0560972359191 -0.15
   vertex 0.0985477183617 -0.0568965517241 -0.15
  endloop
 endfacet
 facet normal 0 0 1
  outer loop
   vertex 0 0 0.15
   vertex 0.0985477183617 -0.0568965517241 0.15
   vertex 0.0991515288148 -0.0560972359191 0.15
  endloop
 endfacet
 facet normal 0.797923518317 -0.602758707043 0
  outer loop
   vertex 0.0985477183617 -0.0568965517241 -0.15
   vertex 0.0991515288148 -0.0560972359191 -0.15
   vertex 0.0991515288148 -0.0560972359191 0.15
  endloop
 endfacet
 facet normal 0.797923518317 -0.602758707043 0
  outer loop
   vertex 0.0985477183617 -0.0568965517241 -0.15
   vertex 0.0991515288148 -0.0560972359191 0.15
   vertex 0.0985477183617 -0.0568965517241 0.15
  endloop
 endfacet
 facet normal 0 0 -1
  outer loop
   vertex 0 0 -0.15
   vertex 0.0999717734788 -0.0554152589291 -0.15
   vertex 0.0991515288148 -0.0560972359191 -0.15
  endloop
 endfacet
 facet normal 0 0 1
  outer loop
   vertex 0 0 0.15
   vertex 0.0991515288148 -0.0560972359191 0.15
   vertex 0.0999717734788 -0.0554152589291 0.15
  endloop
 endfacet
 facet normal 0.639320797593 -0.768940126255 0
  outer loop
   vertex 0.0991515288148 -0.0560972359191 -0.15
   vertex 0.0999717734788 -0.0554152589291 -0.15
   vertex 0.0999717734788 -0.0554152589291 0.15
  endloop
 endfacet
 facet normal 0.639320797593 -0.768940126255 0
  outer loop
   vertex 0.0991515288148 -0.0560972359191 -0.15
   vertex 0.0999717734788 -0.0554152589291 0.15
   vertex 0.0991515288148 -0.0560972359191 0.15
  endloop
 endfacet
 facet normal 0 0 -1
  outer loop
   vertex 0 0 -0.15
   vertex 0.10101067771 -0.0548443231873 -0.15
   vertex 0.0999717734788 -0.0554152589291 -0.15
  endloop
 endfacet
 facet normal 0 0 1
  outer loop
   vertex 0 0 0.15
   vertex 0.0999717734788 -0.0554152589291 0.15
   vertex 0.10101067771 -0.0548443231873 0.15
  endloop
 endfacet
 facet normal 0.481619776522 -0.876380277541 0
  outer loop
   vertex 0.0999717734788 -0.0554152589291 -0.15
   vertex 0.10101067771 -0.0548443231873 -0.15
   vertex 0.10101067771 -0.0548443231873 0.15
  endloop
 endfacet
 facet normal 0.481619776522 -0.876380277541 0
  outer loop
   vertex 0.0999717734788 -0.0554152589291 -0.15
   vertex 0.10101067771 -0.0548443231873 0.15
   vertex 0.0999717734788 -0.0554152589291 0.15
  endloop
 endfacet
 facet normal 0 0 -1
  outer loop
   vertex 0 0 -0.15
   vertex 0.102269733428 -0.0543777818374 -0.15
   vertex 0.10101067771 -0.0548443231873 -0.15
  endloop
 endfacet
 facet normal 0 0 1
  outer loop
   vertex 0 0 0.15
   vertex 0.10101067771 -0.0548443231873 0.15
   vertex 0.102269733428 -0.0543777818374 0.15
  endloop
 endfacet
 facet normal 0.347461327251 -0.937694313764 0
  outer loop
   vertex 0.10101067771 -0.0548443231873 -0.15
   vertex 0.102269733428 -0.0543777818374 -0.15
   vertex 0.102269733428 -0.0543777818374 0.15
  endloop
 endfacet
 facet normal 0.347461327251 -0.937694313764 0
  outer loop
   vertex 0.10101067771 -0.0548443231873 -0.15
   vertex 0.102269733428 -0.0543777818374 0.15
   vertex 0.10101067771 -0.0548443231873 0.15
  endloop
 endfacet
 facet normal 0 0 -1
  outer loop
   vertex 0 0 -0.15
   vertex 0.10374968913 -0.054008669666 -0.15
   vertex 0.102269733428 -0.0543777818374 -0.15
  endloop
 endfacet
 facet normal 0 0 1
  outer loop
   vertex 0 0 0.15
   vertex 0.102269733428 -0.0543777818374 0.15
   vertex 0.10374968913 -0.054008669666 0.15
  endloop
 endfacet
 facet normal 0.241994588866 -0.970277598917 0
  outer loop
   vertex 0.102269733428 -0.0543777818374 -0.15
   vertex 0.10374968913 -0.054008669666 -0.15
   vertex 0.10374968913 -0.054008669666 0.15
  endloop
 endfacet
 facet normal 0.241994588866 -0.970277598917 0
  outer loop
   vertex 0.102269733428 -0.0543777818374 -0.15
   vertex 0.10374968913 -0.054008669666 0.15
   vertex 0.102269733428 -0.0543777818374 0.15
  endloop
 endfacet
 facet normal 0 0 -1
  outer loop
   vertex 0 0 -0.15
   vertex 0.105450542439 -0.0537297350356 -0.15
   vertex 0.10374968913 -0.054008669666 -0.15
  endloop
 endfacet
 facet normal 0 0 1
  outer loop
   vertex 0 0 0.15
   vertex 0.10374968913 -0.054008669666 0.15
   vertex 0.105450542439 -0.0537297350356 0.15
  endloop
 endfacet
 facet normal 0.161835041145 -0.986817824858 0
  outer loop
   vertex 0.10374968913 -0.054008669666 -0.15
   vertex 0.105450542439 -0.0537297350356 -0.15
   vertex 0.105450542439 -0.0537297350356 0.15
  endloop
 endfacet
 facet normal 0.161835041145 -0.986817824858 0
  outer loop
   vertex 0.10374968913 -0.054008669666 -0.15
   vertex 0.105450542439 -0.0537297350356 0.15
   vertex 0.10374968913 -0.054008669666 0.15
  endloop
 endfacet
 facet normal 0 0 -1
  outer loop
   vertex 0 0 -0.15
   vertex 0.107371535225 -0.0535334726918 -0.15
   vertex 0.105450542439 -0.0537297350356 -0.15
  endloop
 endfacet
 facet normal 0 0 1
  outer loop
   vertex 0 0 0.15
   vertex 0.105450542439 -0.0537297350356 0.15
   vertex 0.107371535225 -0.0535334726918 0.15
  endloop
 endfacet
 facet normal 0.101638064135 -0.994821443234 0
  outer loop
   vertex 0.105450542439 -0.0537297350356 -0.15
   vertex 0.107371535225 -0.0535334726918 -0.15
   vertex 0.107371535225 -0.0535334726918 0.15
  endloop
 endfacet
 facet normal 0.101638064135 -0.994821443234 0
  outer loop
   vertex 0.105450542439 -0.0537297350356 -0.15
   vertex 0.107371535225 -0.0535334726918 0.15
   vertex 0.105450542439 -0.0537297350356 0.15
  endloop
 endfacet
 facet normal 0 0 -1
  outer loop
   vertex 0 0 -0.15
   vertex 0.109511151319 -0.0534121573095 -0.15
   vertex 0.107371535225 -0.0535334726918 -0.15
  endloop
 endfacet
 facet normal 0 0 1
  outer loop
   vertex 0 0 0.15
   vertex 0.107371535225 -0.0535334726918 0.15
   vertex 0.109511151319 -0.0534121573095 0.15
  endloop
 endfacet
 facet normal 0.0566086816027 -0.998396442886 0
  outer loop
   vertex 0.107371535225 -0.0535334726918 -0.15
   vertex 0.109511151319 -0.0534121573095 -0.15
   vertex 0.109511151319 -0.0534121573095 0.15
  endloop
 endfacet
 facet normal 0.0566086816027 -0.998396442886 0
  outer loop
   vertex 0.107371535225 -0.0535334726918 -0.15
   vertex 0.109511151319 -0.0534121573095 0.15
   vertex 0.107371535225 -0.0535334726918 0.15
  endloop
 endfacet
 facet normal 0 0 -1
  outer loop
   vertex 0 0 -0.15
   vertex 0.111867116835 -0.0533578776439 -0.15
   vertex 0.109511151319 -0.0534121573095 -0.15
  endloop
 endfacet
 facet normal 0 0 1
  outer loop
   vertex 0 0 0.15
   vertex 0.109511151319 -0.0534121573095 0.15
   vertex 0.111867116835 -0.0533578776439 0.15
  endloop
 endfacet
 facet normal 0.0230331322654 -0.999734702218 0
  outer loop
   vertex 0.109511151319 -0.0534121573095 -0.15
   vertex 0.111867116835 -0.0533578776439 -0.15
   vertex 0.111867116835 -0.0533578776439 0.15
  endloop
 endfacet
 facet normal 0.0230331322654 -0.999734702218 0
  outer loop
   vertex 0.109511151319 -0.0534121573095 -0.15
   vertex 0.111867116835 -0.0533578776439 0.15
   vertex 0.109511151319 -0.0534121573095 0.15
  endloop
 endfacet
 facet normal 0 0 -1
  outer loop
   vertex 0 0 -0.15
   vertex 0.114436403128 -0.0533625711505 -0.15
   vertex 0.111867116835 -0.0533578776439 -0.15
  endloop
 endfacet
 facet normal 0 0 1
  outer loop
   vertex 0 0 0.15
   vertex 0.111867116835 -0.0533578776439 0.15
   vertex 0.114436403128 -0.0533625711505 0.15
  endloop
 endfacet
 facet normal -0.00182677141628 -0.999998331452 0
  outer loop
   vertex 0.111867116835 -0.0533578776439 -0.15
   vertex 0.114436403128 -0.0533625711505 -0.15
   vertex 0.114436403128 -0.0533625711505 0.15
  endloop
 endfacet
 facet normal -0.00182677141628 -0.999998331452 0
  outer loop
   vertex 0.111867116835 -0.0533578776439 -0.15
   vertex 0.114436403128 -0.0533625711505 0.15
   vertex 0.111867116835 -0.0533578776439 0.15
  endloop
 endfacet
 facet normal 0 0 -1
  outer loop
   vertex 0 0 -0.15
   vertex 0.11721523236 -0.053418058935 -0.15
   vertex 0.114436403128 -0.0533625711505 -0.15
  endloop
 endfacet
 facet normal 0 0 1
  outer loop
   vertex 0 0 0.15
   vertex 0.114436403128 -0.0533625711505 0.15
   vertex 0.11721523236 -0.053418058935 0.15
  endloop
 endfacet
 facet normal -0.019964064392 -0.999800698206 0
  outer loop
   vertex 0.114436403128 -0.0533625711505 -0.15
   vertex 0.11721523236 -0.053418058935 -0.15
   vertex 0.11721523236 -0.053418058935 0.15
  endloop
 endfacet
 facet normal -0.019964064392 -0.999800698206 0
  outer loop
   vertex 0.114436403128 -0.0533625711505 -0.15
   vertex 0.11721523236 -0.053418058935 0.15
   vertex 0.114436403128 -0.0533625711505 0.15
  endloop
 endfacet
 facet normal 0 0 -1
  outer loop
   vertex 0 0 -0.15
   vertex 0.120199085685 -0.0535160808948 -0.15
   vertex 0.11721523236 -0.053418058935 -0.15
  endloop
 endfacet
 facet normal 0 0 1
  outer loop
   vertex 0 0 0.15
   vertex 0.11721523236 -0.053418058935 0.15
   vertex 0.120199085685 -0.0535160808948 0.15
  endloop
 endfacet
 facet normal -0.032833085449 -0.999460848908 0
  outer loop
   vertex 0.11721523236 -0.053418058935 -0.15
   vertex 0.120199085685 -0.0535160808948 -0.15
   vertex 0.120199085685 -0.0535160808948 0.15
  endloop
 endfacet
 facet normal -0.032833085449 -0.999460848908 0
  outer loop
   vertex 0.11721523236 -0.053418058935 -0.15
   vertex 0.120199085685 -0.0535160808948 0.15
   vertex 0.11721523236 -0.053418058935 0.15
  endloop
 endfacet
 facet normal 0 0 -1
  outer loop
   vertex 0 0 -0.15
   vertex 0.123382714021 -0.0536483309126 -0.15
   vertex 0.120199085685 -0.0535160808948 -0.15
  endloop
 endfacet
 facet normal 0 0 1
  outer loop
   vertex 0 0 0.15
   vertex 0.120199085685 -0.0535160808948 0.15
   vertex 0.123382714021 -0.0536483309126 0.15
  endloop
 endfacet
 facet normal -0.0415048630936 -0.999138301908 0
  outer loop
   vertex 0.120199085685 -0.0535160808948 -0.15
   vertex 0.123382714021 -0.0536483309126 -0.15
   vertex 0.123382714021 -0.0536483309126 0.15
  endloop
 endfacet
 facet normal -0.0415048630936 -0.999138301908 0
  outer loop
   vertex 0.120199085685 -0.0535160808948 -0.15
   vertex 0.123382714021 -0.0536483309126 0.15
   vertex 0.120199085685 -0.0535160808948 0.15
  endloop
 endfacet
 facet normal 0 0 -1
  outer loop
   vertex 0 0 -0.15
   vertex 0.12676015139 -0.0538064919639 -0.15
   vertex 0.123382714021 -0.0536483309126 -0.15
  endloop
 endfacet
 facet normal 0 0 1
  outer loop
   vertex 0 0 0.15
   vertex 0.123382714021 -0.0536483309126 0.15
   vertex 0.12676015139 -0.0538064919639 0.15
  endloop
 endfacet
 facet normal -0.0467774530742 -0.998905335797 0
  outer loop
   vertex 0.123382714021 -0.0536483309126 -0.15
   vertex 0.12676015139 -0.0538064919639 -0.15
   vertex 0.12676015139 -0.0538064919639 0.15
  endloop
 endfacet
 facet normal -0.0467774530742 -0.998905335797 0
  outer loop
   vertex 0.123382714021 -0.0536483309126 -0.15
   vertex 0.12676015139 -0.0538064919639 0.15
   vertex 0.123382714021 -0.0536483309126 0.15
  endloop
 endfacet
 facet normal 0 0 -1
  outer loop
   vertex 0 0 -0.15
   vertex 0.130324730775 -0.0539822709998 -0.15
   vertex 0.12676015139 -0.0538064919639 -0.15
  endloop
 endfacet
 facet normal 0 0 1
  outer loop
   vertex 0 0 0.15
   vertex 0.12676015139 -0.0538064919639 0.15
   vertex 0.130324730775 -0.0539822709998 0.15
  endloop
 endfacet
 facet normal -0.0492528517966 -0.998786341812 0
  outer loop
   vertex 0.12676015139 -0.0538064919639 -0.15
   vertex 0.130324730775 -0.0539822709998 -0.15
   vertex 0.130324730775 -0.0539822709998 0.15
  endloop
 endfacet
 facet normal -0.0492528517966 -0.998786341812 0
  outer loop
   vertex 0.12676015139 -0.0538064919639 -0.15
   vertex 0.130324730775 -0.0539822709998 0.15
   vertex 0.12676015139 -0.0538064919639 0.15
  endloop
 endfacet
 facet normal 0 0 -1
  outer loop
   vertex 0 0 -0.15
   vertex 0.134069102462 -0.054167433469 -0.15
   vertex 0.130324730775 -0.0539822709998 -0.15
  endloop
 endfacet
 facet normal 0 0 1
  outer loop
   vertex 0 0 0.15
   vertex 0.130324730775 -0.0539822709998 0.15
   vertex 0.134069102462 -0.054167433469 0.15
  endloop
 endfacet
 facet normal -0.0493905257977 -0.998779543223 0
  outer loop
   vertex 0.130324730775 -0.0539822709998 -0.15
   vertex 0.134069102462 -0.054167433469 -0.15
   vertex 0.134069102462 -0.054167433469 0.15
  endloop
 endfacet
 facet normal -0.0493905257977 -0.998779543223 0
  outer loop
   vertex 0.130324730775 -0.0539822709998 -0.15
   vertex 0.134069102462 -0.054167433469 0.15
   vertex 0.130324730775 -0.0539822709998 0.15
  endloop
 endfacet
 facet normal 0 0 -1
  outer loop
   vertex 0 0 -0.15
   vertex 0.137985254795 -0.054353837344 -0.15
   vertex 0.134069102462 -0.054167433469 -0.15
  endloop
 endfacet
 facet normal 0 0 1
  outer loop
   vertex 0 0 0.15
   vertex 0.134069102462 -0.054167433469 0.15
   vertex 0.137985254795 -0.054353837344 0.15
  endloop
 endfacet
 facet normal -0.0475449000479 -0.998869101774 0
  outer loop
   vertex 0.134069102462 -0.054167433469 -0.15
   vertex 0.137985254795 -0.054353837344 -0.15
   vertex 0.137985254795 -0.054353837344 0.15
  endloop
 endfacet
 facet normal -0.0475449000479 -0.998869101774 0
  outer loop
   vertex 0.134069102462 -0.054167433469 -0.15
   vertex 0.137985254795 -0.054353837344 0.15
   vertex 0.134069102462 -0.054167433469 0.15
  endloop
 endfacet
 facet normal 0 0 -1
  outer loop
   vertex 0 0 -0.15
   vertex 0.142064537289 -0.054533466519 -0.15
   vertex 0.137985254795 -0.054353837344 -0.15
  endloop
 endfacet
 facet normal 0 0 1
  outer loop
   vertex 0 0 0.15
   vertex 0.137985254795 -0.054353837344 0.15
   vertex 0.142064537289 -0.054533466519 0.15
  endloop
 endfacet
 facet normal -0.043991872181 -0.999031888972 0
  outer loop
   vertex 0.137985254795 -0.054353837344 -0.15
   vertex 0.142064537289 -0.054533466519 -0.15
   vertex 0.142064537289 -0.054533466519 0.15
  endloop
 endfacet
 facet normal -0.043991872181 -0.999031888972 0
  outer loop
   vertex 0.137985254795 -0.054353837344 -0.15
   vertex 0.142064537289 -0.054533466519 0.15
   vertex 0.137985254795 -0.054353837344 0.15
  endloop
 endfacet
 facet normal 0 0 -1
  outer loop
   vertex 0 0 -0.15
   vertex 0.146297686029 -0.0546984634503 -0.15
   vertex 0.142064537289 -0.054533466519 -0.15
  endloop
 endfacet
 facet normal 0 0 1
  outer loop
   vertex 0 0 0.15
   vertex 0.142064537289 -0.054533466519 0.15
   vertex 0.146297686029 -0.0546984634503 0.15
  endloop
 endfacet
 facet normal -0.0389477784863 -0.999241247423 0
  outer loop
   vertex 0.142064537289 -0.054533466519 -0.15
   vertex 0.146297686029 -0.0546984634503 -0.15
   vertex 0.146297686029 -0.0546984634503 0.15
  endloop
 endfacet
 facet normal -0.0389477784863 -0.999241247423 0
  outer loop
   vertex 0.142064537289 -0.054533466519 -0.15
   vertex 0.146297686029 -0.0546984634503 0.15
   vertex 0.142064537289 -0.054533466519 0.15
  endloop
 endfacet
 facet normal 0 0 -1
  outer loop
   vertex 0 0 -0.15
   vertex 0.150674851264 -0.0548411609126 -0.15
   vertex 0.146297686029 -0.0546984634503 -0.15
  endloop
 endfacet
 facet normal 0 0 1
  outer loop
   vertex 0 0 0.15
   vertex 0.146297686029 -0.0546984634503 0.15
   vertex 0.150674851264 -0.0548411609126 0.15
  endloop
 endfacet
 facet normal -0.0325831186188 -0.999469029226 0
  outer loop
   vertex 0.146297686029 -0.0546984634503 -0.15
   vertex 0.150674851264 -0.0548411609126 -0.15
   vertex 0.150674851264 -0.0548411609126 0.15
  endloop
 endfacet
 facet normal -0.0325831186188 -0.999469029226 0
  outer loop
   vertex 0.146297686029 -0.0546984634503 -0.15
   vertex 0.150674851264 -0.0548411609126 0.15
   vertex 0.146297686029 -0.0546984634503 0.15
  endloop
 endfacet
 facet normal 0 0 -1
  outer loop
   vertex 0 0 -0.15
   vertex 0.15518562711 -0.0549541127495 -0.15
   vertex 0.150674851264 -0.0548411609126 -0.15
  endloop
 endfacet
 facet normal 0 0 1
  outer loop
   vertex 0 0 0.15
   vertex 0.150674851264 -0.0548411609126 0.15
   vertex 0.15518562711 -0.0549541127495 0.15
  endloop
 endfacet
 facet normal -0.0250325987481 -0.999686635401 0
  outer loop
   vertex 0.150674851264 -0.0548411609126 -0.15
   vertex 0.15518562711 -0.0549541127495 -0.15
   vertex 0.15518562711 -0.0549541127495 0.15
  endloop
 endfacet
 facet normal -0.0250325987481 -0.999686635401 0
  outer loop
   vertex 0.150674851264 -0.0548411609126 -0.15
   vertex 0.15518562711 -0.0549541127495 0.15
   vertex 0.150674851264 -0.0548411609126 0.15
  endloop
 endfacet
 facet normal 0 0 -1
  outer loop
   vertex 0 0 -0.15
   vertex 0.159819083269 -0.0550301235002 -0.15
   vertex 0.15518562711 -0.0549541127495 -0.15
  endloop
 endfacet
 facet normal 0 0 1
  outer loop
   vertex 0 0 0.15
   vertex 0.15518562711 -0.0549541127495 0.15
   vertex 0.159819083269 -0.0550301235002 0.15
  endloop
 endfacet
 facet normal -0.0164025561686 -0.999865469026 0
  outer loop
   vertex 0.15518562711 -0.0549541127495 -0.15
   vertex 0.159819083269 -0.0550301235002 -0.15
   vertex 0.159819083269 -0.0550301235002 0.15
  endloop
 endfacet
 facet normal -0.0164025561686 -0.999865469026 0
  outer loop
   vertex 0.15518562711 -0.0549541127495 -0.15
   vertex 0.159819083269 -0.0550301235002 0.15
   vertex 0.15518562711 -0.0549541127495 0.15
  endloop
 endfacet
 facet normal 0 0 -1
  outer loop
   vertex 0 0 -0.15
   vertex 0.164563798652 -0.0550622767886 -0.15
   vertex 0.159819083269 -0.0550301235002 -0.15
  endloop
 endfacet
 facet normal 0 0 1
  outer loop
   vertex 0 0 0.15
   vertex 0.159819083269 -0.0550301235002 0.15
   vertex 0.164563798652 -0.0550622767886 0.15
  endloop
 endfacet
 facet normal -0.00677649712072 -0.99997703928 0
  outer loop
   vertex 0.159819083269 -0.0550301235002 -0.15
   vertex 0.164563798652 -0.0550622767886 -0.15
   vertex 0.164563798652 -0.0550622767886 0.15
  endloop
 endfacet
 facet normal -0.00677649712072 -0.99997703928 0
  outer loop
   vertex 0.159819083269 -0.0550301235002 -0.15
   vertex 0.164563798652 -0.0550622767886 0.15
   vertex 0.159819083269 -0.0550301235002 0.15
  endloop
 endfacet
 facet normal 0 0 -1
  outer loop
   vertex 0 0 -0.15
   vertex 0.169407896799 -0.0550439623674 -0.15
   vertex 0.164563798652 -0.0550622767886 -0.15
  endloop
 endfacet
 facet normal 0 0 1
  outer loop
   vertex 0 0 0.15
   vertex 0.164563798652 -0.0550622767886 0.15
   vertex 0.169407896799 -0.0550439623674 0.15
  endloop
 endfacet
 facet normal 0.00378074301456 -0.999992852966 0
  outer loop
   vertex 0.164563798652 -0.0550622767886 -0.15
   vertex 0.169407896799 -0.0550439623674 -0.15
   vertex 0.169407896799 -0.0550439623674 0.15
  endloop
 endfacet
 facet normal 0.00378074301456 -0.999992852966 0
  outer loop
   vertex 0.164563798652 -0.0550622767886 -0.15
   vertex 0.169407896799 -0.0550439623674 0.15
   vertex 0.164563798652 -0.0550622767886 0.15
  endloop
 endfacet
 facet normal 0 0 -1
  outer loop
   vertex 0 0 -0.15
   vertex 0.174339082971 -0.0549689017151 -0.15
   vertex 0.169407896799 -0.0550439623674 -0.15
  endloop
 endfacet
 facet normal 0 0 1
  outer loop
   vertex 0 0 0.15
   vertex 0.169407896799 -0.0550439623674 0.15
   vertex 0.174339082971 -0.0549689017151 0.15
  endloop
 endfacet
 facet normal 0.0152198589865 -0.999884171238 0
  outer loop
   vertex 0.169407896799 -0.0550439623674 -0.15
   vertex 0.174339082971 -0.0549689017151 -0.15
   vertex 0.174339082971 -0.0549689017151 0.15
  endloop
 endfacet
 facet normal 0.0152198589865 -0.999884171238 0
  outer loop
   vertex 0.169407896799 -0.0550439623674 -0.15
   vertex 0.174339082971 -0.0549689017151 0.15
   vertex 0.169407896799 -0.0550439623674 0.15
  endloop
 endfacet
 facet normal 0 0 -1
  outer loop
   vertex 0 0 -0.15
   vertex 0.179344682798 -0.054831172088 -0.15
   vertex 0.174339082971 -0.0549689017151 -0.15
  endloop
 endfacet
 facet normal 0 0 1
  outer loop
   vertex 0 0 0.15
   vertex 0.174339082971 -0.0549689017151 0.15
   vertex 0.179344682798 -0.054831172088 0.15
  endloop
 endfacet
 facet normal 0.0275046997777 -0.99962167418 0
  outer loop
   vertex 0.174339082971 -0.0549689017151 -0.15
   vertex 0.179344682798 -0.054831172088 -0.15
   vertex 0.179344682798 -0.054831172088 0.15
  endloop
 endfacet
 facet normal 0.0275046997777 -0.99962167418 0
  outer loop
   vertex 0.174339082971 -0.0549689017151 -0.15
   vertex 0.179344682798 -0.054831172088 0.15
   vertex 0.174339082971 -0.0549689017151 0.15
  endloop
 endfacet
 facet normal 0 0 -1
  outer loop
   vertex 0 0 -0.15
   vertex 0.184411682345 -0.0546252289394 -0.15
   vertex 0.179344682798 -0.054831172088 -0.15
  endloop
 endfacet
 facet normal 0 0 1
  outer loop
   vertex 0 0 0.15
   vertex 0.179344682798 -0.054831172088 0.15
   vertex 0.184411682345 -0.0546252289394 0.15
  endloop
 endfacet
 facet normal 0.040610474662 -0.999175054406 0
  outer loop
   vertex 0.179344682798 -0.054831172088 -0.15
   vertex 0.184411682345 -0.0546252289394 -0.15
   vertex 0.184411682345 -0.0546252289394 0.15
  endloop
 endfacet
 facet normal 0.040610474662 -0.999175054406 0
  outer loop
   vertex 0.179344682798 -0.054831172088 -0.15
   vertex 0.184411682345 -0.0546252289394 0.15
   vertex 0.179344682798 -0.054831172088 0.15
  endloop
 endfacet
 facet normal 0 0 -1
  outer loop
   vertex 0 0 -0.15
   vertex 0.189526769461 -0.0543459266207 -0.15
   vertex 0.184411682345 -0.0546252289394 -0.15
  endloop
 endfacet
 facet normal 0 0 1
  outer loop
   vertex 0 0 0.15
   vertex 0.184411682345 -0.0546252289394 0.15
   vertex 0.189526769461 -0.0543459266207 0.15
  endloop
 endfacet
 facet normal 0.0545224085776 -0.998512547224 0
  outer loop
   vertex 0.184411682345 -0.0546252289394 -0.15
   vertex 0.189526769461 -0.0543459266207 -0.15
   vertex 0.189526769461 -0.0543459266207 0.15
  endloop
 endfacet
 facet normal 0.0545224085776 -0.998512547224 0
  outer loop
   vertex 0.184411682345 -0.0546252289394 -0.15
   vertex 0.189526769461 -0.0543459266207 0.15
   vertex 0.184411682345 -0.0546252289394 0.15
  endloop
 endfacet
 facet normal 0 0 -1
  outer loop
   vertex 0 0 -0.15
   vertex 0.194676376273 -0.0539885372892 -0.15
   vertex 0.189526769461 -0.0543459266207 -0.15
  endloop
 endfacet
 facet normal 0 0 1
  outer loop
   vertex 0 0 0.15
   vertex 0.189526769461 -0.0543459266207 0.15
   vertex 0.194676376273 -0.0539885372892 0.15
  endloop
 endfacet
 facet normal 0.0692347496727 -0.997600395668 0
  outer loop
   vertex 0.189526769461 -0.0543459266207 -0.15
   vertex 0.194676376273 -0.0539885372892 -0.15
   vertex 0.194676376273 -0.0539885372892 0.15
  endloop
 endfacet
 facet normal 0.0692347496727 -0.997600395668 0
  outer loop
   vertex 0.189526769461 -0.0543459266207 -0.15
   vertex 0.194676376273 -0.0539885372892 0.15
   vertex 0.189526769461 -0.0543459266207 0.15
  endloop
 endfacet
 facet normal 0 0 -1
  outer loop
   vertex 0 0 -0.15
   vertex 0.19984672268 -0.0535487679522 -0.15
   vertex 0.194676376273 -0.0539885372892 -0.15
  endloop
 endfacet
 facet normal 0 0 1
  outer loop
   vertex 0 0 0.15
   vertex 0.194676376273 -0.0539885372892 0.15
   vertex 0.19984672268 -0.0535487679522 0.15
  endloop
 endfacet
 facet normal 0.0847500571035 -0.996402241979 0
  outer loop
   vertex 0.194676376273 -0.0539885372892 -0.15
   vertex 0.19984672268 -0.0535487679522 -0.15
   vertex 0.19984672268 -0.0535487679522 0.15
  endloop
 endfacet
 facet normal 0.0847500571035 -0.996402241979 0
  outer loop
   vertex 0.194676376273 -0.0539885372892 -0.15
   vertex 0.19984672268 -0.0535487679522 0.15
   vertex 0.194676376273 -0.0539885372892 0.15
  endloop
 endfacet
 facet normal 0 0 -1
  outer loop
   vertex 0 0 -0.15
   vertex 0.205023860694 -0.0530227755881 -0.15
   vertex 0.19984672268 -0.0535487679522 -0.15
  endloop
 endfacet
 facet normal 0 0 1
  outer loop
   vertex 0 0 0.15
   vertex 0.19984672268 -0.0535487679522 0.15
   vertex 0.205023860694 -0.0530227755881 0.15
  endloop
 endfacet
 facet normal 0.101078715074 -0.994878431447 0
  outer loop
   vertex 0.19984672268 -0.0535487679522 -0.15
   vertex 0.205023860694 -0.0530227755881 -0.15
   vertex 0.205023860694 -0.0530227755881 0.15
  endloop
 endfacet
 facet normal 0.101078715074 -0.994878431447 0
  outer loop
   vertex 0.19984672268 -0.0535487679522 -0.15
   vertex 0.205023860694 -0.0530227755881 0.15
   vertex 0.19984672268 -0.0535487679522 0.15
  endloop
 endfacet
 facet normal 0 0 -1
  outer loop
   vertex 0 0 -0.15
   vertex 0.210193719478 -0.0524071802875 -0.15
   vertex 0.205023860694 -0.0530227755881 -0.15
  endloop
 endfacet
 facet normal 0 0 1
  outer loop
   vertex 0 0 0.15
   vertex 0.205023860694 -0.0530227755881 0.15
   vertex 0.210193719478 -0.0524071802875 0.15
  endloop
 endfacet
 facet normal 0.118238631661 -0.992985209347 0
  outer loop
   vertex 0.205023860694 -0.0530227755881 -0.15
   vertex 0.210193719478 -0.0524071802875 -0.15
   vertex 0.210193719478 -0.0524071802875 0.15
  endloop
 endfacet
 facet normal 0.118238631661 -0.992985209347 0
  outer loop
   vertex 0.205023860694 -0.0530227755881 -0.15
   vertex 0.210193719478 -0.0524071802875 0.15
   vertex 0.205023860694 -0.0530227755881 0.15
  endloop
 endfacet
 facet normal 0 0 -1
  outer loop
   vertex 0 0 -0.15
   vertex 0.215342150926 -0.0516990763719 -0.15
   vertex 0.210193719478 -0.0524071802875 -0.15
  endloop
 endfacet
 facet normal 0 0 1
  outer loop
   vertex 0 0 0.15
   vertex 0.210193719478 -0.0524071802875 0.15
   vertex 0.215342150926 -0.0516990763719 0.15
  endloop
 endfacet
 facet normal 0.136255089373 -0.990673786178 0
  outer loop
   vertex 0.210193719478 -0.0524071802875 -0.15
   vertex 0.215342150926 -0.0516990763719 -0.15
   vertex 0.215342150926 -0.0516990763719 0.15
  endloop
 endfacet
 facet normal 0.136255089373 -0.990673786178 0
  outer loop
   vertex 0.210193719478 -0.0524071802875 -0.15
   vertex 0.215342150926 -0.0516990763719 0.15
   vertex 0.210193719478 -0.0524071802875 0.15
  endloop
 endfacet
 facet normal 0 0 -1
  outer loop
   vertex 0 0 -0.15
   vertex 0.220454975633 -0.0508960414491 -0.15
   vertex 0.215342150926 -0.0516990763719 -0.15
  endloop
 endfacet
 facet normal 0 0 1
  outer loop
   vertex 0 0 0.15
   vertex 0.215342150926 -0.0516990763719 0.15
   vertex 0.220454975633 -0.0508960414491 0.15
  endloop
 endfacet
 facet normal 0.155160719397 -0.987889240328 0
  outer loop
   vertex 0.215342150926 -0.0516990763719 -0.15
   vertex 0.220454975633 -0.0508960414491 -0.15
   vertex 0.220454975633 -0.0508960414491 0.15
  endloop
 endfacet
 facet normal 0.155160719397 -0.987889240328 0
  outer loop
   vertex 0.215342150926 -0.0516990763719 -0.15
   vertex 0.220454975633 -0.0508960414491 0.15
   vertex 0.215342150926 -0.0516990763719 0.15
  endloop
 endfacet
 facet normal 0 0 -1
  outer loop
   vertex 0 0 -0.15
   vertex 0.225518029087 -0.0499961433784 -0.15
   vertex 0.220454975633 -0.0508960414491 -0.15
  endloop
 endfacet
 facet normal 0 0 1
  outer loop
   vertex 0 0 0.15
   vertex 0.220454975633 -0.0508960414491 0.15
   vertex 0.225518029087 -0.0499961433784 0.15
  endloop
 endfacet
 facet normal 0.174995573291 -0.984569220181 0
  outer loop
   vertex 0.220454975633 -0.0508960414491 -0.15
   vertex 0.225518029087 -0.0499961433784 -0.15
   vertex 0.225518029087 -0.0499961433784 0.15
  endloop
 endfacet
 facet normal 0.174995573291 -0.984569220181 0
  outer loop
   vertex 0.220454975633 -0.0508960414491 -0.15
   vertex 0.225518029087 -0.0499961433784 0.15
   vertex 0.220454975633 -0.0508960414491 0.15
  endloop
 endfacet
 facet normal 0 0 -1
  outer loop
   vertex 0 0 -0.15
   vertex 0.230517207925 -0.0489979451222 -0.15
   vertex 0.225518029087 -0.0499961433784 -0.15
  endloop
 endfacet
 facet normal 0 0 1
  outer loop
   vertex 0 0 0.15
   vertex 0.225518029087 -0.0499961433784 0.15
   vertex 0.230517207925 -0.0489979451222 0.15
  endloop
 endfacet
 facet normal 0.195807264488 -0.980642399233 0
  outer loop
   vertex 0.225518029087 -0.0499961433784 -0.15
   vertex 0.230517207925 -0.0489979451222 -0.15
   vertex 0.230517207925 -0.0489979451222 0.15
  endloop
 endfacet
 facet normal 0.195807264488 -0.980642399233 0
  outer loop
   vertex 0.225518029087 -0.0499961433784 -0.15
   vertex 0.230517207925 -0.0489979451222 0.15
   vertex 0.225518029087 -0.0499961433784 0.15
  endloop
 endfacet
 facet normal 0 0 -1
  outer loop
   vertex 0 0 -0.15
   vertex 0.2354385161 -0.0479005074735 -0.15
   vertex 0.230517207925 -0.0489979451222 -0.15
  endloop
 endfacet
 facet normal 0 0 1
  outer loop
   vertex 0 0 0.15
   vertex 0.230517207925 -0.0489979451222 0.15
   vertex 0.2354385161 -0.0479005074735 0.15
  endloop
 endfacet
 facet normal 0.21765114669 -0.976026627887 0
  outer loop
   vertex 0.230517207925 -0.0489979451222 -0.15
   vertex 0.2354385161 -0.0479005074735 -0.15
   vertex 0.2354385161 -0.0479005074735 0.15
  endloop
 endfacet
 facet normal 0.21765114669 -0.976026627887 0
  outer loop
   vertex 0.230517207925 -0.0489979451222 -0.15
   vertex 0.2354385161 -0.0479005074735 0.15
   vertex 0.230517207925 -0.0489979451222 0.15
  endloop
 endfacet
 facet normal 0 0 -1
  outer loop
   vertex 0 0 -0.15
   vertex 0.240268110797 -0.0467033896527 -0.15
   vertex 0.2354385161 -0.0479005074735 -0.15
  endloop
 endfacet
 facet normal 0 0 1
  outer loop
   vertex 0 0 0.15
   vertex 0.2354385161 -0.0479005074735 0.15
   vertex 0.240268110797 -0.0467033896527 0.15
  endloop
 endfacet
 facet normal 0.240590486257 -0.970626713996 0
  outer loop
   vertex 0.2354385161 -0.0479005074735 -0.15
   vertex 0.240268110797 -0.0467033896527 -0.15
   vertex 0.240268110797 -0.0467033896527 0.15
  endloop
 endfacet
 facet normal 0.240590486257 -0.970626713996 0
  outer loop
   vertex 0.2354385161 -0.0479005074735 -0.15
   vertex 0.240268110797 -0.0467033896527 0.15
   vertex 0.2354385161 -0.0479005074735 0.15
  endloop
 endfacet
 facet normal 0 0 -1
  outer loop
   vertex 0 0 -0.15
   vertex 0.244992347927 -0.0454066477804 -0.15
   vertex 0.240268110797 -0.0467033896527 -0.15
  endloop
 endfacet
 facet normal 0 0 1
  outer loop
   vertex 0 0 0.15
   vertex 0.240268110797 -0.0467033896527 0.15
   vertex 0.244992347927 -0.0454066477804 0.15
  endloop
 endfacet
 facet normal 0.26469656922 -0.964331751133 0
  outer loop
   vertex 0.240268110797 -0.0467033896527 -0.15
   vertex 0.244992347927 -0.0454066477804 -0.15
   vertex 0.244992347927 -0.0454066477804 0.15
  endloop
 endfacet
 facet normal 0.26469656922 -0.964331751133 0
  outer loop
   vertex 0.240268110797 -0.0467033896527 -0.15
   vertex 0.244992347927 -0.0454066477804 0.15
   vertex 0.240268110797 -0.0467033896527 0.15
  endloop
 endfacet
 facet normal 0 0 -1
  outer loop
   vertex 0 0 -0.15
   vertex 0.249597827057 -0.0440108312363 -0.15
   vertex 0.244992347927 -0.0454066477804 -0.15
  endloop
 endfacet
 facet normal 0 0 1
  outer loop
   vertex 0 0 0.15
   vertex 0.244992347927 -0.0454066477804 0.15
   vertex 0.249597827057 -0.0440108312363 0.15
  endloop
 endfacet
 facet normal 0.290048658311 -0.957011899514 0
  outer loop
   vertex 0.244992347927 -0.0454066477804 -0.15
   vertex 0.249597827057 -0.0440108312363 -0.15
   vertex 0.249597827057 -0.0440108312363 0.15
  endloop
 endfacet
 facet normal 0.290048658311 -0.957011899514 0
  outer loop
   vertex 0.244992347927 -0.0454066477804 -0.15
   vertex 0.249597827057 -0.0440108312363 0.15
   vertex 0.244992347927 -0.0454066477804 0.15
  endloop
 endfacet
 facet normal 0 0 -1
  outer loop
   vertex 0 0 -0.15
   vertex 0.254071435605 -0.0425169769273 -0.15
   vertex 0.249597827057 -0.0440108312363 -0.15
  endloop
 endfacet
 facet normal 0 0 1
  outer loop
   vertex 0 0 0.15
   vertex 0.249597827057 -0.0440108312363 0.15
   vertex 0.254071435605 -0.0425169769273 0.15
  endloop
 endfacet
 facet normal 0.316733677913 -0.948514510841 0
  outer loop
   vertex 0.249597827057 -0.0440108312363 -0.15
   vertex 0.254071435605 -0.0425169769273 -0.15
   vertex 0.254071435605 -0.0425169769273 0.15
  endloop
 endfacet
 facet normal 0.316733677913 -0.948514510841 0
  outer loop
   vertex 0.249597827057 -0.0440108312363 -0.15
   vertex 0.254071435605 -0.0425169769273 0.15
   vertex 0.249597827057 -0.0440108312363 0.15
  endloop
 endfacet
 facet normal 0 0 -1
  outer loop
   vertex 0 0 -0.15
   vertex 0.258400392166 -0.0409266014929 -0.15
   vertex 0.254071435605 -0.0425169769273 -0.15
  endloop
 endfacet
 facet normal 0 0 1
  outer loop
   vertex 0 0 0.15
   vertex 0.254071435605 -0.0425169769273 0.15
   vertex 0.258400392166 -0.0409266014929 0.15
  endloop
 endfacet
 facet normal 0.344845450352 -0.938659477857 0
  outer loop
   vertex 0.254071435605 -0.0425169769273 -0.15
   vertex 0.258400392166 -0.0409266014929 -0.15
   vertex 0.258400392166 -0.0409266014929 0.15
  endloop
 endfacet
 facet normal 0.344845450352 -0.938659477857 0
  outer loop
   vertex 0.254071435605 -0.0425169769273 -0.15
   vertex 0.258400392166 -0.0409266014929 0.15
   vertex 0.254071435605 -0.0425169769273 0.15
  endloop
 endfacet
 facet normal 0 0 -1
  outer loop
   vertex 0 0 -0.15
   vertex 0.262572288788 -0.039241691486 -0.15
   vertex 0.258400392166 -0.0409266014929 -0.15
  endloop
 endfacet
 facet normal 0 0 1
  outer loop
   vertex 0 0 0.15
   vertex 0.258400392166 -0.0409266014929 0.15
   vertex 0.262572288788 -0.039241691486 0.15
  endloop
 endfacet
 facet normal 0.374483229146 -0.927233687421 0
  outer loop
   vertex 0.258400392166 -0.0409266014929 -0.15
   vertex 0.262572288788 -0.039241691486 -0.15
   vertex 0.262572288788 -0.039241691486 0.15
  endloop
 endfacet
 facet normal 0.374483229146 -0.927233687421 0
  outer loop
   vertex 0.258400392166 -0.0409266014929 -0.15
   vertex 0.262572288788 -0.039241691486 0.15
   vertex 0.258400392166 -0.0409266014929 0.15
  endloop
 endfacet
 facet normal 0 0 -1
  outer loop
   vertex 0 0 -0.15
   vertex 0.266575132081 -0.0374646915735 -0.15
   vertex 0.262572288788 -0.039241691486 -0.15
  endloop
 endfacet
 facet normal 0 0 1
  outer loop
   vertex 0 0 0.15
   vertex 0.262572288788 -0.039241691486 0.15
   vertex 0.266575132081 -0.0374646915735 0.15
  endloop
 endfacet
 facet normal 0.405749165658 -0.913984471732 0
  outer loop
   vertex 0.262572288788 -0.039241691486 -0.15
   vertex 0.266575132081 -0.0374646915735 -0.15
   vertex 0.266575132081 -0.0374646915735 0.15
  endloop
 endfacet
 facet normal 0.405749165658 -0.913984471732 0
  outer loop
   vertex 0.262572288788 -0.039241691486 -0.15
   vertex 0.266575132081 -0.0374646915735 0.15
   vertex 0.262572288788 -0.039241691486 0.15
  endloop
 endfacet
 facet normal 0 0 -1
  outer loop
   vertex 0 0 -0.15
   vertex 0.270397382993 -0.0355984908121 -0.15
   vertex 0.266575132081 -0.0374646915735 -0.15
  endloop
 endfacet
 facet normal 0 0 1
  outer loop
   vertex 0 0 0.15
   vertex 0.266575132081 -0.0374646915735 0.15
   vertex 0.270397382993 -0.0355984908121 0.15
  endloop
 endfacet
 facet normal 0.438744195861 -0.898612002256 0
  outer loop
   vertex 0.266575132081 -0.0374646915735 -0.15
   vertex 0.270397382993 -0.0355984908121 -0.15
   vertex 0.270397382993 -0.0355984908121 0.15
  endloop
 endfacet
 facet normal 0.438744195861 -0.898612002256 0
  outer loop
   vertex 0.266575132081 -0.0374646915735 -0.15
   vertex 0.270397382993 -0.0355984908121 0.15
   vertex 0.266575132081 -0.0374646915735 0.15
  endloop
 endfacet
 facet normal 0 0 -1
  outer loop
   vertex 0 0 -0.15
   vertex 0.27402799513 -0.0336464070572 -0.15
   vertex 0.270397382993 -0.0355984908121 -0.15
  endloop
 endfacet
 facet normal 0 0 1
  outer loop
   vertex 0 0 0.15
   vertex 0.270397382993 -0.0355984908121 0.15
   vertex 0.27402799513 -0.0336464070572 0.15
  endloop
 endfacet
 facet normal 0.473561634659 -0.880760681558 0
  outer loop
   vertex 0.270397382993 -0.0355984908121 -0.15
   vertex 0.27402799513 -0.0336464070572 -0.15
   vertex 0.27402799513 -0.0336464070572 0.15
  endloop
 endfacet
 facet normal 0.473561634659 -0.880760681558 0
  outer loop
   vertex 0.270397382993 -0.0355984908121 -0.15
   vertex 0.27402799513 -0.0336464070572 0.15
   vertex 0.270397382993 -0.0355984908121 0.15
  endloop
 endfacet
 facet normal 0 0 -1
  outer loop
   vertex 0 0 -0.15
   vertex 0.277456451473 -0.0316121695758 -0.15
   vertex 0.27402799513 -0.0336464070572 -0.15
  endloop
 endfacet
 facet normal 0 0 1
  outer loop
   vertex 0 0 0.15
   vertex 0.27402799513 -0.0336464070572 0.15
   vertex 0.277456451473 -0.0316121695758 0.15
  endloop
 endfacet
 facet normal 0.51027751254 -0.860009802384 0
  outer loop
   vertex 0.27402799513 -0.0336464070572 -0.15
   vertex 0.277456451473 -0.0316121695758 -0.15
   vertex 0.277456451473 -0.0316121695758 0.15
  endloop
 endfacet
 facet normal 0.51027751254 -0.860009802384 0
  outer loop
   vertex 0.27402799513 -0.0336464070572 -0.15
   vertex 0.277456451473 -0.0316121695758 0.15
   vertex 0.27402799513 -0.0336464070572 0.15
  endloop
 endfacet
 facet normal 0 0 -1
  outer loop
   vertex 0 0 -0.15
   vertex 0.280672799369 -0.0294998999376 -0.15
   vertex 0.277456451473 -0.0316121695758 -0.15
  endloop
 endfacet
 facet normal 0 0 1
  outer loop
   vertex 0 0 0.15
   vertex 0.277456451473 -0.0316121695758 0.15
   vertex 0.280672799369 -0.0294998999376 0.15
  endloop
 endfacet
 facet normal 0.548936393243 -0.835864125426 0
  outer loop
   vertex 0.277456451473 -0.0316121695758 -0.15
   vertex 0.280672799369 -0.0294998999376 -0.15
   vertex 0.280672799369 -0.0294998999376 0.15
  endloop
 endfacet
 facet normal 0.548936393243 -0.835864125426 0
  outer loop
   vertex 0.277456451473 -0.0316121695758 -0.15
   vertex 0.280672799369 -0.0294998999376 0.15
   vertex 0.277456451473 -0.0316121695758 0.15
  endloop
 endfacet
 facet normal 0 0 -1
  outer loop
   vertex 0 0 -0.15
   vertex 0.283667683681 -0.027314091266 -0.15
   vertex 0.280672799369 -0.0294998999376 -0.15
  endloop
 endfacet
 facet normal 0 0 1
  outer loop
   vertex 0 0 0.15
   vertex 0.280672799369 -0.0294998999376 0.15
   vertex 0.283667683681 -0.027314091266 0.15
  endloop
 endfacet
 facet normal 0.589531114673 -0.807745668408 0
  outer loop
   vertex 0.280672799369 -0.0294998999376 -0.15
   vertex 0.283667683681 -0.027314091266 -0.15
   vertex 0.283667683681 -0.027314091266 0.15
  endloop
 endfacet
 facet normal 0.589531114673 -0.807745668408 0
  outer loop
   vertex 0.280672799369 -0.0294998999376 -0.15
   vertex 0.283667683681 -0.027314091266 0.15
   vertex 0.280672799369 -0.0294998999376 0.15
  endloop
 endfacet
 facet normal 0 0 -1
  outer loop
   vertex 0 0 -0.15
   vertex 0.28643237796 -0.0250595859383 -0.15
   vertex 0.283667683681 -0.027314091266 -0.15
  endloop
 endfacet
 facet normal 0 0 1
  outer loop
   vertex 0 0 0.15
   vertex 0.283667683681 -0.027314091266 0.15
   vertex 0.28643237796 -0.0250595859383 0.15
  endloop
 endfacet
 facet normal 0.631974707202 -0.774989012475 0
  outer loop
   vertex 0.283667683681 -0.027314091266 -0.15
   vertex 0.28643237796 -0.0250595859383 -0.15
   vertex 0.28643237796 -0.0250595859383 0.15
  endloop
 endfacet
 facet normal 0.631974707202 -0.774989012475 0
  outer loop
   vertex 0.283667683681 -0.027314091266 -0.15
   vertex 0.28643237796 -0.0250595859383 0.15
   vertex 0.283667683681 -0.027314091266 0.15
  endloop
 endfacet
 facet normal 0 0 -1
  outer loop
   vertex 0 0 -0.15
   vertex 0.288958813557 -0.022741551829 -0.15
   vertex 0.28643237796 -0.0250595859383 -0.15
  endloop
 endfacet
 facet normal 0 0 1
  outer loop
   vertex 0 0 0.15
   vertex 0.28643237796 -0.0250595859383 0.15
   vertex 0.288958813557 -0.022741551829 0.15
  endloop
 endfacet
 facet normal 0.676062889633 -0.736843924628 0
  outer loop
   vertex 0.28643237796 -0.0250595859383 -0.15
   vertex 0.288958813557 -0.022741551829 -0.15
   vertex 0.288958813557 -0.022741551829 0.15
  endloop
 endfacet
 facet normal 0.676062889633 -0.736843924628 0
  outer loop
   vertex 0.28643237796 -0.0250595859383 -0.15
   vertex 0.288958813557 -0.022741551829 0.15
   vertex 0.28643237796 -0.0250595859383 0.15
  endloop
 endfacet
 facet normal 0 0 -1
  outer loop
   vertex 0 0 -0.15
   vertex 0.291239606551 -0.0203654571978 -0.15
   vertex 0.288958813557 -0.022741551829 -0.15
  endloop
 endfacet
 facet normal 0 0 1
  outer loop
   vertex 0 0 0.15
   vertex 0.288958813557 -0.022741551829 0.15
   vertex 0.291239606551 -0.0203654571978 0.15
  endloop
 endfacet
 facet normal 0.721426431677 -0.692491085631 0
  outer loop
   vertex 0.288958813557 -0.022741551829 -0.15
   vertex 0.291239606551 -0.0203654571978 -0.15
   vertex 0.291239606551 -0.0203654571978 0.15
  endloop
 endfacet
 facet normal 0.721426431677 -0.692491085631 0
  outer loop
   vertex 0.288958813557 -0.022741551829 -0.15
   vertex 0.291239606551 -0.0203654571978 0.15
   vertex 0.288958813557 -0.022741551829 0.15
  endloop
 endfacet
 facet normal 0 0 -1
  outer loop
   vertex 0 0 -0.15
   vertex 0.293268082404 -0.0179370443264 -0.15
   vertex 0.291239606551 -0.0203654571978 -0.15
  endloop
 endfacet
 facet normal 0 0 1
  outer loop
   vertex 0 0 0.15
   vertex 0.291239606551 -0.0203654571978 0.15
   vertex 0.293268082404 -0.0179370443264 0.15
  endloop
 endfacet
 facet normal 0.767474936569 -0.641078951252 0
  outer loop
   vertex 0.291239606551 -0.0203654571978 -0.15
   vertex 0.293268082404 -0.0179370443264 -0.15
   vertex 0.293268082404 -0.0179370443264 0.15
  endloop
 endfacet
 facet normal 0.767474936569 -0.641078951252 0
  outer loop
   vertex 0.291239606551 -0.0203654571978 -0.15
   vertex 0.293268082404 -0.0179370443264 0.15
   vertex 0.291239606551 -0.0203654571978 0.15
  endloop
 endfacet
 facet normal 0 0 -1
  outer loop
   vertex 0 0 -0.15
   vertex 0.295038298269 -0.0154623020157 -0.15
   vertex 0.293268082404 -0.0179370443264 -0.15
  endloop
 endfacet
 facet normal 0 0 1
  outer loop
   vertex 0 0 0.15
   vertex 0.293268082404 -0.0179370443264 0.15
   vertex 0.295038298269 -0.0154623020157 0.15
  endloop
 endfacet
 facet normal 0.813338019199 -0.581791428714 0
  outer loop
   vertex 0.293268082404 -0.0179370443264 -0.15
   vertex 0.295038298269 -0.0154623020157 -0.15
   vertex 0.295038298269 -0.0154623020157 0.15
  endloop
 endfacet
 facet normal 0.813338019199 -0.581791428714 0
  outer loop
   vertex 0.293268082404 -0.0179370443264 -0.15
   vertex 0.295038298269 -0.0154623020157 0.15
   vertex 0.293268082404 -0.0179370443264 0.15
  endloop
 endfacet
 facet normal 0 0 -1
  outer loop
   vertex 0 0 -0.15
   vertex 0.296545062849 -0.0129474370588 -0.15
   vertex 0.295038298269 -0.0154623020157 -0.15
  endloop
 endfacet
 facet normal 0 0 1
  outer loop
   vertex 0 0 0.15
   vertex 0.295038298269 -0.0154623020157 0.15
   vertex 0.296545062849 -0.0129474370588 0.15
  endloop
 endfacet
 facet normal 0.857816958765 -0.513955314454 0
  outer loop
   vertex 0.295038298269 -0.0154623020157 -0.15
   vertex 0.296545062849 -0.0129474370588 -0.15
   vertex 0.296545062849 -0.0129474370588 0.15
  endloop
 endfacet
 facet normal 0.857816958765 -0.513955314454 0
  outer loop
   vertex 0.295038298269 -0.0154623020157 -0.15
   vertex 0.296545062849 -0.0129474370588 0.15
   vertex 0.295038298269 -0.0154623020157 0.15
  endloop
 endfacet
 facet normal 0 0 -1
  outer loop
   vertex 0 0 -0.15
   vertex 0.297783953764 -0.0103988448077 -0.15
   vertex 0.296545062849 -0.0129474370588 -0.15
  endloop
 endfacet
 facet normal 0 0 1
  outer loop
   vertex 0 0 0.15
   vertex 0.296545062849 -0.0129474370588 0.15
   vertex 0.297783953764 -0.0103988448077 0.15
  endloop
 endfacet
 facet normal 0.899368977461 -0.437190396029 0
  outer loop
   vertex 0.296545062849 -0.0129474370588 -0.15
   vertex 0.297783953764 -0.0103988448077 -0.15
   vertex 0.297783953764 -0.0103988448077 0.15
  endloop
 endfacet
 facet normal 0.899368977461 -0.437190396029 0
  outer loop
   vertex 0.296545062849 -0.0129474370588 -0.15
   vertex 0.297783953764 -0.0103988448077 0.15
   vertex 0.296545062849 -0.0129474370588 0.15
  endloop
 endfacet
 facet normal 0 0 -1
  outer loop
   vertex 0 0 -0.15
   vertex 0.298751332342 -0.0078230789574 -0.15
   vertex 0.297783953764 -0.0103988448077 -0.15
  endloop
 endfacet
 facet normal 0 0 1
  outer loop
   vertex 0 0 0.15
   vertex 0.297783953764 -0.0103988448077 0.15
   vertex 0.298751332342 -0.0078230789574 0.15
  endloop
 endfacet
 facet normal 0.936153843675 -0.351590644035 0
  outer loop
   vertex 0.297783953764 -0.0103988448077 -0.15
   vertex 0.298751332342 -0.0078230789574 -0.15
   vertex 0.298751332342 -0.0078230789574 0.15
  endloop
 endfacet
 facet normal 0.936153843675 -0.351590644035 0
  outer loop
   vertex 0.297783953764 -0.0103988448077 -0.15
   vertex 0.298751332342 -0.0078230789574 0.15
   vertex 0.297783953764 -0.0103988448077 0.15
  endloop
 endfacet
 facet normal 0 0 -1
  outer loop
   vertex 0 0 -0.15
   vertex 0.299444355796 -0.0052268206728 -0.15
   vertex 0.298751332342 -0.0078230789574 -0.15
  endloop
 endfacet
 facet normal 0 0 1
  outer loop
   vertex 0 0 0.15
   vertex 0.298751332342 -0.0078230789574 0.15
   vertex 0.299444355796 -0.0052268206728 0.15
  endloop
 endfacet
 facet normal 0.966171175809 -0.257901646051 0
  outer loop
   vertex 0.298751332342 -0.0078230789574 -0.15
   vertex 0.299444355796 -0.0052268206728 -0.15
   vertex 0.299444355796 -0.0052268206728 0.15
  endloop
 endfacet
 facet normal 0.966171175809 -0.257901646051 0
  outer loop
   vertex 0.298751332342 -0.0078230789574 -0.15
   vertex 0.299444355796 -0.0052268206728 0.15
   vertex 0.298751332342 -0.0078230789574 0.15
  endloop
 endfacet
 facet normal 0 0 -1
  outer loop
   vertex 0 0 -0.15
   vertex 0.299860986738 -0.00261684718687 -0.15
   vertex 0.299444355796 -0.0052268206728 -0.15
  endloop
 endfacet
 facet normal 0 0 1
  outer loop
   vertex 0 0 0.15
   vertex 0.299444355796 -0.0052268206728 0.15
   vertex 0.299860986738 -0.00261684718687 0.15
  endloop
 endfacet
 facet normal 0.987497516802 -0.157634559379 0
  outer loop
   vertex 0.299444355796 -0.0052268206728 -0.15
   vertex 0.299860986738 -0.00261684718687 -0.15
   vertex 0.299860986738 -0.00261684718687 0.15
  endloop
 endfacet
 facet normal 0.987497516802 -0.157634559379 0
  outer loop
   vertex 0.299444355796 -0.0052268206728 -0.15
   vertex 0.299860986738 -0.00261684718687 0.15
   vertex 0.299444355796 -0.0052268206728 0.15
  endloop
 endfacet
 facet normal 0 0 -1
  outer loop
   vertex 0 0 -0.15
   vertex 0.3 0 -0.15
   vertex 0.299860986738 -0.00261684718687 -0.15
  endloop
 endfacet
 facet normal -0 0 1
  outer loop
   vertex 0 0 0.15
   vertex 0.299860986738 -0.00261684718687 0.15
   vertex 0.3 0 0.15
  endloop
 endfacet
 facet normal 0.998591983462 -0.053047625454 0
  outer loop
   vertex 0.299860986738 -0.00261684718687 -0.15
   vertex 0.3 0 -0.15
   vertex 0.3 0 0.15
  endloop
 endfacet
 facet normal 0.998591983462 -0.053047625454 0
  outer loop
   vertex 0.299860986738 -0.00261684718687 -0.15
   vertex 0.3 0 0.15
   vertex 0.299860986738 -0.00261684718687 0.15
  endloop
 endfacet
endsolid X17_reference_unrounded_cut_ends
