beam,tip_radius_m,gap_m,volume_over_R_cubed,angle_deg,rupture_distance_m,contact_force_N,separation_work_J,critical_stiffness_N_m,critical_position_m,reference_gap_allows_quasistatic_rupture,beam_stiffness_N_m,linear_beam_screen,satisfies_stipulated_force_path,force_margin,note
A_long_soft,5e-06,5e-06,0.001,0,5.000000000000004e-07,2.134520757726098e-06,2.392429698077084e-13,0.8538083030904392,0.0,True,0.0005454153912482282,True,False,0.0006388031005016536,Computed condition only; no measured restoration or success probability
A_long_soft,5e-06,5e-06,0.001,20,5.87266462599717e-07,2.00579340494956e-06,2.299660561821639e-13,0.802317361979824,0.0,True,0.0005454153912482282,True,False,0.000679800060542556,Computed condition only; no measured restoration or success probability
A_long_soft,5e-06,5e-06,0.001,40,6.745329251994336e-07,1.635137765178188e-06,1.9065459930924896e-13,0.6540551060712751,0.0,True,0.0005454153912482282,True,False,0.0008338982238429188,Computed condition only; no measured restoration or success probability
A_long_soft,5e-06,5e-06,0.01,0,1.0772173450159428e-06,2.134520757726098e-06,7.049876603570518e-13,0.8538083030904392,0.0,True,0.0005454153912482282,True,False,0.0006388031005016536,Computed condition only; no measured restoration or success probability
A_long_soft,5e-06,5e-06,0.01,20,1.265227239317142e-06,2.00579340494956e-06,6.845313789118813e-13,0.802317361979824,0.0,True,0.0005454153912482282,True,False,0.000679800060542556,Computed condition only; no measured restoration or success probability
A_long_soft,5e-06,5e-06,0.01,40,1.4532371336183415e-06,1.635137765178188e-06,5.718543915597934e-13,0.6540551060712751,0.0,True,0.0005454153912482282,True,False,0.0008338982238429188,Computed condition only; no measured restoration or success probability
A_long_soft,5e-06,5e-06,0.05,0,1.842015749320195e-06,2.134520757726098e-06,1.4746272758191849e-12,0.8538083030904392,0.0,True,0.0005454153912482282,True,False,0.0006388031005016536,Computed condition only; no measured restoration or success probability
A_long_soft,5e-06,5e-06,0.05,20,2.163508146312474e-06,2.00579340494956e-06,1.4450911447325216e-12,0.802317361979824,0.0,True,0.0005454153912482282,True,False,0.000679800060542556,Computed condition only; no measured restoration or success probability
A_long_soft,5e-06,5e-06,0.05,40,2.485000543304753e-06,1.635137765178188e-06,1.2157599828053539e-12,0.6540551060712751,0.0,True,0.0005454153912482282,True,False,0.0008338982238429188,Computed condition only; no measured restoration or success probability
A_long_soft,5e-06,2e-05,0.001,0,5.000000000000004e-07,2.134520757726098e-06,2.392429698077084e-13,0.2134520757726098,0.0,True,0.0005454153912482282,True,False,0.0025552124020066145,Computed condition only; no measured restoration or success probability
A_long_soft,5e-06,2e-05,0.001,20,5.87266462599717e-07,2.00579340494956e-06,2.299660561821639e-13,0.200579340494956,0.0,True,0.0005454153912482282,True,False,0.002719200242170224,Computed condition only; no measured restoration or success probability
A_long_soft,5e-06,2e-05,0.001,40,6.745329251994336e-07,1.635137765178188e-06,1.9065459930924896e-13,0.1635137765178188,0.0,True,0.0005454153912482282,True,False,0.0033355928953716753,Computed condition only; no measured restoration or success probability
A_long_soft,5e-06,2e-05,0.01,0,1.0772173450159428e-06,2.134520757726098e-06,7.049876603570518e-13,0.2134520757726098,0.0,True,0.0005454153912482282,True,False,0.0025552124020066145,Computed condition only; no measured restoration or success probability
A_long_soft,5e-06,2e-05,0.01,20,1.265227239317142e-06,2.00579340494956e-06,6.845313789118813e-13,0.200579340494956,0.0,True,0.0005454153912482282,True,False,0.002719200242170224,Computed condition only; no measured restoration or success probability
A_long_soft,5e-06,2e-05,0.01,40,1.4532371336183415e-06,1.635137765178188e-06,5.718543915597934e-13,0.1635137765178188,0.0,True,0.0005454153912482282,True,False,0.0033355928953716753,Computed condition only; no measured restoration or success probability
A_long_soft,5e-06,2e-05,0.05,0,1.842015749320195e-06,2.134520757726098e-06,1.4746272758191849e-12,0.2134520757726098,0.0,True,0.0005454153912482282,True,False,0.0025552124020066145,Computed condition only; no measured restoration or success probability
A_long_soft,5e-06,2e-05,0.05,20,2.163508146312474e-06,2.00579340494956e-06,1.4450911447325216e-12,0.200579340494956,0.0,True,0.0005454153912482282,True,False,0.002719200242170224,Computed condition only; no measured restoration or success probability
A_long_soft,5e-06,2e-05,0.05,40,2.485000543304753e-06,1.635137765178188e-06,1.2157599828053539e-12,0.1635137765178188,0.0,True,0.0005454153912482282,True,False,0.0033355928953716753,Computed condition only; no measured restoration or success probability
A_long_soft,5e-06,6e-05,0.001,0,5.000000000000004e-07,2.134520757726098e-06,2.392429698077084e-13,0.07115069192420327,0.0,True,0.0005454153912482282,True,False,0.007665637206019843,Computed condition only; no measured restoration or success probability
A_long_soft,5e-06,6e-05,0.001,20,5.87266462599717e-07,2.00579340494956e-06,2.299660561821639e-13,0.06685978016498534,0.0,True,0.0005454153912482282,True,False,0.008157600726510672,Computed condition only; no measured restoration or success probability
A_long_soft,5e-06,6e-05,0.001,40,6.745329251994336e-07,1.635137765178188e-06,1.9065459930924896e-13,0.05450459217260626,0.0,True,0.0005454153912482282,True,False,0.010006778686115027,Computed condition only; no measured restoration or success probability
A_long_soft,5e-06,6e-05,0.01,0,1.0772173450159428e-06,2.134520757726098e-06,7.049876603570518e-13,0.07115069192420327,0.0,True,0.0005454153912482282,True,False,0.007665637206019843,Computed condition only; no measured restoration or success probability
A_long_soft,5e-06,6e-05,0.01,20,1.265227239317142e-06,2.00579340494956e-06,6.845313789118813e-13,0.06685978016498534,0.0,True,0.0005454153912482282,True,False,0.008157600726510672,Computed condition only; no measured restoration or success probability
A_long_soft,5e-06,6e-05,0.01,40,1.4532371336183415e-06,1.635137765178188e-06,5.718543915597934e-13,0.05450459217260626,0.0,True,0.0005454153912482282,True,False,0.010006778686115027,Computed condition only; no measured restoration or success probability
A_long_soft,5e-06,6e-05,0.05,0,1.842015749320195e-06,2.134520757726098e-06,1.4746272758191849e-12,0.07115069192420327,0.0,True,0.0005454153912482282,True,False,0.007665637206019843,Computed condition only; no measured restoration or success probability
A_long_soft,5e-06,6e-05,0.05,20,2.163508146312474e-06,2.00579340494956e-06,1.4450911447325216e-12,0.06685978016498534,0.0,True,0.0005454153912482282,True,False,0.008157600726510672,Computed condition only; no measured restoration or success probability
A_long_soft,5e-06,6e-05,0.05,40,2.485000543304753e-06,1.635137765178188e-06,1.2157599828053539e-12,0.05450459217260626,0.0,True,0.0005454153912482282,True,False,0.010006778686115027,Computed condition only; no measured restoration or success probability
A_long_soft,1.5e-05,5e-06,0.001,0,1.500000000000001e-06,6.403562273178294e-06,2.153186728269375e-12,2.5614249092713175,0.0,True,0.0005454153912482282,True,False,0.00021293436683388455,Computed condition only; no measured restoration or success probability
A_long_soft,1.5e-05,5e-06,0.001,20,1.7617993877991508e-06,6.017380214848681e-06,2.0696945056394747e-12,2.4069520859394724,0.0,True,0.0005454153912482282,True,False,0.00022660002018085198,Computed condition only; no measured restoration or success probability
A_long_soft,1.5e-05,5e-06,0.001,40,2.0235987755983003e-06,4.9054132955345635e-06,1.7158913937832402e-12,1.9621653182138252,0.0,True,0.0005454153912482282,True,False,0.0002779660746143063,Computed condition only; no measured restoration or success probability
A_long_soft,1.5e-05,5e-06,0.01,0,3.231652035047828e-06,6.403562273178294e-06,6.344888943213465e-12,2.5614249092713175,0.0,True,0.0005454153912482282,True,False,0.00021293436683388455,Computed condition only; no measured restoration or success probability
A_long_soft,1.5e-05,5e-06,0.01,20,3.7956817179514255e-06,6.017380214848681e-06,6.160782410206931e-12,2.4069520859394724,0.0,True,0.0005454153912482282,True,False,0.00022660002018085198,Computed condition only; no measured restoration or success probability
A_long_soft,1.5e-05,5e-06,0.01,40,4.359711400855024e-06,4.9054132955345635e-06,5.146689524038139e-12,1.9621653182138252,0.0,True,0.0005454153912482282,True,False,0.0002779660746143063,Computed condition only; no measured restoration or success probability
A_long_soft,1.5e-05,5e-06,0.05,0,5.526047247960584e-06,6.403562273178294e-06,1.3271645482372663e-11,,,False,0.0005454153912482282,True,False,,Computed condition only; no measured restoration or success probability
A_long_soft,1.5e-05,5e-06,0.05,20,6.4905244389374205e-06,6.017380214848681e-06,1.3005820302592689e-11,,,False,0.0005454153912482282,True,False,,Computed condition only; no measured restoration or success probability
A_long_soft,1.5e-05,5e-06,0.05,40,7.455001629914257e-06,4.9054132955345635e-06,1.0941839845248179e-11,,,False,0.0005454153912482282,True,False,,Computed condition only; no measured restoration or success probability
A_long_soft,1.5e-05,2e-05,0.001,0,1.500000000000001e-06,6.403562273178294e-06,2.153186728269375e-12,0.6403562273178294,0.0,True,0.0005454153912482282,True,False,0.0008517374673355382,Computed condition only; no measured restoration or success probability
A_long_soft,1.5e-05,2e-05,0.001,20,1.7617993877991508e-06,6.017380214848681e-06,2.0696945056394747e-12,0.6017380214848681,0.0,True,0.0005454153912482282,True,False,0.0009064000807234079,Computed condition only; no measured restoration or success probability
A_long_soft,1.5e-05,2e-05,0.001,40,2.0235987755983003e-06,4.9054132955345635e-06,1.7158913937832402e-12,0.4905413295534563,0.0,True,0.0005454153912482282,True,False,0.0011118642984572252,Computed condition only; no measured restoration or success probability
A_long_soft,1.5e-05,2e-05,0.01,0,3.231652035047828e-06,6.403562273178294e-06,6.344888943213465e-12,0.6403562273178294,0.0,True,0.0005454153912482282,True,False,0.0008517374673355382,Computed condition only; no measured restoration or success probability
A_long_soft,1.5e-05,2e-05,0.01,20,3.7956817179514255e-06,6.017380214848681e-06,6.160782410206931e-12,0.6017380214848681,0.0,True,0.0005454153912482282,True,False,0.0009064000807234079,Computed condition only; no measured restoration or success probability
A_long_soft,1.5e-05,2e-05,0.01,40,4.359711400855024e-06,4.9054132955345635e-06,5.146689524038139e-12,0.4905413295534563,0.0,True,0.0005454153912482282,True,False,0.0011118642984572252,Computed condition only; no measured restoration or success probability
A_long_soft,1.5e-05,2e-05,0.05,0,5.526047247960584e-06,6.403562273178294e-06,1.3271645482372663e-11,0.6403562273178294,0.0,True,0.0005454153912482282,True,False,0.0008517374673355382,Computed condition only; no measured restoration or success probability
A_long_soft,1.5e-05,2e-05,0.05,20,6.4905244389374205e-06,6.017380214848681e-06,1.3005820302592689e-11,0.6017380214848681,0.0,True,0.0005454153912482282,True,False,0.0009064000807234079,Computed condition only; no measured restoration or success probability
A_long_soft,1.5e-05,2e-05,0.05,40,7.455001629914257e-06,4.9054132955345635e-06,1.0941839845248179e-11,0.4905413295534563,0.0,True,0.0005454153912482282,True,False,0.0011118642984572252,Computed condition only; no measured restoration or success probability
A_long_soft,1.5e-05,6e-05,0.001,0,1.500000000000001e-06,6.403562273178294e-06,2.153186728269375e-12,0.2134520757726098,0.0,True,0.0005454153912482282,True,False,0.0025552124020066145,Computed condition only; no measured restoration or success probability
A_long_soft,1.5e-05,6e-05,0.001,20,1.7617993877991508e-06,6.017380214848681e-06,2.0696945056394747e-12,0.20057934049495604,0.0,True,0.0005454153912482282,True,False,0.0027192002421702237,Computed condition only; no measured restoration or success probability
A_long_soft,1.5e-05,6e-05,0.001,40,2.0235987755983003e-06,4.9054132955345635e-06,1.7158913937832402e-12,0.1635137765178188,0.0,True,0.0005454153912482282,True,False,0.0033355928953716753,Computed condition only; no measured restoration or success probability
A_long_soft,1.5e-05,6e-05,0.01,0,3.231652035047828e-06,6.403562273178294e-06,6.344888943213465e-12,0.2134520757726098,0.0,True,0.0005454153912482282,True,False,0.0025552124020066145,Computed condition only; no measured restoration or success probability
A_long_soft,1.5e-05,6e-05,0.01,20,3.7956817179514255e-06,6.017380214848681e-06,6.160782410206931e-12,0.20057934049495604,0.0,True,0.0005454153912482282,True,False,0.0027192002421702237,Computed condition only; no measured restoration or success probability
A_long_soft,1.5e-05,6e-05,0.01,40,4.359711400855024e-06,4.9054132955345635e-06,5.146689524038139e-12,0.1635137765178188,0.0,True,0.0005454153912482282,True,False,0.0033355928953716753,Computed condition only; no measured restoration or success probability
A_long_soft,1.5e-05,6e-05,0.05,0,5.526047247960584e-06,6.403562273178294e-06,1.3271645482372663e-11,0.2134520757726098,0.0,True,0.0005454153912482282,True,False,0.0025552124020066145,Computed condition only; no measured restoration or success probability
A_long_soft,1.5e-05,6e-05,0.05,20,6.4905244389374205e-06,6.017380214848681e-06,1.3005820302592689e-11,0.20057934049495604,0.0,True,0.0005454153912482282,True,False,0.0027192002421702237,Computed condition only; no measured restoration or success probability
A_long_soft,1.5e-05,6e-05,0.05,40,7.455001629914257e-06,4.9054132955345635e-06,1.0941839845248179e-11,0.1635137765178188,0.0,True,0.0005454153912482282,True,False,0.0033355928953716753,Computed condition only; no measured restoration or success probability
A_long_soft,3e-05,5e-06,0.001,0,3.000000000000002e-06,1.2807124546356589e-05,8.6127469130775e-12,5.122849818542635,0.0,True,0.0005454153912482282,True,False,0.00010646718341694227,Computed condition only; no measured restoration or success probability
A_long_soft,3e-05,5e-06,0.001,20,3.5235987755983016e-06,1.2034760429697362e-05,8.278778022557899e-12,4.813904171878945,0.0,True,0.0005454153912482282,True,False,0.00011330001009042599,Computed condition only; no measured restoration or success probability
A_long_soft,3e-05,5e-06,0.001,40,4.047197551196601e-06,9.810826591069127e-06,6.863565575132961e-12,3.9243306364276505,0.0,True,0.0005454153912482282,True,False,0.00013898303730715316,Computed condition only; no measured restoration or success probability
A_long_soft,3e-05,5e-06,0.01,0,6.463304070095656e-06,1.2807124546356589e-05,2.537955577285386e-11,,,False,0.0005454153912482282,True,False,,Computed condition only; no measured restoration or success probability
A_long_soft,3e-05,5e-06,0.01,20,7.591363435902851e-06,1.2034760429697362e-05,2.4643129640827724e-11,,,False,0.0005454153912482282,True,False,,Computed condition only; no measured restoration or success probability
A_long_soft,3e-05,5e-06,0.01,40,8.719422801710047e-06,9.810826591069127e-06,2.0586758096152556e-11,,,False,0.0005454153912482282,True,False,,Computed condition only; no measured restoration or success probability
A_long_soft,3e-05,5e-06,0.05,0,1.1052094495921167e-05,1.2807124546356589e-05,5.308658192949065e-11,,,False,0.0005454153912482282,True,False,,Computed condition only; no measured restoration or success probability
A_long_soft,3e-05,5e-06,0.05,20,1.2981048877874841e-05,1.2034760429697362e-05,5.2023281210370757e-11,,,False,0.0005454153912482282,True,False,,Computed condition only; no measured restoration or success probability
A_long_soft,3e-05,5e-06,0.05,40,1.4910003259828515e-05,9.810826591069127e-06,4.3767359380992716e-11,,,False,0.0005454153912482282,True,False,,Computed condition only; no measured restoration or success probability
A_long_soft,3e-05,2e-05,0.001,0,3.000000000000002e-06,1.2807124546356589e-05,8.6127469130775e-12,1.2807124546356587,0.0,True,0.0005454153912482282,True,False,0.0004258687336677691,Computed condition only; no measured restoration or success probability
A_long_soft,3e-05,2e-05,0.001,20,3.5235987755983016e-06,1.2034760429697362e-05,8.278778022557899e-12,1.2034760429697362,0.0,True,0.0005454153912482282,True,False,0.00045320004036170395,Computed condition only; no measured restoration or success probability
A_long_soft,3e-05,2e-05,0.001,40,4.047197551196601e-06,9.810826591069127e-06,6.863565575132961e-12,0.9810826591069126,0.0,True,0.0005454153912482282,True,False,0.0005559321492286126,Computed condition only; no measured restoration or success probability
A_long_soft,3e-05,2e-05,0.01,0,6.463304070095656e-06,1.2807124546356589e-05,2.537955577285386e-11,1.2807124546356587,0.0,True,0.0005454153912482282,True,False,0.0004258687336677691,Computed condition only; no measured restoration or success probability
A_long_soft,3e-05,2e-05,0.01,20,7.591363435902851e-06,1.2034760429697362e-05,2.4643129640827724e-11,1.2034760429697362,0.0,True,0.0005454153912482282,True,False,0.00045320004036170395,Computed condition only; no measured restoration or success probability
A_long_soft,3e-05,2e-05,0.01,40,8.719422801710047e-06,9.810826591069127e-06,2.0586758096152556e-11,0.9810826591069126,0.0,True,0.0005454153912482282,True,False,0.0005559321492286126,Computed condition only; no measured restoration or success probability
A_long_soft,3e-05,2e-05,0.05,0,1.1052094495921167e-05,1.2807124546356589e-05,5.308658192949065e-11,1.2807124546356587,0.0,True,0.0005454153912482282,True,False,0.0004258687336677691,Computed condition only; no measured restoration or success probability
A_long_soft,3e-05,2e-05,0.05,20,1.2981048877874841e-05,1.2034760429697362e-05,5.2023281210370757e-11,1.2034760429697362,0.0,True,0.0005454153912482282,True,False,0.00045320004036170395,Computed condition only; no measured restoration or success probability
A_long_soft,3e-05,2e-05,0.05,40,1.4910003259828515e-05,9.810826591069127e-06,4.3767359380992716e-11,0.9810826591069126,0.0,True,0.0005454153912482282,True,False,0.0005559321492286126,Computed condition only; no measured restoration or success probability
A_long_soft,3e-05,6e-05,0.001,0,3.000000000000002e-06,1.2807124546356589e-05,8.6127469130775e-12,0.4269041515452196,0.0,True,0.0005454153912482282,True,False,0.0012776062010033072,Computed condition only; no measured restoration or success probability
A_long_soft,3e-05,6e-05,0.001,20,3.5235987755983016e-06,1.2034760429697362e-05,8.278778022557899e-12,0.4011586809899121,0.0,True,0.0005454153912482282,True,False,0.0013596001210851119,Computed condition only; no measured restoration or success probability
A_long_soft,3e-05,6e-05,0.001,40,4.047197551196601e-06,9.810826591069127e-06,6.863565575132961e-12,0.3270275530356376,0.0,True,0.0005454153912482282,True,False,0.0016677964476858377,Computed condition only; no measured restoration or success probability
A_long_soft,3e-05,6e-05,0.01,0,6.463304070095656e-06,1.2807124546356589e-05,2.537955577285386e-11,0.4269041515452196,0.0,True,0.0005454153912482282,True,False,0.0012776062010033072,Computed condition only; no measured restoration or success probability
A_long_soft,3e-05,6e-05,0.01,20,7.591363435902851e-06,1.2034760429697362e-05,2.4643129640827724e-11,0.4011586809899121,0.0,True,0.0005454153912482282,True,False,0.0013596001210851119,Computed condition only; no measured restoration or success probability
A_long_soft,3e-05,6e-05,0.01,40,8.719422801710047e-06,9.810826591069127e-06,2.0586758096152556e-11,0.3270275530356376,0.0,True,0.0005454153912482282,True,False,0.0016677964476858377,Computed condition only; no measured restoration or success probability
A_long_soft,3e-05,6e-05,0.05,0,1.1052094495921167e-05,1.2807124546356589e-05,5.308658192949065e-11,0.4269041515452196,0.0,True,0.0005454153912482282,True,False,0.0012776062010033072,Computed condition only; no measured restoration or success probability
A_long_soft,3e-05,6e-05,0.05,20,1.2981048877874841e-05,1.2034760429697362e-05,5.2023281210370757e-11,0.4011586809899121,0.0,True,0.0005454153912482282,True,False,0.0013596001210851119,Computed condition only; no measured restoration or success probability
A_long_soft,3e-05,6e-05,0.05,40,1.4910003259828515e-05,9.810826591069127e-06,4.3767359380992716e-11,0.3270275530356376,0.0,True,0.0005454153912482282,True,False,0.0016677964476858377,Computed condition only; no measured restoration or success probability
B_short,5e-06,5e-06,0.001,0,5.000000000000004e-07,2.134520757726098e-06,2.392429698077084e-13,0.8538083030904392,0.0,True,3.5342917352885186,True,True,4.1394440912507156,Computed condition only; no measured restoration or success probability
B_short,5e-06,5e-06,0.001,20,5.87266462599717e-07,2.00579340494956e-06,2.299660561821639e-13,0.802317361979824,0.0,True,3.5342917352885186,True,True,4.405104392315764,Computed condition only; no measured restoration or success probability
B_short,5e-06,5e-06,0.001,40,6.745329251994336e-07,1.635137765178188e-06,1.9065459930924896e-13,0.6540551060712751,0.0,True,3.5342917352885186,True,True,5.403660490502114,Computed condition only; no measured restoration or success probability
B_short,5e-06,5e-06,0.01,0,1.0772173450159428e-06,2.134520757726098e-06,7.049876603570518e-13,0.8538083030904392,0.0,True,3.5342917352885186,True,True,4.1394440912507156,Computed condition only; no measured restoration or success probability
B_short,5e-06,5e-06,0.01,20,1.265227239317142e-06,2.00579340494956e-06,6.845313789118813e-13,0.802317361979824,0.0,True,3.5342917352885186,True,True,4.405104392315764,Computed condition only; no measured restoration or success probability
B_short,5e-06,5e-06,0.01,40,1.4532371336183415e-06,1.635137765178188e-06,5.718543915597934e-13,0.6540551060712751,0.0,True,3.5342917352885186,True,True,5.403660490502114,Computed condition only; no measured restoration or success probability
B_short,5e-06,5e-06,0.05,0,1.842015749320195e-06,2.134520757726098e-06,1.4746272758191849e-12,0.8538083030904392,0.0,True,3.5342917352885186,True,True,4.1394440912507156,Computed condition only; no measured restoration or success probability
B_short,5e-06,5e-06,0.05,20,2.163508146312474e-06,2.00579340494956e-06,1.4450911447325216e-12,0.802317361979824,0.0,True,3.5342917352885186,True,True,4.405104392315764,Computed condition only; no measured restoration or success probability
B_short,5e-06,5e-06,0.05,40,2.485000543304753e-06,1.635137765178188e-06,1.2157599828053539e-12,0.6540551060712751,0.0,True,3.5342917352885186,True,True,5.403660490502114,Computed condition only; no measured restoration or success probability
B_short,5e-06,2e-05,0.001,0,5.000000000000004e-07,2.134520757726098e-06,2.392429698077084e-13,0.2134520757726098,0.0,True,3.5342917352885186,True,True,16.557776365002862,Computed condition only; no measured restoration or success probability
B_short,5e-06,2e-05,0.001,20,5.87266462599717e-07,2.00579340494956e-06,2.299660561821639e-13,0.200579340494956,0.0,True,3.5342917352885186,True,True,17.620417569263054,Computed condition only; no measured restoration or success probability
B_short,5e-06,2e-05,0.001,40,6.745329251994336e-07,1.635137765178188e-06,1.9065459930924896e-13,0.1635137765178188,0.0,True,3.5342917352885186,True,True,21.614641962008456,Computed condition only; no measured restoration or success probability
B_short,5e-06,2e-05,0.01,0,1.0772173450159428e-06,2.134520757726098e-06,7.049876603570518e-13,0.2134520757726098,0.0,True,3.5342917352885186,True,True,16.557776365002862,Computed condition only; no measured restoration or success probability
B_short,5e-06,2e-05,0.01,20,1.265227239317142e-06,2.00579340494956e-06,6.845313789118813e-13,0.200579340494956,0.0,True,3.5342917352885186,True,True,17.620417569263054,Computed condition only; no measured restoration or success probability
B_short,5e-06,2e-05,0.01,40,1.4532371336183415e-06,1.635137765178188e-06,5.718543915597934e-13,0.1635137765178188,0.0,True,3.5342917352885186,True,True,21.614641962008456,Computed condition only; no measured restoration or success probability
B_short,5e-06,2e-05,0.05,0,1.842015749320195e-06,2.134520757726098e-06,1.4746272758191849e-12,0.2134520757726098,0.0,True,3.5342917352885186,True,True,16.557776365002862,Computed condition only; no measured restoration or success probability
B_short,5e-06,2e-05,0.05,20,2.163508146312474e-06,2.00579340494956e-06,1.4450911447325216e-12,0.200579340494956,0.0,True,3.5342917352885186,True,True,17.620417569263054,Computed condition only; no measured restoration or success probability
B_short,5e-06,2e-05,0.05,40,2.485000543304753e-06,1.635137765178188e-06,1.2157599828053539e-12,0.1635137765178188,0.0,True,3.5342917352885186,True,True,21.614641962008456,Computed condition only; no measured restoration or success probability
B_short,5e-06,6e-05,0.001,0,5.000000000000004e-07,2.134520757726098e-06,2.392429698077084e-13,0.07115069192420327,0.0,True,3.5342917352885186,False,True,49.67332909500858,Computed condition only; no measured restoration or success probability
B_short,5e-06,6e-05,0.001,20,5.87266462599717e-07,2.00579340494956e-06,2.299660561821639e-13,0.06685978016498534,0.0,True,3.5342917352885186,False,True,52.86125270778915,Computed condition only; no measured restoration or success probability
B_short,5e-06,6e-05,0.001,40,6.745329251994336e-07,1.635137765178188e-06,1.9065459930924896e-13,0.05450459217260626,0.0,True,3.5342917352885186,False,True,64.84392588602536,Computed condition only; no measured restoration or success probability
B_short,5e-06,6e-05,0.01,0,1.0772173450159428e-06,2.134520757726098e-06,7.049876603570518e-13,0.07115069192420327,0.0,True,3.5342917352885186,False,True,49.67332909500858,Computed condition only; no measured restoration or success probability
B_short,5e-06,6e-05,0.01,20,1.265227239317142e-06,2.00579340494956e-06,6.845313789118813e-13,0.06685978016498534,0.0,True,3.5342917352885186,False,True,52.86125270778915,Computed condition only; no measured restoration or success probability
B_short,5e-06,6e-05,0.01,40,1.4532371336183415e-06,1.635137765178188e-06,5.718543915597934e-13,0.05450459217260626,0.0,True,3.5342917352885186,False,True,64.84392588602536,Computed condition only; no measured restoration or success probability
B_short,5e-06,6e-05,0.05,0,1.842015749320195e-06,2.134520757726098e-06,1.4746272758191849e-12,0.07115069192420327,0.0,True,3.5342917352885186,False,True,49.67332909500858,Computed condition only; no measured restoration or success probability
B_short,5e-06,6e-05,0.05,20,2.163508146312474e-06,2.00579340494956e-06,1.4450911447325216e-12,0.06685978016498534,0.0,True,3.5342917352885186,False,True,52.86125270778915,Computed condition only; no measured restoration or success probability
B_short,5e-06,6e-05,0.05,40,2.485000543304753e-06,1.635137765178188e-06,1.2157599828053539e-12,0.05450459217260626,0.0,True,3.5342917352885186,False,True,64.84392588602536,Computed condition only; no measured restoration or success probability
B_short,1.5e-05,5e-06,0.001,0,1.500000000000001e-06,6.403562273178294e-06,2.153186728269375e-12,2.5614249092713175,0.0,True,3.5342917352885186,True,True,1.3798146970835719,Computed condition only; no measured restoration or success probability
B_short,1.5e-05,5e-06,0.001,20,1.7617993877991508e-06,6.017380214848681e-06,2.0696945056394747e-12,2.4069520859394724,0.0,True,3.5342917352885186,True,True,1.4683681307719207,Computed condition only; no measured restoration or success probability
B_short,1.5e-05,5e-06,0.001,40,2.0235987755983003e-06,4.9054132955345635e-06,1.7158913937832402e-12,1.9621653182138252,0.0,True,3.5342917352885186,True,True,1.8012201635007048,Computed condition only; no measured restoration or success probability
B_short,1.5e-05,5e-06,0.01,0,3.231652035047828e-06,6.403562273178294e-06,6.344888943213465e-12,2.5614249092713175,0.0,True,3.5342917352885186,True,True,1.3798146970835719,Computed condition only; no measured restoration or success probability
B_short,1.5e-05,5e-06,0.01,20,3.7956817179514255e-06,6.017380214848681e-06,6.160782410206931e-12,2.4069520859394724,0.0,True,3.5342917352885186,True,True,1.4683681307719207,Computed condition only; no measured restoration or success probability
B_short,1.5e-05,5e-06,0.01,40,4.359711400855024e-06,4.9054132955345635e-06,5.146689524038139e-12,1.9621653182138252,0.0,True,3.5342917352885186,True,True,1.8012201635007048,Computed condition only; no measured restoration or success probability
B_short,1.5e-05,5e-06,0.05,0,5.526047247960584e-06,6.403562273178294e-06,1.3271645482372663e-11,,,False,3.5342917352885186,True,False,,Computed condition only; no measured restoration or success probability
B_short,1.5e-05,5e-06,0.05,20,6.4905244389374205e-06,6.017380214848681e-06,1.3005820302592689e-11,,,False,3.5342917352885186,True,False,,Computed condition only; no measured restoration or success probability
B_short,1.5e-05,5e-06,0.05,40,7.455001629914257e-06,4.9054132955345635e-06,1.0941839845248179e-11,,,False,3.5342917352885186,True,False,,Computed condition only; no measured restoration or success probability
B_short,1.5e-05,2e-05,0.001,0,1.500000000000001e-06,6.403562273178294e-06,2.153186728269375e-12,0.6403562273178294,0.0,True,3.5342917352885186,True,True,5.519258788334287,Computed condition only; no measured restoration or success probability
B_short,1.5e-05,2e-05,0.001,20,1.7617993877991508e-06,6.017380214848681e-06,2.0696945056394747e-12,0.6017380214848681,0.0,True,3.5342917352885186,True,True,5.873472523087683,Computed condition only; no measured restoration or success probability
B_short,1.5e-05,2e-05,0.001,40,2.0235987755983003e-06,4.9054132955345635e-06,1.7158913937832402e-12,0.4905413295534563,0.0,True,3.5342917352885186,True,True,7.204880654002819,Computed condition only; no measured restoration or success probability
B_short,1.5e-05,2e-05,0.01,0,3.231652035047828e-06,6.403562273178294e-06,6.344888943213465e-12,0.6403562273178294,0.0,True,3.5342917352885186,True,True,5.519258788334287,Computed condition only; no measured restoration or success probability
B_short,1.5e-05,2e-05,0.01,20,3.7956817179514255e-06,6.017380214848681e-06,6.160782410206931e-12,0.6017380214848681,0.0,True,3.5342917352885186,True,True,5.873472523087683,Computed condition only; no measured restoration or success probability
B_short,1.5e-05,2e-05,0.01,40,4.359711400855024e-06,4.9054132955345635e-06,5.146689524038139e-12,0.4905413295534563,0.0,True,3.5342917352885186,True,True,7.204880654002819,Computed condition only; no measured restoration or success probability
B_short,1.5e-05,2e-05,0.05,0,5.526047247960584e-06,6.403562273178294e-06,1.3271645482372663e-11,0.6403562273178294,0.0,True,3.5342917352885186,True,True,5.519258788334287,Computed condition only; no measured restoration or success probability
B_short,1.5e-05,2e-05,0.05,20,6.4905244389374205e-06,6.017380214848681e-06,1.3005820302592689e-11,0.6017380214848681,0.0,True,3.5342917352885186,True,True,5.873472523087683,Computed condition only; no measured restoration or success probability
B_short,1.5e-05,2e-05,0.05,40,7.455001629914257e-06,4.9054132955345635e-06,1.0941839845248179e-11,0.4905413295534563,0.0,True,3.5342917352885186,True,True,7.204880654002819,Computed condition only; no measured restoration or success probability
B_short,1.5e-05,6e-05,0.001,0,1.500000000000001e-06,6.403562273178294e-06,2.153186728269375e-12,0.2134520757726098,0.0,True,3.5342917352885186,False,True,16.557776365002862,Computed condition only; no measured restoration or success probability
B_short,1.5e-05,6e-05,0.001,20,1.7617993877991508e-06,6.017380214848681e-06,2.0696945056394747e-12,0.20057934049495604,0.0,True,3.5342917352885186,False,True,17.620417569263047,Computed condition only; no measured restoration or success probability
B_short,1.5e-05,6e-05,0.001,40,2.0235987755983003e-06,4.9054132955345635e-06,1.7158913937832402e-12,0.1635137765178188,0.0,True,3.5342917352885186,False,True,21.614641962008456,Computed condition only; no measured restoration or success probability
B_short,1.5e-05,6e-05,0.01,0,3.231652035047828e-06,6.403562273178294e-06,6.344888943213465e-12,0.2134520757726098,0.0,True,3.5342917352885186,False,True,16.557776365002862,Computed condition only; no measured restoration or success probability
B_short,1.5e-05,6e-05,0.01,20,3.7956817179514255e-06,6.017380214848681e-06,6.160782410206931e-12,0.20057934049495604,0.0,True,3.5342917352885186,False,True,17.620417569263047,Computed condition only; no measured restoration or success probability
B_short,1.5e-05,6e-05,0.01,40,4.359711400855024e-06,4.9054132955345635e-06,5.146689524038139e-12,0.1635137765178188,0.0,True,3.5342917352885186,False,True,21.614641962008456,Computed condition only; no measured restoration or success probability
B_short,1.5e-05,6e-05,0.05,0,5.526047247960584e-06,6.403562273178294e-06,1.3271645482372663e-11,0.2134520757726098,0.0,True,3.5342917352885186,False,True,16.557776365002862,Computed condition only; no measured restoration or success probability
B_short,1.5e-05,6e-05,0.05,20,6.4905244389374205e-06,6.017380214848681e-06,1.3005820302592689e-11,0.20057934049495604,0.0,True,3.5342917352885186,False,True,17.620417569263047,Computed condition only; no measured restoration or success probability
B_short,1.5e-05,6e-05,0.05,40,7.455001629914257e-06,4.9054132955345635e-06,1.0941839845248179e-11,0.1635137765178188,0.0,True,3.5342917352885186,False,True,21.614641962008456,Computed condition only; no measured restoration or success probability
B_short,3e-05,5e-06,0.001,0,3.000000000000002e-06,1.2807124546356589e-05,8.6127469130775e-12,5.122849818542635,0.0,True,3.5342917352885186,True,False,0.6899073485417859,Computed condition only; no measured restoration or success probability
B_short,3e-05,5e-06,0.001,20,3.5235987755983016e-06,1.2034760429697362e-05,8.278778022557899e-12,4.813904171878945,0.0,True,3.5342917352885186,True,False,0.7341840653859604,Computed condition only; no measured restoration or success probability
B_short,3e-05,5e-06,0.001,40,4.047197551196601e-06,9.810826591069127e-06,6.863565575132961e-12,3.9243306364276505,0.0,True,3.5342917352885186,True,False,0.9006100817503524,Computed condition only; no measured restoration or success probability
B_short,3e-05,5e-06,0.01,0,6.463304070095656e-06,1.2807124546356589e-05,2.537955577285386e-11,,,False,3.5342917352885186,True,False,,Computed condition only; no measured restoration or success probability
B_short,3e-05,5e-06,0.01,20,7.591363435902851e-06,1.2034760429697362e-05,2.4643129640827724e-11,,,False,3.5342917352885186,True,False,,Computed condition only; no measured restoration or success probability
B_short,3e-05,5e-06,0.01,40,8.719422801710047e-06,9.810826591069127e-06,2.0586758096152556e-11,,,False,3.5342917352885186,True,False,,Computed condition only; no measured restoration or success probability
B_short,3e-05,5e-06,0.05,0,1.1052094495921167e-05,1.2807124546356589e-05,5.308658192949065e-11,,,False,3.5342917352885186,True,False,,Computed condition only; no measured restoration or success probability
B_short,3e-05,5e-06,0.05,20,1.2981048877874841e-05,1.2034760429697362e-05,5.2023281210370757e-11,,,False,3.5342917352885186,True,False,,Computed condition only; no measured restoration or success probability
B_short,3e-05,5e-06,0.05,40,1.4910003259828515e-05,9.810826591069127e-06,4.3767359380992716e-11,,,False,3.5342917352885186,True,False,,Computed condition only; no measured restoration or success probability
B_short,3e-05,2e-05,0.001,0,3.000000000000002e-06,1.2807124546356589e-05,8.6127469130775e-12,1.2807124546356587,0.0,True,3.5342917352885186,True,True,2.7596293941671437,Computed condition only; no measured restoration or success probability
B_short,3e-05,2e-05,0.001,20,3.5235987755983016e-06,1.2034760429697362e-05,8.278778022557899e-12,1.2034760429697362,0.0,True,3.5342917352885186,True,True,2.9367362615438415,Computed condition only; no measured restoration or success probability
B_short,3e-05,2e-05,0.001,40,4.047197551196601e-06,9.810826591069127e-06,6.863565575132961e-12,0.9810826591069126,0.0,True,3.5342917352885186,True,True,3.6024403270014096,Computed condition only; no measured restoration or success probability
B_short,3e-05,2e-05,0.01,0,6.463304070095656e-06,1.2807124546356589e-05,2.537955577285386e-11,1.2807124546356587,0.0,True,3.5342917352885186,True,True,2.7596293941671437,Computed condition only; no measured restoration or success probability
B_short,3e-05,2e-05,0.01,20,7.591363435902851e-06,1.2034760429697362e-05,2.4643129640827724e-11,1.2034760429697362,0.0,True,3.5342917352885186,True,True,2.9367362615438415,Computed condition only; no measured restoration or success probability
B_short,3e-05,2e-05,0.01,40,8.719422801710047e-06,9.810826591069127e-06,2.0586758096152556e-11,0.9810826591069126,0.0,True,3.5342917352885186,True,True,3.6024403270014096,Computed condition only; no measured restoration or success probability
B_short,3e-05,2e-05,0.05,0,1.1052094495921167e-05,1.2807124546356589e-05,5.308658192949065e-11,1.2807124546356587,0.0,True,3.5342917352885186,True,True,2.7596293941671437,Computed condition only; no measured restoration or success probability
B_short,3e-05,2e-05,0.05,20,1.2981048877874841e-05,1.2034760429697362e-05,5.2023281210370757e-11,1.2034760429697362,0.0,True,3.5342917352885186,True,True,2.9367362615438415,Computed condition only; no measured restoration or success probability
B_short,3e-05,2e-05,0.05,40,1.4910003259828515e-05,9.810826591069127e-06,4.3767359380992716e-11,0.9810826591069126,0.0,True,3.5342917352885186,True,True,3.6024403270014096,Computed condition only; no measured restoration or success probability
B_short,3e-05,6e-05,0.001,0,3.000000000000002e-06,1.2807124546356589e-05,8.6127469130775e-12,0.4269041515452196,0.0,True,3.5342917352885186,False,True,8.278888182501431,Computed condition only; no measured restoration or success probability
B_short,3e-05,6e-05,0.001,20,3.5235987755983016e-06,1.2034760429697362e-05,8.278778022557899e-12,0.4011586809899121,0.0,True,3.5342917352885186,False,True,8.810208784631524,Computed condition only; no measured restoration or success probability
B_short,3e-05,6e-05,0.001,40,4.047197551196601e-06,9.810826591069127e-06,6.863565575132961e-12,0.3270275530356376,0.0,True,3.5342917352885186,False,True,10.807320981004228,Computed condition only; no measured restoration or success probability
B_short,3e-05,6e-05,0.01,0,6.463304070095656e-06,1.2807124546356589e-05,2.537955577285386e-11,0.4269041515452196,0.0,True,3.5342917352885186,False,True,8.278888182501431,Computed condition only; no measured restoration or success probability
B_short,3e-05,6e-05,0.01,20,7.591363435902851e-06,1.2034760429697362e-05,2.4643129640827724e-11,0.4011586809899121,0.0,True,3.5342917352885186,False,True,8.810208784631524,Computed condition only; no measured restoration or success probability
B_short,3e-05,6e-05,0.01,40,8.719422801710047e-06,9.810826591069127e-06,2.0586758096152556e-11,0.3270275530356376,0.0,True,3.5342917352885186,False,True,10.807320981004228,Computed condition only; no measured restoration or success probability
B_short,3e-05,6e-05,0.05,0,1.1052094495921167e-05,1.2807124546356589e-05,5.308658192949065e-11,0.4269041515452196,0.0,True,3.5342917352885186,False,True,8.278888182501431,Computed condition only; no measured restoration or success probability
B_short,3e-05,6e-05,0.05,20,1.2981048877874841e-05,1.2034760429697362e-05,5.2023281210370757e-11,0.4011586809899121,0.0,True,3.5342917352885186,False,True,8.810208784631524,Computed condition only; no measured restoration or success probability
B_short,3e-05,6e-05,0.05,40,1.4910003259828515e-05,9.810826591069127e-06,4.3767359380992716e-11,0.3270275530356376,0.0,True,3.5342917352885186,False,True,10.807320981004228,Computed condition only; no measured restoration or success probability
B_softened,5e-06,5e-06,0.001,0,5.000000000000004e-07,2.134520757726098e-06,2.392429698077084e-13,0.8538083030904392,0.0,True,0.35342917352885184,True,False,0.4139444091250715,Computed condition only; no measured restoration or success probability
B_softened,5e-06,5e-06,0.001,20,5.87266462599717e-07,2.00579340494956e-06,2.299660561821639e-13,0.802317361979824,0.0,True,0.35342917352885184,True,False,0.4405104392315763,Computed condition only; no measured restoration or success probability
B_softened,5e-06,5e-06,0.001,40,6.745329251994336e-07,1.635137765178188e-06,1.9065459930924896e-13,0.6540551060712751,0.0,True,0.35342917352885184,True,False,0.5403660490502114,Computed condition only; no measured restoration or success probability
B_softened,5e-06,5e-06,0.01,0,1.0772173450159428e-06,2.134520757726098e-06,7.049876603570518e-13,0.8538083030904392,0.0,True,0.35342917352885184,True,False,0.4139444091250715,Computed condition only; no measured restoration or success probability
B_softened,5e-06,5e-06,0.01,20,1.265227239317142e-06,2.00579340494956e-06,6.845313789118813e-13,0.802317361979824,0.0,True,0.35342917352885184,True,False,0.4405104392315763,Computed condition only; no measured restoration or success probability
B_softened,5e-06,5e-06,0.01,40,1.4532371336183415e-06,1.635137765178188e-06,5.718543915597934e-13,0.6540551060712751,0.0,True,0.35342917352885184,True,False,0.5403660490502114,Computed condition only; no measured restoration or success probability
B_softened,5e-06,5e-06,0.05,0,1.842015749320195e-06,2.134520757726098e-06,1.4746272758191849e-12,0.8538083030904392,0.0,True,0.35342917352885184,True,False,0.4139444091250715,Computed condition only; no measured restoration or success probability
B_softened,5e-06,5e-06,0.05,20,2.163508146312474e-06,2.00579340494956e-06,1.4450911447325216e-12,0.802317361979824,0.0,True,0.35342917352885184,True,False,0.4405104392315763,Computed condition only; no measured restoration or success probability
B_softened,5e-06,5e-06,0.05,40,2.485000543304753e-06,1.635137765178188e-06,1.2157599828053539e-12,0.6540551060712751,0.0,True,0.35342917352885184,True,False,0.5403660490502114,Computed condition only; no measured restoration or success probability
B_softened,5e-06,2e-05,0.001,0,5.000000000000004e-07,2.134520757726098e-06,2.392429698077084e-13,0.2134520757726098,0.0,True,0.35342917352885184,True,True,1.655777636500286,Computed condition only; no measured restoration or success probability
B_softened,5e-06,2e-05,0.001,20,5.87266462599717e-07,2.00579340494956e-06,2.299660561821639e-13,0.200579340494956,0.0,True,0.35342917352885184,True,True,1.7620417569263052,Computed condition only; no measured restoration or success probability
B_softened,5e-06,2e-05,0.001,40,6.745329251994336e-07,1.635137765178188e-06,1.9065459930924896e-13,0.1635137765178188,0.0,True,0.35342917352885184,True,True,2.1614641962008454,Computed condition only; no measured restoration or success probability
B_softened,5e-06,2e-05,0.01,0,1.0772173450159428e-06,2.134520757726098e-06,7.049876603570518e-13,0.2134520757726098,0.0,True,0.35342917352885184,True,True,1.655777636500286,Computed condition only; no measured restoration or success probability
B_softened,5e-06,2e-05,0.01,20,1.265227239317142e-06,2.00579340494956e-06,6.845313789118813e-13,0.200579340494956,0.0,True,0.35342917352885184,True,True,1.7620417569263052,Computed condition only; no measured restoration or success probability
B_softened,5e-06,2e-05,0.01,40,1.4532371336183415e-06,1.635137765178188e-06,5.718543915597934e-13,0.1635137765178188,0.0,True,0.35342917352885184,True,True,2.1614641962008454,Computed condition only; no measured restoration or success probability
B_softened,5e-06,2e-05,0.05,0,1.842015749320195e-06,2.134520757726098e-06,1.4746272758191849e-12,0.2134520757726098,0.0,True,0.35342917352885184,True,True,1.655777636500286,Computed condition only; no measured restoration or success probability
B_softened,5e-06,2e-05,0.05,20,2.163508146312474e-06,2.00579340494956e-06,1.4450911447325216e-12,0.200579340494956,0.0,True,0.35342917352885184,True,True,1.7620417569263052,Computed condition only; no measured restoration or success probability
B_softened,5e-06,2e-05,0.05,40,2.485000543304753e-06,1.635137765178188e-06,1.2157599828053539e-12,0.1635137765178188,0.0,True,0.35342917352885184,True,True,2.1614641962008454,Computed condition only; no measured restoration or success probability
B_softened,5e-06,6e-05,0.001,0,5.000000000000004e-07,2.134520757726098e-06,2.392429698077084e-13,0.07115069192420327,0.0,True,0.35342917352885184,False,True,4.967332909500858,Computed condition only; no measured restoration or success probability
B_softened,5e-06,6e-05,0.001,20,5.87266462599717e-07,2.00579340494956e-06,2.299660561821639e-13,0.06685978016498534,0.0,True,0.35342917352885184,False,True,5.286125270778915,Computed condition only; no measured restoration or success probability
B_softened,5e-06,6e-05,0.001,40,6.745329251994336e-07,1.635137765178188e-06,1.9065459930924896e-13,0.05450459217260626,0.0,True,0.35342917352885184,False,True,6.484392588602536,Computed condition only; no measured restoration or success probability
B_softened,5e-06,6e-05,0.01,0,1.0772173450159428e-06,2.134520757726098e-06,7.049876603570518e-13,0.07115069192420327,0.0,True,0.35342917352885184,False,True,4.967332909500858,Computed condition only; no measured restoration or success probability
B_softened,5e-06,6e-05,0.01,20,1.265227239317142e-06,2.00579340494956e-06,6.845313789118813e-13,0.06685978016498534,0.0,True,0.35342917352885184,False,True,5.286125270778915,Computed condition only; no measured restoration or success probability
B_softened,5e-06,6e-05,0.01,40,1.4532371336183415e-06,1.635137765178188e-06,5.718543915597934e-13,0.05450459217260626,0.0,True,0.35342917352885184,False,True,6.484392588602536,Computed condition only; no measured restoration or success probability
B_softened,5e-06,6e-05,0.05,0,1.842015749320195e-06,2.134520757726098e-06,1.4746272758191849e-12,0.07115069192420327,0.0,True,0.35342917352885184,False,True,4.967332909500858,Computed condition only; no measured restoration or success probability
B_softened,5e-06,6e-05,0.05,20,2.163508146312474e-06,2.00579340494956e-06,1.4450911447325216e-12,0.06685978016498534,0.0,True,0.35342917352885184,False,True,5.286125270778915,Computed condition only; no measured restoration or success probability
B_softened,5e-06,6e-05,0.05,40,2.485000543304753e-06,1.635137765178188e-06,1.2157599828053539e-12,0.05450459217260626,0.0,True,0.35342917352885184,False,True,6.484392588602536,Computed condition only; no measured restoration or success probability
B_softened,1.5e-05,5e-06,0.001,0,1.500000000000001e-06,6.403562273178294e-06,2.153186728269375e-12,2.5614249092713175,0.0,True,0.35342917352885184,True,False,0.13798146970835717,Computed condition only; no measured restoration or success probability
B_softened,1.5e-05,5e-06,0.001,20,1.7617993877991508e-06,6.017380214848681e-06,2.0696945056394747e-12,2.4069520859394724,0.0,True,0.35342917352885184,True,False,0.14683681307719207,Computed condition only; no measured restoration or success probability
B_softened,1.5e-05,5e-06,0.001,40,2.0235987755983003e-06,4.9054132955345635e-06,1.7158913937832402e-12,1.9621653182138252,0.0,True,0.35342917352885184,True,False,0.18012201635007047,Computed condition only; no measured restoration or success probability
B_softened,1.5e-05,5e-06,0.01,0,3.231652035047828e-06,6.403562273178294e-06,6.344888943213465e-12,2.5614249092713175,0.0,True,0.35342917352885184,True,False,0.13798146970835717,Computed condition only; no measured restoration or success probability
B_softened,1.5e-05,5e-06,0.01,20,3.7956817179514255e-06,6.017380214848681e-06,6.160782410206931e-12,2.4069520859394724,0.0,True,0.35342917352885184,True,False,0.14683681307719207,Computed condition only; no measured restoration or success probability
B_softened,1.5e-05,5e-06,0.01,40,4.359711400855024e-06,4.9054132955345635e-06,5.146689524038139e-12,1.9621653182138252,0.0,True,0.35342917352885184,True,False,0.18012201635007047,Computed condition only; no measured restoration or success probability
B_softened,1.5e-05,5e-06,0.05,0,5.526047247960584e-06,6.403562273178294e-06,1.3271645482372663e-11,,,False,0.35342917352885184,True,False,,Computed condition only; no measured restoration or success probability
B_softened,1.5e-05,5e-06,0.05,20,6.4905244389374205e-06,6.017380214848681e-06,1.3005820302592689e-11,,,False,0.35342917352885184,True,False,,Computed condition only; no measured restoration or success probability
B_softened,1.5e-05,5e-06,0.05,40,7.455001629914257e-06,4.9054132955345635e-06,1.0941839845248179e-11,,,False,0.35342917352885184,True,False,,Computed condition only; no measured restoration or success probability
B_softened,1.5e-05,2e-05,0.001,0,1.500000000000001e-06,6.403562273178294e-06,2.153186728269375e-12,0.6403562273178294,0.0,True,0.35342917352885184,True,False,0.5519258788334287,Computed condition only; no measured restoration or success probability
B_softened,1.5e-05,2e-05,0.001,20,1.7617993877991508e-06,6.017380214848681e-06,2.0696945056394747e-12,0.6017380214848681,0.0,True,0.35342917352885184,True,False,0.5873472523087683,Computed condition only; no measured restoration or success probability
B_softened,1.5e-05,2e-05,0.001,40,2.0235987755983003e-06,4.9054132955345635e-06,1.7158913937832402e-12,0.4905413295534563,0.0,True,0.35342917352885184,True,False,0.7204880654002819,Computed condition only; no measured restoration or success probability
B_softened,1.5e-05,2e-05,0.01,0,3.231652035047828e-06,6.403562273178294e-06,6.344888943213465e-12,0.6403562273178294,0.0,True,0.35342917352885184,True,False,0.5519258788334287,Computed condition only; no measured restoration or success probability
B_softened,1.5e-05,2e-05,0.01,20,3.7956817179514255e-06,6.017380214848681e-06,6.160782410206931e-12,0.6017380214848681,0.0,True,0.35342917352885184,True,False,0.5873472523087683,Computed condition only; no measured restoration or success probability
B_softened,1.5e-05,2e-05,0.01,40,4.359711400855024e-06,4.9054132955345635e-06,5.146689524038139e-12,0.4905413295534563,0.0,True,0.35342917352885184,True,False,0.7204880654002819,Computed condition only; no measured restoration or success probability
B_softened,1.5e-05,2e-05,0.05,0,5.526047247960584e-06,6.403562273178294e-06,1.3271645482372663e-11,0.6403562273178294,0.0,True,0.35342917352885184,True,False,0.5519258788334287,Computed condition only; no measured restoration or success probability
B_softened,1.5e-05,2e-05,0.05,20,6.4905244389374205e-06,6.017380214848681e-06,1.3005820302592689e-11,0.6017380214848681,0.0,True,0.35342917352885184,True,False,0.5873472523087683,Computed condition only; no measured restoration or success probability
B_softened,1.5e-05,2e-05,0.05,40,7.455001629914257e-06,4.9054132955345635e-06,1.0941839845248179e-11,0.4905413295534563,0.0,True,0.35342917352885184,True,False,0.7204880654002819,Computed condition only; no measured restoration or success probability
B_softened,1.5e-05,6e-05,0.001,0,1.500000000000001e-06,6.403562273178294e-06,2.153186728269375e-12,0.2134520757726098,0.0,True,0.35342917352885184,False,True,1.655777636500286,Computed condition only; no measured restoration or success probability
B_softened,1.5e-05,6e-05,0.001,20,1.7617993877991508e-06,6.017380214848681e-06,2.0696945056394747e-12,0.20057934049495604,0.0,True,0.35342917352885184,False,True,1.7620417569263047,Computed condition only; no measured restoration or success probability
B_softened,1.5e-05,6e-05,0.001,40,2.0235987755983003e-06,4.9054132955345635e-06,1.7158913937832402e-12,0.1635137765178188,0.0,True,0.35342917352885184,False,True,2.1614641962008454,Computed condition only; no measured restoration or success probability
B_softened,1.5e-05,6e-05,0.01,0,3.231652035047828e-06,6.403562273178294e-06,6.344888943213465e-12,0.2134520757726098,0.0,True,0.35342917352885184,False,True,1.655777636500286,Computed condition only; no measured restoration or success probability
B_softened,1.5e-05,6e-05,0.01,20,3.7956817179514255e-06,6.017380214848681e-06,6.160782410206931e-12,0.20057934049495604,0.0,True,0.35342917352885184,False,True,1.7620417569263047,Computed condition only; no measured restoration or success probability
B_softened,1.5e-05,6e-05,0.01,40,4.359711400855024e-06,4.9054132955345635e-06,5.146689524038139e-12,0.1635137765178188,0.0,True,0.35342917352885184,False,True,2.1614641962008454,Computed condition only; no measured restoration or success probability
B_softened,1.5e-05,6e-05,0.05,0,5.526047247960584e-06,6.403562273178294e-06,1.3271645482372663e-11,0.2134520757726098,0.0,True,0.35342917352885184,False,True,1.655777636500286,Computed condition only; no measured restoration or success probability
B_softened,1.5e-05,6e-05,0.05,20,6.4905244389374205e-06,6.017380214848681e-06,1.3005820302592689e-11,0.20057934049495604,0.0,True,0.35342917352885184,False,True,1.7620417569263047,Computed condition only; no measured restoration or success probability
B_softened,1.5e-05,6e-05,0.05,40,7.455001629914257e-06,4.9054132955345635e-06,1.0941839845248179e-11,0.1635137765178188,0.0,True,0.35342917352885184,False,True,2.1614641962008454,Computed condition only; no measured restoration or success probability
B_softened,3e-05,5e-06,0.001,0,3.000000000000002e-06,1.2807124546356589e-05,8.6127469130775e-12,5.122849818542635,0.0,True,0.35342917352885184,True,False,0.06899073485417859,Computed condition only; no measured restoration or success probability
B_softened,3e-05,5e-06,0.001,20,3.5235987755983016e-06,1.2034760429697362e-05,8.278778022557899e-12,4.813904171878945,0.0,True,0.35342917352885184,True,False,0.07341840653859603,Computed condition only; no measured restoration or success probability
B_softened,3e-05,5e-06,0.001,40,4.047197551196601e-06,9.810826591069127e-06,6.863565575132961e-12,3.9243306364276505,0.0,True,0.35342917352885184,True,False,0.09006100817503523,Computed condition only; no measured restoration or success probability
B_softened,3e-05,5e-06,0.01,0,6.463304070095656e-06,1.2807124546356589e-05,2.537955577285386e-11,,,False,0.35342917352885184,True,False,,Computed condition only; no measured restoration or success probability
B_softened,3e-05,5e-06,0.01,20,7.591363435902851e-06,1.2034760429697362e-05,2.4643129640827724e-11,,,False,0.35342917352885184,True,False,,Computed condition only; no measured restoration or success probability
B_softened,3e-05,5e-06,0.01,40,8.719422801710047e-06,9.810826591069127e-06,2.0586758096152556e-11,,,False,0.35342917352885184,True,False,,Computed condition only; no measured restoration or success probability
B_softened,3e-05,5e-06,0.05,0,1.1052094495921167e-05,1.2807124546356589e-05,5.308658192949065e-11,,,False,0.35342917352885184,True,False,,Computed condition only; no measured restoration or success probability
B_softened,3e-05,5e-06,0.05,20,1.2981048877874841e-05,1.2034760429697362e-05,5.2023281210370757e-11,,,False,0.35342917352885184,True,False,,Computed condition only; no measured restoration or success probability
B_softened,3e-05,5e-06,0.05,40,1.4910003259828515e-05,9.810826591069127e-06,4.3767359380992716e-11,,,False,0.35342917352885184,True,False,,Computed condition only; no measured restoration or success probability
B_softened,3e-05,2e-05,0.001,0,3.000000000000002e-06,1.2807124546356589e-05,8.6127469130775e-12,1.2807124546356587,0.0,True,0.35342917352885184,True,False,0.27596293941671435,Computed condition only; no measured restoration or success probability
B_softened,3e-05,2e-05,0.001,20,3.5235987755983016e-06,1.2034760429697362e-05,8.278778022557899e-12,1.2034760429697362,0.0,True,0.35342917352885184,True,False,0.29367362615438414,Computed condition only; no measured restoration or success probability
B_softened,3e-05,2e-05,0.001,40,4.047197551196601e-06,9.810826591069127e-06,6.863565575132961e-12,0.9810826591069126,0.0,True,0.35342917352885184,True,False,0.36024403270014094,Computed condition only; no measured restoration or success probability
B_softened,3e-05,2e-05,0.01,0,6.463304070095656e-06,1.2807124546356589e-05,2.537955577285386e-11,1.2807124546356587,0.0,True,0.35342917352885184,True,False,0.27596293941671435,Computed condition only; no measured restoration or success probability
B_softened,3e-05,2e-05,0.01,20,7.591363435902851e-06,1.2034760429697362e-05,2.4643129640827724e-11,1.2034760429697362,0.0,True,0.35342917352885184,True,False,0.29367362615438414,Computed condition only; no measured restoration or success probability
B_softened,3e-05,2e-05,0.01,40,8.719422801710047e-06,9.810826591069127e-06,2.0586758096152556e-11,0.9810826591069126,0.0,True,0.35342917352885184,True,False,0.36024403270014094,Computed condition only; no measured restoration or success probability
B_softened,3e-05,2e-05,0.05,0,1.1052094495921167e-05,1.2807124546356589e-05,5.308658192949065e-11,1.2807124546356587,0.0,True,0.35342917352885184,True,False,0.27596293941671435,Computed condition only; no measured restoration or success probability
B_softened,3e-05,2e-05,0.05,20,1.2981048877874841e-05,1.2034760429697362e-05,5.2023281210370757e-11,1.2034760429697362,0.0,True,0.35342917352885184,True,False,0.29367362615438414,Computed condition only; no measured restoration or success probability
B_softened,3e-05,2e-05,0.05,40,1.4910003259828515e-05,9.810826591069127e-06,4.3767359380992716e-11,0.9810826591069126,0.0,True,0.35342917352885184,True,False,0.36024403270014094,Computed condition only; no measured restoration or success probability
B_softened,3e-05,6e-05,0.001,0,3.000000000000002e-06,1.2807124546356589e-05,8.6127469130775e-12,0.4269041515452196,0.0,True,0.35342917352885184,False,False,0.827888818250143,Computed condition only; no measured restoration or success probability
B_softened,3e-05,6e-05,0.001,20,3.5235987755983016e-06,1.2034760429697362e-05,8.278778022557899e-12,0.4011586809899121,0.0,True,0.35342917352885184,False,False,0.8810208784631524,Computed condition only; no measured restoration or success probability
B_softened,3e-05,6e-05,0.001,40,4.047197551196601e-06,9.810826591069127e-06,6.863565575132961e-12,0.3270275530356376,0.0,True,0.35342917352885184,False,True,1.0807320981004227,Computed condition only; no measured restoration or success probability
B_softened,3e-05,6e-05,0.01,0,6.463304070095656e-06,1.2807124546356589e-05,2.537955577285386e-11,0.4269041515452196,0.0,True,0.35342917352885184,False,False,0.827888818250143,Computed condition only; no measured restoration or success probability
B_softened,3e-05,6e-05,0.01,20,7.591363435902851e-06,1.2034760429697362e-05,2.4643129640827724e-11,0.4011586809899121,0.0,True,0.35342917352885184,False,False,0.8810208784631524,Computed condition only; no measured restoration or success probability
B_softened,3e-05,6e-05,0.01,40,8.719422801710047e-06,9.810826591069127e-06,2.0586758096152556e-11,0.3270275530356376,0.0,True,0.35342917352885184,False,True,1.0807320981004227,Computed condition only; no measured restoration or success probability
B_softened,3e-05,6e-05,0.05,0,1.1052094495921167e-05,1.2807124546356589e-05,5.308658192949065e-11,0.4269041515452196,0.0,True,0.35342917352885184,False,False,0.827888818250143,Computed condition only; no measured restoration or success probability
B_softened,3e-05,6e-05,0.05,20,1.2981048877874841e-05,1.2034760429697362e-05,5.2023281210370757e-11,0.4011586809899121,0.0,True,0.35342917352885184,False,False,0.8810208784631524,Computed condition only; no measured restoration or success probability
B_softened,3e-05,6e-05,0.05,40,1.4910003259828515e-05,9.810826591069127e-06,4.3767359380992716e-11,0.3270275530356376,0.0,True,0.35342917352885184,False,True,1.0807320981004227,Computed condition only; no measured restoration or success probability
C_long_equal_volume,5e-06,5e-06,0.001,0,5.000000000000004e-07,2.134520757726098e-06,2.392429698077084e-13,0.8538083030904392,0.0,True,0.0006817692390602854,True,False,0.0007985038756270673,Computed condition only; no measured restoration or success probability
C_long_equal_volume,5e-06,5e-06,0.001,20,5.87266462599717e-07,2.00579340494956e-06,2.299660561821639e-13,0.802317361979824,0.0,True,0.0006817692390602854,True,False,0.0008497500756781953,Computed condition only; no measured restoration or success probability
C_long_equal_volume,5e-06,5e-06,0.001,40,6.745329251994336e-07,1.635137765178188e-06,1.9065459930924896e-13,0.6540551060712751,0.0,True,0.0006817692390602854,True,False,0.0010423727798036487,Computed condition only; no measured restoration or success probability
C_long_equal_volume,5e-06,5e-06,0.01,0,1.0772173450159428e-06,2.134520757726098e-06,7.049876603570518e-13,0.8538083030904392,0.0,True,0.0006817692390602854,True,False,0.0007985038756270673,Computed condition only; no measured restoration or success probability
C_long_equal_volume,5e-06,5e-06,0.01,20,1.265227239317142e-06,2.00579340494956e-06,6.845313789118813e-13,0.802317361979824,0.0,True,0.0006817692390602854,True,False,0.0008497500756781953,Computed condition only; no measured restoration or success probability
C_long_equal_volume,5e-06,5e-06,0.01,40,1.4532371336183415e-06,1.635137765178188e-06,5.718543915597934e-13,0.6540551060712751,0.0,True,0.0006817692390602854,True,False,0.0010423727798036487,Computed condition only; no measured restoration or success probability
C_long_equal_volume,5e-06,5e-06,0.05,0,1.842015749320195e-06,2.134520757726098e-06,1.4746272758191849e-12,0.8538083030904392,0.0,True,0.0006817692390602854,True,False,0.0007985038756270673,Computed condition only; no measured restoration or success probability
C_long_equal_volume,5e-06,5e-06,0.05,20,2.163508146312474e-06,2.00579340494956e-06,1.4450911447325216e-12,0.802317361979824,0.0,True,0.0006817692390602854,True,False,0.0008497500756781953,Computed condition only; no measured restoration or success probability
C_long_equal_volume,5e-06,5e-06,0.05,40,2.485000543304753e-06,1.635137765178188e-06,1.2157599828053539e-12,0.6540551060712751,0.0,True,0.0006817692390602854,True,False,0.0010423727798036487,Computed condition only; no measured restoration or success probability
C_long_equal_volume,5e-06,2e-05,0.001,0,5.000000000000004e-07,2.134520757726098e-06,2.392429698077084e-13,0.2134520757726098,0.0,True,0.0006817692390602854,True,False,0.003194015502508269,Computed condition only; no measured restoration or success probability
C_long_equal_volume,5e-06,2e-05,0.001,20,5.87266462599717e-07,2.00579340494956e-06,2.299660561821639e-13,0.200579340494956,0.0,True,0.0006817692390602854,True,False,0.003399000302712781,Computed condition only; no measured restoration or success probability
C_long_equal_volume,5e-06,2e-05,0.001,40,6.745329251994336e-07,1.635137765178188e-06,1.9065459930924896e-13,0.1635137765178188,0.0,True,0.0006817692390602854,True,False,0.004169491119214595,Computed condition only; no measured restoration or success probability
C_long_equal_volume,5e-06,2e-05,0.01,0,1.0772173450159428e-06,2.134520757726098e-06,7.049876603570518e-13,0.2134520757726098,0.0,True,0.0006817692390602854,True,False,0.003194015502508269,Computed condition only; no measured restoration or success probability
C_long_equal_volume,5e-06,2e-05,0.01,20,1.265227239317142e-06,2.00579340494956e-06,6.845313789118813e-13,0.200579340494956,0.0,True,0.0006817692390602854,True,False,0.003399000302712781,Computed condition only; no measured restoration or success probability
C_long_equal_volume,5e-06,2e-05,0.01,40,1.4532371336183415e-06,1.635137765178188e-06,5.718543915597934e-13,0.1635137765178188,0.0,True,0.0006817692390602854,True,False,0.004169491119214595,Computed condition only; no measured restoration or success probability
C_long_equal_volume,5e-06,2e-05,0.05,0,1.842015749320195e-06,2.134520757726098e-06,1.4746272758191849e-12,0.2134520757726098,0.0,True,0.0006817692390602854,True,False,0.003194015502508269,Computed condition only; no measured restoration or success probability
C_long_equal_volume,5e-06,2e-05,0.05,20,2.163508146312474e-06,2.00579340494956e-06,1.4450911447325216e-12,0.200579340494956,0.0,True,0.0006817692390602854,True,False,0.003399000302712781,Computed condition only; no measured restoration or success probability
C_long_equal_volume,5e-06,2e-05,0.05,40,2.485000543304753e-06,1.635137765178188e-06,1.2157599828053539e-12,0.1635137765178188,0.0,True,0.0006817692390602854,True,False,0.004169491119214595,Computed condition only; no measured restoration or success probability
C_long_equal_volume,5e-06,6e-05,0.001,0,5.000000000000004e-07,2.134520757726098e-06,2.392429698077084e-13,0.07115069192420327,0.0,True,0.0006817692390602854,True,False,0.009582046507524805,Computed condition only; no measured restoration or success probability
C_long_equal_volume,5e-06,6e-05,0.001,20,5.87266462599717e-07,2.00579340494956e-06,2.299660561821639e-13,0.06685978016498534,0.0,True,0.0006817692390602854,True,False,0.010197000908138342,Computed condition only; no measured restoration or success probability
C_long_equal_volume,5e-06,6e-05,0.001,40,6.745329251994336e-07,1.635137765178188e-06,1.9065459930924896e-13,0.05450459217260626,0.0,True,0.0006817692390602854,True,False,0.012508473357643785,Computed condition only; no measured restoration or success probability
C_long_equal_volume,5e-06,6e-05,0.01,0,1.0772173450159428e-06,2.134520757726098e-06,7.049876603570518e-13,0.07115069192420327,0.0,True,0.0006817692390602854,True,False,0.009582046507524805,Computed condition only; no measured restoration or success probability
C_long_equal_volume,5e-06,6e-05,0.01,20,1.265227239317142e-06,2.00579340494956e-06,6.845313789118813e-13,0.06685978016498534,0.0,True,0.0006817692390602854,True,False,0.010197000908138342,Computed condition only; no measured restoration or success probability
C_long_equal_volume,5e-06,6e-05,0.01,40,1.4532371336183415e-06,1.635137765178188e-06,5.718543915597934e-13,0.05450459217260626,0.0,True,0.0006817692390602854,True,False,0.012508473357643785,Computed condition only; no measured restoration or success probability
C_long_equal_volume,5e-06,6e-05,0.05,0,1.842015749320195e-06,2.134520757726098e-06,1.4746272758191849e-12,0.07115069192420327,0.0,True,0.0006817692390602854,True,False,0.009582046507524805,Computed condition only; no measured restoration or success probability
C_long_equal_volume,5e-06,6e-05,0.05,20,2.163508146312474e-06,2.00579340494956e-06,1.4450911447325216e-12,0.06685978016498534,0.0,True,0.0006817692390602854,True,False,0.010197000908138342,Computed condition only; no measured restoration or success probability
C_long_equal_volume,5e-06,6e-05,0.05,40,2.485000543304753e-06,1.635137765178188e-06,1.2157599828053539e-12,0.05450459217260626,0.0,True,0.0006817692390602854,True,False,0.012508473357643785,Computed condition only; no measured restoration or success probability
C_long_equal_volume,1.5e-05,5e-06,0.001,0,1.500000000000001e-06,6.403562273178294e-06,2.153186728269375e-12,2.5614249092713175,0.0,True,0.0006817692390602854,True,False,0.0002661679585423558,Computed condition only; no measured restoration or success probability
C_long_equal_volume,1.5e-05,5e-06,0.001,20,1.7617993877991508e-06,6.017380214848681e-06,2.0696945056394747e-12,2.4069520859394724,0.0,True,0.0006817692390602854,True,False,0.000283250025226065,Computed condition only; no measured restoration or success probability
C_long_equal_volume,1.5e-05,5e-06,0.001,40,2.0235987755983003e-06,4.9054132955345635e-06,1.7158913937832402e-12,1.9621653182138252,0.0,True,0.0006817692390602854,True,False,0.0003474575932678829,Computed condition only; no measured restoration or success probability
C_long_equal_volume,1.5e-05,5e-06,0.01,0,3.231652035047828e-06,6.403562273178294e-06,6.344888943213465e-12,2.5614249092713175,0.0,True,0.0006817692390602854,True,False,0.0002661679585423558,Computed condition only; no measured restoration or success probability
C_long_equal_volume,1.5e-05,5e-06,0.01,20,3.7956817179514255e-06,6.017380214848681e-06,6.160782410206931e-12,2.4069520859394724,0.0,True,0.0006817692390602854,True,False,0.000283250025226065,Computed condition only; no measured restoration or success probability
C_long_equal_volume,1.5e-05,5e-06,0.01,40,4.359711400855024e-06,4.9054132955345635e-06,5.146689524038139e-12,1.9621653182138252,0.0,True,0.0006817692390602854,True,False,0.0003474575932678829,Computed condition only; no measured restoration or success probability
C_long_equal_volume,1.5e-05,5e-06,0.05,0,5.526047247960584e-06,6.403562273178294e-06,1.3271645482372663e-11,,,False,0.0006817692390602854,True,False,,Computed condition only; no measured restoration or success probability
C_long_equal_volume,1.5e-05,5e-06,0.05,20,6.4905244389374205e-06,6.017380214848681e-06,1.3005820302592689e-11,,,False,0.0006817692390602854,True,False,,Computed condition only; no measured restoration or success probability
C_long_equal_volume,1.5e-05,5e-06,0.05,40,7.455001629914257e-06,4.9054132955345635e-06,1.0941839845248179e-11,,,False,0.0006817692390602854,True,False,,Computed condition only; no measured restoration or success probability
C_long_equal_volume,1.5e-05,2e-05,0.001,0,1.500000000000001e-06,6.403562273178294e-06,2.153186728269375e-12,0.6403562273178294,0.0,True,0.0006817692390602854,True,False,0.001064671834169423,Computed condition only; no measured restoration or success probability
C_long_equal_volume,1.5e-05,2e-05,0.001,20,1.7617993877991508e-06,6.017380214848681e-06,2.0696945056394747e-12,0.6017380214848681,0.0,True,0.0006817692390602854,True,False,0.00113300010090426,Computed condition only; no measured restoration or success probability
C_long_equal_volume,1.5e-05,2e-05,0.001,40,2.0235987755983003e-06,4.9054132955345635e-06,1.7158913937832402e-12,0.4905413295534563,0.0,True,0.0006817692390602854,True,False,0.0013898303730715317,Computed condition only; no measured restoration or success probability
C_long_equal_volume,1.5e-05,2e-05,0.01,0,3.231652035047828e-06,6.403562273178294e-06,6.344888943213465e-12,0.6403562273178294,0.0,True,0.0006817692390602854,True,False,0.001064671834169423,Computed condition only; no measured restoration or success probability
C_long_equal_volume,1.5e-05,2e-05,0.01,20,3.7956817179514255e-06,6.017380214848681e-06,6.160782410206931e-12,0.6017380214848681,0.0,True,0.0006817692390602854,True,False,0.00113300010090426,Computed condition only; no measured restoration or success probability
C_long_equal_volume,1.5e-05,2e-05,0.01,40,4.359711400855024e-06,4.9054132955345635e-06,5.146689524038139e-12,0.4905413295534563,0.0,True,0.0006817692390602854,True,False,0.0013898303730715317,Computed condition only; no measured restoration or success probability
C_long_equal_volume,1.5e-05,2e-05,0.05,0,5.526047247960584e-06,6.403562273178294e-06,1.3271645482372663e-11,0.6403562273178294,0.0,True,0.0006817692390602854,True,False,0.001064671834169423,Computed condition only; no measured restoration or success probability
C_long_equal_volume,1.5e-05,2e-05,0.05,20,6.4905244389374205e-06,6.017380214848681e-06,1.3005820302592689e-11,0.6017380214848681,0.0,True,0.0006817692390602854,True,False,0.00113300010090426,Computed condition only; no measured restoration or success probability
C_long_equal_volume,1.5e-05,2e-05,0.05,40,7.455001629914257e-06,4.9054132955345635e-06,1.0941839845248179e-11,0.4905413295534563,0.0,True,0.0006817692390602854,True,False,0.0013898303730715317,Computed condition only; no measured restoration or success probability
C_long_equal_volume,1.5e-05,6e-05,0.001,0,1.500000000000001e-06,6.403562273178294e-06,2.153186728269375e-12,0.2134520757726098,0.0,True,0.0006817692390602854,True,False,0.003194015502508269,Computed condition only; no measured restoration or success probability
C_long_equal_volume,1.5e-05,6e-05,0.001,20,1.7617993877991508e-06,6.017380214848681e-06,2.0696945056394747e-12,0.20057934049495604,0.0,True,0.0006817692390602854,True,False,0.0033990003027127803,Computed condition only; no measured restoration or success probability
C_long_equal_volume,1.5e-05,6e-05,0.001,40,2.0235987755983003e-06,4.9054132955345635e-06,1.7158913937832402e-12,0.1635137765178188,0.0,True,0.0006817692390602854,True,False,0.004169491119214595,Computed condition only; no measured restoration or success probability
C_long_equal_volume,1.5e-05,6e-05,0.01,0,3.231652035047828e-06,6.403562273178294e-06,6.344888943213465e-12,0.2134520757726098,0.0,True,0.0006817692390602854,True,False,0.003194015502508269,Computed condition only; no measured restoration or success probability
C_long_equal_volume,1.5e-05,6e-05,0.01,20,3.7956817179514255e-06,6.017380214848681e-06,6.160782410206931e-12,0.20057934049495604,0.0,True,0.0006817692390602854,True,False,0.0033990003027127803,Computed condition only; no measured restoration or success probability
C_long_equal_volume,1.5e-05,6e-05,0.01,40,4.359711400855024e-06,4.9054132955345635e-06,5.146689524038139e-12,0.1635137765178188,0.0,True,0.0006817692390602854,True,False,0.004169491119214595,Computed condition only; no measured restoration or success probability
C_long_equal_volume,1.5e-05,6e-05,0.05,0,5.526047247960584e-06,6.403562273178294e-06,1.3271645482372663e-11,0.2134520757726098,0.0,True,0.0006817692390602854,True,False,0.003194015502508269,Computed condition only; no measured restoration or success probability
C_long_equal_volume,1.5e-05,6e-05,0.05,20,6.4905244389374205e-06,6.017380214848681e-06,1.3005820302592689e-11,0.20057934049495604,0.0,True,0.0006817692390602854,True,False,0.0033990003027127803,Computed condition only; no measured restoration or success probability
C_long_equal_volume,1.5e-05,6e-05,0.05,40,7.455001629914257e-06,4.9054132955345635e-06,1.0941839845248179e-11,0.1635137765178188,0.0,True,0.0006817692390602854,True,False,0.004169491119214595,Computed condition only; no measured restoration or success probability
C_long_equal_volume,3e-05,5e-06,0.001,0,3.000000000000002e-06,1.2807124546356589e-05,8.6127469130775e-12,5.122849818542635,0.0,True,0.0006817692390602854,True,False,0.0001330839792711779,Computed condition only; no measured restoration or success probability
C_long_equal_volume,3e-05,5e-06,0.001,20,3.5235987755983016e-06,1.2034760429697362e-05,8.278778022557899e-12,4.813904171878945,0.0,True,0.0006817692390602854,True,False,0.0001416250126130325,Computed condition only; no measured restoration or success probability
C_long_equal_volume,3e-05,5e-06,0.001,40,4.047197551196601e-06,9.810826591069127e-06,6.863565575132961e-12,3.9243306364276505,0.0,True,0.0006817692390602854,True,False,0.00017372879663394146,Computed condition only; no measured restoration or success probability
C_long_equal_volume,3e-05,5e-06,0.01,0,6.463304070095656e-06,1.2807124546356589e-05,2.537955577285386e-11,,,False,0.0006817692390602854,True,False,,Computed condition only; no measured restoration or success probability
C_long_equal_volume,3e-05,5e-06,0.01,20,7.591363435902851e-06,1.2034760429697362e-05,2.4643129640827724e-11,,,False,0.0006817692390602854,True,False,,Computed condition only; no measured restoration or success probability
C_long_equal_volume,3e-05,5e-06,0.01,40,8.719422801710047e-06,9.810826591069127e-06,2.0586758096152556e-11,,,False,0.0006817692390602854,True,False,,Computed condition only; no measured restoration or success probability
C_long_equal_volume,3e-05,5e-06,0.05,0,1.1052094495921167e-05,1.2807124546356589e-05,5.308658192949065e-11,,,False,0.0006817692390602854,True,False,,Computed condition only; no measured restoration or success probability
C_long_equal_volume,3e-05,5e-06,0.05,20,1.2981048877874841e-05,1.2034760429697362e-05,5.2023281210370757e-11,,,False,0.0006817692390602854,True,False,,Computed condition only; no measured restoration or success probability
C_long_equal_volume,3e-05,5e-06,0.05,40,1.4910003259828515e-05,9.810826591069127e-06,4.3767359380992716e-11,,,False,0.0006817692390602854,True,False,,Computed condition only; no measured restoration or success probability
C_long_equal_volume,3e-05,2e-05,0.001,0,3.000000000000002e-06,1.2807124546356589e-05,8.6127469130775e-12,1.2807124546356587,0.0,True,0.0006817692390602854,True,False,0.0005323359170847115,Computed condition only; no measured restoration or success probability
C_long_equal_volume,3e-05,2e-05,0.001,20,3.5235987755983016e-06,1.2034760429697362e-05,8.278778022557899e-12,1.2034760429697362,0.0,True,0.0006817692390602854,True,False,0.00056650005045213,Computed condition only; no measured restoration or success probability
C_long_equal_volume,3e-05,2e-05,0.001,40,4.047197551196601e-06,9.810826591069127e-06,6.863565575132961e-12,0.9810826591069126,0.0,True,0.0006817692390602854,True,False,0.0006949151865357658,Computed condition only; no measured restoration or success probability
C_long_equal_volume,3e-05,2e-05,0.01,0,6.463304070095656e-06,1.2807124546356589e-05,2.537955577285386e-11,1.2807124546356587,0.0,True,0.0006817692390602854,True,False,0.0005323359170847115,Computed condition only; no measured restoration or success probability
C_long_equal_volume,3e-05,2e-05,0.01,20,7.591363435902851e-06,1.2034760429697362e-05,2.4643129640827724e-11,1.2034760429697362,0.0,True,0.0006817692390602854,True,False,0.00056650005045213,Computed condition only; no measured restoration or success probability
C_long_equal_volume,3e-05,2e-05,0.01,40,8.719422801710047e-06,9.810826591069127e-06,2.0586758096152556e-11,0.9810826591069126,0.0,True,0.0006817692390602854,True,False,0.0006949151865357658,Computed condition only; no measured restoration or success probability
C_long_equal_volume,3e-05,2e-05,0.05,0,1.1052094495921167e-05,1.2807124546356589e-05,5.308658192949065e-11,1.2807124546356587,0.0,True,0.0006817692390602854,True,False,0.0005323359170847115,Computed condition only; no measured restoration or success probability
C_long_equal_volume,3e-05,2e-05,0.05,20,1.2981048877874841e-05,1.2034760429697362e-05,5.2023281210370757e-11,1.2034760429697362,0.0,True,0.0006817692390602854,True,False,0.00056650005045213,Computed condition only; no measured restoration or success probability
C_long_equal_volume,3e-05,2e-05,0.05,40,1.4910003259828515e-05,9.810826591069127e-06,4.3767359380992716e-11,0.9810826591069126,0.0,True,0.0006817692390602854,True,False,0.0006949151865357658,Computed condition only; no measured restoration or success probability
C_long_equal_volume,3e-05,6e-05,0.001,0,3.000000000000002e-06,1.2807124546356589e-05,8.6127469130775e-12,0.4269041515452196,0.0,True,0.0006817692390602854,True,False,0.0015970077512541345,Computed condition only; no measured restoration or success probability
C_long_equal_volume,3e-05,6e-05,0.001,20,3.5235987755983016e-06,1.2034760429697362e-05,8.278778022557899e-12,0.4011586809899121,0.0,True,0.0006817692390602854,True,False,0.0016995001513563902,Computed condition only; no measured restoration or success probability
C_long_equal_volume,3e-05,6e-05,0.001,40,4.047197551196601e-06,9.810826591069127e-06,6.863565575132961e-12,0.3270275530356376,0.0,True,0.0006817692390602854,True,False,0.0020847455596072974,Computed condition only; no measured restoration or success probability
C_long_equal_volume,3e-05,6e-05,0.01,0,6.463304070095656e-06,1.2807124546356589e-05,2.537955577285386e-11,0.4269041515452196,0.0,True,0.0006817692390602854,True,False,0.0015970077512541345,Computed condition only; no measured restoration or success probability
C_long_equal_volume,3e-05,6e-05,0.01,20,7.591363435902851e-06,1.2034760429697362e-05,2.4643129640827724e-11,0.4011586809899121,0.0,True,0.0006817692390602854,True,False,0.0016995001513563902,Computed condition only; no measured restoration or success probability
C_long_equal_volume,3e-05,6e-05,0.01,40,8.719422801710047e-06,9.810826591069127e-06,2.0586758096152556e-11,0.3270275530356376,0.0,True,0.0006817692390602854,True,False,0.0020847455596072974,Computed condition only; no measured restoration or success probability
C_long_equal_volume,3e-05,6e-05,0.05,0,1.1052094495921167e-05,1.2807124546356589e-05,5.308658192949065e-11,0.4269041515452196,0.0,True,0.0006817692390602854,True,False,0.0015970077512541345,Computed condition only; no measured restoration or success probability
C_long_equal_volume,3e-05,6e-05,0.05,20,1.2981048877874841e-05,1.2034760429697362e-05,5.2023281210370757e-11,0.4011586809899121,0.0,True,0.0006817692390602854,True,False,0.0016995001513563902,Computed condition only; no measured restoration or success probability
C_long_equal_volume,3e-05,6e-05,0.05,40,1.4910003259828515e-05,9.810826591069127e-06,4.3767359380992716e-11,0.3270275530356376,0.0,True,0.0006817692390602854,True,False,0.0020847455596072974,Computed condition only; no measured restoration or success probability
D_short_equal_volume,5e-06,5e-06,0.001,0,5.000000000000004e-07,2.134520757726098e-06,2.392429698077084e-13,0.8538083030904392,0.0,True,0.6981317007977322,True,False,0.8176679686421169,Computed condition only; no measured restoration or success probability
D_short_equal_volume,5e-06,5e-06,0.001,20,5.87266462599717e-07,2.00579340494956e-06,2.299660561821639e-13,0.802317361979824,0.0,True,0.6981317007977322,True,False,0.870144077494472,Computed condition only; no measured restoration or success probability
D_short_equal_volume,5e-06,5e-06,0.001,40,6.745329251994336e-07,1.635137765178188e-06,1.9065459930924896e-13,0.6540551060712751,0.0,True,0.6981317007977322,True,True,1.0673897265189363,Computed condition only; no measured restoration or success probability
D_short_equal_volume,5e-06,5e-06,0.01,0,1.0772173450159428e-06,2.134520757726098e-06,7.049876603570518e-13,0.8538083030904392,0.0,True,0.6981317007977322,True,False,0.8176679686421169,Computed condition only; no measured restoration or success probability
D_short_equal_volume,5e-06,5e-06,0.01,20,1.265227239317142e-06,2.00579340494956e-06,6.845313789118813e-13,0.802317361979824,0.0,True,0.6981317007977322,True,False,0.870144077494472,Computed condition only; no measured restoration or success probability
D_short_equal_volume,5e-06,5e-06,0.01,40,1.4532371336183415e-06,1.635137765178188e-06,5.718543915597934e-13,0.6540551060712751,0.0,True,0.6981317007977322,True,True,1.0673897265189363,Computed condition only; no measured restoration or success probability
D_short_equal_volume,5e-06,5e-06,0.05,0,1.842015749320195e-06,2.134520757726098e-06,1.4746272758191849e-12,0.8538083030904392,0.0,True,0.6981317007977322,True,False,0.8176679686421169,Computed condition only; no measured restoration or success probability
D_short_equal_volume,5e-06,5e-06,0.05,20,2.163508146312474e-06,2.00579340494956e-06,1.4450911447325216e-12,0.802317361979824,0.0,True,0.6981317007977322,True,False,0.870144077494472,Computed condition only; no measured restoration or success probability
D_short_equal_volume,5e-06,5e-06,0.05,40,2.485000543304753e-06,1.635137765178188e-06,1.2157599828053539e-12,0.6540551060712751,0.0,True,0.6981317007977322,True,True,1.0673897265189363,Computed condition only; no measured restoration or success probability
D_short_equal_volume,5e-06,2e-05,0.001,0,5.000000000000004e-07,2.134520757726098e-06,2.392429698077084e-13,0.2134520757726098,0.0,True,0.6981317007977322,True,True,3.2706718745684675,Computed condition only; no measured restoration or success probability
D_short_equal_volume,5e-06,2e-05,0.001,20,5.87266462599717e-07,2.00579340494956e-06,2.299660561821639e-13,0.200579340494956,0.0,True,0.6981317007977322,True,True,3.480576309977888,Computed condition only; no measured restoration or success probability
D_short_equal_volume,5e-06,2e-05,0.001,40,6.745329251994336e-07,1.635137765178188e-06,1.9065459930924896e-13,0.1635137765178188,0.0,True,0.6981317007977322,True,True,4.269558906075745,Computed condition only; no measured restoration or success probability
D_short_equal_volume,5e-06,2e-05,0.01,0,1.0772173450159428e-06,2.134520757726098e-06,7.049876603570518e-13,0.2134520757726098,0.0,True,0.6981317007977322,True,True,3.2706718745684675,Computed condition only; no measured restoration or success probability
D_short_equal_volume,5e-06,2e-05,0.01,20,1.265227239317142e-06,2.00579340494956e-06,6.845313789118813e-13,0.200579340494956,0.0,True,0.6981317007977322,True,True,3.480576309977888,Computed condition only; no measured restoration or success probability
D_short_equal_volume,5e-06,2e-05,0.01,40,1.4532371336183415e-06,1.635137765178188e-06,5.718543915597934e-13,0.1635137765178188,0.0,True,0.6981317007977322,True,True,4.269558906075745,Computed condition only; no measured restoration or success probability
D_short_equal_volume,5e-06,2e-05,0.05,0,1.842015749320195e-06,2.134520757726098e-06,1.4746272758191849e-12,0.2134520757726098,0.0,True,0.6981317007977322,True,True,3.2706718745684675,Computed condition only; no measured restoration or success probability
D_short_equal_volume,5e-06,2e-05,0.05,20,2.163508146312474e-06,2.00579340494956e-06,1.4450911447325216e-12,0.200579340494956,0.0,True,0.6981317007977322,True,True,3.480576309977888,Computed condition only; no measured restoration or success probability
D_short_equal_volume,5e-06,2e-05,0.05,40,2.485000543304753e-06,1.635137765178188e-06,1.2157599828053539e-12,0.1635137765178188,0.0,True,0.6981317007977322,True,True,4.269558906075745,Computed condition only; no measured restoration or success probability
D_short_equal_volume,5e-06,6e-05,0.001,0,5.000000000000004e-07,2.134520757726098e-06,2.392429698077084e-13,0.07115069192420327,0.0,True,0.6981317007977322,False,True,9.8120156237054,Computed condition only; no measured restoration or success probability
D_short_equal_volume,5e-06,6e-05,0.001,20,5.87266462599717e-07,2.00579340494956e-06,2.299660561821639e-13,0.06685978016498534,0.0,True,0.6981317007977322,False,True,10.441728929933662,Computed condition only; no measured restoration or success probability
D_short_equal_volume,5e-06,6e-05,0.001,40,6.745329251994336e-07,1.635137765178188e-06,1.9065459930924896e-13,0.05450459217260626,0.0,True,0.6981317007977322,False,True,12.808676718227236,Computed condition only; no measured restoration or success probability
D_short_equal_volume,5e-06,6e-05,0.01,0,1.0772173450159428e-06,2.134520757726098e-06,7.049876603570518e-13,0.07115069192420327,0.0,True,0.6981317007977322,False,True,9.8120156237054,Computed condition only; no measured restoration or success probability
D_short_equal_volume,5e-06,6e-05,0.01,20,1.265227239317142e-06,2.00579340494956e-06,6.845313789118813e-13,0.06685978016498534,0.0,True,0.6981317007977322,False,True,10.441728929933662,Computed condition only; no measured restoration or success probability
D_short_equal_volume,5e-06,6e-05,0.01,40,1.4532371336183415e-06,1.635137765178188e-06,5.718543915597934e-13,0.05450459217260626,0.0,True,0.6981317007977322,False,True,12.808676718227236,Computed condition only; no measured restoration or success probability
D_short_equal_volume,5e-06,6e-05,0.05,0,1.842015749320195e-06,2.134520757726098e-06,1.4746272758191849e-12,0.07115069192420327,0.0,True,0.6981317007977322,False,True,9.8120156237054,Computed condition only; no measured restoration or success probability
D_short_equal_volume,5e-06,6e-05,0.05,20,2.163508146312474e-06,2.00579340494956e-06,1.4450911447325216e-12,0.06685978016498534,0.0,True,0.6981317007977322,False,True,10.441728929933662,Computed condition only; no measured restoration or success probability
D_short_equal_volume,5e-06,6e-05,0.05,40,2.485000543304753e-06,1.635137765178188e-06,1.2157599828053539e-12,0.05450459217260626,0.0,True,0.6981317007977322,False,True,12.808676718227236,Computed condition only; no measured restoration or success probability
D_short_equal_volume,1.5e-05,5e-06,0.001,0,1.500000000000001e-06,6.403562273178294e-06,2.153186728269375e-12,2.5614249092713175,0.0,True,0.6981317007977322,True,False,0.2725559895473723,Computed condition only; no measured restoration or success probability
D_short_equal_volume,1.5e-05,5e-06,0.001,20,1.7617993877991508e-06,6.017380214848681e-06,2.0696945056394747e-12,2.4069520859394724,0.0,True,0.6981317007977322,True,False,0.2900480258314906,Computed condition only; no measured restoration or success probability
D_short_equal_volume,1.5e-05,5e-06,0.001,40,2.0235987755983003e-06,4.9054132955345635e-06,1.7158913937832402e-12,1.9621653182138252,0.0,True,0.6981317007977322,True,False,0.3557965755063121,Computed condition only; no measured restoration or success probability
D_short_equal_volume,1.5e-05,5e-06,0.01,0,3.231652035047828e-06,6.403562273178294e-06,6.344888943213465e-12,2.5614249092713175,0.0,True,0.6981317007977322,True,False,0.2725559895473723,Computed condition only; no measured restoration or success probability
D_short_equal_volume,1.5e-05,5e-06,0.01,20,3.7956817179514255e-06,6.017380214848681e-06,6.160782410206931e-12,2.4069520859394724,0.0,True,0.6981317007977322,True,False,0.2900480258314906,Computed condition only; no measured restoration or success probability
D_short_equal_volume,1.5e-05,5e-06,0.01,40,4.359711400855024e-06,4.9054132955345635e-06,5.146689524038139e-12,1.9621653182138252,0.0,True,0.6981317007977322,True,False,0.3557965755063121,Computed condition only; no measured restoration or success probability
D_short_equal_volume,1.5e-05,5e-06,0.05,0,5.526047247960584e-06,6.403562273178294e-06,1.3271645482372663e-11,,,False,0.6981317007977322,True,False,,Computed condition only; no measured restoration or success probability
D_short_equal_volume,1.5e-05,5e-06,0.05,20,6.4905244389374205e-06,6.017380214848681e-06,1.3005820302592689e-11,,,False,0.6981317007977322,True,False,,Computed condition only; no measured restoration or success probability
D_short_equal_volume,1.5e-05,5e-06,0.05,40,7.455001629914257e-06,4.9054132955345635e-06,1.0941839845248179e-11,,,False,0.6981317007977322,True,False,,Computed condition only; no measured restoration or success probability
D_short_equal_volume,1.5e-05,2e-05,0.001,0,1.500000000000001e-06,6.403562273178294e-06,2.153186728269375e-12,0.6403562273178294,0.0,True,0.6981317007977322,True,True,1.0902239581894893,Computed condition only; no measured restoration or success probability
D_short_equal_volume,1.5e-05,2e-05,0.001,20,1.7617993877991508e-06,6.017380214848681e-06,2.0696945056394747e-12,0.6017380214848681,0.0,True,0.6981317007977322,True,True,1.1601921033259623,Computed condition only; no measured restoration or success probability
D_short_equal_volume,1.5e-05,2e-05,0.001,40,2.0235987755983003e-06,4.9054132955345635e-06,1.7158913937832402e-12,0.4905413295534563,0.0,True,0.6981317007977322,True,True,1.4231863020252484,Computed condition only; no measured restoration or success probability
D_short_equal_volume,1.5e-05,2e-05,0.01,0,3.231652035047828e-06,6.403562273178294e-06,6.344888943213465e-12,0.6403562273178294,0.0,True,0.6981317007977322,True,True,1.0902239581894893,Computed condition only; no measured restoration or success probability
D_short_equal_volume,1.5e-05,2e-05,0.01,20,3.7956817179514255e-06,6.017380214848681e-06,6.160782410206931e-12,0.6017380214848681,0.0,True,0.6981317007977322,True,True,1.1601921033259623,Computed condition only; no measured restoration or success probability
D_short_equal_volume,1.5e-05,2e-05,0.01,40,4.359711400855024e-06,4.9054132955345635e-06,5.146689524038139e-12,0.4905413295534563,0.0,True,0.6981317007977322,True,True,1.4231863020252484,Computed condition only; no measured restoration or success probability
D_short_equal_volume,1.5e-05,2e-05,0.05,0,5.526047247960584e-06,6.403562273178294e-06,1.3271645482372663e-11,0.6403562273178294,0.0,True,0.6981317007977322,True,True,1.0902239581894893,Computed condition only; no measured restoration or success probability
D_short_equal_volume,1.5e-05,2e-05,0.05,20,6.4905244389374205e-06,6.017380214848681e-06,1.3005820302592689e-11,0.6017380214848681,0.0,True,0.6981317007977322,True,True,1.1601921033259623,Computed condition only; no measured restoration or success probability
D_short_equal_volume,1.5e-05,2e-05,0.05,40,7.455001629914257e-06,4.9054132955345635e-06,1.0941839845248179e-11,0.4905413295534563,0.0,True,0.6981317007977322,True,True,1.4231863020252484,Computed condition only; no measured restoration or success probability
D_short_equal_volume,1.5e-05,6e-05,0.001,0,1.500000000000001e-06,6.403562273178294e-06,2.153186728269375e-12,0.2134520757726098,0.0,True,0.6981317007977322,False,True,3.2706718745684675,Computed condition only; no measured restoration or success probability
D_short_equal_volume,1.5e-05,6e-05,0.001,20,1.7617993877991508e-06,6.017380214848681e-06,2.0696945056394747e-12,0.20057934049495604,0.0,True,0.6981317007977322,False,True,3.480576309977887,Computed condition only; no measured restoration or success probability
D_short_equal_volume,1.5e-05,6e-05,0.001,40,2.0235987755983003e-06,4.9054132955345635e-06,1.7158913937832402e-12,0.1635137765178188,0.0,True,0.6981317007977322,False,True,4.269558906075745,Computed condition only; no measured restoration or success probability
D_short_equal_volume,1.5e-05,6e-05,0.01,0,3.231652035047828e-06,6.403562273178294e-06,6.344888943213465e-12,0.2134520757726098,0.0,True,0.6981317007977322,False,True,3.2706718745684675,Computed condition only; no measured restoration or success probability
D_short_equal_volume,1.5e-05,6e-05,0.01,20,3.7956817179514255e-06,6.017380214848681e-06,6.160782410206931e-12,0.20057934049495604,0.0,True,0.6981317007977322,False,True,3.480576309977887,Computed condition only; no measured restoration or success probability
D_short_equal_volume,1.5e-05,6e-05,0.01,40,4.359711400855024e-06,4.9054132955345635e-06,5.146689524038139e-12,0.1635137765178188,0.0,True,0.6981317007977322,False,True,4.269558906075745,Computed condition only; no measured restoration or success probability
D_short_equal_volume,1.5e-05,6e-05,0.05,0,5.526047247960584e-06,6.403562273178294e-06,1.3271645482372663e-11,0.2134520757726098,0.0,True,0.6981317007977322,False,True,3.2706718745684675,Computed condition only; no measured restoration or success probability
D_short_equal_volume,1.5e-05,6e-05,0.05,20,6.4905244389374205e-06,6.017380214848681e-06,1.3005820302592689e-11,0.20057934049495604,0.0,True,0.6981317007977322,False,True,3.480576309977887,Computed condition only; no measured restoration or success probability
D_short_equal_volume,1.5e-05,6e-05,0.05,40,7.455001629914257e-06,4.9054132955345635e-06,1.0941839845248179e-11,0.1635137765178188,0.0,True,0.6981317007977322,False,True,4.269558906075745,Computed condition only; no measured restoration or success probability
D_short_equal_volume,3e-05,5e-06,0.001,0,3.000000000000002e-06,1.2807124546356589e-05,8.6127469130775e-12,5.122849818542635,0.0,True,0.6981317007977322,True,False,0.13627799477368616,Computed condition only; no measured restoration or success probability
D_short_equal_volume,3e-05,5e-06,0.001,20,3.5235987755983016e-06,1.2034760429697362e-05,8.278778022557899e-12,4.813904171878945,0.0,True,0.6981317007977322,True,False,0.1450240129157453,Computed condition only; no measured restoration or success probability
D_short_equal_volume,3e-05,5e-06,0.001,40,4.047197551196601e-06,9.810826591069127e-06,6.863565575132961e-12,3.9243306364276505,0.0,True,0.6981317007977322,True,False,0.17789828775315605,Computed condition only; no measured restoration or success probability
D_short_equal_volume,3e-05,5e-06,0.01,0,6.463304070095656e-06,1.2807124546356589e-05,2.537955577285386e-11,,,False,0.6981317007977322,True,False,,Computed condition only; no measured restoration or success probability
D_short_equal_volume,3e-05,5e-06,0.01,20,7.591363435902851e-06,1.2034760429697362e-05,2.4643129640827724e-11,,,False,0.6981317007977322,True,False,,Computed condition only; no measured restoration or success probability
D_short_equal_volume,3e-05,5e-06,0.01,40,8.719422801710047e-06,9.810826591069127e-06,2.0586758096152556e-11,,,False,0.6981317007977322,True,False,,Computed condition only; no measured restoration or success probability
D_short_equal_volume,3e-05,5e-06,0.05,0,1.1052094495921167e-05,1.2807124546356589e-05,5.308658192949065e-11,,,False,0.6981317007977322,True,False,,Computed condition only; no measured restoration or success probability
D_short_equal_volume,3e-05,5e-06,0.05,20,1.2981048877874841e-05,1.2034760429697362e-05,5.2023281210370757e-11,,,False,0.6981317007977322,True,False,,Computed condition only; no measured restoration or success probability
D_short_equal_volume,3e-05,5e-06,0.05,40,1.4910003259828515e-05,9.810826591069127e-06,4.3767359380992716e-11,,,False,0.6981317007977322,True,False,,Computed condition only; no measured restoration or success probability
D_short_equal_volume,3e-05,2e-05,0.001,0,3.000000000000002e-06,1.2807124546356589e-05,8.6127469130775e-12,1.2807124546356587,0.0,True,0.6981317007977322,True,False,0.5451119790947446,Computed condition only; no measured restoration or success probability
D_short_equal_volume,3e-05,2e-05,0.001,20,3.5235987755983016e-06,1.2034760429697362e-05,8.278778022557899e-12,1.2034760429697362,0.0,True,0.6981317007977322,True,False,0.5800960516629812,Computed condition only; no measured restoration or success probability
D_short_equal_volume,3e-05,2e-05,0.001,40,4.047197551196601e-06,9.810826591069127e-06,6.863565575132961e-12,0.9810826591069126,0.0,True,0.6981317007977322,True,False,0.7115931510126242,Computed condition only; no measured restoration or success probability
D_short_equal_volume,3e-05,2e-05,0.01,0,6.463304070095656e-06,1.2807124546356589e-05,2.537955577285386e-11,1.2807124546356587,0.0,True,0.6981317007977322,True,False,0.5451119790947446,Computed condition only; no measured restoration or success probability
D_short_equal_volume,3e-05,2e-05,0.01,20,7.591363435902851e-06,1.2034760429697362e-05,2.4643129640827724e-11,1.2034760429697362,0.0,True,0.6981317007977322,True,False,0.5800960516629812,Computed condition only; no measured restoration or success probability
D_short_equal_volume,3e-05,2e-05,0.01,40,8.719422801710047e-06,9.810826591069127e-06,2.0586758096152556e-11,0.9810826591069126,0.0,True,0.6981317007977322,True,False,0.7115931510126242,Computed condition only; no measured restoration or success probability
D_short_equal_volume,3e-05,2e-05,0.05,0,1.1052094495921167e-05,1.2807124546356589e-05,5.308658192949065e-11,1.2807124546356587,0.0,True,0.6981317007977322,True,False,0.5451119790947446,Computed condition only; no measured restoration or success probability
D_short_equal_volume,3e-05,2e-05,0.05,20,1.2981048877874841e-05,1.2034760429697362e-05,5.2023281210370757e-11,1.2034760429697362,0.0,True,0.6981317007977322,True,False,0.5800960516629812,Computed condition only; no measured restoration or success probability
D_short_equal_volume,3e-05,2e-05,0.05,40,1.4910003259828515e-05,9.810826591069127e-06,4.3767359380992716e-11,0.9810826591069126,0.0,True,0.6981317007977322,True,False,0.7115931510126242,Computed condition only; no measured restoration or success probability
D_short_equal_volume,3e-05,6e-05,0.001,0,3.000000000000002e-06,1.2807124546356589e-05,8.6127469130775e-12,0.4269041515452196,0.0,True,0.6981317007977322,False,True,1.6353359372842338,Computed condition only; no measured restoration or success probability
D_short_equal_volume,3e-05,6e-05,0.001,20,3.5235987755983016e-06,1.2034760429697362e-05,8.278778022557899e-12,0.4011586809899121,0.0,True,0.6981317007977322,False,True,1.7402881549889435,Computed condition only; no measured restoration or success probability
D_short_equal_volume,3e-05,6e-05,0.001,40,4.047197551196601e-06,9.810826591069127e-06,6.863565575132961e-12,0.3270275530356376,0.0,True,0.6981317007977322,False,True,2.1347794530378725,Computed condition only; no measured restoration or success probability
D_short_equal_volume,3e-05,6e-05,0.01,0,6.463304070095656e-06,1.2807124546356589e-05,2.537955577285386e-11,0.4269041515452196,0.0,True,0.6981317007977322,False,True,1.6353359372842338,Computed condition only; no measured restoration or success probability
D_short_equal_volume,3e-05,6e-05,0.01,20,7.591363435902851e-06,1.2034760429697362e-05,2.4643129640827724e-11,0.4011586809899121,0.0,True,0.6981317007977322,False,True,1.7402881549889435,Computed condition only; no measured restoration or success probability
D_short_equal_volume,3e-05,6e-05,0.01,40,8.719422801710047e-06,9.810826591069127e-06,2.0586758096152556e-11,0.3270275530356376,0.0,True,0.6981317007977322,False,True,2.1347794530378725,Computed condition only; no measured restoration or success probability
D_short_equal_volume,3e-05,6e-05,0.05,0,1.1052094495921167e-05,1.2807124546356589e-05,5.308658192949065e-11,0.4269041515452196,0.0,True,0.6981317007977322,False,True,1.6353359372842338,Computed condition only; no measured restoration or success probability
D_short_equal_volume,3e-05,6e-05,0.05,20,1.2981048877874841e-05,1.2034760429697362e-05,5.2023281210370757e-11,0.4011586809899121,0.0,True,0.6981317007977322,False,True,1.7402881549889435,Computed condition only; no measured restoration or success probability
D_short_equal_volume,3e-05,6e-05,0.05,40,1.4910003259828515e-05,9.810826591069127e-06,4.3767359380992716e-11,0.3270275530356376,0.0,True,0.6981317007977322,False,True,2.1347794530378725,Computed condition only; no measured restoration or success probability
