a,N_over_V,x_over_L,r_um,surface_normal_MPa,bending_MPa,centerline_shear_MPa
0,0,0.0,13.662601021279464,14.977220198158957,14.977220198158957,0.22736420441699334
0,0,0.005,13.662601021279464,14.827447996177368,14.827447996177368,0.22736420441699334
0,0,0.01,13.662601021279464,14.677675794195777,14.677675794195777,0.22736420441699334
0,0,0.015,13.662601021279464,14.527903592214187,14.527903592214187,0.22736420441699334
0,0,0.02,13.662601021279464,14.378131390232598,14.378131390232598,0.22736420441699334
0,0,0.025,13.662601021279464,14.228359188251009,14.228359188251009,0.22736420441699334
0,0,0.03,13.662601021279464,14.078586986269418,14.078586986269418,0.22736420441699334
0,0,0.035,13.662601021279464,13.928814784287828,13.928814784287828,0.22736420441699334
0,0,0.04,13.662601021279464,13.779042582306241,13.779042582306241,0.22736420441699334
0,0,0.045,13.662601021279464,13.629270380324652,13.629270380324652,0.22736420441699334
0,0,0.05,13.662601021279464,13.47949817834306,13.47949817834306,0.22736420441699334
0,0,0.055,13.662601021279464,13.329725976361471,13.329725976361471,0.22736420441699334
0,0,0.06,13.662601021279464,13.179953774379882,13.179953774379882,0.22736420441699334
0,0,0.065,13.662601021279464,13.030181572398291,13.030181572398291,0.22736420441699334
0,0,0.07,13.662601021279464,12.880409370416702,12.880409370416702,0.22736420441699334
0,0,0.075,13.662601021279464,12.730637168435113,12.730637168435113,0.22736420441699334
0,0,0.08,13.662601021279464,12.580864966453522,12.580864966453522,0.22736420441699334
0,0,0.085,13.662601021279464,12.431092764471932,12.431092764471932,0.22736420441699334
0,0,0.09,13.662601021279464,12.281320562490343,12.281320562490343,0.22736420441699334
0,0,0.095,13.662601021279464,12.131548360508756,12.131548360508756,0.22736420441699334
0,0,0.1,13.662601021279464,11.981776158527166,11.981776158527166,0.22736420441699334
0,0,0.105,13.662601021279464,11.832003956545577,11.832003956545577,0.22736420441699334
0,0,0.11,13.662601021279464,11.682231754563986,11.682231754563986,0.22736420441699334
0,0,0.115,13.662601021279464,11.532459552582397,11.532459552582397,0.22736420441699334
0,0,0.12,13.662601021279464,11.382687350600808,11.382687350600808,0.22736420441699334
0,0,0.125,13.662601021279464,11.232915148619217,11.232915148619217,0.22736420441699334
0,0,0.13,13.662601021279464,11.083142946637627,11.083142946637627,0.22736420441699334
0,0,0.135,13.662601021279464,10.933370744656038,10.933370744656038,0.22736420441699334
0,0,0.14,13.662601021279464,10.783598542674449,10.783598542674449,0.22736420441699334
0,0,0.145,13.662601021279464,10.633826340692858,10.633826340692858,0.22736420441699334
0,0,0.15,13.662601021279464,10.484054138711269,10.484054138711269,0.22736420441699334
0,0,0.155,13.662601021279464,10.33428193672968,10.33428193672968,0.22736420441699334
0,0,0.16,13.662601021279464,10.18450973474809,10.18450973474809,0.22736420441699334
0,0,0.165,13.662601021279464,10.0347375327665,10.0347375327665,0.22736420441699334
0,0,0.17,13.662601021279464,9.88496533078491,9.88496533078491,0.22736420441699334
0,0,0.175,13.662601021279464,9.735193128803322,9.735193128803322,0.22736420441699334
0,0,0.18,13.662601021279464,9.585420926821733,9.585420926821733,0.22736420441699334
0,0,0.185,13.662601021279464,9.435648724840142,9.435648724840142,0.22736420441699334
0,0,0.19,13.662601021279464,9.285876522858553,9.285876522858553,0.22736420441699334
0,0,0.195,13.662601021279464,9.136104320876964,9.136104320876964,0.22736420441699334
0,0,0.2,13.662601021279464,8.986332118895374,8.986332118895374,0.22736420441699334
0,0,0.205,13.662601021279464,8.836559916913785,8.836559916913785,0.22736420441699334
0,0,0.21,13.662601021279464,8.686787714932196,8.686787714932196,0.22736420441699334
0,0,0.215,13.662601021279464,8.537015512950607,8.537015512950607,0.22736420441699334
0,0,0.22,13.662601021279464,8.387243310969017,8.387243310969017,0.22736420441699334
0,0,0.225,13.662601021279464,8.237471108987426,8.237471108987426,0.22736420441699334
0,0,0.23,13.662601021279464,8.087698907005837,8.087698907005837,0.22736420441699334
0,0,0.235,13.662601021279464,7.937926705024248,7.937926705024248,0.22736420441699334
0,0,0.24,13.662601021279464,7.788154503042659,7.788154503042659,0.22736420441699334
0,0,0.245,13.662601021279464,7.638382301061068,7.638382301061068,0.22736420441699334
0,0,0.25,13.662601021279464,7.488610099079478,7.488610099079478,0.22736420441699334
0,0,0.255,13.662601021279464,7.338837897097888,7.338837897097888,0.22736420441699334
0,0,0.26,13.662601021279464,7.189065695116299,7.189065695116299,0.22736420441699334
0,0,0.265,13.662601021279464,7.039293493134709,7.039293493134709,0.22736420441699334
0,0,0.27,13.662601021279464,6.88952129115312,6.88952129115312,0.22736420441699334
0,0,0.275,13.662601021279464,6.7397490891715295,6.7397490891715295,0.22736420441699334
0,0,0.28,13.662601021279464,6.58997688718994,6.58997688718994,0.22736420441699334
0,0,0.285,13.662601021279464,6.440204685208351,6.440204685208351,0.22736420441699334
0,0,0.29,13.662601021279464,6.290432483226762,6.290432483226762,0.22736420441699334
0,0,0.295,13.662601021279464,6.140660281245172,6.140660281245172,0.22736420441699334
0,0,0.3,13.662601021279464,5.990888079263583,5.990888079263583,0.22736420441699334
0,0,0.305,13.662601021279464,5.841115877281993,5.841115877281993,0.22736420441699334
0,0,0.31,13.662601021279464,5.691343675300404,5.691343675300404,0.22736420441699334
0,0,0.315,13.662601021279464,5.541571473318814,5.541571473318814,0.22736420441699334
0,0,0.32,13.662601021279464,5.3917992713372245,5.3917992713372245,0.22736420441699334
0,0,0.325,13.662601021279464,5.242027069355634,5.242027069355634,0.22736420441699334
0,0,0.33,13.662601021279464,5.092254867374045,5.092254867374045,0.22736420441699334
0,0,0.335,13.662601021279464,4.942482665392455,4.942482665392455,0.22736420441699334
0,0,0.34,13.662601021279464,4.792710463410866,4.792710463410866,0.22736420441699334
0,0,0.345,13.662601021279464,4.642938261429277,4.642938261429277,0.22736420441699334
0,0,0.35,13.662601021279464,4.493166059447688,4.493166059447688,0.22736420441699334
0,0,0.355,13.662601021279464,4.343393857466098,4.343393857466098,0.22736420441699334
0,0,0.36,13.662601021279464,4.193621655484509,4.193621655484509,0.22736420441699334
0,0,0.365,13.662601021279464,4.043849453502919,4.043849453502919,0.22736420441699334
0,0,0.37,13.662601021279464,3.8940772515213293,3.8940772515213293,0.22736420441699334
0,0,0.375,13.662601021279464,3.744305049539739,3.744305049539739,0.22736420441699334
0,0,0.38,13.662601021279464,3.5945328475581495,3.5945328475581495,0.22736420441699334
0,0,0.385,13.662601021279464,3.44476064557656,3.44476064557656,0.22736420441699334
0,0,0.39,13.662601021279464,3.29498844359497,3.29498844359497,0.22736420441699334
0,0,0.395,13.662601021279464,3.1452162416133804,3.1452162416133804,0.22736420441699334
0,0,0.4,13.662601021279464,2.9954440396317907,2.9954440396317907,0.22736420441699334
0,0,0.405,13.662601021279464,2.8456718376502015,2.8456718376502015,0.22736420441699334
0,0,0.41,13.662601021279464,2.695899635668613,2.695899635668613,0.22736420441699334
0,0,0.415,13.662601021279464,2.5461274336870234,2.5461274336870234,0.22736420441699334
0,0,0.42,13.662601021279464,2.3963552317054337,2.3963552317054337,0.22736420441699334
0,0,0.425,13.662601021279464,2.246583029723844,2.246583029723844,0.22736420441699334
0,0,0.43,13.662601021279464,2.0968108277422544,2.0968108277422544,0.22736420441699334
0,0,0.435,13.662601021279464,1.9470386257606647,1.9470386257606647,0.22736420441699334
0,0,0.44,13.662601021279464,1.7972664237790748,1.7972664237790748,0.22736420441699334
0,0,0.445,13.662601021279464,1.647494221797485,1.647494221797485,0.22736420441699334
0,0,0.45,13.662601021279464,1.4977220198158954,1.4977220198158954,0.22736420441699334
0,0,0.455,13.662601021279464,1.3479498178343057,1.3479498178343057,0.22736420441699334
0,0,0.46,13.662601021279464,1.198177615852716,1.198177615852716,0.22736420441699334
0,0,0.465,13.662601021279464,1.0484054138711263,1.0484054138711263,0.22736420441699334
0,0,0.47,13.662601021279464,0.8986332118895383,0.8986332118895383,0.22736420441699334
0,0,0.475,13.662601021279464,0.7488610099079486,0.7488610099079486,0.22736420441699334
0,0,0.48,13.662601021279464,0.5990888079263589,0.5990888079263589,0.22736420441699334
0,0,0.485,13.662601021279464,0.44931660594476913,0.44931660594476913,0.22736420441699334
0,0,0.49,13.662601021279464,0.29954440396317944,0.29954440396317944,0.22736420441699334
0,0,0.495,13.662601021279464,0.14977220198158972,0.14977220198158972,0.22736420441699334
0,0,0.5,13.662601021279464,0.0,0.0,0.22736420441699334
0,0,0.505,13.662601021279464,0.14977220198158972,0.14977220198158972,0.22736420441699334
0,0,0.51,13.662601021279464,0.29954440396317944,0.29954440396317944,0.22736420441699334
0,0,0.515,13.662601021279464,0.44931660594476913,0.44931660594476913,0.22736420441699334
0,0,0.52,13.662601021279464,0.5990888079263589,0.5990888079263589,0.22736420441699334
0,0,0.525,13.662601021279464,0.7488610099079486,0.7488610099079486,0.22736420441699334
0,0,0.53,13.662601021279464,0.8986332118895383,0.8986332118895383,0.22736420441699334
0,0,0.535,13.662601021279464,1.048405413871128,1.048405413871128,0.22736420441699334
0,0,0.54,13.662601021279464,1.1981776158527178,1.1981776158527178,0.22736420441699334
0,0,0.545,13.662601021279464,1.3479498178343075,1.3479498178343075,0.22736420441699334
0,0,0.55,13.662601021279464,1.4977220198158971,1.4977220198158971,0.22736420441699334
0,0,0.555,13.662601021279464,1.6474942217974868,1.6474942217974868,0.22736420441699334
0,0,0.56,13.662601021279464,1.7972664237790765,1.7972664237790765,0.22736420441699334
0,0,0.565,13.662601021279464,1.9470386257606627,1.9470386257606627,0.22736420441699334
0,0,0.57,13.662601021279464,2.0968108277422526,2.0968108277422526,0.22736420441699334
0,0,0.575,13.662601021279464,2.2465830297238423,2.2465830297238423,0.22736420441699334
0,0,0.58,13.662601021279464,2.396355231705432,2.396355231705432,0.22736420441699334
0,0,0.585,13.662601021279464,2.5461274336870217,2.5461274336870217,0.22736420441699334
0,0,0.59,13.662601021279464,2.6958996356686113,2.6958996356686113,0.22736420441699334
0,0,0.595,13.662601021279464,2.8456718376502015,2.8456718376502015,0.22736420441699334
0,0,0.6,13.662601021279464,2.9954440396317907,2.9954440396317907,0.22736420441699334
0,0,0.605,13.662601021279464,3.1452162416133804,3.1452162416133804,0.22736420441699334
0,0,0.61,13.662601021279464,3.29498844359497,3.29498844359497,0.22736420441699334
0,0,0.615,13.662601021279464,3.44476064557656,3.44476064557656,0.22736420441699334
0,0,0.62,13.662601021279464,3.5945328475581495,3.5945328475581495,0.22736420441699334
0,0,0.625,13.662601021279464,3.744305049539739,3.744305049539739,0.22736420441699334
0,0,0.63,13.662601021279464,3.8940772515213293,3.8940772515213293,0.22736420441699334
0,0,0.635,13.662601021279464,4.043849453502919,4.043849453502919,0.22736420441699334
0,0,0.64,13.662601021279464,4.193621655484509,4.193621655484509,0.22736420441699334
0,0,0.645,13.662601021279464,4.343393857466098,4.343393857466098,0.22736420441699334
0,0,0.65,13.662601021279464,4.493166059447688,4.493166059447688,0.22736420441699334
0,0,0.655,13.662601021279464,4.642938261429277,4.642938261429277,0.22736420441699334
0,0,0.66,13.662601021279464,4.7927104634108675,4.7927104634108675,0.22736420441699334
0,0,0.665,13.662601021279464,4.942482665392457,4.942482665392457,0.22736420441699334
0,0,0.67,13.662601021279464,5.092254867374047,5.092254867374047,0.22736420441699334
0,0,0.675,13.662601021279464,5.242027069355636,5.242027069355636,0.22736420441699334
0,0,0.68,13.662601021279464,5.391799271337226,5.391799271337226,0.22736420441699334
0,0,0.685,13.662601021279464,5.5415714733188155,5.5415714733188155,0.22736420441699334
0,0,0.69,13.662601021279464,5.691343675300403,5.691343675300403,0.22736420441699334
0,0,0.695,13.662601021279464,5.841115877281991,5.841115877281991,0.22736420441699334
0,0,0.7,13.662601021279464,5.9908880792635815,5.9908880792635815,0.22736420441699334
0,0,0.705,13.662601021279464,6.140660281245171,6.140660281245171,0.22736420441699334
0,0,0.71,13.662601021279464,6.290432483226761,6.290432483226761,0.22736420441699334
0,0,0.715,13.662601021279464,6.44020468520835,6.44020468520835,0.22736420441699334
0,0,0.72,13.662601021279464,6.58997688718994,6.58997688718994,0.22736420441699334
0,0,0.725,13.662601021279464,6.7397490891715295,6.7397490891715295,0.22736420441699334
0,0,0.73,13.662601021279464,6.88952129115312,6.88952129115312,0.22736420441699334
0,0,0.735,13.662601021279464,7.039293493134709,7.039293493134709,0.22736420441699334
0,0,0.74,13.662601021279464,7.189065695116299,7.189065695116299,0.22736420441699334
0,0,0.745,13.662601021279464,7.338837897097888,7.338837897097888,0.22736420441699334
0,0,0.75,13.662601021279464,7.488610099079478,7.488610099079478,0.22736420441699334
0,0,0.755,13.662601021279464,7.638382301061068,7.638382301061068,0.22736420441699334
0,0,0.76,13.662601021279464,7.788154503042659,7.788154503042659,0.22736420441699334
0,0,0.765,13.662601021279464,7.937926705024248,7.937926705024248,0.22736420441699334
0,0,0.77,13.662601021279464,8.087698907005837,8.087698907005837,0.22736420441699334
0,0,0.775,13.662601021279464,8.237471108987426,8.237471108987426,0.22736420441699334
0,0,0.78,13.662601021279464,8.387243310969017,8.387243310969017,0.22736420441699334
0,0,0.785,13.662601021279464,8.537015512950607,8.537015512950607,0.22736420441699334
0,0,0.79,13.662601021279464,8.686787714932196,8.686787714932196,0.22736420441699334
0,0,0.795,13.662601021279464,8.836559916913785,8.836559916913785,0.22736420441699334
0,0,0.8,13.662601021279464,8.986332118895376,8.986332118895376,0.22736420441699334
0,0,0.805,13.662601021279464,9.136104320876965,9.136104320876965,0.22736420441699334
0,0,0.81,13.662601021279464,9.285876522858555,9.285876522858555,0.22736420441699334
0,0,0.815,13.662601021279464,9.43564872484014,9.43564872484014,0.22736420441699334
0,0,0.82,13.662601021279464,9.585420926821731,9.585420926821731,0.22736420441699334
0,0,0.825,13.662601021279464,9.73519312880332,9.73519312880332,0.22736420441699334
0,0,0.83,13.662601021279464,9.88496533078491,9.88496533078491,0.22736420441699334
0,0,0.835,13.662601021279464,10.0347375327665,10.0347375327665,0.22736420441699334
0,0,0.84,13.662601021279464,10.18450973474809,10.18450973474809,0.22736420441699334
0,0,0.845,13.662601021279464,10.33428193672968,10.33428193672968,0.22736420441699334
0,0,0.85,13.662601021279464,10.484054138711269,10.484054138711269,0.22736420441699334
0,0,0.855,13.662601021279464,10.633826340692858,10.633826340692858,0.22736420441699334
0,0,0.86,13.662601021279464,10.783598542674449,10.783598542674449,0.22736420441699334
0,0,0.865,13.662601021279464,10.933370744656038,10.933370744656038,0.22736420441699334
0,0,0.87,13.662601021279464,11.083142946637627,11.083142946637627,0.22736420441699334
0,0,0.875,13.662601021279464,11.232915148619217,11.232915148619217,0.22736420441699334
0,0,0.88,13.662601021279464,11.382687350600808,11.382687350600808,0.22736420441699334
0,0,0.885,13.662601021279464,11.532459552582397,11.532459552582397,0.22736420441699334
0,0,0.89,13.662601021279464,11.682231754563986,11.682231754563986,0.22736420441699334
0,0,0.895,13.662601021279464,11.832003956545577,11.832003956545577,0.22736420441699334
0,0,0.9,13.662601021279464,11.981776158527166,11.981776158527166,0.22736420441699334
0,0,0.905,13.662601021279464,12.131548360508756,12.131548360508756,0.22736420441699334
0,0,0.91,13.662601021279464,12.281320562490343,12.281320562490343,0.22736420441699334
0,0,0.915,13.662601021279464,12.431092764471934,12.431092764471934,0.22736420441699334
0,0,0.92,13.662601021279464,12.580864966453523,12.580864966453523,0.22736420441699334
0,0,0.925,13.662601021279464,12.730637168435113,12.730637168435113,0.22736420441699334
0,0,0.93,13.662601021279464,12.880409370416702,12.880409370416702,0.22736420441699334
0,0,0.935,13.662601021279464,13.030181572398293,13.030181572398293,0.22736420441699334
0,0,0.94,13.662601021279464,13.17995377437988,13.17995377437988,0.22736420441699334
0,0,0.945,13.662601021279464,13.32972597636147,13.32972597636147,0.22736420441699334
0,0,0.95,13.662601021279464,13.479498178343059,13.479498178343059,0.22736420441699334
0,0,0.955,13.662601021279464,13.62927038032465,13.62927038032465,0.22736420441699334
0,0,0.96,13.662601021279464,13.77904258230624,13.77904258230624,0.22736420441699334
0,0,0.965,13.662601021279464,13.928814784287828,13.928814784287828,0.22736420441699334
0,0,0.97,13.662601021279464,14.078586986269418,14.078586986269418,0.22736420441699334
0,0,0.975,13.662601021279464,14.228359188251009,14.228359188251009,0.22736420441699334
0,0,0.98,13.662601021279464,14.378131390232598,14.378131390232598,0.22736420441699334
0,0,0.985,13.662601021279464,14.527903592214187,14.527903592214187,0.22736420441699334
0,0,0.99,13.662601021279464,14.677675794195777,14.677675794195777,0.22736420441699334
0,0,0.995,13.662601021279464,14.827447996177368,14.827447996177368,0.22736420441699334
0,0,1.0,13.662601021279464,14.977220198158957,14.977220198158957,0.22736420441699334
0,20,0.0,13.662601021279464,18.387683264413855,14.977220198158957,0.22736420441699334
0,20,0.005,13.662601021279464,18.237911062432268,14.827447996177368,0.22736420441699334
0,20,0.01,13.662601021279464,18.088138860450677,14.677675794195777,0.22736420441699334
0,20,0.015,13.662601021279464,17.93836665846909,14.527903592214187,0.22736420441699334
0,20,0.02,13.662601021279464,17.7885944564875,14.378131390232598,0.22736420441699334
0,20,0.025,13.662601021279464,17.63882225450591,14.228359188251009,0.22736420441699334
0,20,0.03,13.662601021279464,17.489050052524316,14.078586986269418,0.22736420441699334
0,20,0.035,13.662601021279464,17.33927785054273,13.928814784287828,0.22736420441699334
0,20,0.04,13.662601021279464,17.18950564856114,13.779042582306241,0.22736420441699334
0,20,0.045,13.662601021279464,17.039733446579554,13.629270380324652,0.22736420441699334
0,20,0.05,13.662601021279464,16.88996124459796,13.47949817834306,0.22736420441699334
0,20,0.055,13.662601021279464,16.74018904261637,13.329725976361471,0.22736420441699334
0,20,0.06,13.662601021279464,16.590416840634784,13.179953774379882,0.22736420441699334
0,20,0.065,13.662601021279464,16.440644638653193,13.030181572398291,0.22736420441699334
0,20,0.07,13.662601021279464,16.290872436671602,12.880409370416702,0.22736420441699334
0,20,0.075,13.662601021279464,16.141100234690015,12.730637168435113,0.22736420441699334
0,20,0.08,13.662601021279464,15.991328032708424,12.580864966453522,0.22736420441699334
0,20,0.085,13.662601021279464,15.841555830726834,12.431092764471932,0.22736420441699334
0,20,0.09,13.662601021279464,15.691783628745245,12.281320562490343,0.22736420441699334
0,20,0.095,13.662601021279464,15.542011426763656,12.131548360508756,0.22736420441699334
0,20,0.1,13.662601021279464,15.392239224782067,11.981776158527166,0.22736420441699334
0,20,0.105,13.662601021279464,15.242467022800477,11.832003956545577,0.22736420441699334
0,20,0.11,13.662601021279464,15.092694820818886,11.682231754563986,0.22736420441699334
0,20,0.115,13.662601021279464,14.942922618837297,11.532459552582397,0.22736420441699334
0,20,0.12,13.662601021279464,14.793150416855708,11.382687350600808,0.22736420441699334
0,20,0.125,13.662601021279464,14.643378214874117,11.232915148619217,0.22736420441699334
0,20,0.13,13.662601021279464,14.493606012892528,11.083142946637627,0.22736420441699334
0,20,0.135,13.662601021279464,14.343833810910938,10.933370744656038,0.22736420441699334
0,20,0.14,13.662601021279464,14.19406160892935,10.783598542674449,0.22736420441699334
0,20,0.145,13.662601021279464,14.044289406947758,10.633826340692858,0.22736420441699334
0,20,0.15,13.662601021279464,13.894517204966169,10.484054138711269,0.22736420441699334
0,20,0.155,13.662601021279464,13.74474500298458,10.33428193672968,0.22736420441699334
0,20,0.16,13.662601021279464,13.59497280100299,10.18450973474809,0.22736420441699334
0,20,0.165,13.662601021279464,13.4452005990214,10.0347375327665,0.22736420441699334
0,20,0.17,13.662601021279464,13.29542839703981,9.88496533078491,0.22736420441699334
0,20,0.175,13.662601021279464,13.145656195058223,9.735193128803322,0.22736420441699334
0,20,0.18,13.662601021279464,12.995883993076633,9.585420926821733,0.22736420441699334
0,20,0.185,13.662601021279464,12.846111791095042,9.435648724840142,0.22736420441699334
0,20,0.19,13.662601021279464,12.696339589113453,9.285876522858553,0.22736420441699334
0,20,0.195,13.662601021279464,12.546567387131864,9.136104320876964,0.22736420441699334
0,20,0.2,13.662601021279464,12.396795185150275,8.986332118895374,0.22736420441699334
0,20,0.205,13.662601021279464,12.247022983168685,8.836559916913785,0.22736420441699334
0,20,0.21,13.662601021279464,12.097250781187096,8.686787714932196,0.22736420441699334
0,20,0.215,13.662601021279464,11.947478579205507,8.537015512950607,0.22736420441699334
0,20,0.22,13.662601021279464,11.797706377223918,8.387243310969017,0.22736420441699334
0,20,0.225,13.662601021279464,11.647934175242327,8.237471108987426,0.22736420441699334
0,20,0.23,13.662601021279464,11.498161973260737,8.087698907005837,0.22736420441699334
0,20,0.235,13.662601021279464,11.348389771279148,7.937926705024248,0.22736420441699334
0,20,0.24,13.662601021279464,11.198617569297559,7.788154503042659,0.22736420441699334
0,20,0.245,13.662601021279464,11.048845367315968,7.638382301061068,0.22736420441699334
0,20,0.25,13.662601021279464,10.899073165334379,7.488610099079478,0.22736420441699334
0,20,0.255,13.662601021279464,10.749300963352788,7.338837897097888,0.22736420441699334
0,20,0.26,13.662601021279464,10.599528761371198,7.189065695116299,0.22736420441699334
0,20,0.265,13.662601021279464,10.44975655938961,7.039293493134709,0.22736420441699334
0,20,0.27,13.662601021279464,10.29998435740802,6.88952129115312,0.22736420441699334
0,20,0.275,13.662601021279464,10.150212155426429,6.7397490891715295,0.22736420441699334
0,20,0.28,13.662601021279464,10.00043995344484,6.58997688718994,0.22736420441699334
0,20,0.285,13.662601021279464,9.85066775146325,6.440204685208351,0.22736420441699334
0,20,0.29,13.662601021279464,9.700895549481661,6.290432483226762,0.22736420441699334
0,20,0.295,13.662601021279464,9.551123347500074,6.140660281245172,0.22736420441699334
0,20,0.3,13.662601021279464,9.401351145518484,5.990888079263583,0.22736420441699334
0,20,0.305,13.662601021279464,9.251578943536893,5.841115877281993,0.22736420441699334
0,20,0.31,13.662601021279464,9.101806741555304,5.691343675300404,0.22736420441699334
0,20,0.315,13.662601021279464,8.952034539573715,5.541571473318814,0.22736420441699334
0,20,0.32,13.662601021279464,8.802262337592126,5.3917992713372245,0.22736420441699334
0,20,0.325,13.662601021279464,8.652490135610535,5.242027069355634,0.22736420441699334
0,20,0.33,13.662601021279464,8.502717933628945,5.092254867374045,0.22736420441699334
0,20,0.335,13.662601021279464,8.352945731647356,4.942482665392455,0.22736420441699334
0,20,0.34,13.662601021279464,8.203173529665767,4.792710463410866,0.22736420441699334
0,20,0.345,13.662601021279464,8.053401327684178,4.642938261429277,0.22736420441699334
0,20,0.35,13.662601021279464,7.9036291257025875,4.493166059447688,0.22736420441699334
0,20,0.355,13.662601021279464,7.753856923720999,4.343393857466098,0.22736420441699334
0,20,0.36,13.662601021279464,7.60408472173941,4.193621655484509,0.22736420441699334
0,20,0.365,13.662601021279464,7.454312519757819,4.043849453502919,0.22736420441699334
0,20,0.37,13.662601021279464,7.30454031777623,3.8940772515213293,0.22736420441699334
0,20,0.375,13.662601021279464,7.15476811579464,3.744305049539739,0.22736420441699334
0,20,0.38,13.662601021279464,7.00499591381305,3.5945328475581495,0.22736420441699334
0,20,0.385,13.662601021279464,6.85522371183146,3.44476064557656,0.22736420441699334
0,20,0.39,13.662601021279464,6.705451509849871,3.29498844359497,0.22736420441699334
0,20,0.395,13.662601021279464,6.555679307868282,3.1452162416133804,0.22736420441699334
0,20,0.4,13.662601021279464,6.405907105886691,2.9954440396317907,0.22736420441699334
0,20,0.405,13.662601021279464,6.256134903905101,2.8456718376502015,0.22736420441699334
0,20,0.41,13.662601021279464,6.106362701923514,2.695899635668613,0.22736420441699334
0,20,0.415,13.662601021279464,5.956590499941924,2.5461274336870234,0.22736420441699334
0,20,0.42,13.662601021279464,5.8068182979603336,2.3963552317054337,0.22736420441699334
0,20,0.425,13.662601021279464,5.657046095978744,2.246583029723844,0.22736420441699334
0,20,0.43,13.662601021279464,5.507273893997155,2.0968108277422544,0.22736420441699334
0,20,0.435,13.662601021279464,5.357501692015565,1.9470386257606647,0.22736420441699334
0,20,0.44,13.662601021279464,5.207729490033975,1.7972664237790748,0.22736420441699334
0,20,0.445,13.662601021279464,5.0579572880523855,1.647494221797485,0.22736420441699334
0,20,0.45,13.662601021279464,4.908185086070795,1.4977220198158954,0.22736420441699334
0,20,0.455,13.662601021279464,4.758412884089205,1.3479498178343057,0.22736420441699334
0,20,0.46,13.662601021279464,4.608640682107616,1.198177615852716,0.22736420441699334
0,20,0.465,13.662601021279464,4.458868480126027,1.0484054138711263,0.22736420441699334
0,20,0.47,13.662601021279464,4.309096278144438,0.8986332118895383,0.22736420441699334
0,20,0.475,13.662601021279464,4.159324076162848,0.7488610099079486,0.22736420441699334
0,20,0.48,13.662601021279464,4.009551874181259,0.5990888079263589,0.22736420441699334
0,20,0.485,13.662601021279464,3.8597796721996693,0.44931660594476913,0.22736420441699334
0,20,0.49,13.662601021279464,3.7100074702180796,0.29954440396317944,0.22736420441699334
0,20,0.495,13.662601021279464,3.56023526823649,0.14977220198158972,0.22736420441699334
0,20,0.5,13.662601021279464,3.4104630662549003,0.0,0.22736420441699334
0,20,0.505,13.662601021279464,3.56023526823649,0.14977220198158972,0.22736420441699334
0,20,0.51,13.662601021279464,3.7100074702180796,0.29954440396317944,0.22736420441699334
0,20,0.515,13.662601021279464,3.8597796721996693,0.44931660594476913,0.22736420441699334
0,20,0.52,13.662601021279464,4.009551874181259,0.5990888079263589,0.22736420441699334
0,20,0.525,13.662601021279464,4.159324076162848,0.7488610099079486,0.22736420441699334
0,20,0.53,13.662601021279464,4.309096278144438,0.8986332118895383,0.22736420441699334
0,20,0.535,13.662601021279464,4.458868480126028,1.048405413871128,0.22736420441699334
0,20,0.54,13.662601021279464,4.608640682107618,1.1981776158527178,0.22736420441699334
0,20,0.545,13.662601021279464,4.758412884089207,1.3479498178343075,0.22736420441699334
0,20,0.55,13.662601021279464,4.908185086070797,1.4977220198158971,0.22736420441699334
0,20,0.555,13.662601021279464,5.057957288052387,1.6474942217974868,0.22736420441699334
0,20,0.56,13.662601021279464,5.207729490033977,1.7972664237790765,0.22736420441699334
0,20,0.565,13.662601021279464,5.357501692015563,1.9470386257606627,0.22736420441699334
0,20,0.57,13.662601021279464,5.507273893997153,2.0968108277422526,0.22736420441699334
0,20,0.575,13.662601021279464,5.6570460959787425,2.2465830297238423,0.22736420441699334
0,20,0.58,13.662601021279464,5.806818297960332,2.396355231705432,0.22736420441699334
0,20,0.585,13.662601021279464,5.956590499941922,2.5461274336870217,0.22736420441699334
0,20,0.59,13.662601021279464,6.106362701923512,2.6958996356686113,0.22736420441699334
0,20,0.595,13.662601021279464,6.256134903905101,2.8456718376502015,0.22736420441699334
0,20,0.6,13.662601021279464,6.405907105886691,2.9954440396317907,0.22736420441699334
0,20,0.605,13.662601021279464,6.555679307868282,3.1452162416133804,0.22736420441699334
0,20,0.61,13.662601021279464,6.705451509849871,3.29498844359497,0.22736420441699334
0,20,0.615,13.662601021279464,6.85522371183146,3.44476064557656,0.22736420441699334
0,20,0.62,13.662601021279464,7.00499591381305,3.5945328475581495,0.22736420441699334
0,20,0.625,13.662601021279464,7.15476811579464,3.744305049539739,0.22736420441699334
0,20,0.63,13.662601021279464,7.30454031777623,3.8940772515213293,0.22736420441699334
0,20,0.635,13.662601021279464,7.454312519757819,4.043849453502919,0.22736420441699334
0,20,0.64,13.662601021279464,7.60408472173941,4.193621655484509,0.22736420441699334
0,20,0.645,13.662601021279464,7.753856923720999,4.343393857466098,0.22736420441699334
0,20,0.65,13.662601021279464,7.9036291257025875,4.493166059447688,0.22736420441699334
0,20,0.655,13.662601021279464,8.053401327684178,4.642938261429277,0.22736420441699334
0,20,0.66,13.662601021279464,8.203173529665769,4.7927104634108675,0.22736420441699334
0,20,0.665,13.662601021279464,8.352945731647358,4.942482665392457,0.22736420441699334
0,20,0.67,13.662601021279464,8.502717933628947,5.092254867374047,0.22736420441699334
0,20,0.675,13.662601021279464,8.652490135610536,5.242027069355636,0.22736420441699334
0,20,0.68,13.662601021279464,8.802262337592127,5.391799271337226,0.22736420441699334
0,20,0.685,13.662601021279464,8.952034539573717,5.5415714733188155,0.22736420441699334
0,20,0.69,13.662601021279464,9.101806741555304,5.691343675300403,0.22736420441699334
0,20,0.695,13.662601021279464,9.251578943536893,5.841115877281991,0.22736420441699334
0,20,0.7,13.662601021279464,9.401351145518483,5.9908880792635815,0.22736420441699334
0,20,0.705,13.662601021279464,9.55112334750007,6.140660281245171,0.22736420441699334
0,20,0.71,13.662601021279464,9.700895549481661,6.290432483226761,0.22736420441699334
0,20,0.715,13.662601021279464,9.85066775146325,6.44020468520835,0.22736420441699334
0,20,0.72,13.662601021279464,10.00043995344484,6.58997688718994,0.22736420441699334
0,20,0.725,13.662601021279464,10.150212155426429,6.7397490891715295,0.22736420441699334
0,20,0.73,13.662601021279464,10.29998435740802,6.88952129115312,0.22736420441699334
0,20,0.735,13.662601021279464,10.44975655938961,7.039293493134709,0.22736420441699334
0,20,0.74,13.662601021279464,10.599528761371198,7.189065695116299,0.22736420441699334
0,20,0.745,13.662601021279464,10.749300963352788,7.338837897097888,0.22736420441699334
0,20,0.75,13.662601021279464,10.899073165334379,7.488610099079478,0.22736420441699334
0,20,0.755,13.662601021279464,11.048845367315968,7.638382301061068,0.22736420441699334
0,20,0.76,13.662601021279464,11.198617569297559,7.788154503042659,0.22736420441699334
0,20,0.765,13.662601021279464,11.348389771279148,7.937926705024248,0.22736420441699334
0,20,0.77,13.662601021279464,11.498161973260737,8.087698907005837,0.22736420441699334
0,20,0.775,13.662601021279464,11.647934175242327,8.237471108987426,0.22736420441699334
0,20,0.78,13.662601021279464,11.797706377223918,8.387243310969017,0.22736420441699334
0,20,0.785,13.662601021279464,11.947478579205507,8.537015512950607,0.22736420441699334
0,20,0.79,13.662601021279464,12.097250781187096,8.686787714932196,0.22736420441699334
0,20,0.795,13.662601021279464,12.247022983168685,8.836559916913785,0.22736420441699334
0,20,0.8,13.662601021279464,12.396795185150276,8.986332118895376,0.22736420441699334
0,20,0.805,13.662601021279464,12.546567387131866,9.136104320876965,0.22736420441699334
0,20,0.81,13.662601021279464,12.696339589113455,9.285876522858555,0.22736420441699334
0,20,0.815,13.662601021279464,12.84611179109504,9.43564872484014,0.22736420441699334
0,20,0.82,13.662601021279464,12.995883993076632,9.585420926821731,0.22736420441699334
0,20,0.825,13.662601021279464,13.145656195058221,9.73519312880332,0.22736420441699334
0,20,0.83,13.662601021279464,13.29542839703981,9.88496533078491,0.22736420441699334
0,20,0.835,13.662601021279464,13.4452005990214,10.0347375327665,0.22736420441699334
0,20,0.84,13.662601021279464,13.59497280100299,10.18450973474809,0.22736420441699334
0,20,0.845,13.662601021279464,13.74474500298458,10.33428193672968,0.22736420441699334
0,20,0.85,13.662601021279464,13.894517204966169,10.484054138711269,0.22736420441699334
0,20,0.855,13.662601021279464,14.044289406947758,10.633826340692858,0.22736420441699334
0,20,0.86,13.662601021279464,14.19406160892935,10.783598542674449,0.22736420441699334
0,20,0.865,13.662601021279464,14.343833810910938,10.933370744656038,0.22736420441699334
0,20,0.87,13.662601021279464,14.493606012892528,11.083142946637627,0.22736420441699334
0,20,0.875,13.662601021279464,14.643378214874117,11.232915148619217,0.22736420441699334
0,20,0.88,13.662601021279464,14.793150416855708,11.382687350600808,0.22736420441699334
0,20,0.885,13.662601021279464,14.942922618837297,11.532459552582397,0.22736420441699334
0,20,0.89,13.662601021279464,15.092694820818886,11.682231754563986,0.22736420441699334
0,20,0.895,13.662601021279464,15.242467022800477,11.832003956545577,0.22736420441699334
0,20,0.9,13.662601021279464,15.392239224782067,11.981776158527166,0.22736420441699334
0,20,0.905,13.662601021279464,15.542011426763656,12.131548360508756,0.22736420441699334
0,20,0.91,13.662601021279464,15.691783628745245,12.281320562490343,0.22736420441699334
0,20,0.915,13.662601021279464,15.841555830726836,12.431092764471934,0.22736420441699334
0,20,0.92,13.662601021279464,15.991328032708426,12.580864966453523,0.22736420441699334
0,20,0.925,13.662601021279464,16.141100234690015,12.730637168435113,0.22736420441699334
0,20,0.93,13.662601021279464,16.290872436671602,12.880409370416702,0.22736420441699334
0,20,0.935,13.662601021279464,16.440644638653193,13.030181572398293,0.22736420441699334
0,20,0.94,13.662601021279464,16.59041684063478,13.17995377437988,0.22736420441699334
0,20,0.945,13.662601021279464,16.74018904261637,13.32972597636147,0.22736420441699334
0,20,0.95,13.662601021279464,16.88996124459796,13.479498178343059,0.22736420441699334
0,20,0.955,13.662601021279464,17.03973344657955,13.62927038032465,0.22736420441699334
0,20,0.96,13.662601021279464,17.189505648561138,13.77904258230624,0.22736420441699334
0,20,0.965,13.662601021279464,17.33927785054273,13.928814784287828,0.22736420441699334
0,20,0.97,13.662601021279464,17.489050052524316,14.078586986269418,0.22736420441699334
0,20,0.975,13.662601021279464,17.63882225450591,14.228359188251009,0.22736420441699334
0,20,0.98,13.662601021279464,17.7885944564875,14.378131390232598,0.22736420441699334
0,20,0.985,13.662601021279464,17.93836665846909,14.527903592214187,0.22736420441699334
0,20,0.99,13.662601021279464,18.088138860450677,14.677675794195777,0.22736420441699334
0,20,0.995,13.662601021279464,18.237911062432268,14.827447996177368,0.22736420441699334
0,20,1.0,13.662601021279464,18.387683264413855,14.977220198158957,0.22736420441699334
1,0,0.0,20.0,4.774648292756858,4.774648292756858,0.10610329539459688
1,0,0.005,19.801000000000002,4.870854947724817,4.870854947724817,0.10824668778888792
1,0,0.01,19.604,4.968477958620654,4.968477958620654,0.11043315408253891
1,0,0.015,19.409000000000002,5.067498484971197,5.067498484971197,0.11266331969622682
1,0,0.02,19.216,5.167894464839719,5.167894464839719,0.11493780096800935
1,0,0.025,19.025000000000002,5.269640428208194,5.269640428208194,0.11725720368030516
1,0,0.03,18.836000000000002,5.37270730469621,5.37270730469621,0.11962212150266885
1,0,0.035,18.649,5.477062225812573,5.477062225812573,0.12203313434788375
1,0,0.04,18.464000000000002,5.58266832198272,5.58266832198272,0.12449080663899634
1,0,0.045,18.281000000000002,5.689484514645899,5.689484514645899,0.12699568548503262
1,0,0.05,18.1,5.797465303771172,5.797465303771172,0.1295482987632818
1,0,0.055,17.921000000000003,5.906560551200533,5.906560551200533,0.13214915310619826
1,0,0.06,17.744000000000003,6.016715260291236,6.016715260291236,0.13479873179117136
1,0,0.065,17.569,6.127869352397371,6.127869352397371,0.137497492531634
1,0,0.07,17.396,6.239957440803502,6.239957440803502,0.14024586516823997
1,0,0.075,17.225,6.35290860280012,6.35290860280012,0.14304424925912693
1,0,0.08,17.056,6.466646150672371,6.466646150672371,0.14589301156860845
1,0,0.085,16.889,6.581087402459395,6.581087402459395,0.14879248345399831
1,0,0.09,16.724,6.696143453432007,6.696143453432007,0.15174295815067332
1,0,0.095,16.561000000000003,6.811718949330755,6.811718949330755,0.15474468795592136
1,0,0.1,16.400000000000002,6.927711862504692,6.927711862504692,0.15779788131260686
1,0,0.105,16.241000000000003,7.044013272193016,7.044013272193016,0.1609026997942149
1,0,0.11,16.084,7.160507150296851,7.160507150296851,0.16405925499341106
1,0,0.115,15.929,7.277070154096,7.277070154096,0.1672676053168762
1,0,0.12,15.776,7.393571427475581,7.393571427475581,0.17052775268984616
1,0,0.125,15.625,7.5098724123387255,7.5098724123387255,0.17383963917450757
1,0,0.13,15.476000000000003,7.625826671993713,7.625826671993713,0.17720314350716926
1,0,0.135,15.329000000000002,7.74127972841591,7.74127972841591,0.18061807755995052
1,0,0.14,15.184000000000001,7.8560689153957455,7.8560689153957455,0.18408418273359414
1,0,0.145,15.041,7.970023249692746,7.970023249692746,0.1876011262889337
1,0,0.15,14.900000000000002,8.08296332242075,8.08296332242075,0.19116849762550675
1,0,0.155,14.761000000000001,8.194701212989994,8.194701212989994,0.1947858045168202
1,0,0.16,14.624,8.305040428025816,8.305040428025816,0.19845246931282606
1,0,0.165,14.488999999999999,8.413775867770152,8.413775867770152,0.2021678251212633
1,0,0.17,14.356000000000002,8.52069382254854,8.52069382254854,0.20593111198065123
1,0,0.175,14.225000000000001,8.625572001950573,8.625572001950573,0.20974147303888363
1,0,0.18,14.096,8.728179599423559,8.728179599423559,0.2135979507525599
1,0,0.185,13.969000000000001,8.82827739501527,8.82827739501527,0.21749948312340095
1,0,0.19,13.844000000000001,8.925617899020393,8.925617899020393,0.22144489998931605
1,0,0.195,13.721000000000002,9.019945539283778,9.019945539283778,0.22543291938891216
1,0,0.2,13.6,9.110996894890203,9.110996894890203,0.22946214401945694
1,0,0.205,13.481000000000002,9.198500978922162,9.198500978922162,0.23353105780950978
1,0,0.21,13.364,9.282179572892494,9.282179572892494,0.2376380226286117
1,0,0.215,13.249,9.36174761535424,9.36174761535424,0.24178127515756012
1,0,0.22,13.136000000000003,9.436913647055121,9.436913647055121,0.24595892394388114
1,0,0.225,13.025000000000002,9.507380314834618,9.507380314834618,0.25016894666812306
1,0,0.23,12.916000000000002,9.572844936257399,9.572844936257399,0.25440918764753206
1,0,0.235,12.809000000000001,9.633000126734924,9.633000126734924,0.2586773556045024
1,0,0.24,12.704,9.687534490606312,9.687534490606312,0.26297102172791154
1,0,0.245,12.601000000000003,9.736133377328786,9.736133377328786,0.267287618056035
1,0,0.25,12.5,9.778479703566047,9.778479703566047,0.2716244362101681
1,0,0.255,12.401,9.814254841559467,9.814254841559467,0.2759786265083424
1,0,0.26,12.304,9.843139573722071,9.843139573722071,0.28034719748860276
1,0,0.265,12.209,9.864815112908962,9.864815112908962,0.28472701587117155
1,0,0.27,12.116000000000001,9.878964187291805,9.878964187291805,0.2891148069884723
1,0,0.275,12.024999999999999,9.885272188200531,9.885272188200531,0.2935071557113862
1,0,0.28,11.936,9.883428378694871,9.883428378694871,0.2979005078992475
1,0,0.285,11.849000000000002,9.873127159995335,9.873127159995335,0.3022911723999605
1,0,0.29,11.764000000000003,9.854069392240847,9.854069392240847,0.30667532362518873
1,0,0.295,11.681000000000001,9.825963765354151,9.825963765354151,0.31104900472385333
1,0,0.3,11.600000000000003,9.788528215090528,9.788528215090528,0.3154081313751393
1,0,0.305,11.521,9.741491378628083,9.741491378628083,0.3197484962198694
1,0,0.31,11.444000000000003,9.684594083334249,9.684594083334249,0.32406577394642455
1,0,0.315,11.369000000000002,9.617590861622869,9.617590861622869,0.3283555270444157
1,0,0.32,11.296,9.540251484105928,9.540251484105928,0.33261321223598944
1,0,0.325,11.225000000000001,9.452362502554898,9.452362502554898,0.33683418759104367
1,0,0.33,11.155999999999999,9.353728793526559,9.353728793526559,0.34101372032870036
1,0,0.335,11.089,9.244175092888968,9.244175092888968,0.34514699530318455
1,0,0.34,11.024000000000001,9.123547510914694,9.123547510914694,0.3492291241677904
1,0,0.345,10.961000000000002,8.991715017101276,8.991715017101276,0.3532551552059036
1,0,0.35,10.900000000000002,8.848570883444664,8.848570883444664,0.35722008381313647
1,0,0.355,10.841000000000001,8.694034074540095,8.694034074540095,0.36111886360953716
1,0,0.36,10.784,8.528050572627373,8.528050572627373,0.36494641815560946
1,0,0.365,10.729000000000001,8.350594625543403,8.350594625543403,0.36869765324055637
1,0,0.37,10.676000000000002,8.161669905503679,8.161669905503679,0.3723674697058004
1,0,0.375,10.625,7.961310566713655,7.961310566713655,0.3759507767614782
1,0,0.38,10.576000000000002,7.749582190018443,7.749582190018443,0.37944250574831057
1,0,0.385,10.529,7.526582603140135,7.526582603140135,0.38283762429208934
1,0,0.39,10.484000000000002,7.29244256553016,7.29244256553016,0.38613115079302135
1,0,0.395,10.441,7.047326307482595,7.047326307482595,0.3893181691874381
1,0,0.4,10.4,6.791431913912236,6.791431913912236,0.3923938439149294
1,0,0.405,10.361,6.524991544098313,6.524991544098313,0.3953534350198985
1,0,0.41,10.324000000000002,6.248271479725689,6.248271479725689,0.39819231331288896
1,0,0.415,10.289000000000001,5.9615719947150465,5.9615719947150465,0.4009059755138765
1,0,0.42,10.256000000000002,5.665227041613149,5.665227041613149,0.40349005929711423
1,0,0.425,10.225000000000001,5.35960375070293,5.35960375070293,0.4059403581550924
1,0,0.43,10.196000000000002,5.045101739478461,5.045101739478461,0.4082528359977968
1,0,0.435,10.169,4.722152231696544,4.722152231696544,0.4104236414027534
1,0,0.44,10.144,4.391216986847914,4.391216986847914,0.4124491214313448
1,0,0.445,10.121,4.052787042568622,4.052787042568622,0.41432583492764674
1,0,0.45,10.100000000000001,3.707381274215482,3.707381274215482,0.4160505652175154
1,0,0.455,10.081000000000001,3.355544777538126,3.355544777538126,0.4176203321279242
1,0,0.46,10.064,2.997847082071545,2.997847082071545,0.41903240324955615
1,0,0.465,10.049,2.6348802045251665,2.6348802045251665,0.4202843043694193
1,0,0.47,10.036000000000001,2.2672565530346156,2.2672565530346156,0.4213738290047296
1,0,0.475,10.025,1.8956066946485026,1.8956066946485026,0.42229904697447174
1,0,0.48,10.016000000000002,1.520576999823401,1.520576999823401,0.423058311950866
1,0,0.485,10.009,1.1428271789752482,1.1428271789752482,0.42365026793937965
1,0,0.49,10.004000000000001,0.7630277272662356,0.7630277272662356,0.42407385464285646
1,0,0.495,10.001000000000001,0.3818572947760155,0.3818572947760155,0.4243283116727698
1,0,0.5,10.0,0.0,0.0,0.42441318157838753
1,0,0.505,10.001000000000001,0.3818572947760155,0.3818572947760155,0.4243283116727698
1,0,0.51,10.004000000000001,0.7630277272662356,0.7630277272662356,0.42407385464285646
1,0,0.515,10.009,1.1428271789752482,1.1428271789752482,0.42365026793937965
1,0,0.52,10.016000000000002,1.520576999823401,1.520576999823401,0.423058311950866
1,0,0.525,10.025,1.8956066946485026,1.8956066946485026,0.42229904697447174
1,0,0.53,10.036000000000001,2.2672565530346156,2.2672565530346156,0.4213738290047296
1,0,0.535,10.049,2.634880204525171,2.634880204525171,0.4202843043694193
1,0,0.54,10.064,2.997847082071549,2.997847082071549,0.41903240324955615
1,0,0.545,10.081000000000001,3.35554477753813,3.35554477753813,0.4176203321279242
1,0,0.55,10.100000000000001,3.7073812742154866,3.7073812742154866,0.4160505652175154
1,0,0.555,10.121,4.052787042568626,4.052787042568626,0.41432583492764674
1,0,0.56,10.144,4.391216986847918,4.391216986847918,0.4124491214313448
1,0,0.565,10.169,4.72215223169654,4.72215223169654,0.4104236414027534
1,0,0.57,10.196000000000002,5.045101739478458,5.045101739478458,0.4082528359977968
1,0,0.575,10.225000000000001,5.359603750702926,5.359603750702926,0.4059403581550924
1,0,0.58,10.256000000000002,5.665227041613145,5.665227041613145,0.40349005929711423
1,0,0.585,10.289000000000001,5.961571994715042,5.961571994715042,0.4009059755138765
1,0,0.59,10.324000000000002,6.248271479725686,6.248271479725686,0.39819231331288896
1,0,0.595,10.361,6.524991544098313,6.524991544098313,0.3953534350198985
1,0,0.6,10.4,6.791431913912236,6.791431913912236,0.3923938439149294
1,0,0.605,10.441,7.047326307482595,7.047326307482595,0.3893181691874381
1,0,0.61,10.484000000000002,7.29244256553016,7.29244256553016,0.38613115079302135
1,0,0.615,10.529,7.526582603140135,7.526582603140135,0.38283762429208934
1,0,0.62,10.576000000000002,7.749582190018443,7.749582190018443,0.37944250574831057
1,0,0.625,10.625,7.961310566713655,7.961310566713655,0.3759507767614782
1,0,0.63,10.676000000000002,8.161669905503679,8.161669905503679,0.3723674697058004
1,0,0.635,10.729000000000001,8.350594625543403,8.350594625543403,0.36869765324055637
1,0,0.64,10.784,8.528050572627373,8.528050572627373,0.36494641815560946
1,0,0.645,10.841000000000001,8.694034074540095,8.694034074540095,0.36111886360953716
1,0,0.65,10.900000000000002,8.848570883444664,8.848570883444664,0.35722008381313647
1,0,0.655,10.961000000000002,8.991715017101276,8.991715017101276,0.3532551552059036
1,0,0.66,11.024000000000001,9.123547510914696,9.123547510914696,0.3492291241677904
1,0,0.665,11.089,9.244175092888971,9.244175092888971,0.34514699530318455
1,0,0.67,11.156000000000002,9.353728793526555,9.353728793526555,0.3410137203287002
1,0,0.675,11.225000000000001,9.452362502554902,9.452362502554902,0.33683418759104367
1,0,0.68,11.296000000000003,9.540251484105925,9.540251484105925,0.3326132122359893
1,0,0.685,11.369000000000002,9.61759086162287,9.61759086162287,0.3283555270444157
1,0,0.69,11.443999999999999,9.684594083334256,9.684594083334256,0.32406577394642466
1,0,0.695,11.521,9.741491378628078,9.741491378628078,0.3197484962198694
1,0,0.7,11.600000000000001,9.788528215090528,9.788528215090528,0.3154081313751394
1,0,0.705,11.681000000000001,9.82596376535415,9.82596376535415,0.31104900472385333
1,0,0.71,11.764,9.854069392240852,9.854069392240852,0.3066753236251889
1,0,0.715,11.849,9.873127159995336,9.873127159995336,0.3022911723999606
1,0,0.72,11.936,9.883428378694871,9.883428378694871,0.2979005078992475
1,0,0.725,12.024999999999999,9.885272188200531,9.885272188200531,0.2935071557113862
1,0,0.73,12.116000000000001,9.878964187291805,9.878964187291805,0.2891148069884723
1,0,0.735,12.209,9.864815112908962,9.864815112908962,0.28472701587117155
1,0,0.74,12.304,9.843139573722071,9.843139573722071,0.28034719748860276
1,0,0.745,12.401,9.814254841559467,9.814254841559467,0.2759786265083424
1,0,0.75,12.5,9.778479703566047,9.778479703566047,0.2716244362101681
1,0,0.755,12.601000000000003,9.736133377328786,9.736133377328786,0.267287618056035
1,0,0.76,12.704,9.687534490606312,9.687534490606312,0.26297102172791154
1,0,0.765,12.809000000000001,9.633000126734924,9.633000126734924,0.2586773556045024
1,0,0.77,12.916000000000002,9.572844936257399,9.572844936257399,0.25440918764753206
1,0,0.775,13.025000000000002,9.507380314834618,9.507380314834618,0.25016894666812306
1,0,0.78,13.136000000000003,9.436913647055121,9.436913647055121,0.24595892394388114
1,0,0.785,13.249,9.36174761535424,9.36174761535424,0.24178127515756012
1,0,0.79,13.364,9.282179572892494,9.282179572892494,0.2376380226286117
1,0,0.795,13.481000000000002,9.198500978922162,9.198500978922162,0.23353105780950978
1,0,0.8,13.600000000000001,9.1109968948902,9.1109968948902,0.2294621440194569
1,0,0.805,13.721000000000002,9.01994553928378,9.01994553928378,0.22543291938891216
1,0,0.81,13.844000000000001,8.925617899020395,8.925617899020395,0.22144489998931605
1,0,0.815,13.969,8.82827739501527,8.82827739501527,0.217499483123401
1,0,0.82,14.095999999999998,8.72817959942356,8.72817959942356,0.21359795075255997
1,0,0.825,14.225,8.625572001950573,8.625572001950573,0.2097414730388837
1,0,0.83,14.356000000000002,8.52069382254854,8.52069382254854,0.20593111198065123
1,0,0.835,14.488999999999999,8.413775867770152,8.413775867770152,0.2021678251212633
1,0,0.84,14.624,8.305040428025816,8.305040428025816,0.19845246931282606
1,0,0.845,14.761000000000001,8.194701212989994,8.194701212989994,0.1947858045168202
1,0,0.85,14.900000000000002,8.08296332242075,8.08296332242075,0.19116849762550675
1,0,0.855,15.041,7.970023249692746,7.970023249692746,0.1876011262889337
1,0,0.86,15.184000000000001,7.8560689153957455,7.8560689153957455,0.18408418273359414
1,0,0.865,15.329000000000002,7.74127972841591,7.74127972841591,0.18061807755995052
1,0,0.87,15.476000000000003,7.625826671993713,7.625826671993713,0.17720314350716926
1,0,0.875,15.625,7.5098724123387255,7.5098724123387255,0.17383963917450757
1,0,0.88,15.776,7.393571427475581,7.393571427475581,0.17052775268984616
1,0,0.885,15.929,7.277070154096,7.277070154096,0.1672676053168762
1,0,0.89,16.084,7.160507150296851,7.160507150296851,0.16405925499341106
1,0,0.895,16.241000000000003,7.044013272193016,7.044013272193016,0.1609026997942149
1,0,0.9,16.400000000000002,6.927711862504692,6.927711862504692,0.15779788131260686
1,0,0.905,16.561000000000003,6.811718949330755,6.811718949330755,0.15474468795592136
1,0,0.91,16.724,6.696143453432007,6.696143453432007,0.15174295815067332
1,0,0.915,16.889,6.581087402459396,6.581087402459396,0.14879248345399831
1,0,0.92,17.056,6.466646150672372,6.466646150672372,0.14589301156860845
1,0,0.925,17.225,6.352908602800121,6.352908602800121,0.14304424925912693
1,0,0.93,17.396000000000004,6.239957440803498,6.239957440803498,0.14024586516823992
1,0,0.935,17.569000000000003,6.127869352397369,6.127869352397369,0.13749749253163396
1,0,0.94,17.744000000000003,6.016715260291235,6.016715260291235,0.13479873179117136
1,0,0.945,17.921,5.906560551200537,5.906560551200537,0.13214915310619832
1,0,0.95,18.099999999999998,5.797465303771174,5.797465303771174,0.12954829876328183
1,0,0.955,18.281,5.689484514645902,5.689484514645902,0.12699568548503265
1,0,0.96,18.464,5.582668321982723,5.582668321982723,0.12449080663899637
1,0,0.965,18.649,5.477062225812573,5.477062225812573,0.12203313434788375
1,0,0.97,18.836000000000002,5.37270730469621,5.37270730469621,0.11962212150266885
1,0,0.975,19.025000000000002,5.269640428208194,5.269640428208194,0.11725720368030516
1,0,0.98,19.216,5.167894464839719,5.167894464839719,0.11493780096800935
1,0,0.985,19.409000000000002,5.067498484971197,5.067498484971197,0.11266331969622682
1,0,0.99,19.604,4.968477958620654,4.968477958620654,0.11043315408253891
1,0,0.995,19.801000000000002,4.870854947724817,4.870854947724817,0.10824668778888792
1,0,1.0,20.0,4.774648292756858,4.774648292756858,0.10610329539459688
1,20,0.0,20.0,6.366197723675811,4.774648292756858,0.10610329539459688
1,20,0.005,19.801000000000002,6.494555264558136,4.870854947724817,0.10824668778888792
1,20,0.01,19.604,6.624975269858738,4.968477958620654,0.11043315408253891
1,20,0.015,19.409000000000002,6.7574482804146,5.067498484971197,0.11266331969622682
1,20,0.02,19.216,6.89196147935986,5.167894464839719,0.11493780096800935
1,20,0.025,19.025000000000002,7.02849848341277,5.269640428208194,0.11725720368030516
1,20,0.03,18.836000000000002,7.167039127236243,5.37270730469621,0.11962212150266885
1,20,0.035,18.649,7.307559241030829,5.477062225812573,0.12203313434788375
1,20,0.04,18.464000000000002,7.450030421567664,5.58266832198272,0.12449080663899634
1,20,0.045,18.281000000000002,7.59441979692139,5.689484514645899,0.12699568548503262
1,20,0.05,18.1,7.740689785220399,5.797465303771172,0.1295482987632818
1,20,0.055,17.921000000000003,7.888797847793508,5.906560551200533,0.13214915310619826
1,20,0.06,17.744000000000003,8.038696237158806,6.016715260291236,0.13479873179117136
1,20,0.065,17.569,8.190331740371882,6.127869352397371,0.137497492531634
1,20,0.07,17.396,8.343645418327101,6.239957440803502,0.14024586516823997
1,20,0.075,17.225,8.498572341687023,6.35290860280012,0.14304424925912693
1,20,0.08,17.056,8.655041324201498,6.466646150672371,0.14589301156860845
1,20,0.085,16.889,8.81297465426937,6.581087402459395,0.14879248345399831
1,20,0.09,16.724,8.972287825692106,6.696143453432007,0.15174295815067332
1,20,0.095,16.561000000000003,9.132889268669576,6.811718949330755,0.15474468795592136
1,20,0.1,16.400000000000002,9.294680082193796,6.927711862504692,0.15779788131260686
1,20,0.105,16.241000000000003,9.457553769106239,7.044013272193016,0.1609026997942149
1,20,0.11,16.084,9.621395975198018,7.160507150296851,0.16405925499341106
1,20,0.115,15.929,9.786084233849142,7.277070154096,0.1672676053168762
1,20,0.12,15.776,9.951487717823273,7.393571427475581,0.17052775268984616
1,20,0.125,15.625,10.11746699995634,7.5098724123387255,0.17383963917450757
1,20,0.13,15.476000000000003,10.283873824601251,7.625826671993713,0.17720314350716926
1,20,0.135,15.329000000000002,10.450550891815169,7.74127972841591,0.18061807755995052
1,20,0.14,15.184000000000001,10.617331656399658,7.8560689153957455,0.18408418273359414
1,20,0.145,15.041,10.78404014402675,7.970023249692746,0.1876011262889337
1,20,0.15,14.900000000000002,10.950490786803353,8.08296332242075,0.19116849762550675
1,20,0.155,14.761000000000001,11.116488280742297,8.194701212989994,0.1947858045168202
1,20,0.16,14.624,11.281827467718207,8.305040428025816,0.19845246931282606
1,20,0.165,14.488999999999999,11.446293244589102,8.413775867770152,0.2021678251212633
1,20,0.17,14.356000000000002,11.609660502258306,8.52069382254854,0.20593111198065123
1,20,0.175,14.225000000000001,11.771694097533828,8.625572001950573,0.20974147303888363
1,20,0.18,14.096,11.932148860711958,8.728179599423559,0.2135979507525599
1,20,0.185,13.969000000000001,12.090769641866283,8.82827739501527,0.21749948312340095
1,20,0.19,13.844000000000001,12.247291398860133,8.925617899020393,0.22144489998931605
1,20,0.195,13.721000000000002,12.40143933011746,9.019945539283778,0.22543291938891216
1,20,0.2,13.6,12.552929055182057,9.110996894890203,0.22946214401945694
1,20,0.205,13.481000000000002,12.70146684606481,9.198500978922162,0.23353105780950978
1,20,0.21,13.364,12.84674991232167,9.282179572892494,0.2376380226286117
1,20,0.215,13.249,12.988466742717643,9.36174761535424,0.24178127515756012
1,20,0.22,13.136000000000003,13.126297506213339,9.436913647055121,0.24595892394388114
1,20,0.225,13.025000000000002,13.259914514856465,9.507380314834618,0.25016894666812306
1,20,0.23,12.916000000000002,13.388982750970378,9.572844936257399,0.25440918764753206
1,20,0.235,12.809000000000001,13.51316046080246,9.633000126734924,0.2586773556045024
1,20,0.24,12.704,13.632099816524985,9.687534490606312,0.26297102172791154
1,20,0.245,12.601000000000003,13.74544764816931,9.736133377328786,0.267287618056035
1,20,0.25,12.5,13.852846246718567,9.778479703566047,0.2716244362101681
1,20,0.255,12.401,13.953934239184603,9.814254841559467,0.2759786265083424
1,20,0.26,12.304,14.048347536051113,9.843139573722071,0.28034719748860276
1,20,0.265,12.209,14.135720350976536,9.864815112908962,0.28472701587117155
1,20,0.27,12.116000000000001,14.215686292118889,9.878964187291805,0.2891148069884723
1,20,0.275,12.024999999999999,14.287879523871325,9.885272188200531,0.2935071557113862
1,20,0.28,11.936,14.351935997183583,9.883428378694871,0.2979005078992475
1,20,0.285,11.849000000000002,14.407494745994743,9.873127159995335,0.3022911723999605
1,20,0.29,11.764000000000003,14.454199246618677,9.854069392240847,0.30667532362518873
1,20,0.295,11.681000000000001,14.491698836211949,9.825963765354151,0.31104900472385333
1,20,0.3,11.600000000000003,14.519650185717616,9.788528215090528,0.3154081313751393
1,20,0.305,11.521,14.537718821926124,9.741491378628083,0.3197484962198694
1,20,0.31,11.444000000000003,14.545580692530617,9.684594083334249,0.32406577394642455
1,20,0.315,11.369000000000002,14.542923767289102,9.617590861622869,0.3283555270444157
1,20,0.32,11.296,14.529449667645771,9.540251484105928,0.33261321223598944
1,20,0.325,11.225000000000001,14.504875316420552,9.452362502554898,0.33683418759104367
1,20,0.33,11.155999999999999,14.468934598457064,9.353728793526559,0.34101372032870036
1,20,0.335,11.089,14.421380022436734,9.244175092888968,0.34514699530318455
1,20,0.34,11.024000000000001,14.36198437343155,9.123547510914694,0.3492291241677904
1,20,0.345,10.961000000000002,14.290542345189833,8.991715017101276,0.3532551552059036
1,20,0.35,10.900000000000002,14.20687214064171,8.848570883444664,0.35722008381313647
1,20,0.355,10.841000000000001,14.110817028683153,8.694034074540095,0.36111886360953716
1,20,0.36,10.784,14.002246844961515,8.528050572627373,0.36494641815560946
1,20,0.365,10.729000000000001,13.881059424151749,8.350594625543403,0.36869765324055637
1,20,0.37,10.676000000000002,13.747181951090687,8.161669905503679,0.3723674697058004
1,20,0.375,10.625,13.600572218135826,7.961310566713655,0.3759507767614782
1,20,0.38,10.576000000000002,13.441219776243102,7.749582190018443,0.37944250574831057
1,20,0.385,10.529,13.269146967521474,7.526582603140135,0.38283762429208934
1,20,0.39,10.484000000000002,13.08440982742548,7.29244256553016,0.38613115079302135
1,20,0.395,10.441,12.887098845294167,7.047326307482595,0.3893181691874381
1,20,0.4,10.4,12.677339572636177,6.791431913912236,0.3923938439149294
1,20,0.405,10.361,12.45529306939679,6.524991544098313,0.3953534350198985
1,20,0.41,10.324000000000002,12.221156179419024,6.248271479725689,0.39819231331288896
1,20,0.415,10.289000000000001,11.975161627423192,5.9615719947150465,0.4009059755138765
1,20,0.42,10.256000000000002,11.717577931069862,5.665227041613149,0.40349005929711423
1,20,0.425,10.225000000000001,11.448709123029314,5.35960375070293,0.4059403581550924
1,20,0.43,10.196000000000002,11.168894279445414,5.045101739478461,0.4082528359977968
1,20,0.435,10.169,10.878506852737846,4.722152231696544,0.4104236414027534
1,20,0.44,10.144,10.577953808318085,4.391216986847914,0.4124491214313448
1,20,0.445,10.121,10.267674566483322,4.052787042568622,0.41432583492764674
1,20,0.45,10.100000000000001,9.948139752478212,3.707381274215482,0.4160505652175154
1,20,0.455,10.081000000000001,9.61984975945699,3.355544777538126,0.4176203321279242
1,20,0.46,10.064,9.283333130814885,2.997847082071545,0.41903240324955615
1,20,0.465,10.049,8.939144770066457,2.6348802045251665,0.4202843043694193
1,20,0.47,10.036000000000001,8.587863988105559,2.2672565530346156,0.4213738290047296
1,20,0.475,10.025,8.230092399265576,1.8956066946485026,0.42229904697447174
1,20,0.48,10.016000000000002,7.866451679086393,1.520576999823401,0.423058311950866
1,20,0.485,10.009,7.497581198065944,1.1428271789752482,0.42365026793937965
1,20,0.49,10.004000000000001,7.1241355469090815,0.7630277272662356,0.42407385464285646
1,20,0.495,10.001000000000001,6.746781969867563,0.3818572947760155,0.4243283116727698
1,20,0.5,10.0,6.366197723675812,0.0,0.42441318157838753
1,20,0.505,10.001000000000001,6.746781969867563,0.3818572947760155,0.4243283116727698
1,20,0.51,10.004000000000001,7.1241355469090815,0.7630277272662356,0.42407385464285646
1,20,0.515,10.009,7.497581198065944,1.1428271789752482,0.42365026793937965
1,20,0.52,10.016000000000002,7.866451679086393,1.520576999823401,0.423058311950866
1,20,0.525,10.025,8.230092399265576,1.8956066946485026,0.42229904697447174
1,20,0.53,10.036000000000001,8.587863988105559,2.2672565530346156,0.4213738290047296
1,20,0.535,10.049,8.939144770066463,2.634880204525171,0.4202843043694193
1,20,0.54,10.064,9.28333313081489,2.997847082071549,0.41903240324955615
1,20,0.545,10.081000000000001,9.619849759456994,3.35554477753813,0.4176203321279242
1,20,0.55,10.100000000000001,9.948139752478218,3.7073812742154866,0.4160505652175154
1,20,0.555,10.121,10.267674566483326,4.052787042568626,0.41432583492764674
1,20,0.56,10.144,10.577953808318092,4.391216986847918,0.4124491214313448
1,20,0.565,10.169,10.878506852737841,4.72215223169654,0.4104236414027534
1,20,0.57,10.196000000000002,11.168894279445409,5.045101739478458,0.4082528359977968
1,20,0.575,10.225000000000001,11.44870912302931,5.359603750702926,0.4059403581550924
1,20,0.58,10.256000000000002,11.717577931069858,5.665227041613145,0.40349005929711423
1,20,0.585,10.289000000000001,11.975161627423189,5.961571994715042,0.4009059755138765
1,20,0.59,10.324000000000002,12.22115617941902,6.248271479725686,0.39819231331288896
1,20,0.595,10.361,12.45529306939679,6.524991544098313,0.3953534350198985
1,20,0.6,10.4,12.677339572636177,6.791431913912236,0.3923938439149294
1,20,0.605,10.441,12.887098845294167,7.047326307482595,0.3893181691874381
1,20,0.61,10.484000000000002,13.08440982742548,7.29244256553016,0.38613115079302135
1,20,0.615,10.529,13.269146967521474,7.526582603140135,0.38283762429208934
1,20,0.62,10.576000000000002,13.441219776243102,7.749582190018443,0.37944250574831057
1,20,0.625,10.625,13.600572218135826,7.961310566713655,0.3759507767614782
1,20,0.63,10.676000000000002,13.747181951090687,8.161669905503679,0.3723674697058004
1,20,0.635,10.729000000000001,13.881059424151749,8.350594625543403,0.36869765324055637
1,20,0.64,10.784,14.002246844961515,8.528050572627373,0.36494641815560946
1,20,0.645,10.841000000000001,14.110817028683153,8.694034074540095,0.36111886360953716
1,20,0.65,10.900000000000002,14.20687214064171,8.848570883444664,0.35722008381313647
1,20,0.655,10.961000000000002,14.290542345189833,8.991715017101276,0.3532551552059036
1,20,0.66,11.024000000000001,14.361984373431552,9.123547510914696,0.3492291241677904
1,20,0.665,11.089,14.421380022436738,9.244175092888971,0.34514699530318455
1,20,0.67,11.156000000000002,14.468934598457057,9.353728793526555,0.3410137203287002
1,20,0.675,11.225000000000001,14.504875316420556,9.452362502554902,0.33683418759104367
1,20,0.68,11.296000000000003,14.529449667645764,9.540251484105925,0.3326132122359893
1,20,0.685,11.369000000000002,14.542923767289103,9.61759086162287,0.3283555270444157
1,20,0.69,11.443999999999999,14.545580692530626,9.684594083334256,0.32406577394642466
1,20,0.695,11.521,14.53771882192612,9.741491378628078,0.3197484962198694
1,20,0.7,11.600000000000001,14.51965018571762,9.788528215090528,0.3154081313751394
1,20,0.705,11.681000000000001,14.491698836211947,9.82596376535415,0.31104900472385333
1,20,0.71,11.764,14.454199246618685,9.854069392240852,0.3066753236251889
1,20,0.715,11.849,14.407494745994745,9.873127159995336,0.3022911723999606
1,20,0.72,11.936,14.351935997183583,9.883428378694871,0.2979005078992475
1,20,0.725,12.024999999999999,14.287879523871325,9.885272188200531,0.2935071557113862
1,20,0.73,12.116000000000001,14.215686292118889,9.878964187291805,0.2891148069884723
1,20,0.735,12.209,14.135720350976536,9.864815112908962,0.28472701587117155
1,20,0.74,12.304,14.048347536051113,9.843139573722071,0.28034719748860276
1,20,0.745,12.401,13.953934239184603,9.814254841559467,0.2759786265083424
1,20,0.75,12.5,13.852846246718567,9.778479703566047,0.2716244362101681
1,20,0.755,12.601000000000003,13.74544764816931,9.736133377328786,0.267287618056035
1,20,0.76,12.704,13.632099816524985,9.687534490606312,0.26297102172791154
1,20,0.765,12.809000000000001,13.51316046080246,9.633000126734924,0.2586773556045024
1,20,0.77,12.916000000000002,13.388982750970378,9.572844936257399,0.25440918764753206
1,20,0.775,13.025000000000002,13.259914514856465,9.507380314834618,0.25016894666812306
1,20,0.78,13.136000000000003,13.126297506213339,9.436913647055121,0.24595892394388114
1,20,0.785,13.249,12.988466742717643,9.36174761535424,0.24178127515756012
1,20,0.79,13.364,12.84674991232167,9.282179572892494,0.2376380226286117
1,20,0.795,13.481000000000002,12.70146684606481,9.198500978922162,0.23353105780950978
1,20,0.8,13.600000000000001,12.552929055182052,9.1109968948902,0.2294621440194569
1,20,0.805,13.721000000000002,12.401439330117464,9.01994553928378,0.22543291938891216
1,20,0.81,13.844000000000001,12.247291398860135,8.925617899020395,0.22144489998931605
1,20,0.815,13.969,12.090769641866283,8.82827739501527,0.217499483123401
1,20,0.82,14.095999999999998,11.93214886071196,8.72817959942356,0.21359795075255997
1,20,0.825,14.225,11.771694097533828,8.625572001950573,0.2097414730388837
1,20,0.83,14.356000000000002,11.609660502258306,8.52069382254854,0.20593111198065123
1,20,0.835,14.488999999999999,11.446293244589102,8.413775867770152,0.2021678251212633
1,20,0.84,14.624,11.281827467718207,8.305040428025816,0.19845246931282606
1,20,0.845,14.761000000000001,11.116488280742297,8.194701212989994,0.1947858045168202
1,20,0.85,14.900000000000002,10.950490786803353,8.08296332242075,0.19116849762550675
1,20,0.855,15.041,10.78404014402675,7.970023249692746,0.1876011262889337
1,20,0.86,15.184000000000001,10.617331656399658,7.8560689153957455,0.18408418273359414
1,20,0.865,15.329000000000002,10.450550891815169,7.74127972841591,0.18061807755995052
1,20,0.87,15.476000000000003,10.283873824601251,7.625826671993713,0.17720314350716926
1,20,0.875,15.625,10.11746699995634,7.5098724123387255,0.17383963917450757
1,20,0.88,15.776,9.951487717823273,7.393571427475581,0.17052775268984616
1,20,0.885,15.929,9.786084233849142,7.277070154096,0.1672676053168762
1,20,0.89,16.084,9.621395975198018,7.160507150296851,0.16405925499341106
1,20,0.895,16.241000000000003,9.457553769106239,7.044013272193016,0.1609026997942149
1,20,0.9,16.400000000000002,9.294680082193796,6.927711862504692,0.15779788131260686
1,20,0.905,16.561000000000003,9.132889268669576,6.811718949330755,0.15474468795592136
1,20,0.91,16.724,8.972287825692106,6.696143453432007,0.15174295815067332
1,20,0.915,16.889,8.812974654269372,6.581087402459396,0.14879248345399831
1,20,0.92,17.056,8.6550413242015,6.466646150672372,0.14589301156860845
1,20,0.925,17.225,8.498572341687025,6.352908602800121,0.14304424925912693
1,20,0.93,17.396000000000004,8.343645418327096,6.239957440803498,0.14024586516823992
1,20,0.935,17.569000000000003,8.190331740371878,6.127869352397369,0.13749749253163396
1,20,0.94,17.744000000000003,8.038696237158806,6.016715260291235,0.13479873179117136
1,20,0.945,17.921,7.888797847793512,5.906560551200537,0.13214915310619832
1,20,0.95,18.099999999999998,7.740689785220402,5.797465303771174,0.12954829876328183
1,20,0.955,18.281,7.594419796921393,5.689484514645902,0.12699568548503265
1,20,0.96,18.464,7.450030421567668,5.582668321982723,0.12449080663899637
1,20,0.965,18.649,7.307559241030829,5.477062225812573,0.12203313434788375
1,20,0.97,18.836000000000002,7.167039127236243,5.37270730469621,0.11962212150266885
1,20,0.975,19.025000000000002,7.02849848341277,5.269640428208194,0.11725720368030516
1,20,0.98,19.216,6.89196147935986,5.167894464839719,0.11493780096800935
1,20,0.985,19.409000000000002,6.7574482804146,5.067498484971197,0.11266331969622682
1,20,0.99,19.604,6.624975269858738,4.968477958620654,0.11043315408253891
1,20,0.995,19.801000000000002,6.494555264558136,4.870854947724817,0.10824668778888792
1,20,1.0,20.0,6.366197723675811,4.774648292756858,0.10610329539459688
5,0,0.0,26.832815729997478,1.9771181761588255,1.9771181761588255,0.058946275219220495
5,0,0.005,26.387838202475017,2.058046250092477,2.058046250092477,0.06095105663372696
5,0,0.01,25.947332810907557,2.142788377792822,2.142788377792822,0.06303814419720531
5,0,0.015,25.511299555295096,2.2315435188004793,2.2315435188004793,0.06521142632164528
5,0,0.02,25.079738435637637,2.3245216637858412,2.3245216637858412,0.0674749945783821
5,0,0.025,24.65264945193518,2.4219444490309754,2.4219444490309754,0.06983315496376719
5,0,0.03,24.230032604187716,2.524045801419394,2.524045801419394,0.0722904397906088
5,0,0.035,23.81188789239526,2.631072614683793,2.631072614683793,0.07485162023608333
5,0,0.04,23.3982153165578,2.7432854575344563,2.7432854575344563,0.0775217195775036
5,0,0.045,22.989014876675338,2.8609593141303855,2.8609593141303855,0.08030602714787095
5,0,0.05,22.584286572747878,2.984384357156019,2.984384357156019,0.08321011304350309
5,0,0.055,22.18403040477541,3.113866753522144,3.113866753522144,0.08623984361617297
5,0,0.06,21.788246372757946,3.249729502413189,3.249729502413189,0.08940139778206901
5,0,0.065,21.396934476695485,3.392313305046493,3.392313305046493,0.09270128417944079
5,0,0.07,21.01009471658802,3.5419774650828075,3.5419774650828075,0.09614635920595625
5,0,0.075,20.627727092435556,3.6991008181211065,3.6991008181211065,0.09974384596549975
5,0,0.08,20.24983160423809,3.864082688112634,3.864082688112634,0.10350135415229167
5,0,0.085,19.876408251995628,4.0373438678258635,4.0373438678258635,0.10742690089772149
5,0,0.09,19.507457035708164,4.21932761967061,4.21932761967061,0.11152893260203417
5,0,0.095,19.142977955375702,4.410500692229127,4.410500692229127,0.11581634776887718
5,0,0.1,18.782971010998235,4.611354346726122,4.611354346726122,0.12029852085555202
5,0,0.105,18.427436202575766,4.822405386376823,4.822405386376823,0.12498532714545238
5,0,0.11,18.0763735301083,5.0441971800601495,5.0441971800601495,0.12988716864143335
5,0,0.115,17.729782993595833,5.277300670046195,5.277300670046195,0.13501500096951938
5,0,0.12,17.387664593038362,5.522315351536214,5.522315351536214,0.14038036127119655
5,0,0.125,17.050018328435893,5.779870209517719,5.779870209517719,0.14599539704927073
5,0,0.13,16.716844199788426,6.050624595864021,6.050624595864021,0.15187289591661662
5,0,0.135,16.388142207095957,6.33526902667992,6.33526902667992,0.15802631617875335
5,0,0.14,16.063912350358486,6.634525876574542,6.634525876574542,0.16446981815968942
5,0,0.145,15.74415462957602,6.949149942787363,6.949149942787363,0.17121829615548298
5,0,0.15,15.428869044748547,7.279928847860228,7.279928847860228,0.17828741087098837
5,0,0.155,15.118055595876074,7.62768324479196,7.62768324479196,0.18569362216183138
5,0,0.16,14.811714282958603,7.993266783287344,7.993266783287344,0.19345422186522174
5,0,0.165,14.509845105996131,8.377565789771838,8.377565789771838,0.2015873664591734
5,0,0.17,14.21244806498866,8.781498607244595,8.781498607244595,0.2101121092394514
5,0,0.175,13.91952315993619,9.20601453374291,9.20601453374291,0.2190484316463993
5,0,0.18,13.631070390838717,9.6520922901568,9.6520922901568,0.2284172733090261
5,0,0.185,13.347089757696244,10.1207379393355,10.1207379393355,0.2382405603005867
5,0,0.19,13.06758126050877,10.612982168854595,10.612982168854595,0.24854123101763093
5,0,0.195,12.792544899276297,11.129876839465181,11.129876839465181,0.25934325900232
5,0,0.2,12.52198067399882,11.672490690150504,11.672490690150504,0.2706716719249922
5,0,0.205,12.255888584676349,12.241904078924748,12.241904078924748,0.2825525658297489
5,0,0.21,11.994268631308872,12.839202626115531,12.839202626115531,0.2950131136196092
5,0,0.215,11.737120813896396,13.465469614014378,13.465469614014378,0.3080815666189818
5,0,0.22,11.484445132438921,14.121776983656668,14.121776983656668,0.32178724789949165
5,0,0.225,11.236241586936442,14.809174756371636,14.809174756371636,0.3361605358904088
5,0,0.23,10.992510177388967,15.52867869498082,15.52867869498082,0.3512328366172425
5,0,0.235,10.753250903796488,16.28125600757796,16.28125600757796,0.36703654272207487
5,0,0.24,10.518463766159012,17.06780888627448,17.06780888627448,0.3836049772179592
5,0,0.245,10.288148764476531,17.8891556648661,17.8891556648661,0.40097231971899894
5,0,0.25,10.062305898749052,18.746009373950347,18.746009373950347,0.4191735126700125
5,0,0.255,9.840935168976573,19.638953470672895,19.638953470672895,0.4382441448785474
5,0,0.26,9.624036575159094,20.56841452427326,20.56841452427326,0.4582203094320357
5,0,0.265,9.411610117296613,21.53463164943515,21.53463164943515,0.4791384328701649
5,0,0.27,9.203655795389134,22.5376224988527,22.5376224988527,0.5010350722846817
5,0,0.275,9.00017360943665,23.577145656376985,23.577145656376985,0.5239466768453536
5,0,0.28,8.801163559439171,24.652659314816827,24.652659314816827,0.5479093101132186
5,0,0.285,8.60662564539669,25.763276180368614,25.763276180368614,0.5729583294144656
5,0,0.29,8.416559867309209,26.907714621350593,26.907714621350593,0.5991280185266364
5,0,0.295,8.230966225176726,28.084246175149644,28.084246175149644,0.6264511699924267
5,0,0.3,8.049844718999244,29.2906396467974,29.2906396467974,0.6549586135468942
5,0,0.305,7.8731953487767585,30.524102178011194,30.524102178011194,0.6846786874458813
5,0,0.31,7.701018114509275,31.78121783919138,31.78121783919138,0.7156366499437957
5,0,0.315,7.53331301619679,33.057884500553314,33.057884500553314,0.7478540288166622
5,0,0.32,7.370080053839306,34.349249973246025,34.349249973246025,0.7813479076918546
5,0,0.325,7.21131922743682,35.649648676736554,35.649648676736554,0.816130149060057
5,0,0.33,7.057030536989335,36.95254038307128,36.95254038307128,0.8522065552374694
5,0,0.335,6.907213982496849,38.250452907931816,38.250452907931816,0.8895759702441212
5,0,0.34,6.761869563959363,39.53493095615677,39.53493095615677,0.9282293275891365
5,0,0.345,6.620997281376877,40.79649367595628,40.79649367595628,0.9681486513197688
5,0,0.35,6.48459713474939,42.024603818144875,42.024603818144875,1.009306020400446
5,0,0.355,6.352669124076902,43.207651717066305,43.207651717066305,1.0516625095282586
5,0,0.36,6.225213249359415,44.33295758689808,44.33295758689808,1.095167122830345
5,0,0.365,6.102229510596926,45.3867958347763,45.3867958347763,1.139755740470821
5,0,0.37,5.983717907789437,46.35444520072737,46.35444520072737,1.185350101936908
5,0,0.375,5.869678440936948,47.22026851047549,47.22026851047549,1.231856853560853
5,0,0.38,5.760111110039458,47.96782563553258,47.96782563553258,1.279166691516976
5,0,0.385,5.655015915096968,48.58002286015898,48.58002286015898,1.3271536349274087
5,0,0.39,5.5543928561094775,49.03930122382819,49.03930122382819,1.3756744665971319
5,0,0.395,5.4582419330769865,49.327865513443896,49.327865513443896,1.4245683810299563
5,0,0.4,5.3665631459994945,49.42795440397064,49.42795440397064,1.4736568804805128
5,0,0.405,5.279356494877002,49.322150785352456,49.322150785352456,1.5227439595903707
5,0,0.41,5.196621979709512,48.993729581751936,48.993729581751936,1.5716166173609643
5,0,0.415,5.118359600497018,48.42703840259584,48.42703840259584,1.6200457315788508
5,0,0.42,5.044569357239525,47.60790422543237,47.60790422543237,1.667787325125071
5,0,0.425,4.975251249937032,46.52405708713933,46.52405708713933,1.7145842457402354
5,0,0.43,4.910405278589538,45.16555956832993,45.16555956832993,1.7601682707522026
5,0,0.435,4.850031443197044,43.525228835404945,43.525228835404945,1.8042626361030825
5,0,0.44,4.794129743759549,41.599036312661674,41.599036312661674,1.8465849749839345
5,0,0.445,4.742700180277053,39.38646885831412,39.38646885831412,1.8868506359071004
5,0,0.45,4.695742752749558,36.89083477380898,36.89083477380898,1.9247763336888333
5,0,0.455,4.653257461177062,34.11949822656892,34.11949822656892,1.9600840703012274
5,0,0.46,4.615244305559566,31.084026817745993,31.084026817745993,1.9925052467286541
5,0,0.465,4.581703285897069,27.800239132846986,27.800239132846986,2.0217848727569745
5,0,0.47,4.552634402189572,24.288142163558184,24.288142163558184,2.0476857699830733
5,0,0.475,4.528037654437074,20.571752399396836,20.571752399396836,2.069992655160556
5,0,0.48,4.507913042639576,16.67879899712864,16.67879899712864,2.088515987075556
5,0,0.485,4.492260566797077,12.640312511766782,12.640312511766782,2.1030954610593184
5,0,0.49,4.481080226909578,8.490107924244711,8.490107924244711,2.1136030413145153
5,0,0.495,4.474372022977078,4.264175798140987,4.264175798140987,2.1199454324731075
5,0,0.5,4.472135954999579,0.0,0.0,2.122065907891938
5,0,0.505,4.474372022977078,4.264175798140987,4.264175798140987,2.1199454324731075
5,0,0.51,4.481080226909578,8.490107924244711,8.490107924244711,2.1136030413145153
5,0,0.515,4.492260566797077,12.640312511766782,12.640312511766782,2.1030954610593184
5,0,0.52,4.507913042639576,16.67879899712864,16.67879899712864,2.088515987075556
5,0,0.525,4.528037654437074,20.571752399396836,20.571752399396836,2.069992655160556
5,0,0.53,4.552634402189572,24.288142163558184,24.288142163558184,2.0476857699830733
5,0,0.535,4.581703285897069,27.800239132847025,27.800239132847025,2.0217848727569745
5,0,0.54,4.615244305559566,31.08402681774604,31.08402681774604,1.9925052467286541
5,0,0.545,4.653257461177062,34.11949822656896,34.11949822656896,1.9600840703012274
5,0,0.55,4.695742752749558,36.890834773809026,36.890834773809026,1.9247763336888333
5,0,0.555,4.742700180277055,39.38646885831411,39.38646885831411,1.8868506359070991
5,0,0.56,4.794129743759549,41.59903631266172,41.59903631266172,1.8465849749839345
5,0,0.565,4.850031443197043,43.52522883540492,43.52522883540492,1.804262636103083
5,0,0.57,4.910405278589537,45.165559568329925,45.165559568329925,1.760168270752203
5,0,0.575,4.975251249937031,46.52405708713931,46.52405708713931,1.7145842457402358
5,0,0.58,5.044569357239524,47.60790422543236,47.60790422543236,1.6677873251250714
5,0,0.585,5.118359600497017,48.427038402595834,48.427038402595834,1.6200457315788517
5,0,0.59,5.19662197970951,48.99372958175196,48.99372958175196,1.5716166173609651
5,0,0.595,5.279356494877002,49.322150785352456,49.322150785352456,1.5227439595903707
5,0,0.6,5.3665631459994945,49.42795440397064,49.42795440397064,1.4736568804805128
5,0,0.605,5.4582419330769865,49.327865513443896,49.327865513443896,1.4245683810299563
5,0,0.61,5.5543928561094775,49.03930122382819,49.03930122382819,1.3756744665971319
5,0,0.615,5.655015915096968,48.58002286015898,48.58002286015898,1.3271536349274087
5,0,0.62,5.760111110039458,47.96782563553258,47.96782563553258,1.279166691516976
5,0,0.625,5.869678440936948,47.22026851047549,47.22026851047549,1.231856853560853
5,0,0.63,5.983717907789437,46.35444520072737,46.35444520072737,1.185350101936908
5,0,0.635,6.102229510596926,45.3867958347763,45.3867958347763,1.139755740470821
5,0,0.64,6.225213249359415,44.33295758689808,44.33295758689808,1.095167122830345
5,0,0.645,6.352669124076902,43.207651717066305,43.207651717066305,1.0516625095282586
5,0,0.65,6.48459713474939,42.024603818144875,42.024603818144875,1.009306020400446
5,0,0.655,6.620997281376877,40.79649367595628,40.79649367595628,0.9681486513197688
5,0,0.66,6.7618695639593644,39.53493095615675,39.53493095615675,0.9282293275891361
5,0,0.665,6.907213982496851,38.2504529079318,38.2504529079318,0.8895759702441207
5,0,0.67,7.057030536989338,36.95254038307126,36.95254038307126,0.8522065552374688
5,0,0.675,7.211319227436823,35.649648676736525,35.649648676736525,0.8161301490600563
5,0,0.68,7.370080053839308,34.34924997324602,34.34924997324602,0.7813479076918542
5,0,0.685,7.533313016196792,33.0578845005533,33.0578845005533,0.7478540288166617
5,0,0.69,7.7010181145092735,31.781217839191388,31.781217839191388,0.7156366499437959
5,0,0.695,7.873195348776757,30.52410217801121,30.52410217801121,0.6846786874458816
5,0,0.7,8.04984471899924,29.29063964679743,29.29063964679743,0.6549586135468949
5,0,0.705,8.230966225176722,28.084246175149673,28.084246175149673,0.626451169992427
5,0,0.71,8.416559867309207,26.9077146213506,26.9077146213506,0.5991280185266367
5,0,0.715,8.606625645396688,25.76327618036862,25.76327618036862,0.5729583294144658
5,0,0.72,8.801163559439171,24.652659314816827,24.652659314816827,0.5479093101132186
5,0,0.725,9.00017360943665,23.577145656376985,23.577145656376985,0.5239466768453536
5,0,0.73,9.203655795389134,22.5376224988527,22.5376224988527,0.5010350722846817
5,0,0.735,9.411610117296613,21.53463164943515,21.53463164943515,0.4791384328701649
5,0,0.74,9.624036575159094,20.56841452427326,20.56841452427326,0.4582203094320357
5,0,0.745,9.840935168976573,19.638953470672895,19.638953470672895,0.4382441448785474
5,0,0.75,10.062305898749052,18.746009373950347,18.746009373950347,0.4191735126700125
5,0,0.755,10.288148764476531,17.8891556648661,17.8891556648661,0.40097231971899894
5,0,0.76,10.518463766159012,17.06780888627448,17.06780888627448,0.3836049772179592
5,0,0.765,10.753250903796488,16.28125600757796,16.28125600757796,0.36703654272207487
5,0,0.77,10.992510177388967,15.52867869498082,15.52867869498082,0.3512328366172425
5,0,0.775,11.236241586936442,14.809174756371636,14.809174756371636,0.3361605358904088
5,0,0.78,11.484445132438921,14.121776983656668,14.121776983656668,0.32178724789949165
5,0,0.785,11.737120813896396,13.465469614014378,13.465469614014378,0.3080815666189818
5,0,0.79,11.994268631308872,12.839202626115531,12.839202626115531,0.2950131136196092
5,0,0.795,12.255888584676349,12.241904078924748,12.241904078924748,0.2825525658297489
5,0,0.8,12.521980673998824,11.672490690150495,11.672490690150495,0.270671671924992
5,0,0.805,12.792544899276297,11.129876839465176,11.129876839465176,0.2593432590023199
5,0,0.81,13.067581260508772,10.612982168854593,10.612982168854593,0.24854123101763084
5,0,0.815,13.34708975769624,10.120737939335509,10.120737939335509,0.23824056030058688
5,0,0.82,13.631070390838714,9.652092290156807,9.652092290156807,0.2284172733090262
5,0,0.825,13.919523159936187,9.206014533742914,9.206014533742914,0.2190484316463994
5,0,0.83,14.21244806498866,8.781498607244595,8.781498607244595,0.2101121092394514
5,0,0.835,14.509845105996131,8.377565789771838,8.377565789771838,0.2015873664591734
5,0,0.84,14.811714282958603,7.993266783287344,7.993266783287344,0.19345422186522174
5,0,0.845,15.118055595876074,7.62768324479196,7.62768324479196,0.18569362216183138
5,0,0.85,15.428869044748547,7.279928847860228,7.279928847860228,0.17828741087098837
5,0,0.855,15.74415462957602,6.949149942787363,6.949149942787363,0.17121829615548298
5,0,0.86,16.063912350358486,6.634525876574542,6.634525876574542,0.16446981815968942
5,0,0.865,16.388142207095957,6.33526902667992,6.33526902667992,0.15802631617875335
5,0,0.87,16.716844199788426,6.050624595864021,6.050624595864021,0.15187289591661662
5,0,0.875,17.050018328435893,5.779870209517719,5.779870209517719,0.14599539704927073
5,0,0.88,17.387664593038362,5.522315351536214,5.522315351536214,0.14038036127119655
5,0,0.885,17.729782993595833,5.277300670046195,5.277300670046195,0.13501500096951938
5,0,0.89,18.0763735301083,5.0441971800601495,5.0441971800601495,0.12988716864143335
5,0,0.895,18.427436202575766,4.822405386376823,4.822405386376823,0.12498532714545238
5,0,0.9,18.782971010998235,4.611354346726122,4.611354346726122,0.12029852085555202
5,0,0.905,19.142977955375702,4.410500692229127,4.410500692229127,0.11581634776887718
5,0,0.91,19.507457035708164,4.21932761967061,4.21932761967061,0.11152893260203417
5,0,0.915,19.87640825199563,4.037343867825862,4.037343867825862,0.10742690089772144
5,0,0.92,20.249831604238096,3.8640826881126307,3.8640826881126307,0.1035013541522916
5,0,0.925,20.62772709243556,3.699100818121105,3.699100818121105,0.09974384596549966
5,0,0.93,21.010094716588025,3.5419774650828066,3.5419774650828066,0.09614635920595622
5,0,0.935,21.396934476695492,3.392313305046491,3.392313305046491,0.09270128417944071
5,0,0.94,21.788246372757946,3.2497295024131887,3.2497295024131887,0.08940139778206901
5,0,0.945,22.184030404775406,3.1138667535221454,3.1138667535221454,0.08623984361617301
5,0,0.95,22.584286572747867,2.9843843571560225,2.9843843571560225,0.08321011304350316
5,0,0.955,22.989014876675334,2.8609593141303864,2.8609593141303864,0.08030602714787097
5,0,0.96,23.398215316557796,2.743285457534457,2.743285457534457,0.07752171957750362
5,0,0.965,23.81188789239526,2.631072614683793,2.631072614683793,0.07485162023608333
5,0,0.97,24.230032604187716,2.524045801419394,2.524045801419394,0.0722904397906088
5,0,0.975,24.65264945193518,2.4219444490309754,2.4219444490309754,0.06983315496376719
5,0,0.98,25.079738435637637,2.3245216637858412,2.3245216637858412,0.0674749945783821
5,0,0.985,25.511299555295096,2.2315435188004793,2.2315435188004793,0.06521142632164528
5,0,0.99,25.947332810907557,2.142788377792822,2.142788377792822,0.06303814419720531
5,0,0.995,26.387838202475017,2.058046250092477,2.058046250092477,0.06095105663372696
5,0,1.0,26.832815729997478,1.9771181761588255,1.9771181761588255,0.058946275219220495
5,20,0.0,26.832815729997478,2.861312304447133,1.9771181761588255,0.058946275219220495
5,20,0.005,26.387838202475017,2.972312099598381,2.058046250092477,0.06095105663372696
5,20,0.01,25.947332810907557,3.088360540750901,2.142788377792822,0.06303814419720531
5,20,0.015,25.511299555295096,3.209714913625158,2.2315435188004793,0.06521142632164528
5,20,0.02,25.079738435637637,3.3366465824615728,2.3245216637858412,0.0674749945783821
5,20,0.025,24.65264945193518,3.469441773487483,2.4219444490309754,0.06983315496376719
5,20,0.03,24.230032604187716,3.608402398278526,2.524045801419394,0.0722904397906088
5,20,0.035,23.81188789239526,3.753846918225043,2.631072614683793,0.07485162023608333
5,20,0.04,23.3982153165578,3.9061112511970104,2.7432854575344563,0.0775217195775036
5,20,0.045,22.989014876675338,4.065549721348449,2.8609593141303855,0.08030602714787095
5,20,0.05,22.584286572747878,4.232536052808565,2.984384357156019,0.08321011304350309
5,20,0.055,22.18403040477541,4.4074644077647385,3.113866753522144,0.08623984361617297
5,20,0.06,21.788246372757946,4.590750469144224,3.249729502413189,0.08940139778206901
5,20,0.065,21.396934476695485,4.7828325677381045,3.392313305046493,0.09270128417944079
5,20,0.07,21.01009471658802,4.984172853172152,3.5419774650828075,0.09614635920595625
5,20,0.075,20.627727092435556,5.195258507603603,3.6991008181211065,0.09974384596549975
5,20,0.08,20.24983160423809,5.416603000397008,3.864082688112634,0.10350135415229167
5,20,0.085,19.876408251995628,5.6487473812916855,4.0373438678258635,0.10742690089772149
5,20,0.09,19.507457035708164,5.892261608701122,4.21932761967061,0.11152893260203417
5,20,0.095,19.142977955375702,6.147745908762285,4.410500692229127,0.11581634776887718
5,20,0.1,18.782971010998235,6.415832159559403,4.611354346726122,0.12029852085555202
5,20,0.105,18.427436202575766,6.697185293558608,4.822405386376823,0.12498532714545238
5,20,0.11,18.0763735301083,6.992504709681649,5.0441971800601495,0.12988716864143335
5,20,0.115,17.729782993595833,7.302525684588986,5.277300670046195,0.13501500096951938
5,20,0.12,17.387664593038362,7.628020770604162,5.522315351536214,0.14038036127119655
5,20,0.125,17.050018328435893,7.969801165256778,5.779870209517719,0.14599539704927073
5,20,0.13,16.716844199788426,8.32871803461327,6.050624595864021,0.15187289591661662
5,20,0.135,16.388142207095957,8.70566376936122,6.33526902667992,0.15802631617875335
5,20,0.14,16.063912350358486,9.101573148969884,6.634525876574542,0.16446981815968942
5,20,0.145,15.74415462957602,9.517424385119607,6.949149942787363,0.17121829615548298
5,20,0.15,15.428869044748547,9.954240010925055,7.279928847860228,0.17828741087098837
5,20,0.155,15.118055595876074,10.41308757721943,7.62768324479196,0.18569362216183138
5,20,0.16,14.811714282958603,10.89508011126567,7.993266783287344,0.19345422186522174
5,20,0.165,14.509845105996131,11.401376286659438,8.377565789771838,0.2015873664591734
5,20,0.17,14.21244806498866,11.933180245836366,8.781498607244595,0.2101121092394514
5,20,0.175,13.91952315993619,12.491741008438897,9.20601453374291,0.2190484316463993
5,20,0.18,13.631070390838717,13.078351389792193,9.6520922901568,0.2284172733090261
5,20,0.185,13.347089757696244,13.694346343844302,10.1207379393355,0.2382405603005867
5,20,0.19,13.06758126050877,14.341100634119059,10.612982168854595,0.24854123101763093
5,20,0.195,12.792544899276297,15.02002572449998,11.129876839465181,0.25934325900232
5,20,0.2,12.52198067399882,15.732565769025385,11.672490690150504,0.2706716719249922
5,20,0.205,12.255888584676349,16.480192566370977,12.241904078924748,0.2825525658297489
5,20,0.21,11.994268631308872,17.264399330409667,12.839202626115531,0.2950131136196092
5,20,0.215,11.737120813896396,18.086693113299106,13.465469614014378,0.3080815666189818
5,20,0.22,11.484445132438921,18.948585702149042,14.121776983656668,0.32178724789949165
5,20,0.225,11.236241586936442,19.85158279472777,14.809174756371636,0.3361605358904088
5,20,0.23,10.992510177388967,20.79717124423946,15.52867869498082,0.3512328366172425
5,20,0.235,10.753250903796488,21.786804148409082,16.28125600757796,0.36703654272207487
5,20,0.24,10.518463766159012,22.821883544543866,17.06780888627448,0.3836049772179592
5,20,0.245,10.288148764476531,23.903740460651083,17.8891556648661,0.40097231971899894
5,20,0.25,10.062305898749052,25.033612064000536,18.746009373950347,0.4191735126700125
5,20,0.255,9.840935168976573,26.212615643851105,19.638953470672895,0.4382441448785474
5,20,0.26,9.624036575159094,27.441719165753792,20.56841452427326,0.4582203094320357
5,20,0.265,9.411610117296613,28.72170814248762,21.53463164943515,0.4791384328701649
5,20,0.27,9.203655795389134,30.053148583122923,22.5376224988527,0.5010350722846817
5,20,0.275,9.00017360943665,31.436345809057286,23.577145656376985,0.5239466768453536
5,20,0.28,8.801163559439171,32.871298966515106,24.652659314816827,0.5479093101132186
5,20,0.285,8.60662564539669,34.35765112158559,25.763276180368614,0.5729583294144656
5,20,0.29,8.416559867309209,35.89463489925014,26.907714621350593,0.5991280185266364
5,20,0.295,8.230966225176726,37.48101372503604,28.084246175149644,0.6264511699924267
5,20,0.3,8.049844718999244,39.115018850000816,29.2906396467974,0.6549586135468942
5,20,0.305,7.8731953487767585,40.794282489699405,30.524102178011194,0.6846786874458813
5,20,0.31,7.701018114509275,42.51576758834831,31.78121783919138,0.7156366499437957
5,20,0.315,7.53331301619679,44.27569493280324,33.057884500553314,0.7478540288166622
5,20,0.32,7.370080053839306,46.069468588623835,34.349249973246025,0.7813479076918546
5,20,0.325,7.21131922743682,47.891600912637415,35.649648676736554,0.816130149060057
5,20,0.33,7.057030536989335,49.73563871163333,36.95254038307128,0.8522065552374694
5,20,0.335,6.907213982496849,51.59409246159364,38.250452907931816,0.8895759702441212
5,20,0.34,6.761869563959363,53.458370869993814,39.53493095615677,0.9282293275891365
5,20,0.345,6.620997281376877,55.318723445752816,40.79649367595628,0.9681486513197688
5,20,0.35,6.48459713474939,57.164194124151564,42.024603818144875,1.009306020400446
5,20,0.355,6.352669124076902,58.98258935999018,43.207651717066305,1.0516625095282586
5,20,0.36,6.225213249359415,60.76046442935326,44.33295758689808,1.095167122830345
5,20,0.365,6.102229510596926,62.483131941838614,45.3867958347763,1.139755740470821
5,20,0.37,5.983717907789437,64.13469672978098,46.35444520072737,1.185350101936908
5,20,0.375,5.869678440936948,65.6981213138883,47.22026851047549,1.231856853560853
5,20,0.38,5.760111110039458,67.15532600828722,47.96782563553258,1.279166691516976
5,20,0.385,5.655015915096968,68.48732738407011,48.58002286015898,1.3271536349274087
5,20,0.39,5.5543928561094775,69.67441822278518,49.03930122382819,1.3756744665971319
5,20,0.395,5.4582419330769865,70.69639122889323,49.327865513443896,1.4245683810299563
5,20,0.4,5.3665631459994945,71.53280761117834,49.42795440397064,1.4736568804805128
5,20,0.405,5.279356494877002,72.16331017920801,49.322150785352456,1.5227439595903707
5,20,0.41,5.196621979709512,72.5679788421664,48.993729581751936,1.5716166173609643
5,20,0.415,5.118359600497018,72.72772437627862,48.42703840259584,1.6200457315788508
5,20,0.42,5.044569357239525,72.62471410230843,47.60790422543237,1.667787325125071
5,20,0.425,4.975251249937032,72.24282077324285,46.52405708713933,1.7145842457402354
5,20,0.43,4.910405278589538,71.56808362961297,45.16555956832993,1.7601682707522026
5,20,0.435,4.850031443197044,70.58916837695119,43.525228835404945,1.8042626361030825
5,20,0.44,4.794129743759549,69.29781093742069,41.599036312661674,1.8465849749839345
5,20,0.445,4.742700180277053,67.68922839692063,39.38646885831412,1.8868506359071004
5,20,0.45,4.695742752749558,65.76247977914147,36.89083477380898,1.9247763336888333
5,20,0.455,4.653257461177062,63.52075928108733,34.11949822656892,1.9600840703012274
5,20,0.46,4.615244305559566,60.9716055186758,31.084026817745993,1.9925052467286541
5,20,0.465,4.581703285897069,58.12701222420161,27.800239132846986,2.0217848727569745
5,20,0.47,4.552634402189572,55.00342871330428,24.288142163558184,2.0476857699830733
5,20,0.475,4.528037654437074,51.62164222680517,20.571752399396836,2.069992655160556
5,20,0.48,4.507913042639576,48.00653880326198,16.67879899712864,2.088515987075556
5,20,0.485,4.492260566797077,44.18674442765655,12.640312511766782,2.1030954610593184
5,20,0.49,4.481080226909578,40.19415354396244,8.490107924244711,2.1136030413145153
5,20,0.495,4.474372022977078,36.0633572852376,4.264175798140987,2.1199454324731075
5,20,0.5,4.472135954999579,31.830988618379074,0.0,2.122065907891938
5,20,0.505,4.474372022977078,36.0633572852376,4.264175798140987,2.1199454324731075
5,20,0.51,4.481080226909578,40.19415354396244,8.490107924244711,2.1136030413145153
5,20,0.515,4.492260566797077,44.18674442765655,12.640312511766782,2.1030954610593184
5,20,0.52,4.507913042639576,48.00653880326198,16.67879899712864,2.088515987075556
5,20,0.525,4.528037654437074,51.62164222680517,20.571752399396836,2.069992655160556
5,20,0.53,4.552634402189572,55.00342871330428,24.288142163558184,2.0476857699830733
5,20,0.535,4.581703285897069,58.12701222420164,27.800239132847025,2.0217848727569745
5,20,0.54,4.615244305559566,60.97160551867585,31.08402681774604,1.9925052467286541
5,20,0.545,4.653257461177062,63.52075928108737,34.11949822656896,1.9600840703012274
5,20,0.55,4.695742752749558,65.76247977914151,36.890834773809026,1.9247763336888333
5,20,0.555,4.742700180277055,67.6892283969206,39.38646885831411,1.8868506359070991
5,20,0.56,4.794129743759549,69.29781093742072,41.59903631266172,1.8465849749839345
5,20,0.565,4.850031443197043,70.58916837695116,43.52522883540492,1.804262636103083
5,20,0.57,4.910405278589537,71.56808362961297,45.165559568329925,1.760168270752203
5,20,0.575,4.975251249937031,72.24282077324284,46.52405708713931,1.7145842457402358
5,20,0.58,5.044569357239524,72.62471410230842,47.60790422543236,1.6677873251250714
5,20,0.585,5.118359600497017,72.72772437627862,48.427038402595834,1.6200457315788517
5,20,0.59,5.19662197970951,72.56797884216644,48.99372958175196,1.5716166173609651
5,20,0.595,5.279356494877002,72.16331017920801,49.322150785352456,1.5227439595903707
5,20,0.6,5.3665631459994945,71.53280761117834,49.42795440397064,1.4736568804805128
5,20,0.605,5.4582419330769865,70.69639122889323,49.327865513443896,1.4245683810299563
5,20,0.61,5.5543928561094775,69.67441822278518,49.03930122382819,1.3756744665971319
5,20,0.615,5.655015915096968,68.48732738407011,48.58002286015898,1.3271536349274087
5,20,0.62,5.760111110039458,67.15532600828722,47.96782563553258,1.279166691516976
5,20,0.625,5.869678440936948,65.6981213138883,47.22026851047549,1.231856853560853
5,20,0.63,5.983717907789437,64.13469672978098,46.35444520072737,1.185350101936908
5,20,0.635,6.102229510596926,62.483131941838614,45.3867958347763,1.139755740470821
5,20,0.64,6.225213249359415,60.76046442935326,44.33295758689808,1.095167122830345
5,20,0.645,6.352669124076902,58.98258935999018,43.207651717066305,1.0516625095282586
5,20,0.65,6.48459713474939,57.164194124151564,42.024603818144875,1.009306020400446
5,20,0.655,6.620997281376877,55.318723445752816,40.79649367595628,0.9681486513197688
5,20,0.66,6.7618695639593644,53.45837086999379,39.53493095615675,0.9282293275891361
5,20,0.665,6.907213982496851,51.59409246159361,38.2504529079318,0.8895759702441207
5,20,0.67,7.057030536989338,49.73563871163329,36.95254038307126,0.8522065552374688
5,20,0.675,7.211319227436823,47.89160091263737,35.649648676736525,0.8161301490600563
5,20,0.68,7.370080053839308,46.06946858862383,34.34924997324602,0.7813479076918542
5,20,0.685,7.533313016196792,44.275694932803226,33.0578845005533,0.7478540288166617
5,20,0.69,7.7010181145092735,42.51576758834833,31.781217839191388,0.7156366499437959
5,20,0.695,7.873195348776757,40.794282489699434,30.52410217801121,0.6846786874458816
5,20,0.7,8.04984471899924,39.11501885000085,29.29063964679743,0.6549586135468949
5,20,0.705,8.230966225176722,37.48101372503608,28.084246175149673,0.626451169992427
5,20,0.71,8.416559867309207,35.89463489925015,26.9077146213506,0.5991280185266367
5,20,0.715,8.606625645396688,34.357651121585604,25.76327618036862,0.5729583294144658
5,20,0.72,8.801163559439171,32.871298966515106,24.652659314816827,0.5479093101132186
5,20,0.725,9.00017360943665,31.436345809057286,23.577145656376985,0.5239466768453536
5,20,0.73,9.203655795389134,30.053148583122923,22.5376224988527,0.5010350722846817
5,20,0.735,9.411610117296613,28.72170814248762,21.53463164943515,0.4791384328701649
5,20,0.74,9.624036575159094,27.441719165753792,20.56841452427326,0.4582203094320357
5,20,0.745,9.840935168976573,26.212615643851105,19.638953470672895,0.4382441448785474
5,20,0.75,10.062305898749052,25.033612064000536,18.746009373950347,0.4191735126700125
5,20,0.755,10.288148764476531,23.903740460651083,17.8891556648661,0.40097231971899894
5,20,0.76,10.518463766159012,22.821883544543866,17.06780888627448,0.3836049772179592
5,20,0.765,10.753250903796488,21.786804148409082,16.28125600757796,0.36703654272207487
5,20,0.77,10.992510177388967,20.79717124423946,15.52867869498082,0.3512328366172425
5,20,0.775,11.236241586936442,19.85158279472777,14.809174756371636,0.3361605358904088
5,20,0.78,11.484445132438921,18.948585702149042,14.121776983656668,0.32178724789949165
5,20,0.785,11.737120813896396,18.086693113299106,13.465469614014378,0.3080815666189818
5,20,0.79,11.994268631308872,17.264399330409667,12.839202626115531,0.2950131136196092
5,20,0.795,12.255888584676349,16.480192566370977,12.241904078924748,0.2825525658297489
5,20,0.8,12.521980673998824,15.732565769025376,11.672490690150495,0.270671671924992
5,20,0.805,12.792544899276297,15.020025724499977,11.129876839465176,0.2593432590023199
5,20,0.81,13.067581260508772,14.341100634119055,10.612982168854593,0.24854123101763084
5,20,0.815,13.34708975769624,13.69434634384431,10.120737939335509,0.23824056030058688
5,20,0.82,13.631070390838714,13.0783513897922,9.652092290156807,0.2284172733090262
5,20,0.825,13.919523159936187,12.491741008438906,9.206014533742914,0.2190484316463994
5,20,0.83,14.21244806498866,11.933180245836366,8.781498607244595,0.2101121092394514
5,20,0.835,14.509845105996131,11.401376286659438,8.377565789771838,0.2015873664591734
5,20,0.84,14.811714282958603,10.89508011126567,7.993266783287344,0.19345422186522174
5,20,0.845,15.118055595876074,10.41308757721943,7.62768324479196,0.18569362216183138
5,20,0.85,15.428869044748547,9.954240010925055,7.279928847860228,0.17828741087098837
5,20,0.855,15.74415462957602,9.517424385119607,6.949149942787363,0.17121829615548298
5,20,0.86,16.063912350358486,9.101573148969884,6.634525876574542,0.16446981815968942
5,20,0.865,16.388142207095957,8.70566376936122,6.33526902667992,0.15802631617875335
5,20,0.87,16.716844199788426,8.32871803461327,6.050624595864021,0.15187289591661662
5,20,0.875,17.050018328435893,7.969801165256778,5.779870209517719,0.14599539704927073
5,20,0.88,17.387664593038362,7.628020770604162,5.522315351536214,0.14038036127119655
5,20,0.885,17.729782993595833,7.302525684588986,5.277300670046195,0.13501500096951938
5,20,0.89,18.0763735301083,6.992504709681649,5.0441971800601495,0.12988716864143335
5,20,0.895,18.427436202575766,6.697185293558608,4.822405386376823,0.12498532714545238
5,20,0.9,18.782971010998235,6.415832159559403,4.611354346726122,0.12029852085555202
5,20,0.905,19.142977955375702,6.147745908762285,4.410500692229127,0.11581634776887718
5,20,0.91,19.507457035708164,5.892261608701122,4.21932761967061,0.11152893260203417
5,20,0.915,19.87640825199563,5.648747381291683,4.037343867825862,0.10742690089772144
5,20,0.92,20.249831604238096,5.4166030003970045,3.8640826881126307,0.1035013541522916
5,20,0.925,20.62772709243556,5.195258507603601,3.699100818121105,0.09974384596549966
5,20,0.93,21.010094716588025,4.98417285317215,3.5419774650828066,0.09614635920595622
5,20,0.935,21.396934476695492,4.782832567738101,3.392313305046491,0.09270128417944071
5,20,0.94,21.788246372757946,4.590750469144223,3.2497295024131887,0.08940139778206901
5,20,0.945,22.184030404775406,4.40746440776474,3.1138667535221454,0.08623984361617301
5,20,0.95,22.584286572747867,4.23253605280857,2.9843843571560225,0.08321011304350316
5,20,0.955,22.989014876675334,4.06554972134845,2.8609593141303864,0.08030602714787097
5,20,0.96,23.398215316557796,3.9061112511970117,2.743285457534457,0.07752171957750362
5,20,0.965,23.81188789239526,3.753846918225043,2.631072614683793,0.07485162023608333
5,20,0.97,24.230032604187716,3.608402398278526,2.524045801419394,0.0722904397906088
5,20,0.975,24.65264945193518,3.469441773487483,2.4219444490309754,0.06983315496376719
5,20,0.98,25.079738435637637,3.3366465824615728,2.3245216637858412,0.0674749945783821
5,20,0.985,25.511299555295096,3.209714913625158,2.2315435188004793,0.06521142632164528
5,20,0.99,25.947332810907557,3.088360540750901,2.142788377792822,0.06303814419720531
5,20,0.995,26.387838202475017,2.972312099598381,2.058046250092477,0.06095105663372696
5,20,1.0,26.832815729997478,2.861312304447133,1.9771181761588255,0.058946275219220495
