renewed_fraction,collection_fraction,cycle,cumulative_gross_added_kg,cumulative_collected_kg,remaining_debris_kg
0.1,0,1,10.799999999999999,0.0,10.799999999999999
0.1,0,2,21.599999999999998,0.0,21.599999999999998
0.1,0,3,32.4,0.0,32.4
0.1,0,4,43.199999999999996,0.0,43.199999999999996
0.1,0,5,53.99999999999999,0.0,53.99999999999999
0.1,0,6,64.8,0.0,64.8
0.1,0,7,75.6,0.0,75.6
0.1,0,8,86.39999999999999,0.0,86.39999999999999
0.1,0,9,97.19999999999999,0.0,97.19999999999999
0.1,0,10,107.99999999999999,0.0,107.99999999999999
0.1,0,11,118.79999999999998,0.0,118.79999999999998
0.1,0,12,129.6,0.0,129.6
0.1,0,13,140.39999999999998,0.0,140.4
0.1,0,14,151.2,0.0,151.20000000000002
0.1,0,15,161.99999999999997,0.0,162.00000000000003
0.1,0,16,172.79999999999998,0.0,172.80000000000004
0.1,0,17,183.6,0.0,183.60000000000005
0.1,0,18,194.39999999999998,0.0,194.40000000000006
0.1,0,19,205.2,0.0,205.20000000000007
0.1,0,20,215.99999999999997,0.0,216.00000000000009
0.1,0,21,226.79999999999998,0.0,226.8000000000001
0.1,0,22,237.59999999999997,0.0,237.6000000000001
0.1,0,23,248.39999999999998,0.0,248.40000000000012
0.1,0,24,259.2,0.0,259.2000000000001
0.1,0,25,270.0,0.0,270.0000000000001
0.1,0,26,280.79999999999995,0.0,280.8000000000001
0.1,0,27,291.59999999999997,0.0,291.60000000000014
0.1,0,28,302.4,0.0,302.40000000000015
0.1,0,29,313.2,0.0,313.20000000000016
0.1,0,30,323.99999999999994,0.0,324.00000000000017
0.1,0,31,334.79999999999995,0.0,334.8000000000002
0.1,0,32,345.59999999999997,0.0,345.6000000000002
0.1,0,33,356.4,0.0,356.4000000000002
0.1,0,34,367.2,0.0,367.2000000000002
0.1,0,35,377.99999999999994,0.0,378.0000000000002
0.1,0,36,388.79999999999995,0.0,388.80000000000024
0.1,0,37,399.59999999999997,0.0,399.60000000000025
0.1,0,38,410.4,0.0,410.40000000000026
0.1,0,39,421.19999999999993,0.0,421.2000000000003
0.1,0,40,431.99999999999994,0.0,432.0000000000003
0.1,0,41,442.79999999999995,0.0,442.8000000000003
0.1,0,42,453.59999999999997,0.0,453.6000000000003
0.1,0,43,464.4,0.0,464.4000000000003
0.1,0,44,475.19999999999993,0.0,475.20000000000033
0.1,0,45,485.99999999999994,0.0,486.00000000000034
0.1,0,46,496.79999999999995,0.0,496.80000000000035
0.1,0,47,507.59999999999997,0.0,507.60000000000036
0.1,0,48,518.4,0.0,518.4000000000003
0.1,0,49,529.1999999999999,0.0,529.2000000000003
0.1,0,50,540.0,0.0,540.0000000000002
0.1,0,51,550.8,0.0,550.8000000000002
0.1,0,52,561.5999999999999,0.0,561.6000000000001
0.1,0,53,572.4,0.0,572.4000000000001
0.1,0,54,583.1999999999999,0.0,583.2
0.1,0,55,593.9999999999999,0.0,594.0
0.1,0,56,604.8,0.0,604.8
0.1,0,57,615.5999999999999,0.0,615.5999999999999
0.1,0,58,626.4,0.0,626.3999999999999
0.1,0,59,637.1999999999999,0.0,637.1999999999998
0.1,0,60,647.9999999999999,0.0,647.9999999999998
0.1,0,61,658.8,0.0,658.7999999999997
0.1,0,62,669.5999999999999,0.0,669.5999999999997
0.1,0,63,680.4,0.0,680.3999999999996
0.1,0,64,691.1999999999999,0.0,691.1999999999996
0.1,0,65,701.9999999999999,0.0,701.9999999999995
0.1,0,66,712.8,0.0,712.7999999999995
0.1,0,67,723.5999999999999,0.0,723.5999999999995
0.1,0,68,734.4,0.0,734.3999999999994
0.1,0,69,745.1999999999999,0.0,745.1999999999994
0.1,0,70,755.9999999999999,0.0,755.9999999999993
0.1,0,71,766.8,0.0,766.7999999999993
0.1,0,72,777.5999999999999,0.0,777.5999999999992
0.1,0,73,788.4,0.0,788.3999999999992
0.1,0,74,799.1999999999999,0.0,799.1999999999991
0.1,0,75,809.9999999999999,0.0,809.9999999999991
0.1,0,76,820.8,0.0,820.799999999999
0.1,0,77,831.5999999999999,0.0,831.599999999999
0.1,0,78,842.3999999999999,0.0,842.399999999999
0.1,0,79,853.1999999999999,0.0,853.1999999999989
0.1,0,80,863.9999999999999,0.0,863.9999999999989
0.1,0,81,874.8,0.0,874.7999999999988
0.1,0,82,885.5999999999999,0.0,885.5999999999988
0.1,0,83,896.3999999999999,0.0,896.3999999999987
0.1,0,84,907.1999999999999,0.0,907.1999999999987
0.1,0,85,917.9999999999999,0.0,917.9999999999986
0.1,0,86,928.8,0.0,928.7999999999986
0.1,0,87,939.5999999999999,0.0,939.5999999999985
0.1,0,88,950.3999999999999,0.0,950.3999999999985
0.1,0,89,961.1999999999999,0.0,961.1999999999985
0.1,0,90,971.9999999999999,0.0,971.9999999999984
0.1,0,91,982.8,0.0,982.7999999999984
0.1,0,92,993.5999999999999,0.0,993.5999999999983
0.1,0,93,1004.3999999999999,0.0,1004.3999999999983
0.1,0,94,1015.1999999999999,0.0,1015.1999999999982
0.1,0,95,1026.0,0.0,1025.9999999999982
0.1,0,96,1036.8,0.0,1036.7999999999981
0.1,0,97,1047.6,0.0,1047.599999999998
0.1,0,98,1058.3999999999999,0.0,1058.399999999998
0.1,0,99,1069.1999999999998,0.0,1069.199999999998
0.1,0,100,1080.0,0.0,1079.999999999998
0.1,0,101,1090.8,0.0,1090.799999999998
0.1,0,102,1101.6,0.0,1101.5999999999979
0.1,0,103,1112.3999999999999,0.0,1112.3999999999978
0.1,0,104,1123.1999999999998,0.0,1123.1999999999978
0.1,0,105,1134.0,0.0,1133.9999999999977
0.1,0,106,1144.8,0.0,1144.7999999999977
0.1,0,107,1155.6,0.0,1155.5999999999976
0.1,0,108,1166.3999999999999,0.0,1166.3999999999976
0.1,0,109,1177.1999999999998,0.0,1177.1999999999975
0.1,0,110,1187.9999999999998,0.0,1187.9999999999975
0.1,0,111,1198.8,0.0,1198.7999999999975
0.1,0,112,1209.6,0.0,1209.5999999999974
0.1,0,113,1220.3999999999999,0.0,1220.3999999999974
0.1,0,114,1231.1999999999998,0.0,1231.1999999999973
0.1,0,115,1241.9999999999998,0.0,1241.9999999999973
0.1,0,116,1252.8,0.0,1252.7999999999972
0.1,0,117,1263.6,0.0,1263.5999999999972
0.1,0,118,1274.3999999999999,0.0,1274.3999999999971
0.1,0,119,1285.1999999999998,0.0,1285.199999999997
0.1,0,120,1295.9999999999998,0.0,1295.999999999997
0.1,0,121,1306.8,0.0,1306.799999999997
0.1,0,122,1317.6,0.0,1317.599999999997
0.1,0,123,1328.3999999999999,0.0,1328.399999999997
0.1,0,124,1339.1999999999998,0.0,1339.1999999999969
0.1,0,125,1349.9999999999998,0.0,1349.9999999999968
0.1,0,126,1360.8,0.0,1360.7999999999968
0.1,0,127,1371.6,0.0,1371.5999999999967
0.1,0,128,1382.3999999999999,0.0,1382.3999999999967
0.1,0,129,1393.1999999999998,0.0,1393.1999999999966
0.1,0,130,1403.9999999999998,0.0,1403.9999999999966
0.1,0,131,1414.8,0.0,1414.7999999999965
0.1,0,132,1425.6,0.0,1425.5999999999965
0.1,0,133,1436.3999999999999,0.0,1436.3999999999965
0.1,0,134,1447.1999999999998,0.0,1447.1999999999964
0.1,0,135,1457.9999999999998,0.0,1457.9999999999964
0.1,0,136,1468.8,0.0,1468.7999999999963
0.1,0,137,1479.6,0.0,1479.5999999999963
0.1,0,138,1490.3999999999999,0.0,1490.3999999999962
0.1,0,139,1501.1999999999998,0.0,1501.1999999999962
0.1,0,140,1511.9999999999998,0.0,1511.9999999999961
0.1,0,141,1522.8,0.0,1522.799999999996
0.1,0,142,1533.6,0.0,1533.599999999996
0.1,0,143,1544.3999999999999,0.0,1544.399999999996
0.1,0,144,1555.1999999999998,0.0,1555.199999999996
0.1,0,145,1565.9999999999998,0.0,1565.999999999996
0.1,0,146,1576.8,0.0,1576.7999999999959
0.1,0,147,1587.6,0.0,1587.5999999999958
0.1,0,148,1598.3999999999999,0.0,1598.3999999999958
0.1,0,149,1609.1999999999998,0.0,1609.1999999999957
0.1,0,150,1619.9999999999998,0.0,1619.9999999999957
0.1,0,151,1630.7999999999997,0.0,1630.7999999999956
0.1,0,152,1641.6,0.0,1641.5999999999956
0.1,0,153,1652.3999999999999,0.0,1652.3999999999955
0.1,0,154,1663.1999999999998,0.0,1663.1999999999955
0.1,0,155,1673.9999999999998,0.0,1673.9999999999955
0.1,0,156,1684.7999999999997,0.0,1684.7999999999954
0.1,0,157,1695.6,0.0,1695.5999999999954
0.1,0,158,1706.3999999999999,0.0,1706.3999999999953
0.1,0,159,1717.1999999999998,0.0,1717.1999999999953
0.1,0,160,1727.9999999999998,0.0,1727.9999999999952
0.1,0,161,1738.7999999999997,0.0,1738.7999999999952
0.1,0,162,1749.6,0.0,1749.5999999999951
0.1,0,163,1760.3999999999999,0.0,1760.399999999995
0.1,0,164,1771.1999999999998,0.0,1771.199999999995
0.1,0,165,1781.9999999999998,0.0,1781.999999999995
0.1,0,166,1792.7999999999997,0.0,1792.799999999995
0.1,0,167,1803.6,0.0,1803.599999999995
0.1,0,168,1814.3999999999999,0.0,1814.3999999999949
0.1,0,169,1825.1999999999998,0.0,1825.1999999999948
0.1,0,170,1835.9999999999998,0.0,1835.9999999999948
0.1,0,171,1846.7999999999997,0.0,1846.7999999999947
0.1,0,172,1857.6,0.0,1857.5999999999947
0.1,0,173,1868.3999999999999,0.0,1868.3999999999946
0.1,0,174,1879.1999999999998,0.0,1879.1999999999946
0.1,0,175,1889.9999999999998,0.0,1889.9999999999945
0.1,0,176,1900.7999999999997,0.0,1900.7999999999945
0.1,0,177,1911.6,0.0,1911.5999999999945
0.1,0,178,1922.3999999999999,0.0,1922.3999999999944
0.1,0,179,1933.1999999999998,0.0,1933.1999999999944
0.1,0,180,1943.9999999999998,0.0,1943.9999999999943
0.1,0,181,1954.7999999999997,0.0,1954.7999999999943
0.1,0,182,1965.6,0.0,1965.5999999999942
0.1,0,183,1976.3999999999999,0.0,1976.3999999999942
0.1,0,184,1987.1999999999998,0.0,1987.1999999999941
0.1,0,185,1997.9999999999998,0.0,1997.999999999994
0.1,0,186,2008.7999999999997,0.0,2008.799999999994
0.1,0,187,2019.6,0.0,2019.599999999994
0.1,0,188,2030.3999999999999,0.0,2030.399999999994
0.1,0,189,2041.1999999999998,0.0,2041.199999999994
0.1,0,190,2052.0,0.0,2051.999999999994
0.1,0,191,2062.7999999999997,0.0,2062.7999999999943
0.1,0,192,2073.6,0.0,2073.5999999999945
0.1,0,193,2084.3999999999996,0.0,2084.3999999999946
0.1,0,194,2095.2,0.0,2095.199999999995
0.1,0,195,2106.0,0.0,2105.999999999995
0.1,0,196,2116.7999999999997,0.0,2116.799999999995
0.1,0,197,2127.6,0.0,2127.5999999999954
0.1,0,198,2138.3999999999996,0.0,2138.3999999999955
0.1,0,199,2149.2,0.0,2149.1999999999957
0.1,0,200,2160.0,0.0,2159.999999999996
0.1,0,201,2170.7999999999997,0.0,2170.799999999996
0.1,0,202,2181.6,0.0,2181.5999999999963
0.1,0,203,2192.3999999999996,0.0,2192.3999999999965
0.1,0,204,2203.2,0.0,2203.1999999999966
0.1,0,205,2214.0,0.0,2213.999999999997
0.1,0,206,2224.7999999999997,0.0,2224.799999999997
0.1,0,207,2235.6,0.0,2235.599999999997
0.1,0,208,2246.3999999999996,0.0,2246.3999999999974
0.1,0,209,2257.2,0.0,2257.1999999999975
0.1,0,210,2268.0,0.0,2267.9999999999977
0.1,0,211,2278.7999999999997,0.0,2278.799999999998
0.1,0,212,2289.6,0.0,2289.599999999998
0.1,0,213,2300.3999999999996,0.0,2300.3999999999983
0.1,0,214,2311.2,0.0,2311.1999999999985
0.1,0,215,2321.9999999999995,0.0,2321.9999999999986
0.1,0,216,2332.7999999999997,0.0,2332.799999999999
0.1,0,217,2343.6,0.0,2343.599999999999
0.1,0,218,2354.3999999999996,0.0,2354.399999999999
0.1,0,219,2365.2,0.0,2365.1999999999994
0.1,0,220,2375.9999999999995,0.0,2375.9999999999995
0.1,0,221,2386.7999999999997,0.0,2386.7999999999997
0.1,0,222,2397.6,0.0,2397.6
0.1,0,223,2408.3999999999996,0.0,2408.4
0.1,0,224,2419.2,0.0,2419.2000000000003
0.1,0,225,2429.9999999999995,0.0,2430.0000000000005
0.1,0,226,2440.7999999999997,0.0,2440.8000000000006
0.1,0,227,2451.6,0.0,2451.600000000001
0.1,0,228,2462.3999999999996,0.0,2462.400000000001
0.1,0,229,2473.2,0.0,2473.200000000001
0.1,0,230,2483.9999999999995,0.0,2484.0000000000014
0.1,0,231,2494.7999999999997,0.0,2494.8000000000015
0.1,0,232,2505.6,0.0,2505.6000000000017
0.1,0,233,2516.3999999999996,0.0,2516.400000000002
0.1,0,234,2527.2,0.0,2527.200000000002
0.1,0,235,2537.9999999999995,0.0,2538.0000000000023
0.1,0,236,2548.7999999999997,0.0,2548.8000000000025
0.1,0,237,2559.6,0.0,2559.6000000000026
0.1,0,238,2570.3999999999996,0.0,2570.400000000003
0.1,0,239,2581.2,0.0,2581.200000000003
0.1,0,240,2591.9999999999995,0.0,2592.000000000003
0.1,0,241,2602.7999999999997,0.0,2602.8000000000034
0.1,0,242,2613.6,0.0,2613.6000000000035
0.1,0,243,2624.3999999999996,0.0,2624.4000000000037
0.1,0,244,2635.2,0.0,2635.200000000004
0.1,0,245,2645.9999999999995,0.0,2646.000000000004
0.1,0,246,2656.7999999999997,0.0,2656.8000000000043
0.1,0,247,2667.6,0.0,2667.6000000000045
0.1,0,248,2678.3999999999996,0.0,2678.4000000000046
0.1,0,249,2689.2,0.0,2689.200000000005
0.1,0,250,2699.9999999999995,0.0,2700.000000000005
0.1,0,251,2710.7999999999997,0.0,2710.800000000005
0.1,0,252,2721.6,0.0,2721.6000000000054
0.1,0,253,2732.3999999999996,0.0,2732.4000000000055
0.1,0,254,2743.2,0.0,2743.2000000000057
0.1,0,255,2753.9999999999995,0.0,2754.000000000006
0.1,0,256,2764.7999999999997,0.0,2764.800000000006
0.1,0,257,2775.6,0.0,2775.6000000000063
0.1,0,258,2786.3999999999996,0.0,2786.4000000000065
0.1,0,259,2797.2,0.0,2797.2000000000066
0.1,0,260,2807.9999999999995,0.0,2808.000000000007
0.1,0,261,2818.7999999999997,0.0,2818.800000000007
0.1,0,262,2829.6,0.0,2829.600000000007
0.1,0,263,2840.3999999999996,0.0,2840.4000000000074
0.1,0,264,2851.2,0.0,2851.2000000000075
0.1,0,265,2861.9999999999995,0.0,2862.0000000000077
0.1,0,266,2872.7999999999997,0.0,2872.800000000008
0.1,0,267,2883.6,0.0,2883.600000000008
0.1,0,268,2894.3999999999996,0.0,2894.4000000000083
0.1,0,269,2905.2,0.0,2905.2000000000085
0.1,0,270,2915.9999999999995,0.0,2916.0000000000086
0.1,0,271,2926.7999999999997,0.0,2926.800000000009
0.1,0,272,2937.6,0.0,2937.600000000009
0.1,0,273,2948.3999999999996,0.0,2948.400000000009
0.1,0,274,2959.2,0.0,2959.2000000000094
0.1,0,275,2969.9999999999995,0.0,2970.0000000000095
0.1,0,276,2980.7999999999997,0.0,2980.8000000000097
0.1,0,277,2991.6,0.0,2991.60000000001
0.1,0,278,3002.3999999999996,0.0,3002.40000000001
0.1,0,279,3013.2,0.0,3013.2000000000103
0.1,0,280,3023.9999999999995,0.0,3024.0000000000105
0.1,0,281,3034.7999999999997,0.0,3034.8000000000106
0.1,0,282,3045.6,0.0,3045.600000000011
0.1,0,283,3056.3999999999996,0.0,3056.400000000011
0.1,0,284,3067.2,0.0,3067.200000000011
0.1,0,285,3077.9999999999995,0.0,3078.0000000000114
0.1,0,286,3088.7999999999997,0.0,3088.8000000000116
0.1,0,287,3099.6,0.0,3099.6000000000117
0.1,0,288,3110.3999999999996,0.0,3110.400000000012
0.1,0,289,3121.2,0.0,3121.200000000012
0.1,0,290,3131.9999999999995,0.0,3132.0000000000123
0.1,0,291,3142.7999999999997,0.0,3142.8000000000125
0.1,0,292,3153.6,0.0,3153.6000000000126
0.1,0,293,3164.3999999999996,0.0,3164.400000000013
0.1,0,294,3175.2,0.0,3175.200000000013
0.1,0,295,3185.9999999999995,0.0,3186.000000000013
0.1,0,296,3196.7999999999997,0.0,3196.8000000000134
0.1,0,297,3207.6,0.0,3207.6000000000136
0.1,0,298,3218.3999999999996,0.0,3218.4000000000137
0.1,0,299,3229.2,0.0,3229.200000000014
0.1,0,300,3239.9999999999995,0.0,3240.000000000014
0.1,0,301,3250.7999999999997,0.0,3250.8000000000143
0.1,0,302,3261.5999999999995,0.0,3261.6000000000145
0.1,0,303,3272.3999999999996,0.0,3272.4000000000146
0.1,0,304,3283.2,0.0,3283.200000000015
0.1,0,305,3293.9999999999995,0.0,3294.000000000015
0.1,0,306,3304.7999999999997,0.0,3304.800000000015
0.1,0,307,3315.5999999999995,0.0,3315.6000000000154
0.1,0,308,3326.3999999999996,0.0,3326.4000000000156
0.1,0,309,3337.2,0.0,3337.2000000000157
0.1,0,310,3347.9999999999995,0.0,3348.000000000016
0.1,0,311,3358.7999999999997,0.0,3358.800000000016
0.1,0,312,3369.5999999999995,0.0,3369.6000000000163
0.1,0,313,3380.3999999999996,0.0,3380.4000000000165
0.1,0,314,3391.2,0.0,3391.2000000000166
0.1,0,315,3401.9999999999995,0.0,3402.000000000017
0.1,0,316,3412.7999999999997,0.0,3412.800000000017
0.1,0,317,3423.5999999999995,0.0,3423.600000000017
0.1,0,318,3434.3999999999996,0.0,3434.4000000000174
0.1,0,319,3445.2,0.0,3445.2000000000176
0.1,0,320,3455.9999999999995,0.0,3456.0000000000177
0.1,0,321,3466.7999999999997,0.0,3466.800000000018
0.1,0,322,3477.5999999999995,0.0,3477.600000000018
0.1,0,323,3488.3999999999996,0.0,3488.4000000000183
0.1,0,324,3499.2,0.0,3499.2000000000185
0.1,0,325,3509.9999999999995,0.0,3510.0000000000186
0.1,0,326,3520.7999999999997,0.0,3520.800000000019
0.1,0,327,3531.5999999999995,0.0,3531.600000000019
0.1,0,328,3542.3999999999996,0.0,3542.400000000019
0.1,0,329,3553.2,0.0,3553.2000000000194
0.1,0,330,3563.9999999999995,0.0,3564.0000000000196
0.1,0,331,3574.7999999999997,0.0,3574.8000000000197
0.1,0,332,3585.5999999999995,0.0,3585.60000000002
0.1,0,333,3596.3999999999996,0.0,3596.40000000002
0.1,0,334,3607.2,0.0,3607.2000000000203
0.1,0,335,3617.9999999999995,0.0,3618.0000000000205
0.1,0,336,3628.7999999999997,0.0,3628.8000000000206
0.1,0,337,3639.5999999999995,0.0,3639.600000000021
0.1,0,338,3650.3999999999996,0.0,3650.400000000021
0.1,0,339,3661.2,0.0,3661.200000000021
0.1,0,340,3671.9999999999995,0.0,3672.0000000000214
0.1,0,341,3682.7999999999997,0.0,3682.8000000000216
0.1,0,342,3693.5999999999995,0.0,3693.6000000000217
0.1,0,343,3704.3999999999996,0.0,3704.400000000022
0.1,0,344,3715.2,0.0,3715.200000000022
0.1,0,345,3725.9999999999995,0.0,3726.0000000000223
0.1,0,346,3736.7999999999997,0.0,3736.8000000000225
0.1,0,347,3747.5999999999995,0.0,3747.6000000000226
0.1,0,348,3758.3999999999996,0.0,3758.400000000023
0.1,0,349,3769.2,0.0,3769.200000000023
0.1,0,350,3779.9999999999995,0.0,3780.000000000023
0.1,0,351,3790.7999999999997,0.0,3790.8000000000234
0.1,0,352,3801.5999999999995,0.0,3801.6000000000236
0.1,0,353,3812.3999999999996,0.0,3812.4000000000237
0.1,0,354,3823.2,0.0,3823.200000000024
0.1,0,355,3833.9999999999995,0.0,3834.000000000024
0.1,0,356,3844.7999999999997,0.0,3844.8000000000243
0.1,0,357,3855.5999999999995,0.0,3855.6000000000245
0.1,0,358,3866.3999999999996,0.0,3866.4000000000246
0.1,0,359,3877.2,0.0,3877.200000000025
0.1,0,360,3887.9999999999995,0.0,3888.000000000025
0.1,0.5,1,10.799999999999999,5.3999999999999995,5.3999999999999995
0.1,0.5,2,21.599999999999998,13.5,8.1
0.1,0.5,3,32.4,22.95,9.45
0.1,0.5,4,43.199999999999996,33.075,10.125
0.1,0.5,5,53.99999999999999,43.5375,10.462499999999999
0.1,0.5,6,64.8,54.16875,10.631249999999998
0.1,0.5,7,75.6,64.884375,10.715625
0.1,0.5,8,86.39999999999999,75.6421875,10.7578125
0.1,0.5,9,97.19999999999999,86.42109375000001,10.778906249999999
0.1,0.5,10,107.99999999999999,97.210546875,10.789453124999998
0.1,0.5,11,118.79999999999998,108.00527343750001,10.7947265625
0.1,0.5,12,129.6,118.80263671875001,10.79736328125
0.1,0.5,13,140.39999999999998,129.601318359375,10.798681640624999
0.1,0.5,14,151.2,140.4006591796875,10.799340820312498
0.1,0.5,15,161.99999999999997,151.20032958984373,10.79967041015625
0.1,0.5,16,172.79999999999998,162.00016479492186,10.799835205078125
0.1,0.5,17,183.6,172.80008239746093,10.799917602539061
0.1,0.5,18,194.39999999999998,183.60004119873045,10.79995880126953
0.1,0.5,19,205.2,194.4000205993652,10.799979400634765
0.1,0.5,20,215.99999999999997,205.2000102996826,10.799989700317383
0.1,0.5,21,226.79999999999998,216.0000051498413,10.79999485015869
0.1,0.5,22,237.59999999999997,226.80000257492063,10.799997425079344
0.1,0.5,23,248.39999999999998,237.6000012874603,10.799998712539672
0.1,0.5,24,259.2,248.40000064373012,10.799999356269836
0.1,0.5,25,270.0,259.20000032186505,10.799999678134917
0.1,0.5,26,280.79999999999995,270.00000016093253,10.799999839067457
0.1,0.5,27,291.59999999999997,280.80000008046625,10.799999919533729
0.1,0.5,28,302.4,291.6000000402331,10.799999959766865
0.1,0.5,29,313.2,302.4000000201165,10.799999979883431
0.1,0.5,30,323.99999999999994,313.20000001005826,10.799999989941714
0.1,0.5,31,334.79999999999995,324.0000000050291,10.799999994970857
0.1,0.5,32,345.59999999999997,334.80000000251454,10.799999997485429
0.1,0.5,33,356.4,345.60000000125723,10.799999998742713
0.1,0.5,34,367.2,356.4000000006286,10.799999999371355
0.1,0.5,35,377.99999999999994,367.2000000003143,10.799999999685678
0.1,0.5,36,388.79999999999995,378.0000000001571,10.79999999984284
0.1,0.5,37,399.59999999999997,388.8000000000785,10.799999999921418
0.1,0.5,38,410.4,399.60000000003924,10.799999999960708
0.1,0.5,39,421.19999999999993,410.4000000000196,10.799999999980354
0.1,0.5,40,431.99999999999994,421.20000000000977,10.799999999990177
0.1,0.5,41,442.79999999999995,432.00000000000483,10.799999999995087
0.1,0.5,42,453.59999999999997,442.8000000000024,10.799999999997542
0.1,0.5,43,464.4,453.60000000000116,10.799999999998771
0.1,0.5,44,475.19999999999993,464.40000000000055,10.799999999999386
0.1,0.5,45,485.99999999999994,475.2000000000002,10.799999999999692
0.1,0.5,46,496.79999999999995,486.00000000000006,10.799999999999844
0.1,0.5,47,507.59999999999997,496.79999999999995,10.799999999999923
0.1,0.5,48,518.4,507.5999999999999,10.799999999999962
0.1,0.5,49,529.1999999999999,518.3999999999999,10.79999999999998
0.1,0.5,50,540.0,529.1999999999998,10.79999999999999
0.1,0.5,51,550.8,539.9999999999998,10.799999999999994
0.1,0.5,52,561.5999999999999,550.7999999999997,10.799999999999997
0.1,0.5,53,572.4,561.5999999999997,10.799999999999997
0.1,0.5,54,583.1999999999999,572.3999999999996,10.799999999999997
0.1,0.5,55,593.9999999999999,583.1999999999996,10.799999999999997
0.1,0.5,56,604.8,593.9999999999995,10.799999999999997
0.1,0.5,57,615.5999999999999,604.7999999999995,10.799999999999997
0.1,0.5,58,626.4,615.5999999999995,10.799999999999997
0.1,0.5,59,637.1999999999999,626.3999999999994,10.799999999999997
0.1,0.5,60,647.9999999999999,637.1999999999994,10.799999999999997
0.1,0.5,61,658.8,647.9999999999993,10.799999999999997
0.1,0.5,62,669.5999999999999,658.7999999999993,10.799999999999997
0.1,0.5,63,680.4,669.5999999999992,10.799999999999997
0.1,0.5,64,691.1999999999999,680.3999999999992,10.799999999999997
0.1,0.5,65,701.9999999999999,691.1999999999991,10.799999999999997
0.1,0.5,66,712.8,701.9999999999991,10.799999999999997
0.1,0.5,67,723.5999999999999,712.799999999999,10.799999999999997
0.1,0.5,68,734.4,723.599999999999,10.799999999999997
0.1,0.5,69,745.1999999999999,734.399999999999,10.799999999999997
0.1,0.5,70,755.9999999999999,745.1999999999989,10.799999999999997
0.1,0.5,71,766.8,755.9999999999989,10.799999999999997
0.1,0.5,72,777.5999999999999,766.7999999999988,10.799999999999997
0.1,0.5,73,788.4,777.5999999999988,10.799999999999997
0.1,0.5,74,799.1999999999999,788.3999999999987,10.799999999999997
0.1,0.5,75,809.9999999999999,799.1999999999987,10.799999999999997
0.1,0.5,76,820.8,809.9999999999986,10.799999999999997
0.1,0.5,77,831.5999999999999,820.7999999999986,10.799999999999997
0.1,0.5,78,842.3999999999999,831.5999999999985,10.799999999999997
0.1,0.5,79,853.1999999999999,842.3999999999985,10.799999999999997
0.1,0.5,80,863.9999999999999,853.1999999999985,10.799999999999997
0.1,0.5,81,874.8,863.9999999999984,10.799999999999997
0.1,0.5,82,885.5999999999999,874.7999999999984,10.799999999999997
0.1,0.5,83,896.3999999999999,885.5999999999983,10.799999999999997
0.1,0.5,84,907.1999999999999,896.3999999999983,10.799999999999997
0.1,0.5,85,917.9999999999999,907.1999999999982,10.799999999999997
0.1,0.5,86,928.8,917.9999999999982,10.799999999999997
0.1,0.5,87,939.5999999999999,928.7999999999981,10.799999999999997
0.1,0.5,88,950.3999999999999,939.5999999999981,10.799999999999997
0.1,0.5,89,961.1999999999999,950.399999999998,10.799999999999997
0.1,0.5,90,971.9999999999999,961.199999999998,10.799999999999997
0.1,0.5,91,982.8,971.999999999998,10.799999999999997
0.1,0.5,92,993.5999999999999,982.7999999999979,10.799999999999997
0.1,0.5,93,1004.3999999999999,993.5999999999979,10.799999999999997
0.1,0.5,94,1015.1999999999999,1004.3999999999978,10.799999999999997
0.1,0.5,95,1026.0,1015.1999999999978,10.799999999999997
0.1,0.5,96,1036.8,1025.9999999999977,10.799999999999997
0.1,0.5,97,1047.6,1036.7999999999977,10.799999999999997
0.1,0.5,98,1058.3999999999999,1047.5999999999976,10.799999999999997
0.1,0.5,99,1069.1999999999998,1058.3999999999976,10.799999999999997
0.1,0.5,100,1080.0,1069.1999999999975,10.799999999999997
0.1,0.5,101,1090.8,1079.9999999999975,10.799999999999997
0.1,0.5,102,1101.6,1090.7999999999975,10.799999999999997
0.1,0.5,103,1112.3999999999999,1101.5999999999974,10.799999999999997
0.1,0.5,104,1123.1999999999998,1112.3999999999974,10.799999999999997
0.1,0.5,105,1134.0,1123.1999999999973,10.799999999999997
0.1,0.5,106,1144.8,1133.9999999999973,10.799999999999997
0.1,0.5,107,1155.6,1144.7999999999972,10.799999999999997
0.1,0.5,108,1166.3999999999999,1155.5999999999972,10.799999999999997
0.1,0.5,109,1177.1999999999998,1166.3999999999971,10.799999999999997
0.1,0.5,110,1187.9999999999998,1177.199999999997,10.799999999999997
0.1,0.5,111,1198.8,1187.999999999997,10.799999999999997
0.1,0.5,112,1209.6,1198.799999999997,10.799999999999997
0.1,0.5,113,1220.3999999999999,1209.599999999997,10.799999999999997
0.1,0.5,114,1231.1999999999998,1220.399999999997,10.799999999999997
0.1,0.5,115,1241.9999999999998,1231.1999999999969,10.799999999999997
0.1,0.5,116,1252.8,1241.9999999999968,10.799999999999997
0.1,0.5,117,1263.6,1252.7999999999968,10.799999999999997
0.1,0.5,118,1274.3999999999999,1263.5999999999967,10.799999999999997
0.1,0.5,119,1285.1999999999998,1274.3999999999967,10.799999999999997
0.1,0.5,120,1295.9999999999998,1285.1999999999966,10.799999999999997
0.1,0.5,121,1306.8,1295.9999999999966,10.799999999999997
0.1,0.5,122,1317.6,1306.7999999999965,10.799999999999997
0.1,0.5,123,1328.3999999999999,1317.5999999999965,10.799999999999997
0.1,0.5,124,1339.1999999999998,1328.3999999999965,10.799999999999997
0.1,0.5,125,1349.9999999999998,1339.1999999999964,10.799999999999997
0.1,0.5,126,1360.8,1349.9999999999964,10.799999999999997
0.1,0.5,127,1371.6,1360.7999999999963,10.799999999999997
0.1,0.5,128,1382.3999999999999,1371.5999999999963,10.799999999999997
0.1,0.5,129,1393.1999999999998,1382.3999999999962,10.799999999999997
0.1,0.5,130,1403.9999999999998,1393.1999999999962,10.799999999999997
0.1,0.5,131,1414.8,1403.9999999999961,10.799999999999997
0.1,0.5,132,1425.6,1414.799999999996,10.799999999999997
0.1,0.5,133,1436.3999999999999,1425.599999999996,10.799999999999997
0.1,0.5,134,1447.1999999999998,1436.399999999996,10.799999999999997
0.1,0.5,135,1457.9999999999998,1447.199999999996,10.799999999999997
0.1,0.5,136,1468.8,1457.999999999996,10.799999999999997
0.1,0.5,137,1479.6,1468.7999999999959,10.799999999999997
0.1,0.5,138,1490.3999999999999,1479.5999999999958,10.799999999999997
0.1,0.5,139,1501.1999999999998,1490.3999999999958,10.799999999999997
0.1,0.5,140,1511.9999999999998,1501.1999999999957,10.799999999999997
0.1,0.5,141,1522.8,1511.9999999999957,10.799999999999997
0.1,0.5,142,1533.6,1522.7999999999956,10.799999999999997
0.1,0.5,143,1544.3999999999999,1533.5999999999956,10.799999999999997
0.1,0.5,144,1555.1999999999998,1544.3999999999955,10.799999999999997
0.1,0.5,145,1565.9999999999998,1555.1999999999955,10.799999999999997
0.1,0.5,146,1576.8,1565.9999999999955,10.799999999999997
0.1,0.5,147,1587.6,1576.7999999999954,10.799999999999997
0.1,0.5,148,1598.3999999999999,1587.5999999999954,10.799999999999997
0.1,0.5,149,1609.1999999999998,1598.3999999999953,10.799999999999997
0.1,0.5,150,1619.9999999999998,1609.1999999999953,10.799999999999997
0.1,0.5,151,1630.7999999999997,1619.9999999999952,10.799999999999997
0.1,0.5,152,1641.6,1630.7999999999952,10.799999999999997
0.1,0.5,153,1652.3999999999999,1641.5999999999951,10.799999999999997
0.1,0.5,154,1663.1999999999998,1652.399999999995,10.799999999999997
0.1,0.5,155,1673.9999999999998,1663.199999999995,10.799999999999997
0.1,0.5,156,1684.7999999999997,1673.999999999995,10.799999999999997
0.1,0.5,157,1695.6,1684.799999999995,10.799999999999997
0.1,0.5,158,1706.3999999999999,1695.599999999995,10.799999999999997
0.1,0.5,159,1717.1999999999998,1706.3999999999949,10.799999999999997
0.1,0.5,160,1727.9999999999998,1717.1999999999948,10.799999999999997
0.1,0.5,161,1738.7999999999997,1727.9999999999948,10.799999999999997
0.1,0.5,162,1749.6,1738.7999999999947,10.799999999999997
0.1,0.5,163,1760.3999999999999,1749.5999999999947,10.799999999999997
0.1,0.5,164,1771.1999999999998,1760.3999999999946,10.799999999999997
0.1,0.5,165,1781.9999999999998,1771.1999999999946,10.799999999999997
0.1,0.5,166,1792.7999999999997,1781.9999999999945,10.799999999999997
0.1,0.5,167,1803.6,1792.7999999999945,10.799999999999997
0.1,0.5,168,1814.3999999999999,1803.5999999999945,10.799999999999997
0.1,0.5,169,1825.1999999999998,1814.3999999999944,10.799999999999997
0.1,0.5,170,1835.9999999999998,1825.1999999999944,10.799999999999997
0.1,0.5,171,1846.7999999999997,1835.9999999999943,10.799999999999997
0.1,0.5,172,1857.6,1846.7999999999943,10.799999999999997
0.1,0.5,173,1868.3999999999999,1857.5999999999942,10.799999999999997
0.1,0.5,174,1879.1999999999998,1868.3999999999942,10.799999999999997
0.1,0.5,175,1889.9999999999998,1879.1999999999941,10.799999999999997
0.1,0.5,176,1900.7999999999997,1889.999999999994,10.799999999999997
0.1,0.5,177,1911.6,1900.799999999994,10.799999999999997
0.1,0.5,178,1922.3999999999999,1911.599999999994,10.799999999999997
0.1,0.5,179,1933.1999999999998,1922.399999999994,10.799999999999997
0.1,0.5,180,1943.9999999999998,1933.199999999994,10.799999999999997
0.1,0.5,181,1954.7999999999997,1943.9999999999939,10.799999999999997
0.1,0.5,182,1965.6,1954.7999999999938,10.799999999999997
0.1,0.5,183,1976.3999999999999,1965.5999999999938,10.799999999999997
0.1,0.5,184,1987.1999999999998,1976.3999999999937,10.799999999999997
0.1,0.5,185,1997.9999999999998,1987.1999999999937,10.799999999999997
0.1,0.5,186,2008.7999999999997,1997.9999999999936,10.799999999999997
0.1,0.5,187,2019.6,2008.7999999999936,10.799999999999997
0.1,0.5,188,2030.3999999999999,2019.5999999999935,10.799999999999997
0.1,0.5,189,2041.1999999999998,2030.3999999999935,10.799999999999997
0.1,0.5,190,2052.0,2041.1999999999935,10.799999999999997
0.1,0.5,191,2062.7999999999997,2051.9999999999936,10.799999999999997
0.1,0.5,192,2073.6,2062.799999999994,10.799999999999997
0.1,0.5,193,2084.3999999999996,2073.599999999994,10.799999999999997
0.1,0.5,194,2095.2,2084.399999999994,10.799999999999997
0.1,0.5,195,2106.0,2095.1999999999944,10.799999999999997
0.1,0.5,196,2116.7999999999997,2105.9999999999945,10.799999999999997
0.1,0.5,197,2127.6,2116.7999999999947,10.799999999999997
0.1,0.5,198,2138.3999999999996,2127.599999999995,10.799999999999997
0.1,0.5,199,2149.2,2138.399999999995,10.799999999999997
0.1,0.5,200,2160.0,2149.1999999999953,10.799999999999997
0.1,0.5,201,2170.7999999999997,2159.9999999999955,10.799999999999997
0.1,0.5,202,2181.6,2170.7999999999956,10.799999999999997
0.1,0.5,203,2192.3999999999996,2181.599999999996,10.799999999999997
0.1,0.5,204,2203.2,2192.399999999996,10.799999999999997
0.1,0.5,205,2214.0,2203.199999999996,10.799999999999997
0.1,0.5,206,2224.7999999999997,2213.9999999999964,10.799999999999997
0.1,0.5,207,2235.6,2224.7999999999965,10.799999999999997
0.1,0.5,208,2246.3999999999996,2235.5999999999967,10.799999999999997
0.1,0.5,209,2257.2,2246.399999999997,10.799999999999997
0.1,0.5,210,2268.0,2257.199999999997,10.799999999999997
0.1,0.5,211,2278.7999999999997,2267.9999999999973,10.799999999999997
0.1,0.5,212,2289.6,2278.7999999999975,10.799999999999997
0.1,0.5,213,2300.3999999999996,2289.5999999999976,10.799999999999997
0.1,0.5,214,2311.2,2300.399999999998,10.799999999999997
0.1,0.5,215,2321.9999999999995,2311.199999999998,10.799999999999997
0.1,0.5,216,2332.7999999999997,2321.999999999998,10.799999999999997
0.1,0.5,217,2343.6,2332.7999999999984,10.799999999999997
0.1,0.5,218,2354.3999999999996,2343.5999999999985,10.799999999999997
0.1,0.5,219,2365.2,2354.3999999999987,10.799999999999997
0.1,0.5,220,2375.9999999999995,2365.199999999999,10.799999999999997
0.1,0.5,221,2386.7999999999997,2375.999999999999,10.799999999999997
0.1,0.5,222,2397.6,2386.7999999999993,10.799999999999997
0.1,0.5,223,2408.3999999999996,2397.5999999999995,10.799999999999997
0.1,0.5,224,2419.2,2408.3999999999996,10.799999999999997
0.1,0.5,225,2429.9999999999995,2419.2,10.799999999999997
0.1,0.5,226,2440.7999999999997,2430.0,10.799999999999997
0.1,0.5,227,2451.6,2440.8,10.799999999999997
0.1,0.5,228,2462.3999999999996,2451.6000000000004,10.799999999999997
0.1,0.5,229,2473.2,2462.4000000000005,10.799999999999997
0.1,0.5,230,2483.9999999999995,2473.2000000000007,10.799999999999997
0.1,0.5,231,2494.7999999999997,2484.000000000001,10.799999999999997
0.1,0.5,232,2505.6,2494.800000000001,10.799999999999997
0.1,0.5,233,2516.3999999999996,2505.6000000000013,10.799999999999997
0.1,0.5,234,2527.2,2516.4000000000015,10.799999999999997
0.1,0.5,235,2537.9999999999995,2527.2000000000016,10.799999999999997
0.1,0.5,236,2548.7999999999997,2538.000000000002,10.799999999999997
0.1,0.5,237,2559.6,2548.800000000002,10.799999999999997
0.1,0.5,238,2570.3999999999996,2559.600000000002,10.799999999999997
0.1,0.5,239,2581.2,2570.4000000000024,10.799999999999997
0.1,0.5,240,2591.9999999999995,2581.2000000000025,10.799999999999997
0.1,0.5,241,2602.7999999999997,2592.0000000000027,10.799999999999997
0.1,0.5,242,2613.6,2602.800000000003,10.799999999999997
0.1,0.5,243,2624.3999999999996,2613.600000000003,10.799999999999997
0.1,0.5,244,2635.2,2624.4000000000033,10.799999999999997
0.1,0.5,245,2645.9999999999995,2635.2000000000035,10.799999999999997
0.1,0.5,246,2656.7999999999997,2646.0000000000036,10.799999999999997
0.1,0.5,247,2667.6,2656.800000000004,10.799999999999997
0.1,0.5,248,2678.3999999999996,2667.600000000004,10.799999999999997
0.1,0.5,249,2689.2,2678.400000000004,10.799999999999997
0.1,0.5,250,2699.9999999999995,2689.2000000000044,10.799999999999997
0.1,0.5,251,2710.7999999999997,2700.0000000000045,10.799999999999997
0.1,0.5,252,2721.6,2710.8000000000047,10.799999999999997
0.1,0.5,253,2732.3999999999996,2721.600000000005,10.799999999999997
0.1,0.5,254,2743.2,2732.400000000005,10.799999999999997
0.1,0.5,255,2753.9999999999995,2743.2000000000053,10.799999999999997
0.1,0.5,256,2764.7999999999997,2754.0000000000055,10.799999999999997
0.1,0.5,257,2775.6,2764.8000000000056,10.799999999999997
0.1,0.5,258,2786.3999999999996,2775.600000000006,10.799999999999997
0.1,0.5,259,2797.2,2786.400000000006,10.799999999999997
0.1,0.5,260,2807.9999999999995,2797.200000000006,10.799999999999997
0.1,0.5,261,2818.7999999999997,2808.0000000000064,10.799999999999997
0.1,0.5,262,2829.6,2818.8000000000065,10.799999999999997
0.1,0.5,263,2840.3999999999996,2829.6000000000067,10.799999999999997
0.1,0.5,264,2851.2,2840.400000000007,10.799999999999997
0.1,0.5,265,2861.9999999999995,2851.200000000007,10.799999999999997
0.1,0.5,266,2872.7999999999997,2862.0000000000073,10.799999999999997
0.1,0.5,267,2883.6,2872.8000000000075,10.799999999999997
0.1,0.5,268,2894.3999999999996,2883.6000000000076,10.799999999999997
0.1,0.5,269,2905.2,2894.400000000008,10.799999999999997
0.1,0.5,270,2915.9999999999995,2905.200000000008,10.799999999999997
0.1,0.5,271,2926.7999999999997,2916.000000000008,10.799999999999997
0.1,0.5,272,2937.6,2926.8000000000084,10.799999999999997
0.1,0.5,273,2948.3999999999996,2937.6000000000085,10.799999999999997
0.1,0.5,274,2959.2,2948.4000000000087,10.799999999999997
0.1,0.5,275,2969.9999999999995,2959.200000000009,10.799999999999997
0.1,0.5,276,2980.7999999999997,2970.000000000009,10.799999999999997
0.1,0.5,277,2991.6,2980.8000000000093,10.799999999999997
0.1,0.5,278,3002.3999999999996,2991.6000000000095,10.799999999999997
0.1,0.5,279,3013.2,3002.4000000000096,10.799999999999997
0.1,0.5,280,3023.9999999999995,3013.20000000001,10.799999999999997
0.1,0.5,281,3034.7999999999997,3024.00000000001,10.799999999999997
0.1,0.5,282,3045.6,3034.80000000001,10.799999999999997
0.1,0.5,283,3056.3999999999996,3045.6000000000104,10.799999999999997
0.1,0.5,284,3067.2,3056.4000000000106,10.799999999999997
0.1,0.5,285,3077.9999999999995,3067.2000000000107,10.799999999999997
0.1,0.5,286,3088.7999999999997,3078.000000000011,10.799999999999997
0.1,0.5,287,3099.6,3088.800000000011,10.799999999999997
0.1,0.5,288,3110.3999999999996,3099.6000000000113,10.799999999999997
0.1,0.5,289,3121.2,3110.4000000000115,10.799999999999997
0.1,0.5,290,3131.9999999999995,3121.2000000000116,10.799999999999997
0.1,0.5,291,3142.7999999999997,3132.000000000012,10.799999999999997
0.1,0.5,292,3153.6,3142.800000000012,10.799999999999997
0.1,0.5,293,3164.3999999999996,3153.600000000012,10.799999999999997
0.1,0.5,294,3175.2,3164.4000000000124,10.799999999999997
0.1,0.5,295,3185.9999999999995,3175.2000000000126,10.799999999999997
0.1,0.5,296,3196.7999999999997,3186.0000000000127,10.799999999999997
0.1,0.5,297,3207.6,3196.800000000013,10.799999999999997
0.1,0.5,298,3218.3999999999996,3207.600000000013,10.799999999999997
0.1,0.5,299,3229.2,3218.4000000000133,10.799999999999997
0.1,0.5,300,3239.9999999999995,3229.2000000000135,10.799999999999997
0.1,0.5,301,3250.7999999999997,3240.0000000000136,10.799999999999997
0.1,0.5,302,3261.5999999999995,3250.800000000014,10.799999999999997
0.1,0.5,303,3272.3999999999996,3261.600000000014,10.799999999999997
0.1,0.5,304,3283.2,3272.400000000014,10.799999999999997
0.1,0.5,305,3293.9999999999995,3283.2000000000144,10.799999999999997
0.1,0.5,306,3304.7999999999997,3294.0000000000146,10.799999999999997
0.1,0.5,307,3315.5999999999995,3304.8000000000147,10.799999999999997
0.1,0.5,308,3326.3999999999996,3315.600000000015,10.799999999999997
0.1,0.5,309,3337.2,3326.400000000015,10.799999999999997
0.1,0.5,310,3347.9999999999995,3337.2000000000153,10.799999999999997
0.1,0.5,311,3358.7999999999997,3348.0000000000155,10.799999999999997
0.1,0.5,312,3369.5999999999995,3358.8000000000156,10.799999999999997
0.1,0.5,313,3380.3999999999996,3369.600000000016,10.799999999999997
0.1,0.5,314,3391.2,3380.400000000016,10.799999999999997
0.1,0.5,315,3401.9999999999995,3391.200000000016,10.799999999999997
0.1,0.5,316,3412.7999999999997,3402.0000000000164,10.799999999999997
0.1,0.5,317,3423.5999999999995,3412.8000000000166,10.799999999999997
0.1,0.5,318,3434.3999999999996,3423.6000000000167,10.799999999999997
0.1,0.5,319,3445.2,3434.400000000017,10.799999999999997
0.1,0.5,320,3455.9999999999995,3445.200000000017,10.799999999999997
0.1,0.5,321,3466.7999999999997,3456.0000000000173,10.799999999999997
0.1,0.5,322,3477.5999999999995,3466.8000000000175,10.799999999999997
0.1,0.5,323,3488.3999999999996,3477.6000000000176,10.799999999999997
0.1,0.5,324,3499.2,3488.400000000018,10.799999999999997
0.1,0.5,325,3509.9999999999995,3499.200000000018,10.799999999999997
0.1,0.5,326,3520.7999999999997,3510.000000000018,10.799999999999997
0.1,0.5,327,3531.5999999999995,3520.8000000000184,10.799999999999997
0.1,0.5,328,3542.3999999999996,3531.6000000000186,10.799999999999997
0.1,0.5,329,3553.2,3542.4000000000187,10.799999999999997
0.1,0.5,330,3563.9999999999995,3553.200000000019,10.799999999999997
0.1,0.5,331,3574.7999999999997,3564.000000000019,10.799999999999997
0.1,0.5,332,3585.5999999999995,3574.8000000000193,10.799999999999997
0.1,0.5,333,3596.3999999999996,3585.6000000000195,10.799999999999997
0.1,0.5,334,3607.2,3596.4000000000196,10.799999999999997
0.1,0.5,335,3617.9999999999995,3607.20000000002,10.799999999999997
0.1,0.5,336,3628.7999999999997,3618.00000000002,10.799999999999997
0.1,0.5,337,3639.5999999999995,3628.80000000002,10.799999999999997
0.1,0.5,338,3650.3999999999996,3639.6000000000204,10.799999999999997
0.1,0.5,339,3661.2,3650.4000000000206,10.799999999999997
0.1,0.5,340,3671.9999999999995,3661.2000000000207,10.799999999999997
0.1,0.5,341,3682.7999999999997,3672.000000000021,10.799999999999997
0.1,0.5,342,3693.5999999999995,3682.800000000021,10.799999999999997
0.1,0.5,343,3704.3999999999996,3693.6000000000213,10.799999999999997
0.1,0.5,344,3715.2,3704.4000000000215,10.799999999999997
0.1,0.5,345,3725.9999999999995,3715.2000000000216,10.799999999999997
0.1,0.5,346,3736.7999999999997,3726.000000000022,10.799999999999997
0.1,0.5,347,3747.5999999999995,3736.800000000022,10.799999999999997
0.1,0.5,348,3758.3999999999996,3747.600000000022,10.799999999999997
0.1,0.5,349,3769.2,3758.4000000000224,10.799999999999997
0.1,0.5,350,3779.9999999999995,3769.2000000000226,10.799999999999997
0.1,0.5,351,3790.7999999999997,3780.0000000000227,10.799999999999997
0.1,0.5,352,3801.5999999999995,3790.800000000023,10.799999999999997
0.1,0.5,353,3812.3999999999996,3801.600000000023,10.799999999999997
0.1,0.5,354,3823.2,3812.4000000000233,10.799999999999997
0.1,0.5,355,3833.9999999999995,3823.2000000000235,10.799999999999997
0.1,0.5,356,3844.7999999999997,3834.0000000000236,10.799999999999997
0.1,0.5,357,3855.5999999999995,3844.800000000024,10.799999999999997
0.1,0.5,358,3866.3999999999996,3855.600000000024,10.799999999999997
0.1,0.5,359,3877.2,3866.400000000024,10.799999999999997
0.1,0.5,360,3887.9999999999995,3877.2000000000244,10.799999999999997
0.1,0.9,1,10.799999999999999,9.719999999999999,1.08
0.1,0.9,2,21.599999999999998,20.412,1.1879999999999988
0.1,0.9,3,32.4,31.201199999999996,1.1988000000000003
0.1,0.9,4,43.199999999999996,42.000119999999995,1.1998800000000003
0.1,0.9,5,53.99999999999999,52.800011999999995,1.1999879999999994
0.1,0.9,6,64.8,63.600001199999994,1.1999987999999995
0.1,0.9,7,75.6,74.40000011999999,1.19999988
0.1,0.9,8,86.39999999999999,85.20000001199999,1.199999988
0.1,0.9,9,97.19999999999999,96.0000000012,1.1999999987999992
0.1,0.9,10,107.99999999999999,106.80000000012,1.1999999998799993
0.1,0.9,11,118.79999999999998,117.60000000001199,1.199999999988
0.1,0.9,12,129.6,128.4000000000012,1.1999999999988002
0.1,0.9,13,140.39999999999998,139.20000000000013,1.1999999999998803
0.1,0.9,14,151.2,150.00000000000003,1.1999999999999869
0.1,0.9,15,161.99999999999997,160.8,1.1999999999999975
0.1,0.9,16,172.79999999999998,171.60000000000002,1.1999999999999993
0.1,0.9,17,183.6,182.40000000000003,1.1999999999999993
0.1,0.9,18,194.39999999999998,193.20000000000005,1.1999999999999993
0.1,0.9,19,205.2,204.00000000000006,1.1999999999999993
0.1,0.9,20,215.99999999999997,214.80000000000007,1.1999999999999993
0.1,0.9,21,226.79999999999998,225.60000000000008,1.1999999999999993
0.1,0.9,22,237.59999999999997,236.4000000000001,1.1999999999999993
0.1,0.9,23,248.39999999999998,247.2000000000001,1.1999999999999993
0.1,0.9,24,259.2,258.0000000000001,1.1999999999999993
0.1,0.9,25,270.0,268.8000000000001,1.1999999999999993
0.1,0.9,26,280.79999999999995,279.60000000000014,1.1999999999999993
0.1,0.9,27,291.59999999999997,290.40000000000015,1.1999999999999993
0.1,0.9,28,302.4,301.20000000000016,1.1999999999999993
0.1,0.9,29,313.2,312.00000000000017,1.1999999999999993
0.1,0.9,30,323.99999999999994,322.8000000000002,1.1999999999999993
0.1,0.9,31,334.79999999999995,333.6000000000002,1.1999999999999993
0.1,0.9,32,345.59999999999997,344.4000000000002,1.1999999999999993
0.1,0.9,33,356.4,355.2000000000002,1.1999999999999993
0.1,0.9,34,367.2,366.0000000000002,1.1999999999999993
0.1,0.9,35,377.99999999999994,376.80000000000024,1.1999999999999993
0.1,0.9,36,388.79999999999995,387.60000000000025,1.1999999999999993
0.1,0.9,37,399.59999999999997,398.40000000000026,1.1999999999999993
0.1,0.9,38,410.4,409.2000000000003,1.1999999999999993
0.1,0.9,39,421.19999999999993,420.0000000000003,1.1999999999999993
0.1,0.9,40,431.99999999999994,430.8000000000003,1.1999999999999993
0.1,0.9,41,442.79999999999995,441.6000000000003,1.1999999999999993
0.1,0.9,42,453.59999999999997,452.4000000000003,1.1999999999999993
0.1,0.9,43,464.4,463.20000000000033,1.1999999999999993
0.1,0.9,44,475.19999999999993,474.00000000000034,1.1999999999999993
0.1,0.9,45,485.99999999999994,484.80000000000035,1.1999999999999993
0.1,0.9,46,496.79999999999995,495.60000000000036,1.1999999999999993
0.1,0.9,47,507.59999999999997,506.4000000000004,1.1999999999999993
0.1,0.9,48,518.4,517.2000000000004,1.1999999999999993
0.1,0.9,49,529.1999999999999,528.0000000000003,1.1999999999999993
0.1,0.9,50,540.0,538.8000000000003,1.1999999999999993
0.1,0.9,51,550.8,549.6000000000003,1.1999999999999993
0.1,0.9,52,561.5999999999999,560.4000000000002,1.1999999999999993
0.1,0.9,53,572.4,571.2000000000002,1.1999999999999993
0.1,0.9,54,583.1999999999999,582.0000000000001,1.1999999999999993
0.1,0.9,55,593.9999999999999,592.8000000000001,1.1999999999999993
0.1,0.9,56,604.8,603.6,1.1999999999999993
0.1,0.9,57,615.5999999999999,614.4,1.1999999999999993
0.1,0.9,58,626.4,625.1999999999999,1.1999999999999993
0.1,0.9,59,637.1999999999999,635.9999999999999,1.1999999999999993
0.1,0.9,60,647.9999999999999,646.7999999999998,1.1999999999999993
0.1,0.9,61,658.8,657.5999999999998,1.1999999999999993
0.1,0.9,62,669.5999999999999,668.3999999999997,1.1999999999999993
0.1,0.9,63,680.4,679.1999999999997,1.1999999999999993
0.1,0.9,64,691.1999999999999,689.9999999999997,1.1999999999999993
0.1,0.9,65,701.9999999999999,700.7999999999996,1.1999999999999993
0.1,0.9,66,712.8,711.5999999999996,1.1999999999999993
0.1,0.9,67,723.5999999999999,722.3999999999995,1.1999999999999993
0.1,0.9,68,734.4,733.1999999999995,1.1999999999999993
0.1,0.9,69,745.1999999999999,743.9999999999994,1.1999999999999993
0.1,0.9,70,755.9999999999999,754.7999999999994,1.1999999999999993
0.1,0.9,71,766.8,765.5999999999993,1.1999999999999993
0.1,0.9,72,777.5999999999999,776.3999999999993,1.1999999999999993
0.1,0.9,73,788.4,787.1999999999992,1.1999999999999993
0.1,0.9,74,799.1999999999999,797.9999999999992,1.1999999999999993
0.1,0.9,75,809.9999999999999,808.7999999999992,1.1999999999999993
0.1,0.9,76,820.8,819.5999999999991,1.1999999999999993
0.1,0.9,77,831.5999999999999,830.3999999999991,1.1999999999999993
0.1,0.9,78,842.3999999999999,841.199999999999,1.1999999999999993
0.1,0.9,79,853.1999999999999,851.999999999999,1.1999999999999993
0.1,0.9,80,863.9999999999999,862.7999999999989,1.1999999999999993
0.1,0.9,81,874.8,873.5999999999989,1.1999999999999993
0.1,0.9,82,885.5999999999999,884.3999999999988,1.1999999999999993
0.1,0.9,83,896.3999999999999,895.1999999999988,1.1999999999999993
0.1,0.9,84,907.1999999999999,905.9999999999987,1.1999999999999993
0.1,0.9,85,917.9999999999999,916.7999999999987,1.1999999999999993
0.1,0.9,86,928.8,927.5999999999987,1.1999999999999993
0.1,0.9,87,939.5999999999999,938.3999999999986,1.1999999999999993
0.1,0.9,88,950.3999999999999,949.1999999999986,1.1999999999999993
0.1,0.9,89,961.1999999999999,959.9999999999985,1.1999999999999993
0.1,0.9,90,971.9999999999999,970.7999999999985,1.1999999999999993
0.1,0.9,91,982.8,981.5999999999984,1.1999999999999993
0.1,0.9,92,993.5999999999999,992.3999999999984,1.1999999999999993
0.1,0.9,93,1004.3999999999999,1003.1999999999983,1.1999999999999993
0.1,0.9,94,1015.1999999999999,1013.9999999999983,1.1999999999999993
0.1,0.9,95,1026.0,1024.7999999999984,1.1999999999999993
0.1,0.9,96,1036.8,1035.5999999999983,1.1999999999999993
0.1,0.9,97,1047.6,1046.3999999999983,1.1999999999999993
0.1,0.9,98,1058.3999999999999,1057.1999999999982,1.1999999999999993
0.1,0.9,99,1069.1999999999998,1067.9999999999982,1.1999999999999993
0.1,0.9,100,1080.0,1078.7999999999981,1.1999999999999993
0.1,0.9,101,1090.8,1089.599999999998,1.1999999999999993
0.1,0.9,102,1101.6,1100.399999999998,1.1999999999999993
0.1,0.9,103,1112.3999999999999,1111.199999999998,1.1999999999999993
0.1,0.9,104,1123.1999999999998,1121.999999999998,1.1999999999999993
0.1,0.9,105,1134.0,1132.799999999998,1.1999999999999993
0.1,0.9,106,1144.8,1143.5999999999979,1.1999999999999993
0.1,0.9,107,1155.6,1154.3999999999978,1.1999999999999993
0.1,0.9,108,1166.3999999999999,1165.1999999999978,1.1999999999999993
0.1,0.9,109,1177.1999999999998,1175.9999999999977,1.1999999999999993
0.1,0.9,110,1187.9999999999998,1186.7999999999977,1.1999999999999993
0.1,0.9,111,1198.8,1197.5999999999976,1.1999999999999993
0.1,0.9,112,1209.6,1208.3999999999976,1.1999999999999993
0.1,0.9,113,1220.3999999999999,1219.1999999999975,1.1999999999999993
0.1,0.9,114,1231.1999999999998,1229.9999999999975,1.1999999999999993
0.1,0.9,115,1241.9999999999998,1240.7999999999975,1.1999999999999993
0.1,0.9,116,1252.8,1251.5999999999974,1.1999999999999993
0.1,0.9,117,1263.6,1262.3999999999974,1.1999999999999993
0.1,0.9,118,1274.3999999999999,1273.1999999999973,1.1999999999999993
0.1,0.9,119,1285.1999999999998,1283.9999999999973,1.1999999999999993
0.1,0.9,120,1295.9999999999998,1294.7999999999972,1.1999999999999993
0.1,0.9,121,1306.8,1305.5999999999972,1.1999999999999993
0.1,0.9,122,1317.6,1316.3999999999971,1.1999999999999993
0.1,0.9,123,1328.3999999999999,1327.199999999997,1.1999999999999993
0.1,0.9,124,1339.1999999999998,1337.999999999997,1.1999999999999993
0.1,0.9,125,1349.9999999999998,1348.799999999997,1.1999999999999993
0.1,0.9,126,1360.8,1359.599999999997,1.1999999999999993
0.1,0.9,127,1371.6,1370.399999999997,1.1999999999999993
0.1,0.9,128,1382.3999999999999,1381.1999999999969,1.1999999999999993
0.1,0.9,129,1393.1999999999998,1391.9999999999968,1.1999999999999993
0.1,0.9,130,1403.9999999999998,1402.7999999999968,1.1999999999999993
0.1,0.9,131,1414.8,1413.5999999999967,1.1999999999999993
0.1,0.9,132,1425.6,1424.3999999999967,1.1999999999999993
0.1,0.9,133,1436.3999999999999,1435.1999999999966,1.1999999999999993
0.1,0.9,134,1447.1999999999998,1445.9999999999966,1.1999999999999993
0.1,0.9,135,1457.9999999999998,1456.7999999999965,1.1999999999999993
0.1,0.9,136,1468.8,1467.5999999999965,1.1999999999999993
0.1,0.9,137,1479.6,1478.3999999999965,1.1999999999999993
0.1,0.9,138,1490.3999999999999,1489.1999999999964,1.1999999999999993
0.1,0.9,139,1501.1999999999998,1499.9999999999964,1.1999999999999993
0.1,0.9,140,1511.9999999999998,1510.7999999999963,1.1999999999999993
0.1,0.9,141,1522.8,1521.5999999999963,1.1999999999999993
0.1,0.9,142,1533.6,1532.3999999999962,1.1999999999999993
0.1,0.9,143,1544.3999999999999,1543.1999999999962,1.1999999999999993
0.1,0.9,144,1555.1999999999998,1553.9999999999961,1.1999999999999993
0.1,0.9,145,1565.9999999999998,1564.799999999996,1.1999999999999993
0.1,0.9,146,1576.8,1575.599999999996,1.1999999999999993
0.1,0.9,147,1587.6,1586.399999999996,1.1999999999999993
0.1,0.9,148,1598.3999999999999,1597.199999999996,1.1999999999999993
0.1,0.9,149,1609.1999999999998,1607.999999999996,1.1999999999999993
0.1,0.9,150,1619.9999999999998,1618.7999999999959,1.1999999999999993
0.1,0.9,151,1630.7999999999997,1629.5999999999958,1.1999999999999993
0.1,0.9,152,1641.6,1640.3999999999958,1.1999999999999993
0.1,0.9,153,1652.3999999999999,1651.1999999999957,1.1999999999999993
0.1,0.9,154,1663.1999999999998,1661.9999999999957,1.1999999999999993
0.1,0.9,155,1673.9999999999998,1672.7999999999956,1.1999999999999993
0.1,0.9,156,1684.7999999999997,1683.5999999999956,1.1999999999999993
0.1,0.9,157,1695.6,1694.3999999999955,1.1999999999999993
0.1,0.9,158,1706.3999999999999,1705.1999999999955,1.1999999999999993
0.1,0.9,159,1717.1999999999998,1715.9999999999955,1.1999999999999993
0.1,0.9,160,1727.9999999999998,1726.7999999999954,1.1999999999999993
0.1,0.9,161,1738.7999999999997,1737.5999999999954,1.1999999999999993
0.1,0.9,162,1749.6,1748.3999999999953,1.1999999999999993
0.1,0.9,163,1760.3999999999999,1759.1999999999953,1.1999999999999993
0.1,0.9,164,1771.1999999999998,1769.9999999999952,1.1999999999999993
0.1,0.9,165,1781.9999999999998,1780.7999999999952,1.1999999999999993
0.1,0.9,166,1792.7999999999997,1791.5999999999951,1.1999999999999993
0.1,0.9,167,1803.6,1802.399999999995,1.1999999999999993
0.1,0.9,168,1814.3999999999999,1813.199999999995,1.1999999999999993
0.1,0.9,169,1825.1999999999998,1823.999999999995,1.1999999999999993
0.1,0.9,170,1835.9999999999998,1834.799999999995,1.1999999999999993
0.1,0.9,171,1846.7999999999997,1845.599999999995,1.1999999999999993
0.1,0.9,172,1857.6,1856.3999999999949,1.1999999999999993
0.1,0.9,173,1868.3999999999999,1867.1999999999948,1.1999999999999993
0.1,0.9,174,1879.1999999999998,1877.9999999999948,1.1999999999999993
0.1,0.9,175,1889.9999999999998,1888.7999999999947,1.1999999999999993
0.1,0.9,176,1900.7999999999997,1899.5999999999947,1.1999999999999993
0.1,0.9,177,1911.6,1910.3999999999946,1.1999999999999993
0.1,0.9,178,1922.3999999999999,1921.1999999999946,1.1999999999999993
0.1,0.9,179,1933.1999999999998,1931.9999999999945,1.1999999999999993
0.1,0.9,180,1943.9999999999998,1942.7999999999945,1.1999999999999993
0.1,0.9,181,1954.7999999999997,1953.5999999999945,1.1999999999999993
0.1,0.9,182,1965.6,1964.3999999999944,1.1999999999999993
0.1,0.9,183,1976.3999999999999,1975.1999999999944,1.1999999999999993
0.1,0.9,184,1987.1999999999998,1985.9999999999943,1.1999999999999993
0.1,0.9,185,1997.9999999999998,1996.7999999999943,1.1999999999999993
0.1,0.9,186,2008.7999999999997,2007.5999999999942,1.1999999999999993
0.1,0.9,187,2019.6,2018.3999999999942,1.1999999999999993
0.1,0.9,188,2030.3999999999999,2029.1999999999941,1.1999999999999993
0.1,0.9,189,2041.1999999999998,2039.999999999994,1.1999999999999993
0.1,0.9,190,2052.0,2050.7999999999943,1.1999999999999993
0.1,0.9,191,2062.7999999999997,2061.5999999999945,1.1999999999999993
0.1,0.9,192,2073.6,2072.3999999999946,1.1999999999999993
0.1,0.9,193,2084.3999999999996,2083.199999999995,1.1999999999999993
0.1,0.9,194,2095.2,2093.999999999995,1.1999999999999993
0.1,0.9,195,2106.0,2104.799999999995,1.1999999999999993
0.1,0.9,196,2116.7999999999997,2115.5999999999954,1.1999999999999993
0.1,0.9,197,2127.6,2126.3999999999955,1.1999999999999993
0.1,0.9,198,2138.3999999999996,2137.1999999999957,1.1999999999999993
0.1,0.9,199,2149.2,2147.999999999996,1.1999999999999993
0.1,0.9,200,2160.0,2158.799999999996,1.1999999999999993
0.1,0.9,201,2170.7999999999997,2169.5999999999963,1.1999999999999993
0.1,0.9,202,2181.6,2180.3999999999965,1.1999999999999993
0.1,0.9,203,2192.3999999999996,2191.1999999999966,1.1999999999999993
0.1,0.9,204,2203.2,2201.999999999997,1.1999999999999993
0.1,0.9,205,2214.0,2212.799999999997,1.1999999999999993
0.1,0.9,206,2224.7999999999997,2223.599999999997,1.1999999999999993
0.1,0.9,207,2235.6,2234.3999999999974,1.1999999999999993
0.1,0.9,208,2246.3999999999996,2245.1999999999975,1.1999999999999993
0.1,0.9,209,2257.2,2255.9999999999977,1.1999999999999993
0.1,0.9,210,2268.0,2266.799999999998,1.1999999999999993
0.1,0.9,211,2278.7999999999997,2277.599999999998,1.1999999999999993
0.1,0.9,212,2289.6,2288.3999999999983,1.1999999999999993
0.1,0.9,213,2300.3999999999996,2299.1999999999985,1.1999999999999993
0.1,0.9,214,2311.2,2309.9999999999986,1.1999999999999993
0.1,0.9,215,2321.9999999999995,2320.799999999999,1.1999999999999993
0.1,0.9,216,2332.7999999999997,2331.599999999999,1.1999999999999993
0.1,0.9,217,2343.6,2342.399999999999,1.1999999999999993
0.1,0.9,218,2354.3999999999996,2353.1999999999994,1.1999999999999993
0.1,0.9,219,2365.2,2363.9999999999995,1.1999999999999993
0.1,0.9,220,2375.9999999999995,2374.7999999999997,1.1999999999999993
0.1,0.9,221,2386.7999999999997,2385.6,1.1999999999999993
0.1,0.9,222,2397.6,2396.4,1.1999999999999993
0.1,0.9,223,2408.3999999999996,2407.2000000000003,1.1999999999999993
0.1,0.9,224,2419.2,2418.0000000000005,1.1999999999999993
0.1,0.9,225,2429.9999999999995,2428.8000000000006,1.1999999999999993
0.1,0.9,226,2440.7999999999997,2439.600000000001,1.1999999999999993
0.1,0.9,227,2451.6,2450.400000000001,1.1999999999999993
0.1,0.9,228,2462.3999999999996,2461.200000000001,1.1999999999999993
0.1,0.9,229,2473.2,2472.0000000000014,1.1999999999999993
0.1,0.9,230,2483.9999999999995,2482.8000000000015,1.1999999999999993
0.1,0.9,231,2494.7999999999997,2493.6000000000017,1.1999999999999993
0.1,0.9,232,2505.6,2504.400000000002,1.1999999999999993
0.1,0.9,233,2516.3999999999996,2515.200000000002,1.1999999999999993
0.1,0.9,234,2527.2,2526.0000000000023,1.1999999999999993
0.1,0.9,235,2537.9999999999995,2536.8000000000025,1.1999999999999993
0.1,0.9,236,2548.7999999999997,2547.6000000000026,1.1999999999999993
0.1,0.9,237,2559.6,2558.400000000003,1.1999999999999993
0.1,0.9,238,2570.3999999999996,2569.200000000003,1.1999999999999993
0.1,0.9,239,2581.2,2580.000000000003,1.1999999999999993
0.1,0.9,240,2591.9999999999995,2590.8000000000034,1.1999999999999993
0.1,0.9,241,2602.7999999999997,2601.6000000000035,1.1999999999999993
0.1,0.9,242,2613.6,2612.4000000000037,1.1999999999999993
0.1,0.9,243,2624.3999999999996,2623.200000000004,1.1999999999999993
0.1,0.9,244,2635.2,2634.000000000004,1.1999999999999993
0.1,0.9,245,2645.9999999999995,2644.8000000000043,1.1999999999999993
0.1,0.9,246,2656.7999999999997,2655.6000000000045,1.1999999999999993
0.1,0.9,247,2667.6,2666.4000000000046,1.1999999999999993
0.1,0.9,248,2678.3999999999996,2677.200000000005,1.1999999999999993
0.1,0.9,249,2689.2,2688.000000000005,1.1999999999999993
0.1,0.9,250,2699.9999999999995,2698.800000000005,1.1999999999999993
0.1,0.9,251,2710.7999999999997,2709.6000000000054,1.1999999999999993
0.1,0.9,252,2721.6,2720.4000000000055,1.1999999999999993
0.1,0.9,253,2732.3999999999996,2731.2000000000057,1.1999999999999993
0.1,0.9,254,2743.2,2742.000000000006,1.1999999999999993
0.1,0.9,255,2753.9999999999995,2752.800000000006,1.1999999999999993
0.1,0.9,256,2764.7999999999997,2763.6000000000063,1.1999999999999993
0.1,0.9,257,2775.6,2774.4000000000065,1.1999999999999993
0.1,0.9,258,2786.3999999999996,2785.2000000000066,1.1999999999999993
0.1,0.9,259,2797.2,2796.000000000007,1.1999999999999993
0.1,0.9,260,2807.9999999999995,2806.800000000007,1.1999999999999993
0.1,0.9,261,2818.7999999999997,2817.600000000007,1.1999999999999993
0.1,0.9,262,2829.6,2828.4000000000074,1.1999999999999993
0.1,0.9,263,2840.3999999999996,2839.2000000000075,1.1999999999999993
0.1,0.9,264,2851.2,2850.0000000000077,1.1999999999999993
0.1,0.9,265,2861.9999999999995,2860.800000000008,1.1999999999999993
0.1,0.9,266,2872.7999999999997,2871.600000000008,1.1999999999999993
0.1,0.9,267,2883.6,2882.4000000000083,1.1999999999999993
0.1,0.9,268,2894.3999999999996,2893.2000000000085,1.1999999999999993
0.1,0.9,269,2905.2,2904.0000000000086,1.1999999999999993
0.1,0.9,270,2915.9999999999995,2914.800000000009,1.1999999999999993
0.1,0.9,271,2926.7999999999997,2925.600000000009,1.1999999999999993
0.1,0.9,272,2937.6,2936.400000000009,1.1999999999999993
0.1,0.9,273,2948.3999999999996,2947.2000000000094,1.1999999999999993
0.1,0.9,274,2959.2,2958.0000000000095,1.1999999999999993
0.1,0.9,275,2969.9999999999995,2968.8000000000097,1.1999999999999993
0.1,0.9,276,2980.7999999999997,2979.60000000001,1.1999999999999993
0.1,0.9,277,2991.6,2990.40000000001,1.1999999999999993
0.1,0.9,278,3002.3999999999996,3001.2000000000103,1.1999999999999993
0.1,0.9,279,3013.2,3012.0000000000105,1.1999999999999993
0.1,0.9,280,3023.9999999999995,3022.8000000000106,1.1999999999999993
0.1,0.9,281,3034.7999999999997,3033.600000000011,1.1999999999999993
0.1,0.9,282,3045.6,3044.400000000011,1.1999999999999993
0.1,0.9,283,3056.3999999999996,3055.200000000011,1.1999999999999993
0.1,0.9,284,3067.2,3066.0000000000114,1.1999999999999993
0.1,0.9,285,3077.9999999999995,3076.8000000000116,1.1999999999999993
0.1,0.9,286,3088.7999999999997,3087.6000000000117,1.1999999999999993
0.1,0.9,287,3099.6,3098.400000000012,1.1999999999999993
0.1,0.9,288,3110.3999999999996,3109.200000000012,1.1999999999999993
0.1,0.9,289,3121.2,3120.0000000000123,1.1999999999999993
0.1,0.9,290,3131.9999999999995,3130.8000000000125,1.1999999999999993
0.1,0.9,291,3142.7999999999997,3141.6000000000126,1.1999999999999993
0.1,0.9,292,3153.6,3152.400000000013,1.1999999999999993
0.1,0.9,293,3164.3999999999996,3163.200000000013,1.1999999999999993
0.1,0.9,294,3175.2,3174.000000000013,1.1999999999999993
0.1,0.9,295,3185.9999999999995,3184.8000000000134,1.1999999999999993
0.1,0.9,296,3196.7999999999997,3195.6000000000136,1.1999999999999993
0.1,0.9,297,3207.6,3206.4000000000137,1.1999999999999993
0.1,0.9,298,3218.3999999999996,3217.200000000014,1.1999999999999993
0.1,0.9,299,3229.2,3228.000000000014,1.1999999999999993
0.1,0.9,300,3239.9999999999995,3238.8000000000143,1.1999999999999993
0.1,0.9,301,3250.7999999999997,3249.6000000000145,1.1999999999999993
0.1,0.9,302,3261.5999999999995,3260.4000000000146,1.1999999999999993
0.1,0.9,303,3272.3999999999996,3271.200000000015,1.1999999999999993
0.1,0.9,304,3283.2,3282.000000000015,1.1999999999999993
0.1,0.9,305,3293.9999999999995,3292.800000000015,1.1999999999999993
0.1,0.9,306,3304.7999999999997,3303.6000000000154,1.1999999999999993
0.1,0.9,307,3315.5999999999995,3314.4000000000156,1.1999999999999993
0.1,0.9,308,3326.3999999999996,3325.2000000000157,1.1999999999999993
0.1,0.9,309,3337.2,3336.000000000016,1.1999999999999993
0.1,0.9,310,3347.9999999999995,3346.800000000016,1.1999999999999993
0.1,0.9,311,3358.7999999999997,3357.6000000000163,1.1999999999999993
0.1,0.9,312,3369.5999999999995,3368.4000000000165,1.1999999999999993
0.1,0.9,313,3380.3999999999996,3379.2000000000166,1.1999999999999993
0.1,0.9,314,3391.2,3390.000000000017,1.1999999999999993
0.1,0.9,315,3401.9999999999995,3400.800000000017,1.1999999999999993
0.1,0.9,316,3412.7999999999997,3411.600000000017,1.1999999999999993
0.1,0.9,317,3423.5999999999995,3422.4000000000174,1.1999999999999993
0.1,0.9,318,3434.3999999999996,3433.2000000000176,1.1999999999999993
0.1,0.9,319,3445.2,3444.0000000000177,1.1999999999999993
0.1,0.9,320,3455.9999999999995,3454.800000000018,1.1999999999999993
0.1,0.9,321,3466.7999999999997,3465.600000000018,1.1999999999999993
0.1,0.9,322,3477.5999999999995,3476.4000000000183,1.1999999999999993
0.1,0.9,323,3488.3999999999996,3487.2000000000185,1.1999999999999993
0.1,0.9,324,3499.2,3498.0000000000186,1.1999999999999993
0.1,0.9,325,3509.9999999999995,3508.800000000019,1.1999999999999993
0.1,0.9,326,3520.7999999999997,3519.600000000019,1.1999999999999993
0.1,0.9,327,3531.5999999999995,3530.400000000019,1.1999999999999993
0.1,0.9,328,3542.3999999999996,3541.2000000000194,1.1999999999999993
0.1,0.9,329,3553.2,3552.0000000000196,1.1999999999999993
0.1,0.9,330,3563.9999999999995,3562.8000000000197,1.1999999999999993
0.1,0.9,331,3574.7999999999997,3573.60000000002,1.1999999999999993
0.1,0.9,332,3585.5999999999995,3584.40000000002,1.1999999999999993
0.1,0.9,333,3596.3999999999996,3595.2000000000203,1.1999999999999993
0.1,0.9,334,3607.2,3606.0000000000205,1.1999999999999993
0.1,0.9,335,3617.9999999999995,3616.8000000000206,1.1999999999999993
0.1,0.9,336,3628.7999999999997,3627.600000000021,1.1999999999999993
0.1,0.9,337,3639.5999999999995,3638.400000000021,1.1999999999999993
0.1,0.9,338,3650.3999999999996,3649.200000000021,1.1999999999999993
0.1,0.9,339,3661.2,3660.0000000000214,1.1999999999999993
0.1,0.9,340,3671.9999999999995,3670.8000000000216,1.1999999999999993
0.1,0.9,341,3682.7999999999997,3681.6000000000217,1.1999999999999993
0.1,0.9,342,3693.5999999999995,3692.400000000022,1.1999999999999993
0.1,0.9,343,3704.3999999999996,3703.200000000022,1.1999999999999993
0.1,0.9,344,3715.2,3714.0000000000223,1.1999999999999993
0.1,0.9,345,3725.9999999999995,3724.8000000000225,1.1999999999999993
0.1,0.9,346,3736.7999999999997,3735.6000000000226,1.1999999999999993
0.1,0.9,347,3747.5999999999995,3746.400000000023,1.1999999999999993
0.1,0.9,348,3758.3999999999996,3757.200000000023,1.1999999999999993
0.1,0.9,349,3769.2,3768.000000000023,1.1999999999999993
0.1,0.9,350,3779.9999999999995,3778.8000000000234,1.1999999999999993
0.1,0.9,351,3790.7999999999997,3789.6000000000236,1.1999999999999993
0.1,0.9,352,3801.5999999999995,3800.4000000000237,1.1999999999999993
0.1,0.9,353,3812.3999999999996,3811.200000000024,1.1999999999999993
0.1,0.9,354,3823.2,3822.000000000024,1.1999999999999993
0.1,0.9,355,3833.9999999999995,3832.8000000000243,1.1999999999999993
0.1,0.9,356,3844.7999999999997,3843.6000000000245,1.1999999999999993
0.1,0.9,357,3855.5999999999995,3854.4000000000246,1.1999999999999993
0.1,0.9,358,3866.3999999999996,3865.200000000025,1.1999999999999993
0.1,0.9,359,3877.2,3876.000000000025,1.1999999999999993
0.1,0.9,360,3887.9999999999995,3886.800000000025,1.1999999999999993
1,0,1,107.99999999999999,0.0,107.99999999999999
1,0,2,215.99999999999997,0.0,215.99999999999997
1,0,3,323.99999999999994,0.0,323.99999999999994
1,0,4,431.99999999999994,0.0,431.99999999999994
1,0,5,539.9999999999999,0.0,539.9999999999999
1,0,6,647.9999999999999,0.0,647.9999999999999
1,0,7,755.9999999999999,0.0,755.9999999999999
1,0,8,863.9999999999999,0.0,863.9999999999999
1,0,9,971.9999999999999,0.0,971.9999999999999
1,0,10,1079.9999999999998,0.0,1079.9999999999998
1,0,11,1187.9999999999998,0.0,1187.9999999999998
1,0,12,1295.9999999999998,0.0,1295.9999999999998
1,0,13,1403.9999999999998,0.0,1403.9999999999998
1,0,14,1511.9999999999998,0.0,1511.9999999999998
1,0,15,1619.9999999999998,0.0,1619.9999999999998
1,0,16,1727.9999999999998,0.0,1727.9999999999998
1,0,17,1835.9999999999998,0.0,1835.9999999999998
1,0,18,1943.9999999999998,0.0,1943.9999999999998
1,0,19,2051.9999999999995,0.0,2051.9999999999995
1,0,20,2159.9999999999995,0.0,2159.9999999999995
1,0,21,2267.9999999999995,0.0,2267.9999999999995
1,0,22,2375.9999999999995,0.0,2375.9999999999995
1,0,23,2483.9999999999995,0.0,2483.9999999999995
1,0,24,2591.9999999999995,0.0,2591.9999999999995
1,0,25,2699.9999999999995,0.0,2699.9999999999995
1,0,26,2807.9999999999995,0.0,2807.9999999999995
1,0,27,2915.9999999999995,0.0,2915.9999999999995
1,0,28,3023.9999999999995,0.0,3023.9999999999995
1,0,29,3131.9999999999995,0.0,3131.9999999999995
1,0,30,3239.9999999999995,0.0,3239.9999999999995
1,0,31,3347.9999999999995,0.0,3347.9999999999995
1,0,32,3455.9999999999995,0.0,3455.9999999999995
1,0,33,3563.9999999999995,0.0,3563.9999999999995
1,0,34,3671.9999999999995,0.0,3671.9999999999995
1,0,35,3779.9999999999995,0.0,3779.9999999999995
1,0,36,3887.9999999999995,0.0,3887.9999999999995
1,0,37,3995.9999999999995,0.0,3995.9999999999995
1,0,38,4103.999999999999,0.0,4103.999999999999
1,0,39,4211.999999999999,0.0,4211.999999999999
1,0,40,4319.999999999999,0.0,4319.999999999999
1,0,41,4427.999999999999,0.0,4427.999999999999
1,0,42,4535.999999999999,0.0,4535.999999999999
1,0,43,4643.999999999999,0.0,4643.999999999999
1,0,44,4751.999999999999,0.0,4751.999999999999
1,0,45,4859.999999999999,0.0,4859.999999999999
1,0,46,4967.999999999999,0.0,4967.999999999999
1,0,47,5075.999999999999,0.0,5075.999999999999
1,0,48,5183.999999999999,0.0,5183.999999999999
1,0,49,5291.999999999999,0.0,5291.999999999999
1,0,50,5399.999999999999,0.0,5399.999999999999
1,0,51,5507.999999999999,0.0,5507.999999999999
1,0,52,5615.999999999999,0.0,5615.999999999999
1,0,53,5723.999999999999,0.0,5723.999999999999
1,0,54,5831.999999999999,0.0,5831.999999999999
1,0,55,5939.999999999999,0.0,5939.999999999999
1,0,56,6047.999999999999,0.0,6047.999999999999
1,0,57,6155.999999999999,0.0,6155.999999999999
1,0,58,6263.999999999999,0.0,6263.999999999999
1,0,59,6371.999999999999,0.0,6371.999999999999
1,0,60,6479.999999999999,0.0,6479.999999999999
1,0,61,6587.999999999999,0.0,6587.999999999999
1,0,62,6695.999999999999,0.0,6695.999999999999
1,0,63,6803.999999999999,0.0,6803.999999999999
1,0,64,6911.999999999999,0.0,6911.999999999999
1,0,65,7019.999999999999,0.0,7019.999999999999
1,0,66,7127.999999999999,0.0,7127.999999999999
1,0,67,7235.999999999999,0.0,7235.999999999999
1,0,68,7343.999999999999,0.0,7343.999999999999
1,0,69,7451.999999999999,0.0,7451.999999999999
1,0,70,7559.999999999999,0.0,7559.999999999999
1,0,71,7667.999999999999,0.0,7667.999999999999
1,0,72,7775.999999999999,0.0,7775.999999999999
1,0,73,7883.999999999999,0.0,7883.999999999999
1,0,74,7991.999999999999,0.0,7991.999999999999
1,0,75,8099.999999999999,0.0,8099.999999999999
1,0,76,8207.999999999998,0.0,8207.999999999998
1,0,77,8315.999999999998,0.0,8315.999999999998
1,0,78,8423.999999999998,0.0,8423.999999999998
1,0,79,8531.999999999998,0.0,8531.999999999998
1,0,80,8639.999999999998,0.0,8639.999999999998
1,0,81,8747.999999999998,0.0,8747.999999999998
1,0,82,8855.999999999998,0.0,8855.999999999998
1,0,83,8963.999999999998,0.0,8963.999999999998
1,0,84,9071.999999999998,0.0,9071.999999999998
1,0,85,9179.999999999998,0.0,9179.999999999998
1,0,86,9287.999999999998,0.0,9287.999999999998
1,0,87,9395.999999999998,0.0,9395.999999999998
1,0,88,9503.999999999998,0.0,9503.999999999998
1,0,89,9611.999999999998,0.0,9611.999999999998
1,0,90,9719.999999999998,0.0,9719.999999999998
1,0,91,9827.999999999998,0.0,9827.999999999998
1,0,92,9935.999999999998,0.0,9935.999999999998
1,0,93,10043.999999999998,0.0,10043.999999999998
1,0,94,10151.999999999998,0.0,10151.999999999998
1,0,95,10259.999999999998,0.0,10259.999999999998
1,0,96,10367.999999999998,0.0,10367.999999999998
1,0,97,10475.999999999998,0.0,10475.999999999998
1,0,98,10583.999999999998,0.0,10583.999999999998
1,0,99,10691.999999999998,0.0,10691.999999999998
1,0,100,10799.999999999998,0.0,10799.999999999998
1,0,101,10907.999999999998,0.0,10907.999999999998
1,0,102,11015.999999999998,0.0,11015.999999999998
1,0,103,11123.999999999998,0.0,11123.999999999998
1,0,104,11231.999999999998,0.0,11231.999999999998
1,0,105,11339.999999999998,0.0,11339.999999999998
1,0,106,11447.999999999998,0.0,11447.999999999998
1,0,107,11555.999999999998,0.0,11555.999999999998
1,0,108,11663.999999999998,0.0,11663.999999999998
1,0,109,11771.999999999998,0.0,11771.999999999998
1,0,110,11879.999999999998,0.0,11879.999999999998
1,0,111,11987.999999999998,0.0,11987.999999999998
1,0,112,12095.999999999998,0.0,12095.999999999998
1,0,113,12203.999999999998,0.0,12203.999999999998
1,0,114,12311.999999999998,0.0,12311.999999999998
1,0,115,12419.999999999998,0.0,12419.999999999998
1,0,116,12527.999999999998,0.0,12527.999999999998
1,0,117,12635.999999999998,0.0,12635.999999999998
1,0,118,12743.999999999998,0.0,12743.999999999998
1,0,119,12851.999999999998,0.0,12851.999999999998
1,0,120,12959.999999999998,0.0,12959.999999999998
1,0,121,13067.999999999998,0.0,13067.999999999998
1,0,122,13175.999999999998,0.0,13175.999999999998
1,0,123,13283.999999999998,0.0,13283.999999999998
1,0,124,13391.999999999998,0.0,13391.999999999998
1,0,125,13499.999999999998,0.0,13499.999999999998
1,0,126,13607.999999999998,0.0,13607.999999999998
1,0,127,13715.999999999998,0.0,13715.999999999998
1,0,128,13823.999999999998,0.0,13823.999999999998
1,0,129,13931.999999999998,0.0,13931.999999999998
1,0,130,14039.999999999998,0.0,14039.999999999998
1,0,131,14147.999999999998,0.0,14147.999999999998
1,0,132,14255.999999999998,0.0,14255.999999999998
1,0,133,14363.999999999998,0.0,14363.999999999998
1,0,134,14471.999999999998,0.0,14471.999999999998
1,0,135,14579.999999999998,0.0,14579.999999999998
1,0,136,14687.999999999998,0.0,14687.999999999998
1,0,137,14795.999999999998,0.0,14795.999999999998
1,0,138,14903.999999999998,0.0,14903.999999999998
1,0,139,15011.999999999998,0.0,15011.999999999998
1,0,140,15119.999999999998,0.0,15119.999999999998
1,0,141,15227.999999999998,0.0,15227.999999999998
1,0,142,15335.999999999998,0.0,15335.999999999998
1,0,143,15443.999999999998,0.0,15443.999999999998
1,0,144,15551.999999999998,0.0,15551.999999999998
1,0,145,15659.999999999998,0.0,15659.999999999998
1,0,146,15767.999999999998,0.0,15767.999999999998
1,0,147,15875.999999999998,0.0,15875.999999999998
1,0,148,15983.999999999998,0.0,15983.999999999998
1,0,149,16091.999999999998,0.0,16091.999999999998
1,0,150,16199.999999999998,0.0,16199.999999999998
1,0,151,16307.999999999998,0.0,16307.999999999998
1,0,152,16415.999999999996,0.0,16415.999999999996
1,0,153,16523.999999999996,0.0,16523.999999999996
1,0,154,16631.999999999996,0.0,16631.999999999996
1,0,155,16739.999999999996,0.0,16739.999999999996
1,0,156,16847.999999999996,0.0,16847.999999999996
1,0,157,16955.999999999996,0.0,16955.999999999996
1,0,158,17063.999999999996,0.0,17063.999999999996
1,0,159,17171.999999999996,0.0,17171.999999999996
1,0,160,17279.999999999996,0.0,17279.999999999996
1,0,161,17387.999999999996,0.0,17387.999999999996
1,0,162,17495.999999999996,0.0,17495.999999999996
1,0,163,17603.999999999996,0.0,17603.999999999996
1,0,164,17711.999999999996,0.0,17711.999999999996
1,0,165,17819.999999999996,0.0,17819.999999999996
1,0,166,17927.999999999996,0.0,17927.999999999996
1,0,167,18035.999999999996,0.0,18035.999999999996
1,0,168,18143.999999999996,0.0,18143.999999999996
1,0,169,18251.999999999996,0.0,18251.999999999996
1,0,170,18359.999999999996,0.0,18359.999999999996
1,0,171,18467.999999999996,0.0,18467.999999999996
1,0,172,18575.999999999996,0.0,18575.999999999996
1,0,173,18683.999999999996,0.0,18683.999999999996
1,0,174,18791.999999999996,0.0,18791.999999999996
1,0,175,18899.999999999996,0.0,18899.999999999996
1,0,176,19007.999999999996,0.0,19007.999999999996
1,0,177,19115.999999999996,0.0,19115.999999999996
1,0,178,19223.999999999996,0.0,19223.999999999996
1,0,179,19331.999999999996,0.0,19331.999999999996
1,0,180,19439.999999999996,0.0,19439.999999999996
1,0,181,19547.999999999996,0.0,19547.999999999996
1,0,182,19655.999999999996,0.0,19655.999999999996
1,0,183,19763.999999999996,0.0,19763.999999999996
1,0,184,19871.999999999996,0.0,19871.999999999996
1,0,185,19979.999999999996,0.0,19979.999999999996
1,0,186,20087.999999999996,0.0,20087.999999999996
1,0,187,20195.999999999996,0.0,20195.999999999996
1,0,188,20303.999999999996,0.0,20303.999999999996
1,0,189,20411.999999999996,0.0,20411.999999999996
1,0,190,20519.999999999996,0.0,20519.999999999996
1,0,191,20627.999999999996,0.0,20627.999999999996
1,0,192,20735.999999999996,0.0,20735.999999999996
1,0,193,20843.999999999996,0.0,20843.999999999996
1,0,194,20951.999999999996,0.0,20951.999999999996
1,0,195,21059.999999999996,0.0,21059.999999999996
1,0,196,21167.999999999996,0.0,21167.999999999996
1,0,197,21275.999999999996,0.0,21275.999999999996
1,0,198,21383.999999999996,0.0,21383.999999999996
1,0,199,21491.999999999996,0.0,21491.999999999996
1,0,200,21599.999999999996,0.0,21599.999999999996
1,0,201,21707.999999999996,0.0,21707.999999999996
1,0,202,21815.999999999996,0.0,21815.999999999996
1,0,203,21923.999999999996,0.0,21923.999999999996
1,0,204,22031.999999999996,0.0,22031.999999999996
1,0,205,22139.999999999996,0.0,22139.999999999996
1,0,206,22247.999999999996,0.0,22247.999999999996
1,0,207,22355.999999999996,0.0,22355.999999999996
1,0,208,22463.999999999996,0.0,22463.999999999996
1,0,209,22571.999999999996,0.0,22571.999999999996
1,0,210,22679.999999999996,0.0,22679.999999999996
1,0,211,22787.999999999996,0.0,22787.999999999996
1,0,212,22895.999999999996,0.0,22895.999999999996
1,0,213,23003.999999999996,0.0,23003.999999999996
1,0,214,23111.999999999996,0.0,23111.999999999996
1,0,215,23219.999999999996,0.0,23219.999999999996
1,0,216,23327.999999999996,0.0,23327.999999999996
1,0,217,23435.999999999996,0.0,23435.999999999996
1,0,218,23543.999999999996,0.0,23543.999999999996
1,0,219,23651.999999999996,0.0,23651.999999999996
1,0,220,23759.999999999996,0.0,23759.999999999996
1,0,221,23867.999999999996,0.0,23867.999999999996
1,0,222,23975.999999999996,0.0,23975.999999999996
1,0,223,24083.999999999996,0.0,24083.999999999996
1,0,224,24191.999999999996,0.0,24191.999999999996
1,0,225,24299.999999999996,0.0,24299.999999999996
1,0,226,24407.999999999996,0.0,24407.999999999996
1,0,227,24515.999999999996,0.0,24515.999999999996
1,0,228,24623.999999999996,0.0,24623.999999999996
1,0,229,24731.999999999996,0.0,24731.999999999996
1,0,230,24839.999999999996,0.0,24839.999999999996
1,0,231,24947.999999999996,0.0,24947.999999999996
1,0,232,25055.999999999996,0.0,25055.999999999996
1,0,233,25163.999999999996,0.0,25163.999999999996
1,0,234,25271.999999999996,0.0,25271.999999999996
1,0,235,25379.999999999996,0.0,25379.999999999996
1,0,236,25487.999999999996,0.0,25487.999999999996
1,0,237,25595.999999999996,0.0,25595.999999999996
1,0,238,25703.999999999996,0.0,25703.999999999996
1,0,239,25811.999999999996,0.0,25811.999999999996
1,0,240,25919.999999999996,0.0,25919.999999999996
1,0,241,26027.999999999996,0.0,26027.999999999996
1,0,242,26135.999999999996,0.0,26135.999999999996
1,0,243,26243.999999999996,0.0,26243.999999999996
1,0,244,26351.999999999996,0.0,26351.999999999996
1,0,245,26459.999999999996,0.0,26459.999999999996
1,0,246,26567.999999999996,0.0,26567.999999999996
1,0,247,26675.999999999996,0.0,26675.999999999996
1,0,248,26783.999999999996,0.0,26783.999999999996
1,0,249,26891.999999999996,0.0,26891.999999999996
1,0,250,26999.999999999996,0.0,26999.999999999996
1,0,251,27107.999999999996,0.0,27107.999999999996
1,0,252,27215.999999999996,0.0,27215.999999999996
1,0,253,27323.999999999996,0.0,27323.999999999996
1,0,254,27431.999999999996,0.0,27431.999999999996
1,0,255,27539.999999999996,0.0,27539.999999999996
1,0,256,27647.999999999996,0.0,27647.999999999996
1,0,257,27755.999999999996,0.0,27755.999999999996
1,0,258,27863.999999999996,0.0,27863.999999999996
1,0,259,27971.999999999996,0.0,27971.999999999996
1,0,260,28079.999999999996,0.0,28079.999999999996
1,0,261,28187.999999999996,0.0,28187.999999999996
1,0,262,28295.999999999996,0.0,28295.999999999996
1,0,263,28403.999999999996,0.0,28403.999999999996
1,0,264,28511.999999999996,0.0,28511.999999999996
1,0,265,28619.999999999996,0.0,28619.999999999996
1,0,266,28727.999999999996,0.0,28727.999999999996
1,0,267,28835.999999999996,0.0,28835.999999999996
1,0,268,28943.999999999996,0.0,28943.999999999996
1,0,269,29051.999999999996,0.0,29051.999999999996
1,0,270,29159.999999999996,0.0,29159.999999999996
1,0,271,29267.999999999996,0.0,29267.999999999996
1,0,272,29375.999999999996,0.0,29375.999999999996
1,0,273,29483.999999999996,0.0,29483.999999999996
1,0,274,29591.999999999996,0.0,29591.999999999996
1,0,275,29699.999999999996,0.0,29699.999999999996
1,0,276,29807.999999999996,0.0,29807.999999999996
1,0,277,29915.999999999996,0.0,29915.999999999996
1,0,278,30023.999999999996,0.0,30023.999999999996
1,0,279,30131.999999999996,0.0,30131.999999999996
1,0,280,30239.999999999996,0.0,30239.999999999996
1,0,281,30347.999999999996,0.0,30347.999999999996
1,0,282,30455.999999999996,0.0,30455.999999999996
1,0,283,30563.999999999996,0.0,30563.999999999996
1,0,284,30671.999999999996,0.0,30671.999999999996
1,0,285,30779.999999999996,0.0,30779.999999999996
1,0,286,30887.999999999996,0.0,30887.999999999996
1,0,287,30995.999999999996,0.0,30995.999999999996
1,0,288,31103.999999999996,0.0,31103.999999999996
1,0,289,31211.999999999996,0.0,31211.999999999996
1,0,290,31319.999999999996,0.0,31319.999999999996
1,0,291,31427.999999999996,0.0,31427.999999999996
1,0,292,31535.999999999996,0.0,31535.999999999996
1,0,293,31643.999999999996,0.0,31643.999999999996
1,0,294,31751.999999999996,0.0,31751.999999999996
1,0,295,31859.999999999996,0.0,31859.999999999996
1,0,296,31967.999999999996,0.0,31967.999999999996
1,0,297,32075.999999999996,0.0,32075.999999999996
1,0,298,32183.999999999996,0.0,32183.999999999996
1,0,299,32291.999999999996,0.0,32291.999999999996
1,0,300,32399.999999999996,0.0,32399.999999999996
1,0,301,32507.999999999996,0.0,32507.999999999996
1,0,302,32615.999999999996,0.0,32615.999999999996
1,0,303,32723.999999999996,0.0,32723.999999999996
1,0,304,32831.99999999999,0.0,32831.99999999999
1,0,305,32939.99999999999,0.0,32939.99999999999
1,0,306,33047.99999999999,0.0,33047.99999999999
1,0,307,33155.99999999999,0.0,33155.99999999999
1,0,308,33263.99999999999,0.0,33263.99999999999
1,0,309,33371.99999999999,0.0,33371.99999999999
1,0,310,33479.99999999999,0.0,33479.99999999999
1,0,311,33587.99999999999,0.0,33587.99999999999
1,0,312,33695.99999999999,0.0,33695.99999999999
1,0,313,33803.99999999999,0.0,33803.99999999999
1,0,314,33911.99999999999,0.0,33911.99999999999
1,0,315,34019.99999999999,0.0,34019.99999999999
1,0,316,34127.99999999999,0.0,34127.99999999999
1,0,317,34235.99999999999,0.0,34235.99999999999
1,0,318,34343.99999999999,0.0,34343.99999999999
1,0,319,34451.99999999999,0.0,34451.99999999999
1,0,320,34559.99999999999,0.0,34559.99999999999
1,0,321,34667.99999999999,0.0,34667.99999999999
1,0,322,34775.99999999999,0.0,34775.99999999999
1,0,323,34883.99999999999,0.0,34883.99999999999
1,0,324,34991.99999999999,0.0,34991.99999999999
1,0,325,35099.99999999999,0.0,35099.99999999999
1,0,326,35207.99999999999,0.0,35207.99999999999
1,0,327,35315.99999999999,0.0,35315.99999999999
1,0,328,35423.99999999999,0.0,35423.99999999999
1,0,329,35531.99999999999,0.0,35531.99999999999
1,0,330,35639.99999999999,0.0,35639.99999999999
1,0,331,35747.99999999999,0.0,35747.99999999999
1,0,332,35855.99999999999,0.0,35855.99999999999
1,0,333,35963.99999999999,0.0,35963.99999999999
1,0,334,36071.99999999999,0.0,36071.99999999999
1,0,335,36179.99999999999,0.0,36179.99999999999
1,0,336,36287.99999999999,0.0,36287.99999999999
1,0,337,36395.99999999999,0.0,36395.99999999999
1,0,338,36503.99999999999,0.0,36503.99999999999
1,0,339,36611.99999999999,0.0,36611.99999999999
1,0,340,36719.99999999999,0.0,36719.99999999999
1,0,341,36827.99999999999,0.0,36827.99999999999
1,0,342,36935.99999999999,0.0,36935.99999999999
1,0,343,37043.99999999999,0.0,37043.99999999999
1,0,344,37151.99999999999,0.0,37151.99999999999
1,0,345,37259.99999999999,0.0,37259.99999999999
1,0,346,37367.99999999999,0.0,37367.99999999999
1,0,347,37475.99999999999,0.0,37475.99999999999
1,0,348,37583.99999999999,0.0,37583.99999999999
1,0,349,37691.99999999999,0.0,37691.99999999999
1,0,350,37799.99999999999,0.0,37799.99999999999
1,0,351,37907.99999999999,0.0,37907.99999999999
1,0,352,38015.99999999999,0.0,38015.99999999999
1,0,353,38123.99999999999,0.0,38123.99999999999
1,0,354,38231.99999999999,0.0,38231.99999999999
1,0,355,38339.99999999999,0.0,38339.99999999999
1,0,356,38447.99999999999,0.0,38447.99999999999
1,0,357,38555.99999999999,0.0,38555.99999999999
1,0,358,38663.99999999999,0.0,38663.99999999999
1,0,359,38771.99999999999,0.0,38771.99999999999
1,0,360,38879.99999999999,0.0,38879.99999999999
1,0.5,1,107.99999999999999,53.99999999999999,53.99999999999999
1,0.5,2,215.99999999999997,134.99999999999997,80.99999999999999
1,0.5,3,323.99999999999994,229.49999999999994,94.49999999999999
1,0.5,4,431.99999999999994,330.74999999999994,101.24999999999999
1,0.5,5,539.9999999999999,435.37499999999994,104.62499999999999
1,0.5,6,647.9999999999999,541.6874999999999,106.31249999999999
1,0.5,7,755.9999999999999,648.8437499999999,107.15624999999999
1,0.5,8,863.9999999999999,756.4218749999999,107.57812499999999
1,0.5,9,971.9999999999999,864.2109374999999,107.78906249999999
1,0.5,10,1079.9999999999998,972.1054687499999,107.89453124999999
1,0.5,11,1187.9999999999998,1080.0527343749998,107.94726562499999
1,0.5,12,1295.9999999999998,1188.0263671874998,107.97363281249999
1,0.5,13,1403.9999999999998,1296.0131835937498,107.98681640624999
1,0.5,14,1511.9999999999998,1404.0065917968748,107.99340820312499
1,0.5,15,1619.9999999999998,1512.0032958984373,107.99670410156249
1,0.5,16,1727.9999999999998,1620.0016479492185,107.99835205078124
1,0.5,17,1835.9999999999998,1728.0008239746091,107.99917602539061
1,0.5,18,1943.9999999999998,1836.0004119873045,107.9995880126953
1,0.5,19,2051.9999999999995,1944.0002059936521,107.99979400634764
1,0.5,20,2159.9999999999995,2052.0001029968257,107.99989700317381
1,0.5,21,2267.9999999999995,2160.0000514984126,107.9999485015869
1,0.5,22,2375.9999999999995,2268.000025749206,107.99997425079344
1,0.5,23,2483.9999999999995,2376.000012874603,107.99998712539671
1,0.5,24,2591.9999999999995,2484.000006437301,107.99999356269835
1,0.5,25,2699.9999999999995,2592.0000032186504,107.99999678134917
1,0.5,26,2807.9999999999995,2700.000001609325,107.99999839067458
1,0.5,27,2915.9999999999995,2808.0000008046622,107.99999919533728
1,0.5,28,3023.9999999999995,2916.000000402331,107.99999959766863
1,0.5,29,3131.9999999999995,3024.000000201165,107.99999979883431
1,0.5,30,3239.9999999999995,3132.0000001005824,107.99999989941715
1,0.5,31,3347.9999999999995,3240.000000050291,107.99999994970857
1,0.5,32,3455.9999999999995,3348.0000000251453,107.99999997485428
1,0.5,33,3563.9999999999995,3456.0000000125724,107.99999998742713
1,0.5,34,3671.9999999999995,3564.000000006286,107.99999999371356
1,0.5,35,3779.9999999999995,3672.0000000031428,107.99999999685677
1,0.5,36,3887.9999999999995,3780.000000001571,107.99999999842838
1,0.5,37,3995.9999999999995,3888.0000000007853,107.99999999921418
1,0.5,38,4103.999999999999,3996.0000000003924,107.99999999960708
1,0.5,39,4211.999999999999,4104.0000000001955,107.99999999980353
1,0.5,40,4319.999999999999,4212.000000000097,107.99999999990176
1,0.5,41,4427.999999999999,4320.000000000048,107.99999999995087
1,0.5,42,4535.999999999999,4428.000000000024,107.99999999997543
1,0.5,43,4643.999999999999,4536.000000000011,107.99999999998771
1,0.5,44,4751.999999999999,4644.000000000005,107.99999999999385
1,0.5,45,4859.999999999999,4752.000000000002,107.99999999999692
1,0.5,46,4967.999999999999,4860.0,107.99999999999845
1,0.5,47,5075.999999999999,4967.999999999999,107.99999999999922
1,0.5,48,5183.999999999999,5075.999999999999,107.9999999999996
1,0.5,49,5291.999999999999,5183.999999999999,107.9999999999998
1,0.5,50,5399.999999999999,5291.999999999999,107.99999999999989
1,0.5,51,5507.999999999999,5399.999999999999,107.99999999999994
1,0.5,52,5615.999999999999,5507.999999999999,107.99999999999997
1,0.5,53,5723.999999999999,5615.999999999999,107.99999999999997
1,0.5,54,5831.999999999999,5723.999999999999,107.99999999999997
1,0.5,55,5939.999999999999,5831.999999999999,107.99999999999997
1,0.5,56,6047.999999999999,5939.999999999999,107.99999999999997
1,0.5,57,6155.999999999999,6047.999999999999,107.99999999999997
1,0.5,58,6263.999999999999,6155.999999999999,107.99999999999997
1,0.5,59,6371.999999999999,6263.999999999999,107.99999999999997
1,0.5,60,6479.999999999999,6371.999999999999,107.99999999999997
1,0.5,61,6587.999999999999,6479.999999999999,107.99999999999997
1,0.5,62,6695.999999999999,6587.999999999999,107.99999999999997
1,0.5,63,6803.999999999999,6695.999999999999,107.99999999999997
1,0.5,64,6911.999999999999,6803.999999999999,107.99999999999997
1,0.5,65,7019.999999999999,6911.999999999999,107.99999999999997
1,0.5,66,7127.999999999999,7019.999999999999,107.99999999999997
1,0.5,67,7235.999999999999,7127.999999999999,107.99999999999997
1,0.5,68,7343.999999999999,7235.999999999999,107.99999999999997
1,0.5,69,7451.999999999999,7343.999999999999,107.99999999999997
1,0.5,70,7559.999999999999,7451.999999999999,107.99999999999997
1,0.5,71,7667.999999999999,7559.999999999999,107.99999999999997
1,0.5,72,7775.999999999999,7667.999999999999,107.99999999999997
1,0.5,73,7883.999999999999,7775.999999999999,107.99999999999997
1,0.5,74,7991.999999999999,7883.999999999999,107.99999999999997
1,0.5,75,8099.999999999999,7991.999999999999,107.99999999999997
1,0.5,76,8207.999999999998,8099.999999999999,107.99999999999997
1,0.5,77,8315.999999999998,8207.999999999998,107.99999999999997
1,0.5,78,8423.999999999998,8315.999999999998,107.99999999999997
1,0.5,79,8531.999999999998,8423.999999999998,107.99999999999997
1,0.5,80,8639.999999999998,8531.999999999998,107.99999999999997
1,0.5,81,8747.999999999998,8639.999999999998,107.99999999999997
1,0.5,82,8855.999999999998,8747.999999999998,107.99999999999997
1,0.5,83,8963.999999999998,8855.999999999998,107.99999999999997
1,0.5,84,9071.999999999998,8963.999999999998,107.99999999999997
1,0.5,85,9179.999999999998,9071.999999999998,107.99999999999997
1,0.5,86,9287.999999999998,9179.999999999998,107.99999999999997
1,0.5,87,9395.999999999998,9287.999999999998,107.99999999999997
1,0.5,88,9503.999999999998,9395.999999999998,107.99999999999997
1,0.5,89,9611.999999999998,9503.999999999998,107.99999999999997
1,0.5,90,9719.999999999998,9611.999999999998,107.99999999999997
1,0.5,91,9827.999999999998,9719.999999999998,107.99999999999997
1,0.5,92,9935.999999999998,9827.999999999998,107.99999999999997
1,0.5,93,10043.999999999998,9935.999999999998,107.99999999999997
1,0.5,94,10151.999999999998,10043.999999999998,107.99999999999997
1,0.5,95,10259.999999999998,10151.999999999998,107.99999999999997
1,0.5,96,10367.999999999998,10259.999999999998,107.99999999999997
1,0.5,97,10475.999999999998,10367.999999999998,107.99999999999997
1,0.5,98,10583.999999999998,10475.999999999998,107.99999999999997
1,0.5,99,10691.999999999998,10583.999999999998,107.99999999999997
1,0.5,100,10799.999999999998,10691.999999999998,107.99999999999997
1,0.5,101,10907.999999999998,10799.999999999998,107.99999999999997
1,0.5,102,11015.999999999998,10907.999999999998,107.99999999999997
1,0.5,103,11123.999999999998,11015.999999999998,107.99999999999997
1,0.5,104,11231.999999999998,11123.999999999998,107.99999999999997
1,0.5,105,11339.999999999998,11231.999999999998,107.99999999999997
1,0.5,106,11447.999999999998,11339.999999999998,107.99999999999997
1,0.5,107,11555.999999999998,11447.999999999998,107.99999999999997
1,0.5,108,11663.999999999998,11555.999999999998,107.99999999999997
1,0.5,109,11771.999999999998,11663.999999999998,107.99999999999997
1,0.5,110,11879.999999999998,11771.999999999998,107.99999999999997
1,0.5,111,11987.999999999998,11879.999999999998,107.99999999999997
1,0.5,112,12095.999999999998,11987.999999999998,107.99999999999997
1,0.5,113,12203.999999999998,12095.999999999998,107.99999999999997
1,0.5,114,12311.999999999998,12203.999999999998,107.99999999999997
1,0.5,115,12419.999999999998,12311.999999999998,107.99999999999997
1,0.5,116,12527.999999999998,12419.999999999998,107.99999999999997
1,0.5,117,12635.999999999998,12527.999999999998,107.99999999999997
1,0.5,118,12743.999999999998,12635.999999999998,107.99999999999997
1,0.5,119,12851.999999999998,12743.999999999998,107.99999999999997
1,0.5,120,12959.999999999998,12851.999999999998,107.99999999999997
1,0.5,121,13067.999999999998,12959.999999999998,107.99999999999997
1,0.5,122,13175.999999999998,13067.999999999998,107.99999999999997
1,0.5,123,13283.999999999998,13175.999999999998,107.99999999999997
1,0.5,124,13391.999999999998,13283.999999999998,107.99999999999997
1,0.5,125,13499.999999999998,13391.999999999998,107.99999999999997
1,0.5,126,13607.999999999998,13499.999999999998,107.99999999999997
1,0.5,127,13715.999999999998,13607.999999999998,107.99999999999997
1,0.5,128,13823.999999999998,13715.999999999998,107.99999999999997
1,0.5,129,13931.999999999998,13823.999999999998,107.99999999999997
1,0.5,130,14039.999999999998,13931.999999999998,107.99999999999997
1,0.5,131,14147.999999999998,14039.999999999998,107.99999999999997
1,0.5,132,14255.999999999998,14147.999999999998,107.99999999999997
1,0.5,133,14363.999999999998,14255.999999999998,107.99999999999997
1,0.5,134,14471.999999999998,14363.999999999998,107.99999999999997
1,0.5,135,14579.999999999998,14471.999999999998,107.99999999999997
1,0.5,136,14687.999999999998,14579.999999999998,107.99999999999997
1,0.5,137,14795.999999999998,14687.999999999998,107.99999999999997
1,0.5,138,14903.999999999998,14795.999999999998,107.99999999999997
1,0.5,139,15011.999999999998,14903.999999999998,107.99999999999997
1,0.5,140,15119.999999999998,15011.999999999998,107.99999999999997
1,0.5,141,15227.999999999998,15119.999999999998,107.99999999999997
1,0.5,142,15335.999999999998,15227.999999999998,107.99999999999997
1,0.5,143,15443.999999999998,15335.999999999998,107.99999999999997
1,0.5,144,15551.999999999998,15443.999999999998,107.99999999999997
1,0.5,145,15659.999999999998,15551.999999999998,107.99999999999997
1,0.5,146,15767.999999999998,15659.999999999998,107.99999999999997
1,0.5,147,15875.999999999998,15767.999999999998,107.99999999999997
1,0.5,148,15983.999999999998,15875.999999999998,107.99999999999997
1,0.5,149,16091.999999999998,15983.999999999998,107.99999999999997
1,0.5,150,16199.999999999998,16091.999999999998,107.99999999999997
1,0.5,151,16307.999999999998,16199.999999999998,107.99999999999997
1,0.5,152,16415.999999999996,16307.999999999998,107.99999999999997
1,0.5,153,16523.999999999996,16415.999999999996,107.99999999999997
1,0.5,154,16631.999999999996,16523.999999999996,107.99999999999997
1,0.5,155,16739.999999999996,16631.999999999996,107.99999999999997
1,0.5,156,16847.999999999996,16739.999999999996,107.99999999999997
1,0.5,157,16955.999999999996,16847.999999999996,107.99999999999997
1,0.5,158,17063.999999999996,16955.999999999996,107.99999999999997
1,0.5,159,17171.999999999996,17063.999999999996,107.99999999999997
1,0.5,160,17279.999999999996,17171.999999999996,107.99999999999997
1,0.5,161,17387.999999999996,17279.999999999996,107.99999999999997
1,0.5,162,17495.999999999996,17387.999999999996,107.99999999999997
1,0.5,163,17603.999999999996,17495.999999999996,107.99999999999997
1,0.5,164,17711.999999999996,17603.999999999996,107.99999999999997
1,0.5,165,17819.999999999996,17711.999999999996,107.99999999999997
1,0.5,166,17927.999999999996,17819.999999999996,107.99999999999997
1,0.5,167,18035.999999999996,17927.999999999996,107.99999999999997
1,0.5,168,18143.999999999996,18035.999999999996,107.99999999999997
1,0.5,169,18251.999999999996,18143.999999999996,107.99999999999997
1,0.5,170,18359.999999999996,18251.999999999996,107.99999999999997
1,0.5,171,18467.999999999996,18359.999999999996,107.99999999999997
1,0.5,172,18575.999999999996,18467.999999999996,107.99999999999997
1,0.5,173,18683.999999999996,18575.999999999996,107.99999999999997
1,0.5,174,18791.999999999996,18683.999999999996,107.99999999999997
1,0.5,175,18899.999999999996,18791.999999999996,107.99999999999997
1,0.5,176,19007.999999999996,18899.999999999996,107.99999999999997
1,0.5,177,19115.999999999996,19007.999999999996,107.99999999999997
1,0.5,178,19223.999999999996,19115.999999999996,107.99999999999997
1,0.5,179,19331.999999999996,19223.999999999996,107.99999999999997
1,0.5,180,19439.999999999996,19331.999999999996,107.99999999999997
1,0.5,181,19547.999999999996,19439.999999999996,107.99999999999997
1,0.5,182,19655.999999999996,19547.999999999996,107.99999999999997
1,0.5,183,19763.999999999996,19655.999999999996,107.99999999999997
1,0.5,184,19871.999999999996,19763.999999999996,107.99999999999997
1,0.5,185,19979.999999999996,19871.999999999996,107.99999999999997
1,0.5,186,20087.999999999996,19979.999999999996,107.99999999999997
1,0.5,187,20195.999999999996,20087.999999999996,107.99999999999997
1,0.5,188,20303.999999999996,20195.999999999996,107.99999999999997
1,0.5,189,20411.999999999996,20303.999999999996,107.99999999999997
1,0.5,190,20519.999999999996,20411.999999999996,107.99999999999997
1,0.5,191,20627.999999999996,20519.999999999996,107.99999999999997
1,0.5,192,20735.999999999996,20627.999999999996,107.99999999999997
1,0.5,193,20843.999999999996,20735.999999999996,107.99999999999997
1,0.5,194,20951.999999999996,20843.999999999996,107.99999999999997
1,0.5,195,21059.999999999996,20951.999999999996,107.99999999999997
1,0.5,196,21167.999999999996,21059.999999999996,107.99999999999997
1,0.5,197,21275.999999999996,21167.999999999996,107.99999999999997
1,0.5,198,21383.999999999996,21275.999999999996,107.99999999999997
1,0.5,199,21491.999999999996,21383.999999999996,107.99999999999997
1,0.5,200,21599.999999999996,21491.999999999996,107.99999999999997
1,0.5,201,21707.999999999996,21599.999999999996,107.99999999999997
1,0.5,202,21815.999999999996,21707.999999999996,107.99999999999997
1,0.5,203,21923.999999999996,21815.999999999996,107.99999999999997
1,0.5,204,22031.999999999996,21923.999999999996,107.99999999999997
1,0.5,205,22139.999999999996,22031.999999999996,107.99999999999997
1,0.5,206,22247.999999999996,22139.999999999996,107.99999999999997
1,0.5,207,22355.999999999996,22247.999999999996,107.99999999999997
1,0.5,208,22463.999999999996,22355.999999999996,107.99999999999997
1,0.5,209,22571.999999999996,22463.999999999996,107.99999999999997
1,0.5,210,22679.999999999996,22571.999999999996,107.99999999999997
1,0.5,211,22787.999999999996,22679.999999999996,107.99999999999997
1,0.5,212,22895.999999999996,22787.999999999996,107.99999999999997
1,0.5,213,23003.999999999996,22895.999999999996,107.99999999999997
1,0.5,214,23111.999999999996,23003.999999999996,107.99999999999997
1,0.5,215,23219.999999999996,23111.999999999996,107.99999999999997
1,0.5,216,23327.999999999996,23219.999999999996,107.99999999999997
1,0.5,217,23435.999999999996,23327.999999999996,107.99999999999997
1,0.5,218,23543.999999999996,23435.999999999996,107.99999999999997
1,0.5,219,23651.999999999996,23543.999999999996,107.99999999999997
1,0.5,220,23759.999999999996,23651.999999999996,107.99999999999997
1,0.5,221,23867.999999999996,23759.999999999996,107.99999999999997
1,0.5,222,23975.999999999996,23867.999999999996,107.99999999999997
1,0.5,223,24083.999999999996,23975.999999999996,107.99999999999997
1,0.5,224,24191.999999999996,24083.999999999996,107.99999999999997
1,0.5,225,24299.999999999996,24191.999999999996,107.99999999999997
1,0.5,226,24407.999999999996,24299.999999999996,107.99999999999997
1,0.5,227,24515.999999999996,24407.999999999996,107.99999999999997
1,0.5,228,24623.999999999996,24515.999999999996,107.99999999999997
1,0.5,229,24731.999999999996,24623.999999999996,107.99999999999997
1,0.5,230,24839.999999999996,24731.999999999996,107.99999999999997
1,0.5,231,24947.999999999996,24839.999999999996,107.99999999999997
1,0.5,232,25055.999999999996,24947.999999999996,107.99999999999997
1,0.5,233,25163.999999999996,25055.999999999996,107.99999999999997
1,0.5,234,25271.999999999996,25163.999999999996,107.99999999999997
1,0.5,235,25379.999999999996,25271.999999999996,107.99999999999997
1,0.5,236,25487.999999999996,25379.999999999996,107.99999999999997
1,0.5,237,25595.999999999996,25487.999999999996,107.99999999999997
1,0.5,238,25703.999999999996,25595.999999999996,107.99999999999997
1,0.5,239,25811.999999999996,25703.999999999996,107.99999999999997
1,0.5,240,25919.999999999996,25811.999999999996,107.99999999999997
1,0.5,241,26027.999999999996,25919.999999999996,107.99999999999997
1,0.5,242,26135.999999999996,26027.999999999996,107.99999999999997
1,0.5,243,26243.999999999996,26135.999999999996,107.99999999999997
1,0.5,244,26351.999999999996,26243.999999999996,107.99999999999997
1,0.5,245,26459.999999999996,26351.999999999996,107.99999999999997
1,0.5,246,26567.999999999996,26459.999999999996,107.99999999999997
1,0.5,247,26675.999999999996,26567.999999999996,107.99999999999997
1,0.5,248,26783.999999999996,26675.999999999996,107.99999999999997
1,0.5,249,26891.999999999996,26783.999999999996,107.99999999999997
1,0.5,250,26999.999999999996,26891.999999999996,107.99999999999997
1,0.5,251,27107.999999999996,26999.999999999996,107.99999999999997
1,0.5,252,27215.999999999996,27107.999999999996,107.99999999999997
1,0.5,253,27323.999999999996,27215.999999999996,107.99999999999997
1,0.5,254,27431.999999999996,27323.999999999996,107.99999999999997
1,0.5,255,27539.999999999996,27431.999999999996,107.99999999999997
1,0.5,256,27647.999999999996,27539.999999999996,107.99999999999997
1,0.5,257,27755.999999999996,27647.999999999996,107.99999999999997
1,0.5,258,27863.999999999996,27755.999999999996,107.99999999999997
1,0.5,259,27971.999999999996,27863.999999999996,107.99999999999997
1,0.5,260,28079.999999999996,27971.999999999996,107.99999999999997
1,0.5,261,28187.999999999996,28079.999999999996,107.99999999999997
1,0.5,262,28295.999999999996,28187.999999999996,107.99999999999997
1,0.5,263,28403.999999999996,28295.999999999996,107.99999999999997
1,0.5,264,28511.999999999996,28403.999999999996,107.99999999999997
1,0.5,265,28619.999999999996,28511.999999999996,107.99999999999997
1,0.5,266,28727.999999999996,28619.999999999996,107.99999999999997
1,0.5,267,28835.999999999996,28727.999999999996,107.99999999999997
1,0.5,268,28943.999999999996,28835.999999999996,107.99999999999997
1,0.5,269,29051.999999999996,28943.999999999996,107.99999999999997
1,0.5,270,29159.999999999996,29051.999999999996,107.99999999999997
1,0.5,271,29267.999999999996,29159.999999999996,107.99999999999997
1,0.5,272,29375.999999999996,29267.999999999996,107.99999999999997
1,0.5,273,29483.999999999996,29375.999999999996,107.99999999999997
1,0.5,274,29591.999999999996,29483.999999999996,107.99999999999997
1,0.5,275,29699.999999999996,29591.999999999996,107.99999999999997
1,0.5,276,29807.999999999996,29699.999999999996,107.99999999999997
1,0.5,277,29915.999999999996,29807.999999999996,107.99999999999997
1,0.5,278,30023.999999999996,29915.999999999996,107.99999999999997
1,0.5,279,30131.999999999996,30023.999999999996,107.99999999999997
1,0.5,280,30239.999999999996,30131.999999999996,107.99999999999997
1,0.5,281,30347.999999999996,30239.999999999996,107.99999999999997
1,0.5,282,30455.999999999996,30347.999999999996,107.99999999999997
1,0.5,283,30563.999999999996,30455.999999999996,107.99999999999997
1,0.5,284,30671.999999999996,30563.999999999996,107.99999999999997
1,0.5,285,30779.999999999996,30671.999999999996,107.99999999999997
1,0.5,286,30887.999999999996,30779.999999999996,107.99999999999997
1,0.5,287,30995.999999999996,30887.999999999996,107.99999999999997
1,0.5,288,31103.999999999996,30995.999999999996,107.99999999999997
1,0.5,289,31211.999999999996,31103.999999999996,107.99999999999997
1,0.5,290,31319.999999999996,31211.999999999996,107.99999999999997
1,0.5,291,31427.999999999996,31319.999999999996,107.99999999999997
1,0.5,292,31535.999999999996,31427.999999999996,107.99999999999997
1,0.5,293,31643.999999999996,31535.999999999996,107.99999999999997
1,0.5,294,31751.999999999996,31643.999999999996,107.99999999999997
1,0.5,295,31859.999999999996,31751.999999999996,107.99999999999997
1,0.5,296,31967.999999999996,31859.999999999996,107.99999999999997
1,0.5,297,32075.999999999996,31967.999999999996,107.99999999999997
1,0.5,298,32183.999999999996,32075.999999999996,107.99999999999997
1,0.5,299,32291.999999999996,32183.999999999996,107.99999999999997
1,0.5,300,32399.999999999996,32291.999999999996,107.99999999999997
1,0.5,301,32507.999999999996,32399.999999999996,107.99999999999997
1,0.5,302,32615.999999999996,32507.999999999996,107.99999999999997
1,0.5,303,32723.999999999996,32615.999999999996,107.99999999999997
1,0.5,304,32831.99999999999,32723.999999999996,107.99999999999997
1,0.5,305,32939.99999999999,32831.99999999999,107.99999999999997
1,0.5,306,33047.99999999999,32939.99999999999,107.99999999999997
1,0.5,307,33155.99999999999,33047.99999999999,107.99999999999997
1,0.5,308,33263.99999999999,33155.99999999999,107.99999999999997
1,0.5,309,33371.99999999999,33263.99999999999,107.99999999999997
1,0.5,310,33479.99999999999,33371.99999999999,107.99999999999997
1,0.5,311,33587.99999999999,33479.99999999999,107.99999999999997
1,0.5,312,33695.99999999999,33587.99999999999,107.99999999999997
1,0.5,313,33803.99999999999,33695.99999999999,107.99999999999997
1,0.5,314,33911.99999999999,33803.99999999999,107.99999999999997
1,0.5,315,34019.99999999999,33911.99999999999,107.99999999999997
1,0.5,316,34127.99999999999,34019.99999999999,107.99999999999997
1,0.5,317,34235.99999999999,34127.99999999999,107.99999999999997
1,0.5,318,34343.99999999999,34235.99999999999,107.99999999999997
1,0.5,319,34451.99999999999,34343.99999999999,107.99999999999997
1,0.5,320,34559.99999999999,34451.99999999999,107.99999999999997
1,0.5,321,34667.99999999999,34559.99999999999,107.99999999999997
1,0.5,322,34775.99999999999,34667.99999999999,107.99999999999997
1,0.5,323,34883.99999999999,34775.99999999999,107.99999999999997
1,0.5,324,34991.99999999999,34883.99999999999,107.99999999999997
1,0.5,325,35099.99999999999,34991.99999999999,107.99999999999997
1,0.5,326,35207.99999999999,35099.99999999999,107.99999999999997
1,0.5,327,35315.99999999999,35207.99999999999,107.99999999999997
1,0.5,328,35423.99999999999,35315.99999999999,107.99999999999997
1,0.5,329,35531.99999999999,35423.99999999999,107.99999999999997
1,0.5,330,35639.99999999999,35531.99999999999,107.99999999999997
1,0.5,331,35747.99999999999,35639.99999999999,107.99999999999997
1,0.5,332,35855.99999999999,35747.99999999999,107.99999999999997
1,0.5,333,35963.99999999999,35855.99999999999,107.99999999999997
1,0.5,334,36071.99999999999,35963.99999999999,107.99999999999997
1,0.5,335,36179.99999999999,36071.99999999999,107.99999999999997
1,0.5,336,36287.99999999999,36179.99999999999,107.99999999999997
1,0.5,337,36395.99999999999,36287.99999999999,107.99999999999997
1,0.5,338,36503.99999999999,36395.99999999999,107.99999999999997
1,0.5,339,36611.99999999999,36503.99999999999,107.99999999999997
1,0.5,340,36719.99999999999,36611.99999999999,107.99999999999997
1,0.5,341,36827.99999999999,36719.99999999999,107.99999999999997
1,0.5,342,36935.99999999999,36827.99999999999,107.99999999999997
1,0.5,343,37043.99999999999,36935.99999999999,107.99999999999997
1,0.5,344,37151.99999999999,37043.99999999999,107.99999999999997
1,0.5,345,37259.99999999999,37151.99999999999,107.99999999999997
1,0.5,346,37367.99999999999,37259.99999999999,107.99999999999997
1,0.5,347,37475.99999999999,37367.99999999999,107.99999999999997
1,0.5,348,37583.99999999999,37475.99999999999,107.99999999999997
1,0.5,349,37691.99999999999,37583.99999999999,107.99999999999997
1,0.5,350,37799.99999999999,37691.99999999999,107.99999999999997
1,0.5,351,37907.99999999999,37799.99999999999,107.99999999999997
1,0.5,352,38015.99999999999,37907.99999999999,107.99999999999997
1,0.5,353,38123.99999999999,38015.99999999999,107.99999999999997
1,0.5,354,38231.99999999999,38123.99999999999,107.99999999999997
1,0.5,355,38339.99999999999,38231.99999999999,107.99999999999997
1,0.5,356,38447.99999999999,38339.99999999999,107.99999999999997
1,0.5,357,38555.99999999999,38447.99999999999,107.99999999999997
1,0.5,358,38663.99999999999,38555.99999999999,107.99999999999997
1,0.5,359,38771.99999999999,38663.99999999999,107.99999999999997
1,0.5,360,38879.99999999999,38771.99999999999,107.99999999999997
1,0.9,1,107.99999999999999,97.19999999999999,10.799999999999997
1,0.9,2,215.99999999999997,204.11999999999998,11.879999999999995
1,0.9,3,323.99999999999994,312.01199999999994,11.988
1,0.9,4,431.99999999999994,420.0011999999999,11.998800000000003
1,0.9,5,539.9999999999999,528.0001199999999,11.99987999999999
1,0.9,6,647.9999999999999,636.0000119999999,11.999988000000002
1,0.9,7,755.9999999999999,744.0000011999998,11.9999988
1,0.9,8,863.9999999999999,852.0000001199999,11.99999987999999
1,0.9,9,971.9999999999999,960.0000000119999,11.999999987999999
1,0.9,10,1079.9999999999998,1068.0000000011999,11.999999998799993
1,0.9,11,1187.9999999999998,1176.0000000001198,11.99999999987999
1,0.9,12,1295.9999999999998,1284.0000000000118,11.999999999987992
1,0.9,13,1403.9999999999998,1392.000000000001,11.999999999998792
1,0.9,14,1511.9999999999998,1499.9999999999998,11.999999999999872
1,0.9,15,1619.9999999999998,1607.9999999999995,11.999999999999986
1,0.9,16,1727.9999999999998,1715.9999999999995,12.0
1,0.9,17,1835.9999999999998,1823.9999999999995,12.0
1,0.9,18,1943.9999999999998,1931.9999999999995,12.0
1,0.9,19,2051.9999999999995,2039.9999999999995,12.0
1,0.9,20,2159.9999999999995,2147.9999999999995,12.0
1,0.9,21,2267.9999999999995,2255.9999999999995,12.0
1,0.9,22,2375.9999999999995,2363.9999999999995,12.0
1,0.9,23,2483.9999999999995,2471.9999999999995,12.0
1,0.9,24,2591.9999999999995,2579.9999999999995,12.0
1,0.9,25,2699.9999999999995,2687.9999999999995,12.0
1,0.9,26,2807.9999999999995,2795.9999999999995,12.0
1,0.9,27,2915.9999999999995,2903.9999999999995,12.0
1,0.9,28,3023.9999999999995,3011.9999999999995,12.0
1,0.9,29,3131.9999999999995,3119.9999999999995,12.0
1,0.9,30,3239.9999999999995,3227.9999999999995,12.0
1,0.9,31,3347.9999999999995,3335.9999999999995,12.0
1,0.9,32,3455.9999999999995,3443.9999999999995,12.0
1,0.9,33,3563.9999999999995,3551.9999999999995,12.0
1,0.9,34,3671.9999999999995,3659.9999999999995,12.0
1,0.9,35,3779.9999999999995,3767.9999999999995,12.0
1,0.9,36,3887.9999999999995,3875.9999999999995,12.0
1,0.9,37,3995.9999999999995,3983.9999999999995,12.0
1,0.9,38,4103.999999999999,4091.9999999999995,12.0
1,0.9,39,4211.999999999999,4199.999999999999,12.0
1,0.9,40,4319.999999999999,4307.999999999999,12.0
1,0.9,41,4427.999999999999,4415.999999999999,12.0
1,0.9,42,4535.999999999999,4523.999999999999,12.0
1,0.9,43,4643.999999999999,4631.999999999999,12.0
1,0.9,44,4751.999999999999,4739.999999999999,12.0
1,0.9,45,4859.999999999999,4847.999999999999,12.0
1,0.9,46,4967.999999999999,4955.999999999999,12.0
1,0.9,47,5075.999999999999,5063.999999999999,12.0
1,0.9,48,5183.999999999999,5171.999999999999,12.0
1,0.9,49,5291.999999999999,5279.999999999999,12.0
1,0.9,50,5399.999999999999,5387.999999999999,12.0
1,0.9,51,5507.999999999999,5495.999999999999,12.0
1,0.9,52,5615.999999999999,5603.999999999999,12.0
1,0.9,53,5723.999999999999,5711.999999999999,12.0
1,0.9,54,5831.999999999999,5819.999999999999,12.0
1,0.9,55,5939.999999999999,5927.999999999999,12.0
1,0.9,56,6047.999999999999,6035.999999999999,12.0
1,0.9,57,6155.999999999999,6143.999999999999,12.0
1,0.9,58,6263.999999999999,6251.999999999999,12.0
1,0.9,59,6371.999999999999,6359.999999999999,12.0
1,0.9,60,6479.999999999999,6467.999999999999,12.0
1,0.9,61,6587.999999999999,6575.999999999999,12.0
1,0.9,62,6695.999999999999,6683.999999999999,12.0
1,0.9,63,6803.999999999999,6791.999999999999,12.0
1,0.9,64,6911.999999999999,6899.999999999999,12.0
1,0.9,65,7019.999999999999,7007.999999999999,12.0
1,0.9,66,7127.999999999999,7115.999999999999,12.0
1,0.9,67,7235.999999999999,7223.999999999999,12.0
1,0.9,68,7343.999999999999,7331.999999999999,12.0
1,0.9,69,7451.999999999999,7439.999999999999,12.0
1,0.9,70,7559.999999999999,7547.999999999999,12.0
1,0.9,71,7667.999999999999,7655.999999999999,12.0
1,0.9,72,7775.999999999999,7763.999999999999,12.0
1,0.9,73,7883.999999999999,7871.999999999999,12.0
1,0.9,74,7991.999999999999,7979.999999999999,12.0
1,0.9,75,8099.999999999999,8087.999999999999,12.0
1,0.9,76,8207.999999999998,8195.999999999998,12.0
1,0.9,77,8315.999999999998,8303.999999999998,12.0
1,0.9,78,8423.999999999998,8411.999999999998,12.0
1,0.9,79,8531.999999999998,8519.999999999998,12.0
1,0.9,80,8639.999999999998,8627.999999999998,12.0
1,0.9,81,8747.999999999998,8735.999999999998,12.0
1,0.9,82,8855.999999999998,8843.999999999998,12.0
1,0.9,83,8963.999999999998,8951.999999999998,12.0
1,0.9,84,9071.999999999998,9059.999999999998,12.0
1,0.9,85,9179.999999999998,9167.999999999998,12.0
1,0.9,86,9287.999999999998,9275.999999999998,12.0
1,0.9,87,9395.999999999998,9383.999999999998,12.0
1,0.9,88,9503.999999999998,9491.999999999998,12.0
1,0.9,89,9611.999999999998,9599.999999999998,12.0
1,0.9,90,9719.999999999998,9707.999999999998,12.0
1,0.9,91,9827.999999999998,9815.999999999998,12.0
1,0.9,92,9935.999999999998,9923.999999999998,12.0
1,0.9,93,10043.999999999998,10031.999999999998,12.0
1,0.9,94,10151.999999999998,10139.999999999998,12.0
1,0.9,95,10259.999999999998,10247.999999999998,12.0
1,0.9,96,10367.999999999998,10355.999999999998,12.0
1,0.9,97,10475.999999999998,10463.999999999998,12.0
1,0.9,98,10583.999999999998,10571.999999999998,12.0
1,0.9,99,10691.999999999998,10679.999999999998,12.0
1,0.9,100,10799.999999999998,10787.999999999998,12.0
1,0.9,101,10907.999999999998,10895.999999999998,12.0
1,0.9,102,11015.999999999998,11003.999999999998,12.0
1,0.9,103,11123.999999999998,11111.999999999998,12.0
1,0.9,104,11231.999999999998,11219.999999999998,12.0
1,0.9,105,11339.999999999998,11327.999999999998,12.0
1,0.9,106,11447.999999999998,11435.999999999998,12.0
1,0.9,107,11555.999999999998,11543.999999999998,12.0
1,0.9,108,11663.999999999998,11651.999999999998,12.0
1,0.9,109,11771.999999999998,11759.999999999998,12.0
1,0.9,110,11879.999999999998,11867.999999999998,12.0
1,0.9,111,11987.999999999998,11975.999999999998,12.0
1,0.9,112,12095.999999999998,12083.999999999998,12.0
1,0.9,113,12203.999999999998,12191.999999999998,12.0
1,0.9,114,12311.999999999998,12299.999999999998,12.0
1,0.9,115,12419.999999999998,12407.999999999998,12.0
1,0.9,116,12527.999999999998,12515.999999999998,12.0
1,0.9,117,12635.999999999998,12623.999999999998,12.0
1,0.9,118,12743.999999999998,12731.999999999998,12.0
1,0.9,119,12851.999999999998,12839.999999999998,12.0
1,0.9,120,12959.999999999998,12947.999999999998,12.0
1,0.9,121,13067.999999999998,13055.999999999998,12.0
1,0.9,122,13175.999999999998,13163.999999999998,12.0
1,0.9,123,13283.999999999998,13271.999999999998,12.0
1,0.9,124,13391.999999999998,13379.999999999998,12.0
1,0.9,125,13499.999999999998,13487.999999999998,12.0
1,0.9,126,13607.999999999998,13595.999999999998,12.0
1,0.9,127,13715.999999999998,13703.999999999998,12.0
1,0.9,128,13823.999999999998,13811.999999999998,12.0
1,0.9,129,13931.999999999998,13919.999999999998,12.0
1,0.9,130,14039.999999999998,14027.999999999998,12.0
1,0.9,131,14147.999999999998,14135.999999999998,12.0
1,0.9,132,14255.999999999998,14243.999999999998,12.0
1,0.9,133,14363.999999999998,14351.999999999998,12.0
1,0.9,134,14471.999999999998,14459.999999999998,12.0
1,0.9,135,14579.999999999998,14567.999999999998,12.0
1,0.9,136,14687.999999999998,14675.999999999998,12.0
1,0.9,137,14795.999999999998,14783.999999999998,12.0
1,0.9,138,14903.999999999998,14891.999999999998,12.0
1,0.9,139,15011.999999999998,14999.999999999998,12.0
1,0.9,140,15119.999999999998,15107.999999999998,12.0
1,0.9,141,15227.999999999998,15215.999999999998,12.0
1,0.9,142,15335.999999999998,15323.999999999998,12.0
1,0.9,143,15443.999999999998,15431.999999999998,12.0
1,0.9,144,15551.999999999998,15539.999999999998,12.0
1,0.9,145,15659.999999999998,15647.999999999998,12.0
1,0.9,146,15767.999999999998,15755.999999999998,12.0
1,0.9,147,15875.999999999998,15863.999999999998,12.0
1,0.9,148,15983.999999999998,15971.999999999998,12.0
1,0.9,149,16091.999999999998,16079.999999999998,12.0
1,0.9,150,16199.999999999998,16187.999999999998,12.0
1,0.9,151,16307.999999999998,16295.999999999998,12.0
1,0.9,152,16415.999999999996,16403.999999999996,12.0
1,0.9,153,16523.999999999996,16511.999999999996,12.0
1,0.9,154,16631.999999999996,16619.999999999996,12.0
1,0.9,155,16739.999999999996,16727.999999999996,12.0
1,0.9,156,16847.999999999996,16835.999999999996,12.0
1,0.9,157,16955.999999999996,16943.999999999996,12.0
1,0.9,158,17063.999999999996,17051.999999999996,12.0
1,0.9,159,17171.999999999996,17159.999999999996,12.0
1,0.9,160,17279.999999999996,17267.999999999996,12.0
1,0.9,161,17387.999999999996,17375.999999999996,12.0
1,0.9,162,17495.999999999996,17483.999999999996,12.0
1,0.9,163,17603.999999999996,17591.999999999996,12.0
1,0.9,164,17711.999999999996,17699.999999999996,12.0
1,0.9,165,17819.999999999996,17807.999999999996,12.0
1,0.9,166,17927.999999999996,17915.999999999996,12.0
1,0.9,167,18035.999999999996,18023.999999999996,12.0
1,0.9,168,18143.999999999996,18131.999999999996,12.0
1,0.9,169,18251.999999999996,18239.999999999996,12.0
1,0.9,170,18359.999999999996,18347.999999999996,12.0
1,0.9,171,18467.999999999996,18455.999999999996,12.0
1,0.9,172,18575.999999999996,18563.999999999996,12.0
1,0.9,173,18683.999999999996,18671.999999999996,12.0
1,0.9,174,18791.999999999996,18779.999999999996,12.0
1,0.9,175,18899.999999999996,18887.999999999996,12.0
1,0.9,176,19007.999999999996,18995.999999999996,12.0
1,0.9,177,19115.999999999996,19103.999999999996,12.0
1,0.9,178,19223.999999999996,19211.999999999996,12.0
1,0.9,179,19331.999999999996,19319.999999999996,12.0
1,0.9,180,19439.999999999996,19427.999999999996,12.0
1,0.9,181,19547.999999999996,19535.999999999996,12.0
1,0.9,182,19655.999999999996,19643.999999999996,12.0
1,0.9,183,19763.999999999996,19751.999999999996,12.0
1,0.9,184,19871.999999999996,19859.999999999996,12.0
1,0.9,185,19979.999999999996,19967.999999999996,12.0
1,0.9,186,20087.999999999996,20075.999999999996,12.0
1,0.9,187,20195.999999999996,20183.999999999996,12.0
1,0.9,188,20303.999999999996,20291.999999999996,12.0
1,0.9,189,20411.999999999996,20399.999999999996,12.0
1,0.9,190,20519.999999999996,20507.999999999996,12.0
1,0.9,191,20627.999999999996,20615.999999999996,12.0
1,0.9,192,20735.999999999996,20723.999999999996,12.0
1,0.9,193,20843.999999999996,20831.999999999996,12.0
1,0.9,194,20951.999999999996,20939.999999999996,12.0
1,0.9,195,21059.999999999996,21047.999999999996,12.0
1,0.9,196,21167.999999999996,21155.999999999996,12.0
1,0.9,197,21275.999999999996,21263.999999999996,12.0
1,0.9,198,21383.999999999996,21371.999999999996,12.0
1,0.9,199,21491.999999999996,21479.999999999996,12.0
1,0.9,200,21599.999999999996,21587.999999999996,12.0
1,0.9,201,21707.999999999996,21695.999999999996,12.0
1,0.9,202,21815.999999999996,21803.999999999996,12.0
1,0.9,203,21923.999999999996,21911.999999999996,12.0
1,0.9,204,22031.999999999996,22019.999999999996,12.0
1,0.9,205,22139.999999999996,22127.999999999996,12.0
1,0.9,206,22247.999999999996,22235.999999999996,12.0
1,0.9,207,22355.999999999996,22343.999999999996,12.0
1,0.9,208,22463.999999999996,22451.999999999996,12.0
1,0.9,209,22571.999999999996,22559.999999999996,12.0
1,0.9,210,22679.999999999996,22667.999999999996,12.0
1,0.9,211,22787.999999999996,22775.999999999996,12.0
1,0.9,212,22895.999999999996,22883.999999999996,12.0
1,0.9,213,23003.999999999996,22991.999999999996,12.0
1,0.9,214,23111.999999999996,23099.999999999996,12.0
1,0.9,215,23219.999999999996,23207.999999999996,12.0
1,0.9,216,23327.999999999996,23315.999999999996,12.0
1,0.9,217,23435.999999999996,23423.999999999996,12.0
1,0.9,218,23543.999999999996,23531.999999999996,12.0
1,0.9,219,23651.999999999996,23639.999999999996,12.0
1,0.9,220,23759.999999999996,23747.999999999996,12.0
1,0.9,221,23867.999999999996,23855.999999999996,12.0
1,0.9,222,23975.999999999996,23963.999999999996,12.0
1,0.9,223,24083.999999999996,24071.999999999996,12.0
1,0.9,224,24191.999999999996,24179.999999999996,12.0
1,0.9,225,24299.999999999996,24287.999999999996,12.0
1,0.9,226,24407.999999999996,24395.999999999996,12.0
1,0.9,227,24515.999999999996,24503.999999999996,12.0
1,0.9,228,24623.999999999996,24611.999999999996,12.0
1,0.9,229,24731.999999999996,24719.999999999996,12.0
1,0.9,230,24839.999999999996,24827.999999999996,12.0
1,0.9,231,24947.999999999996,24935.999999999996,12.0
1,0.9,232,25055.999999999996,25043.999999999996,12.0
1,0.9,233,25163.999999999996,25151.999999999996,12.0
1,0.9,234,25271.999999999996,25259.999999999996,12.0
1,0.9,235,25379.999999999996,25367.999999999996,12.0
1,0.9,236,25487.999999999996,25475.999999999996,12.0
1,0.9,237,25595.999999999996,25583.999999999996,12.0
1,0.9,238,25703.999999999996,25691.999999999996,12.0
1,0.9,239,25811.999999999996,25799.999999999996,12.0
1,0.9,240,25919.999999999996,25907.999999999996,12.0
1,0.9,241,26027.999999999996,26015.999999999996,12.0
1,0.9,242,26135.999999999996,26123.999999999996,12.0
1,0.9,243,26243.999999999996,26231.999999999996,12.0
1,0.9,244,26351.999999999996,26339.999999999996,12.0
1,0.9,245,26459.999999999996,26447.999999999996,12.0
1,0.9,246,26567.999999999996,26555.999999999996,12.0
1,0.9,247,26675.999999999996,26663.999999999996,12.0
1,0.9,248,26783.999999999996,26771.999999999996,12.0
1,0.9,249,26891.999999999996,26879.999999999996,12.0
1,0.9,250,26999.999999999996,26987.999999999996,12.0
1,0.9,251,27107.999999999996,27095.999999999996,12.0
1,0.9,252,27215.999999999996,27203.999999999996,12.0
1,0.9,253,27323.999999999996,27311.999999999996,12.0
1,0.9,254,27431.999999999996,27419.999999999996,12.0
1,0.9,255,27539.999999999996,27527.999999999996,12.0
1,0.9,256,27647.999999999996,27635.999999999996,12.0
1,0.9,257,27755.999999999996,27743.999999999996,12.0
1,0.9,258,27863.999999999996,27851.999999999996,12.0
1,0.9,259,27971.999999999996,27959.999999999996,12.0
1,0.9,260,28079.999999999996,28067.999999999996,12.0
1,0.9,261,28187.999999999996,28175.999999999996,12.0
1,0.9,262,28295.999999999996,28283.999999999996,12.0
1,0.9,263,28403.999999999996,28391.999999999996,12.0
1,0.9,264,28511.999999999996,28499.999999999996,12.0
1,0.9,265,28619.999999999996,28607.999999999996,12.0
1,0.9,266,28727.999999999996,28715.999999999996,12.0
1,0.9,267,28835.999999999996,28823.999999999996,12.0
1,0.9,268,28943.999999999996,28931.999999999996,12.0
1,0.9,269,29051.999999999996,29039.999999999996,12.0
1,0.9,270,29159.999999999996,29147.999999999996,12.0
1,0.9,271,29267.999999999996,29255.999999999996,12.0
1,0.9,272,29375.999999999996,29363.999999999996,12.0
1,0.9,273,29483.999999999996,29471.999999999996,12.0
1,0.9,274,29591.999999999996,29579.999999999996,12.0
1,0.9,275,29699.999999999996,29687.999999999996,12.0
1,0.9,276,29807.999999999996,29795.999999999996,12.0
1,0.9,277,29915.999999999996,29903.999999999996,12.0
1,0.9,278,30023.999999999996,30011.999999999996,12.0
1,0.9,279,30131.999999999996,30119.999999999996,12.0
1,0.9,280,30239.999999999996,30227.999999999996,12.0
1,0.9,281,30347.999999999996,30335.999999999996,12.0
1,0.9,282,30455.999999999996,30443.999999999996,12.0
1,0.9,283,30563.999999999996,30551.999999999996,12.0
1,0.9,284,30671.999999999996,30659.999999999996,12.0
1,0.9,285,30779.999999999996,30767.999999999996,12.0
1,0.9,286,30887.999999999996,30875.999999999996,12.0
1,0.9,287,30995.999999999996,30983.999999999996,12.0
1,0.9,288,31103.999999999996,31091.999999999996,12.0
1,0.9,289,31211.999999999996,31199.999999999996,12.0
1,0.9,290,31319.999999999996,31307.999999999996,12.0
1,0.9,291,31427.999999999996,31415.999999999996,12.0
1,0.9,292,31535.999999999996,31523.999999999996,12.0
1,0.9,293,31643.999999999996,31631.999999999996,12.0
1,0.9,294,31751.999999999996,31739.999999999996,12.0
1,0.9,295,31859.999999999996,31847.999999999996,12.0
1,0.9,296,31967.999999999996,31955.999999999996,12.0
1,0.9,297,32075.999999999996,32063.999999999996,12.0
1,0.9,298,32183.999999999996,32171.999999999996,12.0
1,0.9,299,32291.999999999996,32279.999999999996,12.0
1,0.9,300,32399.999999999996,32387.999999999996,12.0
1,0.9,301,32507.999999999996,32495.999999999996,12.0
1,0.9,302,32615.999999999996,32603.999999999996,12.0
1,0.9,303,32723.999999999996,32711.999999999996,12.0
1,0.9,304,32831.99999999999,32819.99999999999,12.0
1,0.9,305,32939.99999999999,32927.99999999999,12.0
1,0.9,306,33047.99999999999,33035.99999999999,12.0
1,0.9,307,33155.99999999999,33143.99999999999,12.0
1,0.9,308,33263.99999999999,33251.99999999999,12.0
1,0.9,309,33371.99999999999,33359.99999999999,12.0
1,0.9,310,33479.99999999999,33467.99999999999,12.0
1,0.9,311,33587.99999999999,33575.99999999999,12.0
1,0.9,312,33695.99999999999,33683.99999999999,12.0
1,0.9,313,33803.99999999999,33791.99999999999,12.0
1,0.9,314,33911.99999999999,33899.99999999999,12.0
1,0.9,315,34019.99999999999,34007.99999999999,12.0
1,0.9,316,34127.99999999999,34115.99999999999,12.0
1,0.9,317,34235.99999999999,34223.99999999999,12.0
1,0.9,318,34343.99999999999,34331.99999999999,12.0
1,0.9,319,34451.99999999999,34439.99999999999,12.0
1,0.9,320,34559.99999999999,34547.99999999999,12.0
1,0.9,321,34667.99999999999,34655.99999999999,12.0
1,0.9,322,34775.99999999999,34763.99999999999,12.0
1,0.9,323,34883.99999999999,34871.99999999999,12.0
1,0.9,324,34991.99999999999,34979.99999999999,12.0
1,0.9,325,35099.99999999999,35087.99999999999,12.0
1,0.9,326,35207.99999999999,35195.99999999999,12.0
1,0.9,327,35315.99999999999,35303.99999999999,12.0
1,0.9,328,35423.99999999999,35411.99999999999,12.0
1,0.9,329,35531.99999999999,35519.99999999999,12.0
1,0.9,330,35639.99999999999,35627.99999999999,12.0
1,0.9,331,35747.99999999999,35735.99999999999,12.0
1,0.9,332,35855.99999999999,35843.99999999999,12.0
1,0.9,333,35963.99999999999,35951.99999999999,12.0
1,0.9,334,36071.99999999999,36059.99999999999,12.0
1,0.9,335,36179.99999999999,36167.99999999999,12.0
1,0.9,336,36287.99999999999,36275.99999999999,12.0
1,0.9,337,36395.99999999999,36383.99999999999,12.0
1,0.9,338,36503.99999999999,36491.99999999999,12.0
1,0.9,339,36611.99999999999,36599.99999999999,12.0
1,0.9,340,36719.99999999999,36707.99999999999,12.0
1,0.9,341,36827.99999999999,36815.99999999999,12.0
1,0.9,342,36935.99999999999,36923.99999999999,12.0
1,0.9,343,37043.99999999999,37031.99999999999,12.0
1,0.9,344,37151.99999999999,37139.99999999999,12.0
1,0.9,345,37259.99999999999,37247.99999999999,12.0
1,0.9,346,37367.99999999999,37355.99999999999,12.0
1,0.9,347,37475.99999999999,37463.99999999999,12.0
1,0.9,348,37583.99999999999,37571.99999999999,12.0
1,0.9,349,37691.99999999999,37679.99999999999,12.0
1,0.9,350,37799.99999999999,37787.99999999999,12.0
1,0.9,351,37907.99999999999,37895.99999999999,12.0
1,0.9,352,38015.99999999999,38003.99999999999,12.0
1,0.9,353,38123.99999999999,38111.99999999999,12.0
1,0.9,354,38231.99999999999,38219.99999999999,12.0
1,0.9,355,38339.99999999999,38327.99999999999,12.0
1,0.9,356,38447.99999999999,38435.99999999999,12.0
1,0.9,357,38555.99999999999,38543.99999999999,12.0
1,0.9,358,38663.99999999999,38651.99999999999,12.0
1,0.9,359,38771.99999999999,38759.99999999999,12.0
1,0.9,360,38879.99999999999,38867.99999999999,12.0
