solid enlarged_free_clip_mm
 facet normal -0.867321592845 -0.497748183909 0
  outer loop
   vertex -4.53184917491 -2.65044204915 -5
   vertex -4.53184917491 -2.65044204915 5
   vertex -4.57472114508 -2.57573803884 5
  endloop
 endfacet
 facet normal -0.867321592845 -0.497748183909 0
  outer loop
   vertex -4.53184917491 -2.65044204915 -5
   vertex -4.57472114508 -2.57573803884 5
   vertex -4.57472114508 -2.57573803884 -5
  endloop
 endfacet
 facet normal 0.867321592845 0.497748183909 0
  outer loop
   vertex -4.10024449158 -2.39801899685 -5
   vertex -4.13903341698 -2.33042965419 -5
   vertex -4.13903341698 -2.33042965419 5
  endloop
 endfacet
 facet normal 0.867321592845 0.497748183909 -0
  outer loop
   vertex -4.10024449158 -2.39801899685 -5
   vertex -4.13903341698 -2.33042965419 5
   vertex -4.10024449158 -2.39801899685 5
  endloop
 endfacet
 facet normal 0 0 1
  outer loop
   vertex -4.10024449158 -2.39801899685 5
   vertex -4.13903341698 -2.33042965419 5
   vertex -4.57472114508 -2.57573803884 5
  endloop
 endfacet
 facet normal 0 0 1
  outer loop
   vertex -4.10024449158 -2.39801899685 5
   vertex -4.57472114508 -2.57573803884 5
   vertex -4.53184917491 -2.65044204915 5
  endloop
 endfacet
 facet normal 0 0 -1
  outer loop
   vertex -4.10024449158 -2.39801899685 -5
   vertex -4.53184917491 -2.65044204915 -5
   vertex -4.57472114508 -2.57573803884 -5
  endloop
 endfacet
 facet normal -0 0 -1
  outer loop
   vertex -4.10024449158 -2.39801899685 -5
   vertex -4.57472114508 -2.57573803884 -5
   vertex -4.13903341698 -2.33042965419 -5
  endloop
 endfacet
 facet normal -0.875370683944 -0.483452340663 0
  outer loop
   vertex -4.57472114508 -2.57573803884 -5
   vertex -4.57472114508 -2.57573803884 5
   vertex -4.61636178788 -2.50034074546 5
  endloop
 endfacet
 facet normal -0.875370683944 -0.483452340663 0
  outer loop
   vertex -4.57472114508 -2.57573803884 -5
   vertex -4.61636178788 -2.50034074546 5
   vertex -4.61636178788 -2.50034074546 -5
  endloop
 endfacet
 facet normal 0.875370683944 0.483452340663 0
  outer loop
   vertex -4.13903341698 -2.33042965419 -5
   vertex -4.17670828427 -2.26221305541 -5
   vertex -4.17670828427 -2.26221305541 5
  endloop
 endfacet
 facet normal 0.875370683944 0.483452340663 -0
  outer loop
   vertex -4.13903341698 -2.33042965419 -5
   vertex -4.17670828427 -2.26221305541 5
   vertex -4.13903341698 -2.33042965419 5
  endloop
 endfacet
 facet normal 0 0 1
  outer loop
   vertex -4.13903341698 -2.33042965419 5
   vertex -4.17670828427 -2.26221305541 5
   vertex -4.61636178788 -2.50034074546 5
  endloop
 endfacet
 facet normal 0 0 1
  outer loop
   vertex -4.13903341698 -2.33042965419 5
   vertex -4.61636178788 -2.50034074546 5
   vertex -4.57472114508 -2.57573803884 5
  endloop
 endfacet
 facet normal 0 0 -1
  outer loop
   vertex -4.13903341698 -2.33042965419 -5
   vertex -4.57472114508 -2.57573803884 -5
   vertex -4.61636178788 -2.50034074546 -5
  endloop
 endfacet
 facet normal -0 0 -1
  outer loop
   vertex -4.13903341698 -2.33042965419 -5
   vertex -4.61636178788 -2.50034074546 -5
   vertex -4.17670828427 -2.26221305541 -5
  endloop
 endfacet
 facet normal -0.883184161143 -0.469026371867 0
  outer loop
   vertex -4.61636178788 -2.50034074546 -5
   vertex -4.61636178788 -2.50034074546 5
   vertex -4.65675989535 -2.42427046285 5
  endloop
 endfacet
 facet normal -0.883184161143 -0.469026371867 0
  outer loop
   vertex -4.61636178788 -2.50034074546 -5
   vertex -4.65675989535 -2.42427046285 5
   vertex -4.65675989535 -2.42427046285 -5
  endloop
 endfacet
 facet normal 0.883184161143 0.469026371867 0
  outer loop
   vertex -4.17670828427 -2.26221305541 -5
   vertex -4.21325895293 -2.19338756163 -5
   vertex -4.21325895293 -2.19338756163 5
  endloop
 endfacet
 facet normal 0.883184161143 0.469026371867 -0
  outer loop
   vertex -4.17670828427 -2.26221305541 -5
   vertex -4.21325895293 -2.19338756163 5
   vertex -4.17670828427 -2.26221305541 5
  endloop
 endfacet
 facet normal 0 0 1
  outer loop
   vertex -4.17670828427 -2.26221305541 5
   vertex -4.21325895293 -2.19338756163 5
   vertex -4.65675989535 -2.42427046285 5
  endloop
 endfacet
 facet normal 0 0 1
  outer loop
   vertex -4.17670828427 -2.26221305541 5
   vertex -4.65675989535 -2.42427046285 5
   vertex -4.61636178788 -2.50034074546 5
  endloop
 endfacet
 facet normal 0 0 -1
  outer loop
   vertex -4.17670828427 -2.26221305541 -5
   vertex -4.61636178788 -2.50034074546 -5
   vertex -4.65675989535 -2.42427046285 -5
  endloop
 endfacet
 facet normal -0 0 -1
  outer loop
   vertex -4.17670828427 -2.26221305541 -5
   vertex -4.65675989535 -2.42427046285 -5
   vertex -4.21325895293 -2.19338756163 -5
  endloop
 endfacet
 facet normal -0.890759921375 -0.454474160402 0
  outer loop
   vertex -4.65675989535 -2.42427046285 -5
   vertex -4.65675989535 -2.42427046285 5
   vertex -4.69590459397 -2.34754766603 5
  endloop
 endfacet
 facet normal -0.890759921375 -0.454474160402 0
  outer loop
   vertex -4.65675989535 -2.42427046285 -5
   vertex -4.69590459397 -2.34754766603 5
   vertex -4.69590459397 -2.34754766603 -5
  endloop
 endfacet
 facet normal 0.890759921375 0.454474160402 0
  outer loop
   vertex -4.21325895293 -2.19338756163 -5
   vertex -4.24867558502 -2.12397169784 -5
   vertex -4.24867558502 -2.12397169784 5
  endloop
 endfacet
 facet normal 0.890759921375 0.454474160402 -0
  outer loop
   vertex -4.21325895293 -2.19338756163 -5
   vertex -4.24867558502 -2.12397169784 5
   vertex -4.21325895293 -2.19338756163 5
  endloop
 endfacet
 facet normal 0 0 1
  outer loop
   vertex -4.21325895293 -2.19338756163 5
   vertex -4.24867558502 -2.12397169784 5
   vertex -4.69590459397 -2.34754766603 5
  endloop
 endfacet
 facet normal 0 0 1
  outer loop
   vertex -4.21325895293 -2.19338756163 5
   vertex -4.69590459397 -2.34754766603 5
   vertex -4.65675989535 -2.42427046285 5
  endloop
 endfacet
 facet normal 0 0 -1
  outer loop
   vertex -4.21325895293 -2.19338756163 -5
   vertex -4.65675989535 -2.42427046285 -5
   vertex -4.69590459397 -2.34754766603 -5
  endloop
 endfacet
 facet normal -0 0 -1
  outer loop
   vertex -4.21325895293 -2.19338756163 -5
   vertex -4.69590459397 -2.34754766603 -5
   vertex -4.24867558502 -2.12397169784 -5
  endloop
 endfacet
 facet normal -0.898095925556 -0.439799623125 0
  outer loop
   vertex -4.69590459397 -2.34754766603 -5
   vertex -4.69590459397 -2.34754766603 5
   vertex -4.73378534761 -2.27019300563 5
  endloop
 endfacet
 facet normal -0.898095925556 -0.439799623125 0
  outer loop
   vertex -4.69590459397 -2.34754766603 -5
   vertex -4.73378534761 -2.27019300563 5
   vertex -4.73378534761 -2.27019300563 -5
  endloop
 endfacet
 facet normal 0.898095925556 0.439799623125 0
  outer loop
   vertex -4.24867558502 -2.12397169784 -5
   vertex -4.28294864783 -2.05398414795 -5
   vertex -4.28294864783 -2.05398414795 5
  endloop
 endfacet
 facet normal 0.898095925556 0.439799623125 -0
  outer loop
   vertex -4.24867558502 -2.12397169784 -5
   vertex -4.28294864783 -2.05398414795 5
   vertex -4.24867558502 -2.12397169784 5
  endloop
 endfacet
 facet normal 0 0 1
  outer loop
   vertex -4.24867558502 -2.12397169784 5
   vertex -4.28294864783 -2.05398414795 5
   vertex -4.73378534761 -2.27019300563 5
  endloop
 endfacet
 facet normal 0 0 1
  outer loop
   vertex -4.24867558502 -2.12397169784 5
   vertex -4.73378534761 -2.27019300563 5
   vertex -4.69590459397 -2.34754766603 5
  endloop
 endfacet
 facet normal 0 0 -1
  outer loop
   vertex -4.24867558502 -2.12397169784 -5
   vertex -4.69590459397 -2.34754766603 -5
   vertex -4.73378534761 -2.27019300563 -5
  endloop
 endfacet
 facet normal -0 0 -1
  outer loop
   vertex -4.24867558502 -2.12397169784 -5
   vertex -4.73378534761 -2.27019300563 -5
   vertex -4.28294864783 -2.05398414795 -5
  endloop
 endfacet
 facet normal -0.905190199134 -0.42500670982 0
  outer loop
   vertex -4.73378534761 -2.27019300563 -5
   vertex -4.73378534761 -2.27019300563 5
   vertex -4.7703919603 -2.19222730234 5
  endloop
 endfacet
 facet normal -0.905190199134 -0.42500670982 0
  outer loop
   vertex -4.73378534761 -2.27019300563 -5
   vertex -4.7703919603 -2.19222730234 5
   vertex -4.7703919603 -2.19222730234 -5
  endloop
 endfacet
 facet normal 0.905190199134 0.42500670982 0
  outer loop
   vertex -4.28294864783 -2.05398414795 -5
   vertex -4.31606891646 -1.98344374973 -5
   vertex -4.31606891646 -1.98344374973 5
  endloop
 endfacet
 facet normal 0.905190199134 0.42500670982 -0
  outer loop
   vertex -4.28294864783 -2.05398414795 -5
   vertex -4.31606891646 -1.98344374973 5
   vertex -4.28294864783 -2.05398414795 5
  endloop
 endfacet
 facet normal 0 0 1
  outer loop
   vertex -4.28294864783 -2.05398414795 5
   vertex -4.31606891646 -1.98344374973 5
   vertex -4.7703919603 -2.19222730234 5
  endloop
 endfacet
 facet normal 0 0 1
  outer loop
   vertex -4.28294864783 -2.05398414795 5
   vertex -4.7703919603 -2.19222730234 5
   vertex -4.73378534761 -2.27019300563 5
  endloop
 endfacet
 facet normal 0 0 -1
  outer loop
   vertex -4.28294864783 -2.05398414795 -5
   vertex -4.73378534761 -2.27019300563 -5
   vertex -4.7703919603 -2.19222730234 -5
  endloop
 endfacet
 facet normal -0 0 -1
  outer loop
   vertex -4.28294864783 -2.05398414795 -5
   vertex -4.7703919603 -2.19222730234 -5
   vertex -4.31606891646 -1.98344374973 -5
  endloop
 endfacet
 facet normal -0.912040832622 -0.410099402134 0
  outer loop
   vertex -4.7703919603 -2.19222730234 -5
   vertex -4.7703919603 -2.19222730234 5
   vertex -4.80571457906 -2.11367154133 5
  endloop
 endfacet
 facet normal -0.912040832622 -0.410099402134 0
  outer loop
   vertex -4.7703919603 -2.19222730234 -5
   vertex -4.80571457906 -2.11367154133 5
   vertex -4.80571457906 -2.11367154133 -5
  endloop
 endfacet
 facet normal 0.912040832622 0.410099402134 0
  outer loop
   vertex -4.31606891646 -1.98344374973 -5
   vertex -4.34802747629 -1.91236948978 -5
   vertex -4.34802747629 -1.91236948978 5
  endloop
 endfacet
 facet normal 0.912040832622 0.410099402134 -0
  outer loop
   vertex -4.31606891646 -1.98344374973 -5
   vertex -4.34802747629 -1.91236948978 5
   vertex -4.31606891646 -1.98344374973 5
  endloop
 endfacet
 facet normal 0 0 1
  outer loop
   vertex -4.31606891646 -1.98344374973 5
   vertex -4.34802747629 -1.91236948978 5
   vertex -4.80571457906 -2.11367154133 5
  endloop
 endfacet
 facet normal 0 0 1
  outer loop
   vertex -4.31606891646 -1.98344374973 5
   vertex -4.80571457906 -2.11367154133 5
   vertex -4.7703919603 -2.19222730234 5
  endloop
 endfacet
 facet normal 0 0 -1
  outer loop
   vertex -4.31606891646 -1.98344374973 -5
   vertex -4.7703919603 -2.19222730234 -5
   vertex -4.80571457906 -2.11367154133 -5
  endloop
 endfacet
 facet normal -0 0 -1
  outer loop
   vertex -4.31606891646 -1.98344374973 -5
   vertex -4.80571457906 -2.11367154133 -5
   vertex -4.34802747629 -1.91236948978 -5
  endloop
 endfacet
 facet normal -0.91864598211 -0.395081712503 0
  outer loop
   vertex -4.80571457906 -2.11367154133 -5
   vertex -4.80571457906 -2.11367154133 5
   vertex -4.83974369648 -2.03454686661 5
  endloop
 endfacet
 facet normal -0.91864598211 -0.395081712503 0
  outer loop
   vertex -4.80571457906 -2.11367154133 -5
   vertex -4.83974369648 -2.03454686661 5
   vertex -4.83974369648 -2.03454686661 -5
  endloop
 endfacet
 facet normal 0.91864598211 0.395081712503 0
  outer loop
   vertex -4.34802747629 -1.91236948978 -5
   vertex -4.37881572538 -1.84078049836 -5
   vertex -4.37881572538 -1.84078049836 5
  endloop
 endfacet
 facet normal 0.91864598211 0.395081712503 -0
  outer loop
   vertex -4.34802747629 -1.91236948978 -5
   vertex -4.37881572538 -1.84078049836 5
   vertex -4.34802747629 -1.91236948978 5
  endloop
 endfacet
 facet normal 0 0 1
  outer loop
   vertex -4.34802747629 -1.91236948978 5
   vertex -4.37881572538 -1.84078049836 5
   vertex -4.83974369648 -2.03454686661 5
  endloop
 endfacet
 facet normal 0 0 1
  outer loop
   vertex -4.34802747629 -1.91236948978 5
   vertex -4.83974369648 -2.03454686661 5
   vertex -4.80571457906 -2.11367154133 5
  endloop
 endfacet
 facet normal 0 0 -1
  outer loop
   vertex -4.34802747629 -1.91236948978 -5
   vertex -4.80571457906 -2.11367154133 -5
   vertex -4.83974369648 -2.03454686661 -5
  endloop
 endfacet
 facet normal -0 0 -1
  outer loop
   vertex -4.34802747629 -1.91236948978 -5
   vertex -4.83974369648 -2.03454686661 -5
   vertex -4.37881572538 -1.84078049836 -5
  endloop
 endfacet
 facet normal -0.925003869762 -0.379957683072 0
  outer loop
   vertex -4.83974369648 -2.03454686661 -5
   vertex -4.83974369648 -2.03454686661 5
   vertex -4.87247015331 -1.95487457528 5
  endloop
 endfacet
 facet normal -0.925003869762 -0.379957683072 0
  outer loop
   vertex -4.83974369648 -2.03454686661 -5
   vertex -4.87247015331 -1.95487457528 5
   vertex -4.87247015331 -1.95487457528 -5
  endloop
 endfacet
 facet normal 0.925003869762 0.379957683072 0
  outer loop
   vertex -4.37881572538 -1.84078049836 -5
   vertex -4.40842537681 -1.7686960443 -5
   vertex -4.40842537681 -1.7686960443 5
  endloop
 endfacet
 facet normal 0.925003869762 0.379957683072 -0
  outer loop
   vertex -4.37881572538 -1.84078049836 -5
   vertex -4.40842537681 -1.7686960443 5
   vertex -4.37881572538 -1.84078049836 5
  endloop
 endfacet
 facet normal 0 0 1
  outer loop
   vertex -4.37881572538 -1.84078049836 5
   vertex -4.40842537681 -1.7686960443 5
   vertex -4.87247015331 -1.95487457528 5
  endloop
 endfacet
 facet normal 0 0 1
  outer loop
   vertex -4.37881572538 -1.84078049836 5
   vertex -4.87247015331 -1.95487457528 5
   vertex -4.83974369648 -2.03454686661 5
  endloop
 endfacet
 facet normal 0 0 -1
  outer loop
   vertex -4.37881572538 -1.84078049836 -5
   vertex -4.83974369648 -2.03454686661 -5
   vertex -4.87247015331 -1.95487457528 -5
  endloop
 endfacet
 facet normal -0 0 -1
  outer loop
   vertex -4.37881572538 -1.84078049836 -5
   vertex -4.87247015331 -1.95487457528 -5
   vertex -4.40842537681 -1.7686960443 -5
  endloop
 endfacet
 facet normal -0.931112784297 -0.36473138461 0
  outer loop
   vertex -4.87247015331 -1.95487457528 -5
   vertex -4.87247015331 -1.95487457528 5
   vertex -4.90388514095 -1.87467611187 5
  endloop
 endfacet
 facet normal -0.931112784297 -0.36473138461 0
  outer loop
   vertex -4.87247015331 -1.95487457528 -5
   vertex -4.90388514095 -1.87467611187 5
   vertex -4.90388514095 -1.87467611187 -5
  endloop
 endfacet
 facet normal 0.931112784297 0.36473138461 0
  outer loop
   vertex -4.40842537681 -1.7686960443 -5
   vertex -4.43684846086 -1.69613552978 -5
   vertex -4.43684846086 -1.69613552978 5
  endloop
 endfacet
 facet normal 0.931112784297 0.36473138461 -0
  outer loop
   vertex -4.40842537681 -1.7686960443 -5
   vertex -4.43684846086 -1.69613552978 5
   vertex -4.40842537681 -1.7686960443 5
  endloop
 endfacet
 facet normal 0 0 1
  outer loop
   vertex -4.40842537681 -1.7686960443 5
   vertex -4.43684846086 -1.69613552978 5
   vertex -4.90388514095 -1.87467611187 5
  endloop
 endfacet
 facet normal 0 0 1
  outer loop
   vertex -4.40842537681 -1.7686960443 5
   vertex -4.90388514095 -1.87467611187 5
   vertex -4.87247015331 -1.95487457528 5
  endloop
 endfacet
 facet normal 0 0 -1
  outer loop
   vertex -4.40842537681 -1.7686960443 -5
   vertex -4.87247015331 -1.95487457528 -5
   vertex -4.90388514095 -1.87467611187 -5
  endloop
 endfacet
 facet normal -0 0 -1
  outer loop
   vertex -4.40842537681 -1.7686960443 -5
   vertex -4.90388514095 -1.87467611187 -5
   vertex -4.43684846086 -1.69613552978 -5
  endloop
 endfacet
 facet normal -0.936971081444 -0.349406915413 0
  outer loop
   vertex -4.90388514095 -1.87467611187 -5
   vertex -4.90388514095 -1.87467611187 5
   vertex -4.93398020375 -1.7939730625 5
  endloop
 endfacet
 facet normal -0.936971081444 -0.349406915413 0
  outer loop
   vertex -4.90388514095 -1.87467611187 -5
   vertex -4.93398020375 -1.7939730625 5
   vertex -4.93398020375 -1.7939730625 -5
  endloop
 endfacet
 facet normal 0.936971081444 0.349406915413 0
  outer loop
   vertex -4.43684846086 -1.69613552978 -5
   vertex -4.46407732721 -1.62311848512 -5
   vertex -4.46407732721 -1.62311848512 5
  endloop
 endfacet
 facet normal 0.936971081444 0.349406915413 -0
  outer loop
   vertex -4.43684846086 -1.69613552978 -5
   vertex -4.46407732721 -1.62311848512 5
   vertex -4.43684846086 -1.69613552978 5
  endloop
 endfacet
 facet normal 0 0 1
  outer loop
   vertex -4.43684846086 -1.69613552978 5
   vertex -4.46407732721 -1.62311848512 5
   vertex -4.93398020375 -1.7939730625 5
  endloop
 endfacet
 facet normal 0 0 1
  outer loop
   vertex -4.43684846086 -1.69613552978 5
   vertex -4.93398020375 -1.7939730625 5
   vertex -4.90388514095 -1.87467611187 5
  endloop
 endfacet
 facet normal 0 0 -1
  outer loop
   vertex -4.43684846086 -1.69613552978 -5
   vertex -4.90388514095 -1.87467611187 -5
   vertex -4.93398020375 -1.7939730625 -5
  endloop
 endfacet
 facet normal -0 0 -1
  outer loop
   vertex -4.43684846086 -1.69613552978 -5
   vertex -4.93398020375 -1.7939730625 -5
   vertex -4.46407732721 -1.62311848512 -5
  endloop
 endfacet
 facet normal -0.94257718439 -0.3339884002 0
  outer loop
   vertex -4.93398020375 -1.7939730625 -5
   vertex -4.93398020375 -1.7939730625 5
   vertex -4.96274724137 -1.71278714913 5
  endloop
 endfacet
 facet normal -0.94257718439 -0.3339884002 0
  outer loop
   vertex -4.93398020375 -1.7939730625 -5
   vertex -4.96274724137 -1.71278714913 5
   vertex -4.96274724137 -1.71278714913 -5
  endloop
 endfacet
 facet normal 0.94257718439 0.3339884002 0
  outer loop
   vertex -4.46407732721 -1.62311848512 -5
   vertex -4.49010464696 -1.5496645635 -5
   vertex -4.49010464696 -1.5496645635 5
  endloop
 endfacet
 facet normal 0.94257718439 0.3339884002 -0
  outer loop
   vertex -4.46407732721 -1.62311848512 -5
   vertex -4.49010464696 -1.5496645635 5
   vertex -4.46407732721 -1.62311848512 5
  endloop
 endfacet
 facet normal 0 0 1
  outer loop
   vertex -4.46407732721 -1.62311848512 5
   vertex -4.49010464696 -1.5496645635 5
   vertex -4.96274724137 -1.71278714913 5
  endloop
 endfacet
 facet normal 0 0 1
  outer loop
   vertex -4.46407732721 -1.62311848512 5
   vertex -4.96274724137 -1.71278714913 5
   vertex -4.93398020375 -1.7939730625 5
  endloop
 endfacet
 facet normal 0 0 -1
  outer loop
   vertex -4.46407732721 -1.62311848512 -5
   vertex -4.93398020375 -1.7939730625 -5
   vertex -4.96274724137 -1.71278714913 -5
  endloop
 endfacet
 facet normal -0 0 -1
  outer loop
   vertex -4.46407732721 -1.62311848512 -5
   vertex -4.96274724137 -1.71278714913 -5
   vertex -4.49010464696 -1.5496645635 -5
  endloop
 endfacet
 facet normal -0.947929584202 -0.318479989002 0
  outer loop
   vertex -4.96274724137 -1.71278714913 -5
   vertex -4.96274724137 -1.71278714913 5
   vertex -4.9901785109 -1.63114022369 5
  endloop
 endfacet
 facet normal -0.947929584202 -0.318479989002 0
  outer loop
   vertex -4.96274724137 -1.71278714913 -5
   vertex -4.9901785109 -1.63114022369 5
   vertex -4.9901785109 -1.63114022369 -5
  endloop
 endfacet
 facet normal 0.947929584202 0.318479989002 0
  outer loop
   vertex -4.49010464696 -1.5496645635 -5
   vertex -4.51492341463 -1.47579353572 -5
   vertex -4.51492341463 -1.47579353572 5
  endloop
 endfacet
 facet normal 0.947929584202 0.318479989002 -0
  outer loop
   vertex -4.49010464696 -1.5496645635 -5
   vertex -4.51492341463 -1.47579353572 5
   vertex -4.49010464696 -1.5496645635 5
  endloop
 endfacet
 facet normal 0 0 1
  outer loop
   vertex -4.49010464696 -1.5496645635 5
   vertex -4.51492341463 -1.47579353572 5
   vertex -4.9901785109 -1.63114022369 5
  endloop
 endfacet
 facet normal 0 0 1
  outer loop
   vertex -4.49010464696 -1.5496645635 5
   vertex -4.9901785109 -1.63114022369 5
   vertex -4.96274724137 -1.71278714913 5
  endloop
 endfacet
 facet normal 0 0 -1
  outer loop
   vertex -4.49010464696 -1.5496645635 -5
   vertex -4.96274724137 -1.71278714913 -5
   vertex -4.9901785109 -1.63114022369 -5
  endloop
 endfacet
 facet normal -0 0 -1
  outer loop
   vertex -4.49010464696 -1.5496645635 -5
   vertex -4.9901785109 -1.63114022369 -5
   vertex -4.51492341463 -1.47579353572 -5
  endloop
 endfacet
 facet normal -0.953026840234 -0.302885856048 0
  outer loop
   vertex -4.9901785109 -1.63114022369 -5
   vertex -4.9901785109 -1.63114022369 5
   vertex -5.01626662896 -1.54905426217 5
  endloop
 endfacet
 facet normal -0.953026840234 -0.302885856048 0
  outer loop
   vertex -4.9901785109 -1.63114022369 -5
   vertex -5.01626662896 -1.54905426217 5
   vertex -5.01626662896 -1.54905426217 -5
  endloop
 endfacet
 facet normal 0.953026840234 0.302885856048 0
  outer loop
   vertex -4.51492341463 -1.47579353572 -5
   vertex -4.53852695001 -1.40152528482 -5
   vertex -4.53852695001 -1.40152528482 5
  endloop
 endfacet
 facet normal 0.953026840234 0.302885856048 -0
  outer loop
   vertex -4.51492341463 -1.47579353572 -5
   vertex -4.53852695001 -1.40152528482 5
   vertex -4.51492341463 -1.47579353572 5
  endloop
 endfacet
 facet normal 0 0 1
  outer loop
   vertex -4.51492341463 -1.47579353572 5
   vertex -4.53852695001 -1.40152528482 5
   vertex -5.01626662896 -1.54905426217 5
  endloop
 endfacet
 facet normal 0 0 1
  outer loop
   vertex -4.51492341463 -1.47579353572 5
   vertex -5.01626662896 -1.54905426217 5
   vertex -4.9901785109 -1.63114022369 5
  endloop
 endfacet
 facet normal 0 0 -1
  outer loop
   vertex -4.51492341463 -1.47579353572 -5
   vertex -4.9901785109 -1.63114022369 -5
   vertex -5.01626662896 -1.54905426217 -5
  endloop
 endfacet
 facet normal -0 0 -1
  outer loop
   vertex -4.51492341463 -1.47579353572 -5
   vertex -5.01626662896 -1.54905426217 -5
   vertex -4.53852695001 -1.40152528482 -5
  endloop
 endfacet
 facet normal -0.957867580513 -0.28721019864 0
  outer loop
   vertex -5.01626662896 -1.54905426217 -5
   vertex -5.01626662896 -1.54905426217 5
   vertex -5.04100457371 -1.46655135875 5
  endloop
 endfacet
 facet normal -0.957867580513 -0.28721019864 0
  outer loop
   vertex -5.01626662896 -1.54905426217 -5
   vertex -5.04100457371 -1.46655135875 5
   vertex -5.04100457371 -1.46655135875 -5
  endloop
 endfacet
 facet normal 0.957867580513 0.28721019864 0
  outer loop
   vertex -4.53852695001 -1.40152528482 -5
   vertex -4.56090890002 -1.32687980078 -5
   vertex -4.56090890002 -1.32687980078 5
  endloop
 endfacet
 facet normal 0.957867580513 0.28721019864 -0
  outer loop
   vertex -4.53852695001 -1.40152528482 -5
   vertex -4.56090890002 -1.32687980078 5
   vertex -4.53852695001 -1.40152528482 5
  endloop
 endfacet
 facet normal 0 0 1
  outer loop
   vertex -4.53852695001 -1.40152528482 5
   vertex -4.56090890002 -1.32687980078 5
   vertex -5.04100457371 -1.46655135875 5
  endloop
 endfacet
 facet normal 0 0 1
  outer loop
   vertex -4.53852695001 -1.40152528482 5
   vertex -5.04100457371 -1.46655135875 5
   vertex -5.01626662896 -1.54905426217 5
  endloop
 endfacet
 facet normal 0 0 -1
  outer loop
   vertex -4.53852695001 -1.40152528482 -5
   vertex -5.01626662896 -1.54905426217 -5
   vertex -5.04100457371 -1.46655135875 -5
  endloop
 endfacet
 facet normal -0 0 -1
  outer loop
   vertex -4.53852695001 -1.40152528482 -5
   vertex -5.04100457371 -1.46655135875 -5
   vertex -4.56090890002 -1.32687980078 -5
  endloop
 endfacet
 facet normal -0.96245050211 -0.271457236021 0
  outer loop
   vertex -5.04100457371 -1.46655135875 -5
   vertex -5.04100457371 -1.46655135875 5
   vertex -5.06438568669 -1.38365371983 5
  endloop
 endfacet
 facet normal -0.96245050211 -0.271457236021 0
  outer loop
   vertex -5.04100457371 -1.46655135875 -5
   vertex -5.06438568669 -1.38365371983 5
   vertex -5.06438568669 -1.38365371983 -5
  endloop
 endfacet
 facet normal 0.96245050211 0.271457236021 0
  outer loop
   vertex -4.56090890002 -1.32687980078 -5
   vertex -4.58206324034 -1.25187717509 -5
   vertex -4.58206324034 -1.25187717509 5
  endloop
 endfacet
 facet normal 0.96245050211 0.271457236021 -0
  outer loop
   vertex -4.56090890002 -1.32687980078 -5
   vertex -4.58206324034 -1.25187717509 5
   vertex -4.56090890002 -1.32687980078 5
  endloop
 endfacet
 facet normal 0 0 1
  outer loop
   vertex -4.56090890002 -1.32687980078 5
   vertex -4.58206324034 -1.25187717509 5
   vertex -5.06438568669 -1.38365371983 5
  endloop
 endfacet
 facet normal 0 0 1
  outer loop
   vertex -4.56090890002 -1.32687980078 5
   vertex -5.06438568669 -1.38365371983 5
   vertex -5.04100457371 -1.46655135875 5
  endloop
 endfacet
 facet normal 0 0 -1
  outer loop
   vertex -4.56090890002 -1.32687980078 -5
   vertex -5.04100457371 -1.46655135875 -5
   vertex -5.06438568669 -1.38365371983 -5
  endloop
 endfacet
 facet normal -0 0 -1
  outer loop
   vertex -4.56090890002 -1.32687980078 -5
   vertex -5.06438568669 -1.38365371983 -5
   vertex -4.58206324034 -1.25187717509 -5
  endloop
 endfacet
 facet normal -0.966774371491 -0.255631208244 0
  outer loop
   vertex -5.06438568669 -1.38365371983 -5
   vertex -5.06438568669 -1.38365371983 5
   vertex -5.08640367468 -1.30038365806 5
  endloop
 endfacet
 facet normal -0.966774371491 -0.255631208244 0
  outer loop
   vertex -5.06438568669 -1.38365371983 -5
   vertex -5.08640367468 -1.30038365806 5
   vertex -5.08640367468 -1.30038365806 -5
  endloop
 endfacet
 facet normal 0.966774371491 0.255631208244 0
  outer loop
   vertex -4.58206324034 -1.25187717509 -5
   vertex -4.6019842771 -1.17653759539 -5
   vertex -4.6019842771 -1.17653759539 5
  endloop
 endfacet
 facet normal 0.966774371491 0.255631208244 -0
  outer loop
   vertex -4.58206324034 -1.25187717509 -5
   vertex -4.6019842771 -1.17653759539 5
   vertex -4.58206324034 -1.25187717509 5
  endloop
 endfacet
 facet normal 0 0 1
  outer loop
   vertex -4.58206324034 -1.25187717509 5
   vertex -4.6019842771 -1.17653759539 5
   vertex -5.08640367468 -1.30038365806 5
  endloop
 endfacet
 facet normal 0 0 1
  outer loop
   vertex -4.58206324034 -1.25187717509 5
   vertex -5.08640367468 -1.30038365806 5
   vertex -5.06438568669 -1.38365371983 5
  endloop
 endfacet
 facet normal 0 0 -1
  outer loop
   vertex -4.58206324034 -1.25187717509 -5
   vertex -5.06438568669 -1.38365371983 -5
   vertex -5.08640367468 -1.30038365806 -5
  endloop
 endfacet
 facet normal -0 0 -1
  outer loop
   vertex -4.58206324034 -1.25187717509 -5
   vertex -5.08640367468 -1.30038365806 -5
   vertex -4.6019842771 -1.17653759539 -5
  endloop
 endfacet
 facet normal -0.970838024847 -0.239736375026 0
  outer loop
   vertex -5.08640367468 -1.30038365806 -5
   vertex -5.08640367468 -1.30038365806 5
   vertex -5.10705261134 -1.21676358633 5
  endloop
 endfacet
 facet normal -0.970838024847 -0.239736375026 0
  outer loop
   vertex -5.08640367468 -1.30038365806 -5
   vertex -5.10705261134 -1.21676358633 5
   vertex -5.10705261134 -1.21676358633 -5
  endloop
 endfacet
 facet normal 0.970838024847 0.239736375026 0
  outer loop
   vertex -4.6019842771 -1.17653759539 -5
   vertex -4.62066664835 -1.10088134001 -5
   vertex -4.62066664835 -1.10088134001 5
  endloop
 endfacet
 facet normal 0.970838024847 0.239736375026 -0
  outer loop
   vertex -4.6019842771 -1.17653759539 -5
   vertex -4.62066664835 -1.10088134001 5
   vertex -4.6019842771 -1.17653759539 5
  endloop
 endfacet
 facet normal 0 0 1
  outer loop
   vertex -4.6019842771 -1.17653759539 5
   vertex -4.62066664835 -1.10088134001 5
   vertex -5.10705261134 -1.21676358633 5
  endloop
 endfacet
 facet normal 0 0 1
  outer loop
   vertex -4.6019842771 -1.17653759539 5
   vertex -5.10705261134 -1.21676358633 5
   vertex -5.08640367468 -1.30038365806 5
  endloop
 endfacet
 facet normal 0 0 -1
  outer loop
   vertex -4.6019842771 -1.17653759539 -5
   vertex -5.08640367468 -1.30038365806 -5
   vertex -5.10705261134 -1.21676358633 -5
  endloop
 endfacet
 facet normal -0 0 -1
  outer loop
   vertex -4.6019842771 -1.17653759539 -5
   vertex -5.10705261134 -1.21676358633 -5
   vertex -4.62066664835 -1.10088134001 -5
  endloop
 endfacet
 facet normal -0.97464036841 -0.223777014604 0
  outer loop
   vertex -5.10705261134 -1.21676358633 -5
   vertex -5.10705261134 -1.21676358633 5
   vertex -5.12632693881 -1.13281601172 5
  endloop
 endfacet
 facet normal -0.97464036841 -0.223777014604 0
  outer loop
   vertex -5.10705261134 -1.21676358633 -5
   vertex -5.12632693881 -1.13281601172 5
   vertex -5.12632693881 -1.13281601172 -5
  endloop
 endfacet
 facet normal 0.97464036841 0.223777014604 0
  outer loop
   vertex -4.62066664835 -1.10088134001 -5
   vertex -4.63810532559 -1.0249287725 -5
   vertex -4.63810532559 -1.0249287725 5
  endloop
 endfacet
 facet normal 0.97464036841 0.223777014604 -0
  outer loop
   vertex -4.62066664835 -1.10088134001 -5
   vertex -4.63810532559 -1.0249287725 5
   vertex -4.62066664835 -1.10088134001 5
  endloop
 endfacet
 facet normal 0 0 1
  outer loop
   vertex -4.62066664835 -1.10088134001 5
   vertex -4.63810532559 -1.0249287725 5
   vertex -5.12632693881 -1.13281601172 5
  endloop
 endfacet
 facet normal 0 0 1
  outer loop
   vertex -4.62066664835 -1.10088134001 5
   vertex -5.12632693881 -1.13281601172 5
   vertex -5.10705261134 -1.21676358633 5
  endloop
 endfacet
 facet normal 0 0 -1
  outer loop
   vertex -4.62066664835 -1.10088134001 -5
   vertex -5.10705261134 -1.21676358633 -5
   vertex -5.12632693881 -1.13281601172 -5
  endloop
 endfacet
 facet normal -0 0 -1
  outer loop
   vertex -4.62066664835 -1.10088134001 -5
   vertex -5.12632693881 -1.13281601172 -5
   vertex -4.63810532559 -1.0249287725 -5
  endloop
 endfacet
 facet normal -0.978180378745 -0.207757422585 0
  outer loop
   vertex -5.12632693881 -1.13281601172 -5
   vertex -5.12632693881 -1.13281601172 5
   vertex -5.14422146925 -1.04856352948 5
  endloop
 endfacet
 facet normal -0.978180378745 -0.207757422585 0
  outer loop
   vertex -5.12632693881 -1.13281601172 -5
   vertex -5.14422146925 -1.04856352948 5
   vertex -5.14422146925 -1.04856352948 -5
  endloop
 endfacet
 facet normal 0.978180378745 0.207757422585 0
  outer loop
   vertex -4.63810532559 -1.0249287725 -5
   vertex -4.65429561503 -0.948700336195 -5
   vertex -4.65429561503 -0.948700336195 5
  endloop
 endfacet
 facet normal 0.978180378745 0.207757422585 -0
  outer loop
   vertex -4.63810532559 -1.0249287725 -5
   vertex -4.65429561503 -0.948700336195 5
   vertex -4.63810532559 -1.0249287725 5
  endloop
 endfacet
 facet normal 0 0 1
  outer loop
   vertex -4.63810532559 -1.0249287725 5
   vertex -4.65429561503 -0.948700336195 5
   vertex -5.14422146925 -1.04856352948 5
  endloop
 endfacet
 facet normal 0 0 1
  outer loop
   vertex -4.63810532559 -1.0249287725 5
   vertex -5.14422146925 -1.04856352948 5
   vertex -5.12632693881 -1.13281601172 5
  endloop
 endfacet
 facet normal 0 0 -1
  outer loop
   vertex -4.63810532559 -1.0249287725 -5
   vertex -5.12632693881 -1.13281601172 -5
   vertex -5.14422146925 -1.04856352948 -5
  endloop
 endfacet
 facet normal -0 0 -1
  outer loop
   vertex -4.63810532559 -1.0249287725 -5
   vertex -5.14422146925 -1.04856352948 -5
   vertex -4.65429561503 -0.948700336195 -5
  endloop
 endfacet
 facet normal -0.981457103025 -0.191681910785 0
  outer loop
   vertex -5.14422146925 -1.04856352948 -5
   vertex -5.14422146925 -1.04856352948 5
   vertex -5.16073138616 -0.964028816929 5
  endloop
 endfacet
 facet normal -0.981457103025 -0.191681910785 0
  outer loop
   vertex -5.14422146925 -1.04856352948 -5
   vertex -5.16073138616 -0.964028816929 5
   vertex -5.16073138616 -0.964028816929 -5
  endloop
 endfacet
 facet normal 0.981457103025 0.191681910785 0
  outer loop
   vertex -4.65429561503 -0.948700336195 -5
   vertex -4.66923315891 -0.87221654865 -5
   vertex -4.66923315891 -0.87221654865 5
  endloop
 endfacet
 facet normal 0.981457103025 0.191681910785 -0
  outer loop
   vertex -4.65429561503 -0.948700336195 -5
   vertex -4.66923315891 -0.87221654865 5
   vertex -4.65429561503 -0.948700336195 5
  endloop
 endfacet
 facet normal 0 0 1
  outer loop
   vertex -4.65429561503 -0.948700336195 5
   vertex -4.66923315891 -0.87221654865 5
   vertex -5.16073138616 -0.964028816929 5
  endloop
 endfacet
 facet normal 0 0 1
  outer loop
   vertex -4.65429561503 -0.948700336195 5
   vertex -5.16073138616 -0.964028816929 5
   vertex -5.14422146925 -1.04856352948 5
  endloop
 endfacet
 facet normal 0 0 -1
  outer loop
   vertex -4.65429561503 -0.948700336195 -5
   vertex -5.14422146925 -1.04856352948 -5
   vertex -5.16073138616 -0.964028816929 -5
  endloop
 endfacet
 facet normal -0 0 -1
  outer loop
   vertex -4.65429561503 -0.948700336195 -5
   vertex -5.16073138616 -0.964028816929 -5
   vertex -4.66923315891 -0.87221654865 -5
  endloop
 endfacet
 facet normal -0.984469659291 -0.175554806074 0
  outer loop
   vertex -5.16073138616 -0.964028816929 -5
   vertex -5.16073138616 -0.964028816929 5
   vertex -5.17585224577 -0.879234627345 5
  endloop
 endfacet
 facet normal -0.984469659291 -0.175554806074 0
  outer loop
   vertex -5.16073138616 -0.964028816929 -5
   vertex -5.17585224577 -0.879234627345 5
   vertex -5.17585224577 -0.879234627345 -5
  endloop
 endfacet
 facet normal 0.984469659291 0.175554806074 0
  outer loop
   vertex -4.66923315891 -0.87221654865 -5
   vertex -4.68291393665 -0.79549799617 -5
   vertex -4.68291393665 -0.79549799617 5
  endloop
 endfacet
 facet normal 0.984469659291 0.175554806074 -0
  outer loop
   vertex -4.66923315891 -0.87221654865 -5
   vertex -4.68291393665 -0.79549799617 5
   vertex -4.66923315891 -0.87221654865 5
  endloop
 endfacet
 facet normal 0 0 1
  outer loop
   vertex -4.66923315891 -0.87221654865 5
   vertex -4.68291393665 -0.79549799617 5
   vertex -5.17585224577 -0.879234627345 5
  endloop
 endfacet
 facet normal 0 0 1
  outer loop
   vertex -4.66923315891 -0.87221654865 5
   vertex -5.17585224577 -0.879234627345 5
   vertex -5.16073138616 -0.964028816929 5
  endloop
 endfacet
 facet normal 0 0 -1
  outer loop
   vertex -4.66923315891 -0.87221654865 -5
   vertex -5.16073138616 -0.964028816929 -5
   vertex -5.17585224577 -0.879234627345 -5
  endloop
 endfacet
 facet normal -0 0 -1
  outer loop
   vertex -4.66923315891 -0.87221654865 -5
   vertex -5.17585224577 -0.879234627345 -5
   vertex -4.68291393665 -0.79549799617 -5
  endloop
 endfacet
 facet normal -0.987217236687 -0.159380449206 0
  outer loop
   vertex -5.17585224577 -0.879234627345 -5
   vertex -5.17585224577 -0.879234627345 5
   vertex -5.18957997816 -0.794203783847 5
  endloop
 endfacet
 facet normal -0.987217236687 -0.159380449206 0
  outer loop
   vertex -5.17585224577 -0.879234627345 -5
   vertex -5.18957997816 -0.794203783847 5
   vertex -5.18957997816 -0.794203783847 -5
  endloop
 endfacet
 facet normal 0.987217236687 0.159380449206 0
  outer loop
   vertex -4.68291393665 -0.79549799617 -5
   vertex -4.69533426595 -0.718565328243 -5
   vertex -4.69533426595 -0.718565328243 5
  endloop
 endfacet
 facet normal 0.987217236687 0.159380449206 -0
  outer loop
   vertex -4.68291393665 -0.79549799617 -5
   vertex -4.69533426595 -0.718565328243 5
   vertex -4.68291393665 -0.79549799617 5
  endloop
 endfacet
 facet normal 0 0 1
  outer loop
   vertex -4.68291393665 -0.79549799617 5
   vertex -4.69533426595 -0.718565328243 5
   vertex -5.18957997816 -0.794203783847 5
  endloop
 endfacet
 facet normal 0 0 1
  outer loop
   vertex -4.68291393665 -0.79549799617 5
   vertex -5.18957997816 -0.794203783847 5
   vertex -5.17585224577 -0.879234627345 5
  endloop
 endfacet
 facet normal -0 0 -1
  outer loop
   vertex -4.68291393665 -0.79549799617 -5
   vertex -5.17585224577 -0.879234627345 -5
   vertex -5.18957997816 -0.794203783847 -5
  endloop
 endfacet
 facet normal 0 0 -1
  outer loop
   vertex -4.68291393665 -0.79549799617 -5
   vertex -5.18957997816 -0.794203783847 -5
   vertex -4.69533426595 -0.718565328243 -5
  endloop
 endfacet
 facet normal -0.989699095676 -0.143163193655 0
  outer loop
   vertex -5.18957997816 -0.794203783847 -5
   vertex -5.18957997816 -0.794203783847 5
   vertex -5.20191088838 -0.708959173252 5
  endloop
 endfacet
 facet normal -0.989699095676 -0.143163193655 0
  outer loop
   vertex -5.18957997816 -0.794203783847 -5
   vertex -5.20191088838 -0.708959173252 5
   vertex -5.20191088838 -0.708959173252 -5
  endloop
 endfacet
 facet normal 0.989699095676 0.143163193655 0
  outer loop
   vertex -4.69533426595 -0.718565328243 -5
   vertex -4.70649080377 -0.64143925199 -5
   vertex -4.70649080377 -0.64143925199 5
  endloop
 endfacet
 facet normal 0.989699095676 0.143163193655 -0
  outer loop
   vertex -4.69533426595 -0.718565328243 -5
   vertex -4.70649080377 -0.64143925199 5
   vertex -4.69533426595 -0.718565328243 5
  endloop
 endfacet
 facet normal 0 0 1
  outer loop
   vertex -4.69533426595 -0.718565328243 5
   vertex -4.70649080377 -0.64143925199 5
   vertex -5.20191088838 -0.708959173252 5
  endloop
 endfacet
 facet normal 0 0 1
  outer loop
   vertex -4.69533426595 -0.718565328243 5
   vertex -5.20191088838 -0.708959173252 5
   vertex -5.18957997816 -0.794203783847 5
  endloop
 endfacet
 facet normal -0 0 -1
  outer loop
   vertex -4.69533426595 -0.718565328243 -5
   vertex -5.18957997816 -0.794203783847 -5
   vertex -5.20191088838 -0.708959173252 -5
  endloop
 endfacet
 facet normal 0 0 -1
  outer loop
   vertex -4.69533426595 -0.718565328243 -5
   vertex -5.20191088838 -0.708959173252 -5
   vertex -4.70649080377 -0.64143925199 -5
  endloop
 endfacet
 facet normal -0.991914568245 -0.126907404443 0
  outer loop
   vertex -5.20191088838 -0.708959173252 -5
   vertex -5.20191088838 -0.708959173252 5
   vertex -5.21284165746 -0.623523739913 5
  endloop
 endfacet
 facet normal -0.991914568245 -0.126907404443 0
  outer loop
   vertex -5.20191088838 -0.708959173252 -5
   vertex -5.21284165746 -0.623523739913 5
   vertex -5.21284165746 -0.623523739913 -5
  endloop
 endfacet
 facet normal 0.991914568245 0.126907404443 0
  outer loop
   vertex -4.70649080377 -0.64143925199 -5
   vertex -4.71638054723 -0.564140526588 -5
   vertex -4.71638054723 -0.564140526588 5
  endloop
 endfacet
 facet normal 0.991914568245 0.126907404443 -0
  outer loop
   vertex -4.70649080377 -0.64143925199 -5
   vertex -4.71638054723 -0.564140526588 5
   vertex -4.70649080377 -0.64143925199 5
  endloop
 endfacet
 facet normal 0 0 1
  outer loop
   vertex -4.70649080377 -0.64143925199 5
   vertex -4.71638054723 -0.564140526588 5
   vertex -5.21284165746 -0.623523739913 5
  endloop
 endfacet
 facet normal 0 0 1
  outer loop
   vertex -4.70649080377 -0.64143925199 5
   vertex -5.21284165746 -0.623523739913 5
   vertex -5.20191088838 -0.708959173252 5
  endloop
 endfacet
 facet normal -0 0 -1
  outer loop
   vertex -4.70649080377 -0.64143925199 -5
   vertex -5.20191088838 -0.708959173252 -5
   vertex -5.21284165746 -0.623523739913 -5
  endloop
 endfacet
 facet normal 0 0 -1
  outer loop
   vertex -4.70649080377 -0.64143925199 -5
   vertex -5.21284165746 -0.623523739913 -5
   vertex -4.71638054723 -0.564140526588 -5
  endloop
 endfacet
 facet normal -0.99386305808 -0.11061745696 0
  outer loop
   vertex -5.21284165746 -0.623523739913 -5
   vertex -5.21284165746 -0.623523739913 5
   vertex -5.22236934329 -0.537920479547 5
  endloop
 endfacet
 facet normal -0.99386305808 -0.11061745696 0
  outer loop
   vertex -5.21284165746 -0.623523739913 -5
   vertex -5.22236934329 -0.537920479547 5
   vertex -5.22236934329 -0.537920479547 -5
  endloop
 endfacet
 facet normal 0.99386305808 0.11061745696 0
  outer loop
   vertex -4.71638054723 -0.564140526588 -5
   vertex -4.7250008344 -0.486689957685 -5
   vertex -4.7250008344 -0.486689957685 5
  endloop
 endfacet
 facet normal 0.99386305808 0.11061745696 -0
  outer loop
   vertex -4.71638054723 -0.564140526588 -5
   vertex -4.7250008344 -0.486689957685 5
   vertex -4.71638054723 -0.564140526588 5
  endloop
 endfacet
 facet normal 0 0 1
  outer loop
   vertex -4.71638054723 -0.564140526588 5
   vertex -4.7250008344 -0.486689957685 5
   vertex -5.22236934329 -0.537920479547 5
  endloop
 endfacet
 facet normal 0 0 1
  outer loop
   vertex -4.71638054723 -0.564140526588 5
   vertex -5.22236934329 -0.537920479547 5
   vertex -5.21284165746 -0.623523739913 5
  endloop
 endfacet
 facet normal -0 0 -1
  outer loop
   vertex -4.71638054723 -0.564140526588 -5
   vertex -5.21284165746 -0.623523739913 -5
   vertex -5.22236934329 -0.537920479547 -5
  endloop
 endfacet
 facet normal 0 0 -1
  outer loop
   vertex -4.71638054723 -0.564140526588 -5
   vertex -5.22236934329 -0.537920479547 -5
   vertex -4.7250008344 -0.486689957685 -5
  endloop
 endfacet
 facet normal -0.995544040726 -0.0942977357926 0
  outer loop
   vertex -5.22236934329 -0.537920479547 -5
   vertex -5.22236934329 -0.537920479547 5
   vertex -5.23049138139 -0.452172433041 5
  endloop
 endfacet
 facet normal -0.995544040726 -0.0942977357926 0
  outer loop
   vertex -5.22236934329 -0.537920479547 -5
   vertex -5.23049138139 -0.452172433041 5
   vertex -5.23049138139 -0.452172433041 -5
  endloop
 endfacet
 facet normal 0.995544040726 0.0942977357925 0
  outer loop
   vertex -4.7250008344 -0.486689957685 -5
   vertex -4.73234934507 -0.409108391799 -5
   vertex -4.73234934507 -0.409108391799 5
  endloop
 endfacet
 facet normal 0.995544040726 0.0942977357925 -0
  outer loop
   vertex -4.7250008344 -0.486689957685 -5
   vertex -4.73234934507 -0.409108391799 5
   vertex -4.7250008344 -0.486689957685 5
  endloop
 endfacet
 facet normal 0 0 1
  outer loop
   vertex -4.7250008344 -0.486689957685 5
   vertex -4.73234934507 -0.409108391799 5
   vertex -5.23049138139 -0.452172433041 5
  endloop
 endfacet
 facet normal 0 0 1
  outer loop
   vertex -4.7250008344 -0.486689957685 5
   vertex -5.23049138139 -0.452172433041 5
   vertex -5.22236934329 -0.537920479547 5
  endloop
 endfacet
 facet normal -0 0 -1
  outer loop
   vertex -4.7250008344 -0.486689957685 -5
   vertex -5.22236934329 -0.537920479547 -5
   vertex -5.23049138139 -0.452172433041 -5
  endloop
 endfacet
 facet normal 0 0 -1
  outer loop
   vertex -4.7250008344 -0.486689957685 -5
   vertex -5.23049138139 -0.452172433041 -5
   vertex -4.73234934507 -0.409108391799 -5
  endloop
 endfacet
 facet normal -0.996957063731 -0.0779526335409 0
  outer loop
   vertex -5.23049138139 -0.452172433041 -5
   vertex -5.23049138139 -0.452172433041 5
   vertex -5.23720558566 -0.366302680255 5
  endloop
 endfacet
 facet normal -0.996957063731 -0.0779526335409 0
  outer loop
   vertex -5.23049138139 -0.452172433041 -5
   vertex -5.23720558566 -0.366302680255 5
   vertex -5.23720558566 -0.366302680255 -5
  endloop
 endfacet
 facet normal 0.996957063731 0.0779526335409 0
  outer loop
   vertex -4.73234934507 -0.409108391799 -5
   vertex -4.73842410131 -0.331416710707 -5
   vertex -4.73842410131 -0.331416710707 5
  endloop
 endfacet
 facet normal 0.996957063731 0.0779526335409 -0
  outer loop
   vertex -4.73234934507 -0.409108391799 -5
   vertex -4.73842410131 -0.331416710707 5
   vertex -4.73234934507 -0.409108391799 5
  endloop
 endfacet
 facet normal 0 0 1
  outer loop
   vertex -4.73234934507 -0.409108391799 5
   vertex -4.73842410131 -0.331416710707 5
   vertex -5.23720558566 -0.366302680255 5
  endloop
 endfacet
 facet normal 0 0 1
  outer loop
   vertex -4.73234934507 -0.409108391799 5
   vertex -5.23720558566 -0.366302680255 5
   vertex -5.23049138139 -0.452172433041 5
  endloop
 endfacet
 facet normal -0 0 -1
  outer loop
   vertex -4.73234934507 -0.409108391799 -5
   vertex -5.23049138139 -0.452172433041 -5
   vertex -5.23720558566 -0.366302680255 -5
  endloop
 endfacet
 facet normal 0 0 -1
  outer loop
   vertex -4.73234934507 -0.409108391799 -5
   vertex -5.23720558566 -0.366302680255 -5
   vertex -4.73842410131 -0.331416710707 -5
  endloop
 endfacet
 facet normal -0.998101746769 -0.0615865496362 0
  outer loop
   vertex -5.23720558566 -0.366302680255 -5
   vertex -5.23720558566 -0.366302680255 5
   vertex -5.2425101489 -0.280334333805 5
  endloop
 endfacet
 facet normal -0.998101746769 -0.0615865496362 0
  outer loop
   vertex -5.23720558566 -0.366302680255 -5
   vertex -5.2425101489 -0.280334333805 5
   vertex -5.2425101489 -0.280334333805 -5
  endloop
 endfacet
 facet normal 0.998101746769 0.0615865496362 0
  outer loop
   vertex -4.73842410131 -0.331416710707 -5
   vertex -4.74322346805 -0.253635825824 -5
   vertex -4.74322346805 -0.253635825824 5
  endloop
 endfacet
 facet normal 0.998101746769 0.0615865496362 -0
  outer loop
   vertex -4.73842410131 -0.331416710707 -5
   vertex -4.74322346805 -0.253635825824 5
   vertex -4.73842410131 -0.331416710707 5
  endloop
 endfacet
 facet normal 0 0 1
  outer loop
   vertex -4.73842410131 -0.331416710707 5
   vertex -4.74322346805 -0.253635825824 5
   vertex -5.2425101489 -0.280334333805 5
  endloop
 endfacet
 facet normal 0 0 1
  outer loop
   vertex -4.73842410131 -0.331416710707 5
   vertex -5.2425101489 -0.280334333805 5
   vertex -5.23720558566 -0.366302680255 5
  endloop
 endfacet
 facet normal -0 0 -1
  outer loop
   vertex -4.73842410131 -0.331416710707 -5
   vertex -5.23720558566 -0.366302680255 -5
   vertex -5.2425101489 -0.280334333805 -5
  endloop
 endfacet
 facet normal 0 0 -1
  outer loop
   vertex -4.73842410131 -0.331416710707 -5
   vertex -5.2425101489 -0.280334333805 -5
   vertex -4.74322346805 -0.253635825824 -5
  endloop
 endfacet
 facet normal -0.998977781737 -0.0452038891573 0
  outer loop
   vertex -5.2425101489 -0.280334333805 -5
   vertex -5.2425101489 -0.280334333805 5
   vertex -5.24640364334 -0.194290532846 5
  endloop
 endfacet
 facet normal -0.998977781737 -0.0452038891573 0
  outer loop
   vertex -5.2425101489 -0.280334333805 -5
   vertex -5.24640364334 -0.194290532846 5
   vertex -5.24640364334 -0.194290532846 -5
  endloop
 endfacet
 facet normal 0.998977781737 0.0452038891573 0
  outer loop
   vertex -4.74322346805 -0.253635825824 -5
   vertex -4.7467461535 -0.175786672575 -5
   vertex -4.7467461535 -0.175786672575 5
  endloop
 endfacet
 facet normal 0.998977781737 0.0452038891573 -0
  outer loop
   vertex -4.74322346805 -0.253635825824 -5
   vertex -4.7467461535 -0.175786672575 5
   vertex -4.74322346805 -0.253635825824 5
  endloop
 endfacet
 facet normal 0 0 1
  outer loop
   vertex -4.74322346805 -0.253635825824 5
   vertex -4.7467461535 -0.175786672575 5
   vertex -5.24640364334 -0.194290532846 5
  endloop
 endfacet
 facet normal 0 0 1
  outer loop
   vertex -4.74322346805 -0.253635825824 5
   vertex -5.24640364334 -0.194290532846 5
   vertex -5.2425101489 -0.280334333805 5
  endloop
 endfacet
 facet normal -0 0 -1
  outer loop
   vertex -4.74322346805 -0.253635825824 -5
   vertex -5.2425101489 -0.280334333805 -5
   vertex -5.24640364334 -0.194290532846 -5
  endloop
 endfacet
 facet normal 0 0 -1
  outer loop
   vertex -4.74322346805 -0.253635825824 -5
   vertex -5.24640364334 -0.194290532846 -5
   vertex -4.7467461535 -0.175786672575 -5
  endloop
 endfacet
 facet normal -0.999584932843 -0.0288090616448 0
  outer loop
   vertex -5.24640364334 -0.194290532846 -5
   vertex -5.24640364334 -0.194290532846 5
   vertex -5.24888502102 -0.108194436841 5
  endloop
 endfacet
 facet normal -0.999584932843 -0.0288090616448 0
  outer loop
   vertex -5.24640364334 -0.194290532846 -5
   vertex -5.24888502102 -0.108194436841 5
   vertex -5.24888502102 -0.108194436841 -5
  endloop
 endfacet
 facet normal 0.999584932843 0.0288090616448 0
  outer loop
   vertex -4.7467461535 -0.175786672575 -5
   vertex -4.74899120949 -0.0978902047611 -5
   vertex -4.74899120949 -0.0978902047611 5
  endloop
 endfacet
 facet normal 0.999584932843 0.0288090616448 -0
  outer loop
   vertex -4.7467461535 -0.175786672575 -5
   vertex -4.74899120949 -0.0978902047611 5
   vertex -4.7467461535 -0.175786672575 5
  endloop
 endfacet
 facet normal 0 0 1
  outer loop
   vertex -4.7467461535 -0.175786672575 5
   vertex -4.74899120949 -0.0978902047611 5
   vertex -5.24888502102 -0.108194436841 5
  endloop
 endfacet
 facet normal 0 0 1
  outer loop
   vertex -4.7467461535 -0.175786672575 5
   vertex -5.24888502102 -0.108194436841 5
   vertex -5.24640364334 -0.194290532846 5
  endloop
 endfacet
 facet normal -0 0 -1
  outer loop
   vertex -4.7467461535 -0.175786672575 -5
   vertex -5.24640364334 -0.194290532846 -5
   vertex -5.24888502102 -0.108194436841 -5
  endloop
 endfacet
 facet normal 0 0 -1
  outer loop
   vertex -4.7467461535 -0.175786672575 -5
   vertex -5.24888502102 -0.108194436841 -5
   vertex -4.74899120949 -0.0978902047611 -5
  endloop
 endfacet
 facet normal -0.999923036666 -0.012406479914 0
  outer loop
   vertex -5.24888502102 -0.108194436841 -5
   vertex -5.24888502102 -0.108194436841 5
   vertex -5.24995361404 -0.0220692193296 5
  endloop
 endfacet
 facet normal -0.999923036666 -0.012406479914 0
  outer loop
   vertex -5.24888502102 -0.108194436841 -5
   vertex -5.24995361404 -0.0220692193296 5
   vertex -5.24995361404 -0.0220692193296 -5
  endloop
 endfacet
 facet normal 0.999923036666 0.012406479914 0
  outer loop
   vertex -4.74899120949 -0.0978902047611 -5
   vertex -4.74995803175 -0.0199673889173 -5
   vertex -4.74995803175 -0.0199673889173 5
  endloop
 endfacet
 facet normal 0.999923036666 0.012406479914 -0
  outer loop
   vertex -4.74899120949 -0.0978902047611 -5
   vertex -4.74995803175 -0.0199673889173 5
   vertex -4.74899120949 -0.0978902047611 5
  endloop
 endfacet
 facet normal 0 0 1
  outer loop
   vertex -4.74899120949 -0.0978902047611 5
   vertex -4.74995803175 -0.0199673889173 5
   vertex -5.24995361404 -0.0220692193296 5
  endloop
 endfacet
 facet normal 0 0 1
  outer loop
   vertex -4.74899120949 -0.0978902047611 5
   vertex -5.24995361404 -0.0220692193296 5
   vertex -5.24888502102 -0.108194436841 5
  endloop
 endfacet
 facet normal -0 0 -1
  outer loop
   vertex -4.74899120949 -0.0978902047611 -5
   vertex -5.24888502102 -0.108194436841 -5
   vertex -5.24995361404 -0.0220692193296 -5
  endloop
 endfacet
 facet normal 0 0 -1
  outer loop
   vertex -4.74899120949 -0.0978902047611 -5
   vertex -5.24995361404 -0.0220692193296 -5
   vertex -4.74995803175 -0.0199673889173 -5
  endloop
 endfacet
 facet normal -0.999992002203 0.00399944113262 0
  outer loop
   vertex -5.24995361404 -0.0220692193296 -5
   vertex -5.24995361404 -0.0220692193296 5
   vertex -5.24960913479 0.0640619383111 5
  endloop
 endfacet
 facet normal -0.999992002203 0.00399944113262 0
  outer loop
   vertex -5.24995361404 -0.0220692193296 -5
   vertex -5.24960913479 0.0640619383111 5
   vertex -5.24960913479 0.0640619383111 -5
  endloop
 endfacet
 facet normal 0.999992002203 -0.00399944113262 0
  outer loop
   vertex -4.74995803175 -0.0199673889173 -5
   vertex -4.74964636005 0.0579608013291 -5
   vertex -4.74964636005 0.0579608013291 5
  endloop
 endfacet
 facet normal 0.999992002203 -0.00399944113262 0
  outer loop
   vertex -4.74995803175 -0.0199673889173 -5
   vertex -4.74964636005 0.0579608013291 5
   vertex -4.74995803175 -0.0199673889173 5
  endloop
 endfacet
 facet normal 0 -0 1
  outer loop
   vertex -4.74995803175 -0.0199673889173 5
   vertex -4.74964636005 0.0579608013291 5
   vertex -5.24960913479 0.0640619383111 5
  endloop
 endfacet
 facet normal 0 0 1
  outer loop
   vertex -4.74995803175 -0.0199673889173 5
   vertex -5.24960913479 0.0640619383111 5
   vertex -5.24995361404 -0.0220692193296 5
  endloop
 endfacet
 facet normal -0 0 -1
  outer loop
   vertex -4.74995803175 -0.0199673889173 -5
   vertex -5.24995361404 -0.0220692193296 -5
   vertex -5.24960913479 0.0640619383111 -5
  endloop
 endfacet
 facet normal 0 0 -1
  outer loop
   vertex -4.74995803175 -0.0199673889173 -5
   vertex -5.24960913479 0.0640619383111 -5
   vertex -4.74964636005 0.0579608013291 -5
  endloop
 endfacet
 facet normal -0.999791810891 0.0204042856936 0
  outer loop
   vertex -5.24960913479 0.0640619383111 -5
   vertex -5.24960913479 0.0640619383111 5
   vertex -5.24785167599 0.150175853104 5
  endloop
 endfacet
 facet normal -0.999791810891 0.0204042856936 0
  outer loop
   vertex -5.24960913479 0.0640619383111 -5
   vertex -5.24785167599 0.150175853104 5
   vertex -5.24785167599 0.150175853104 -5
  endloop
 endfacet
 facet normal 0.999791810891 -0.0204042856936 0
  outer loop
   vertex -4.74964636005 0.0579608013291 -5
   vertex -4.74805627827 0.135873390904 -5
   vertex -4.74805627827 0.135873390904 5
  endloop
 endfacet
 facet normal 0.999791810891 -0.0204042856936 0
  outer loop
   vertex -4.74964636005 0.0579608013291 -5
   vertex -4.74805627827 0.135873390904 5
   vertex -4.74964636005 0.0579608013291 5
  endloop
 endfacet
 facet normal 0 -0 1
  outer loop
   vertex -4.74964636005 0.0579608013291 5
   vertex -4.74805627827 0.135873390904 5
   vertex -5.24785167599 0.150175853104 5
  endloop
 endfacet
 facet normal 0 0 1
  outer loop
   vertex -4.74964636005 0.0579608013291 5
   vertex -5.24785167599 0.150175853104 5
   vertex -5.24960913479 0.0640619383111 5
  endloop
 endfacet
 facet normal 0 0 -1
  outer loop
   vertex -4.74964636005 0.0579608013291 -5
   vertex -5.24960913479 0.0640619383111 -5
   vertex -5.24785167599 0.150175853104 -5
  endloop
 endfacet
 facet normal 0 0 -1
  outer loop
   vertex -4.74964636005 0.0579608013291 -5
   vertex -5.24785167599 0.150175853104 -5
   vertex -4.74805627827 0.135873390904 -5
  endloop
 endfacet
 facet normal -0.999322516614 0.0368036382575 0
  outer loop
   vertex -5.24785167599 0.150175853104 -5
   vertex -5.24785167599 0.150175853104 5
   vertex -5.24468171066 0.236249346715 5
  endloop
 endfacet
 facet normal -0.999322516614 0.0368036382575 0
  outer loop
   vertex -5.24785167599 0.150175853104 -5
   vertex -5.24468171066 0.236249346715 5
   vertex -5.24468171066 0.236249346715 -5
  endloop
 endfacet
 facet normal 0.999322516614 -0.0368036382574 0
  outer loop
   vertex -4.74805627827 0.135873390904 -5
   vertex -4.74518821441 0.213749408933 -5
   vertex -4.74518821441 0.213749408933 5
  endloop
 endfacet
 facet normal 0.999322516614 -0.0368036382574 0
  outer loop
   vertex -4.74805627827 0.135873390904 -5
   vertex -4.74518821441 0.213749408933 5
   vertex -4.74805627827 0.135873390904 5
  endloop
 endfacet
 facet normal 0 -0 1
  outer loop
   vertex -4.74805627827 0.135873390904 5
   vertex -4.74518821441 0.213749408933 5
   vertex -5.24468171066 0.236249346715 5
  endloop
 endfacet
 facet normal 0 0 1
  outer loop
   vertex -4.74805627827 0.135873390904 5
   vertex -5.24468171066 0.236249346715 5
   vertex -5.24785167599 0.150175853104 5
  endloop
 endfacet
 facet normal 0 0 -1
  outer loop
   vertex -4.74805627827 0.135873390904 -5
   vertex -5.24785167599 0.150175853104 -5
   vertex -5.24468171066 0.236249346715 -5
  endloop
 endfacet
 facet normal 0 0 -1
  outer loop
   vertex -4.74805627827 0.135873390904 -5
   vertex -5.24468171066 0.236249346715 -5
   vertex -4.74518821441 0.213749408933 -5
  endloop
 endfacet
 facet normal -0.998584245685 0.0531930847907 0
  outer loop
   vertex -5.24468171066 0.236249346715 -5
   vertex -5.24468171066 0.236249346715 5
   vertex -5.24010009205 0.322259251687 5
  endloop
 endfacet
 facet normal -0.998584245685 0.0531930847907 0
  outer loop
   vertex -5.24468171066 0.236249346715 -5
   vertex -5.24010009205 0.322259251687 5
   vertex -5.24010009205 0.322259251687 -5
  endloop
 endfacet
 facet normal 0.998584245685 -0.0531930847907 0
  outer loop
   vertex -4.74518821441 0.213749408933 -5
   vertex -4.74104294043 0.291567894384 -5
   vertex -4.74104294043 0.291567894384 5
  endloop
 endfacet
 facet normal 0.998584245685 -0.0531930847907 0
  outer loop
   vertex -4.74518821441 0.213749408933 -5
   vertex -4.74104294043 0.291567894384 5
   vertex -4.74518821441 0.213749408933 5
  endloop
 endfacet
 facet normal 0 -0 1
  outer loop
   vertex -4.74518821441 0.213749408933 5
   vertex -4.74104294043 0.291567894384 5
   vertex -5.24010009205 0.322259251687 5
  endloop
 endfacet
 facet normal 0 0 1
  outer loop
   vertex -4.74518821441 0.213749408933 5
   vertex -5.24010009205 0.322259251687 5
   vertex -5.24468171066 0.236249346715 5
  endloop
 endfacet
 facet normal 0 0 -1
  outer loop
   vertex -4.74518821441 0.213749408933 -5
   vertex -5.24468171066 0.236249346715 -5
   vertex -5.24010009205 0.322259251687 -5
  endloop
 endfacet
 facet normal 0 0 -1
  outer loop
   vertex -4.74518821441 0.213749408933 -5
   vertex -5.24010009205 0.322259251687 -5
   vertex -4.74104294043 0.291567894384 -5
  endloop
 endfacet
 facet normal -0.997577196818 0.0695682139265 0
  outer loop
   vertex -5.24010009205 0.322259251687 -5
   vertex -5.24010009205 0.322259251687 5
   vertex -5.23410805333 0.408182417681 5
  endloop
 endfacet
 facet normal -0.997577196818 0.0695682139265 0
  outer loop
   vertex -5.24010009205 0.322259251687 -5
   vertex -5.23410805333 0.408182417681 5
   vertex -5.23410805333 0.408182417681 -5
  endloop
 endfacet
 facet normal 0.997577196818 -0.0695682139265 0
  outer loop
   vertex -4.74104294043 0.291567894384 -5
   vertex -4.73562157206 0.369307901712 -5
   vertex -4.73562157206 0.369307901712 5
  endloop
 endfacet
 facet normal 0.997577196818 -0.0695682139265 0
  outer loop
   vertex -4.74104294043 0.291567894384 -5
   vertex -4.73562157206 0.369307901712 5
   vertex -4.74104294043 0.291567894384 5
  endloop
 endfacet
 facet normal 0 -0 1
  outer loop
   vertex -4.74104294043 0.291567894384 5
   vertex -4.73562157206 0.369307901712 5
   vertex -5.23410805333 0.408182417681 5
  endloop
 endfacet
 facet normal 0 0 1
  outer loop
   vertex -4.74104294043 0.291567894384 5
   vertex -5.23410805333 0.408182417681 5
   vertex -5.24010009205 0.322259251687 5
  endloop
 endfacet
 facet normal 0 0 -1
  outer loop
   vertex -4.74104294043 0.291567894384 -5
   vertex -5.24010009205 0.322259251687 -5
   vertex -5.23410805333 0.408182417681 -5
  endloop
 endfacet
 facet normal 0 0 -1
  outer loop
   vertex -4.74104294043 0.291567894384 -5
   vertex -5.23410805333 0.408182417681 -5
   vertex -4.73562157206 0.369307901712 -5
  endloop
 endfacet
 facet normal -0.996301641068 0.0859246181511 0
  outer loop
   vertex -5.23410805333 0.408182417681 -5
   vertex -5.23410805333 0.408182417681 5
   vertex -5.2267072073 0.493995717703 5
  endloop
 endfacet
 facet normal -0.996301641068 0.0859246181511 0
  outer loop
   vertex -5.23410805333 0.408182417681 -5
   vertex -5.2267072073 0.493995717703 5
   vertex -5.2267072073 0.493995717703 -5
  endloop
 endfacet
 facet normal 0.996301641068 -0.0859246181512 0
  outer loop
   vertex -4.73562157206 0.369307901712 -5
   vertex -4.72892556851 0.446948506493 -5
   vertex -4.72892556851 0.446948506493 5
  endloop
 endfacet
 facet normal 0.996301641068 -0.0859246181512 0
  outer loop
   vertex -4.73562157206 0.369307901712 -5
   vertex -4.72892556851 0.446948506493 5
   vertex -4.73562157206 0.369307901712 5
  endloop
 endfacet
 facet normal 0 -0 1
  outer loop
   vertex -4.73562157206 0.369307901712 5
   vertex -4.72892556851 0.446948506493 5
   vertex -5.2267072073 0.493995717703 5
  endloop
 endfacet
 facet normal 0 0 1
  outer loop
   vertex -4.73562157206 0.369307901712 5
   vertex -5.2267072073 0.493995717703 5
   vertex -5.23410805333 0.408182417681 5
  endloop
 endfacet
 facet normal 0 0 -1
  outer loop
   vertex -4.73562157206 0.369307901712 -5
   vertex -5.23410805333 0.408182417681 -5
   vertex -5.2267072073 0.493995717703 -5
  endloop
 endfacet
 facet normal 0 0 -1
  outer loop
   vertex -4.73562157206 0.369307901712 -5
   vertex -5.2267072073 0.493995717703 -5
   vertex -4.72892556851 0.446948506493 -5
  endloop
 endfacet
 facet normal -0.994757921764 0.102257894991 0
  outer loop
   vertex -5.2267072073 0.493995717703 -5
   vertex -5.2267072073 0.493995717703 5
   vertex -5.21789954599 0.579676054331 5
  endloop
 endfacet
 facet normal -0.994757921764 0.102257894991 0
  outer loop
   vertex -5.2267072073 0.493995717703 -5
   vertex -5.21789954599 0.579676054331 5
   vertex -5.21789954599 0.579676054331 -5
  endloop
 endfacet
 facet normal 0.994757921764 -0.102257894991 0
  outer loop
   vertex -4.72892556851 0.446948506493 -5
   vertex -4.72095673209 0.524468811061 -5
   vertex -4.72095673209 0.524468811061 5
  endloop
 endfacet
 facet normal 0.994757921764 -0.102257894991 0
  outer loop
   vertex -4.72892556851 0.446948506493 -5
   vertex -4.72095673209 0.524468811061 5
   vertex -4.72892556851 0.446948506493 5
  endloop
 endfacet
 facet normal 0 -0 1
  outer loop
   vertex -4.72892556851 0.446948506493 5
   vertex -4.72095673209 0.524468811061 5
   vertex -5.21789954599 0.579676054331 5
  endloop
 endfacet
 facet normal 0 0 1
  outer loop
   vertex -4.72892556851 0.446948506493 5
   vertex -5.21789954599 0.579676054331 5
   vertex -5.2267072073 0.493995717703 5
  endloop
 endfacet
 facet normal 0 0 -1
  outer loop
   vertex -4.72892556851 0.446948506493 -5
   vertex -5.2267072073 0.493995717703 -5
   vertex -5.21789954599 0.579676054331 -5
  endloop
 endfacet
 facet normal 0 0 -1
  outer loop
   vertex -4.72892556851 0.446948506493 -5
   vertex -5.21789954599 0.579676054331 -5
   vertex -4.72095673209 0.524468811061 -5
  endloop
 endfacet
 facet normal -0.99294645441 0.118563648199 0
  outer loop
   vertex -5.21789954599 0.579676054331 -5
   vertex -5.21789954599 0.579676054331 5
   vertex -5.20768744004 0.66520036593 5
  endloop
 endfacet
 facet normal -0.99294645441 0.118563648199 0
  outer loop
   vertex -5.21789954599 0.579676054331 -5
   vertex -5.20768744004 0.66520036593 5
   vertex -5.20768744004 0.66520036593 -5
  endloop
 endfacet
 facet normal 0.99294645441 -0.118563648199 0
  outer loop
   vertex -4.72095673209 0.524468811061 -5
   vertex -4.71171720766 0.601847950127 -5
   vertex -4.71171720766 0.601847950127 5
  endloop
 endfacet
 facet normal 0.99294645441 -0.118563648199 0
  outer loop
   vertex -4.72095673209 0.524468811061 -5
   vertex -4.71171720766 0.601847950127 5
   vertex -4.72095673209 0.524468811061 5
  endloop
 endfacet
 facet normal 0 -0 1
  outer loop
   vertex -4.72095673209 0.524468811061 5
   vertex -4.71171720766 0.601847950127 5
   vertex -5.20768744004 0.66520036593 5
  endloop
 endfacet
 facet normal 0 0 1
  outer loop
   vertex -4.72095673209 0.524468811061 5
   vertex -5.20768744004 0.66520036593 5
   vertex -5.21789954599 0.579676054331 5
  endloop
 endfacet
 facet normal 0 0 -1
  outer loop
   vertex -4.72095673209 0.524468811061 -5
   vertex -5.21789954599 0.579676054331 -5
   vertex -5.20768744004 0.66520036593 -5
  endloop
 endfacet
 facet normal 0 0 -1
  outer loop
   vertex -4.72095673209 0.524468811061 -5
   vertex -5.20768744004 0.66520036593 -5
   vertex -4.71171720766 0.601847950127 -5
  endloop
 endfacet
 facet normal -0.99086772658 0.134837488933 0
  outer loop
   vertex -5.20768744004 0.66520036593 -5
   vertex -5.20768744004 0.66520036593 5
   vertex -5.19607363814 0.750545632864 5
  endloop
 endfacet
 facet normal -0.99086772658 0.134837488933 0
  outer loop
   vertex -5.20768744004 0.66520036593 -5
   vertex -5.19607363814 0.750545632864 5
   vertex -5.19607363814 0.750545632864 -5
  endloop
 endfacet
 facet normal 0.99086772658 -0.134837488933 0
  outer loop
   vertex -4.71171720766 0.601847950127 -5
   vertex -4.70120948213 0.6790650964 -5
   vertex -4.70120948213 0.6790650964 5
  endloop
 endfacet
 facet normal 0.99086772658 -0.134837488933 0
  outer loop
   vertex -4.71171720766 0.601847950127 -5
   vertex -4.70120948213 0.6790650964 5
   vertex -4.71171720766 0.601847950127 5
  endloop
 endfacet
 facet normal 0 -0 1
  outer loop
   vertex -4.71171720766 0.601847950127 5
   vertex -4.70120948213 0.6790650964 5
   vertex -5.19607363814 0.750545632864 5
  endloop
 endfacet
 facet normal 0 0 1
  outer loop
   vertex -4.71171720766 0.601847950127 5
   vertex -5.19607363814 0.750545632864 5
   vertex -5.20768744004 0.66520036593 5
  endloop
 endfacet
 facet normal 0 0 -1
  outer loop
   vertex -4.71171720766 0.601847950127 -5
   vertex -5.20768744004 0.66520036593 -5
   vertex -5.19607363814 0.750545632864 -5
  endloop
 endfacet
 facet normal 0 0 -1
  outer loop
   vertex -4.71171720766 0.601847950127 -5
   vertex -5.19607363814 0.750545632864 -5
   vertex -4.70120948213 0.6790650964 -5
  endloop
 endfacet
 facet normal -0.988522297782 0.151075036943 0
  outer loop
   vertex -5.19607363814 0.750545632864 -5
   vertex -5.19607363814 0.750545632864 5
   vertex -5.18306126625 0.835688883684 5
  endloop
 endfacet
 facet normal -0.988522297782 0.151075036943 0
  outer loop
   vertex -5.19607363814 0.750545632864 -5
   vertex -5.18306126625 0.835688883684 5
   vertex -5.18306126625 0.835688883684 -5
  endloop
 endfacet
 facet normal 0.988522297782 -0.151075036943 0
  outer loop
   vertex -4.70120948213 0.6790650964 -5
   vertex -4.68943638375 0.75609946619 -5
   vertex -4.68943638375 0.75609946619 5
  endloop
 endfacet
 facet normal 0.988522297782 -0.151075036943 0
  outer loop
   vertex -4.70120948213 0.6790650964 -5
   vertex -4.68943638375 0.75609946619 5
   vertex -4.70120948213 0.6790650964 5
  endloop
 endfacet
 facet normal 0 -0 1
  outer loop
   vertex -4.70120948213 0.6790650964 5
   vertex -4.68943638375 0.75609946619 5
   vertex -5.18306126625 0.835688883684 5
  endloop
 endfacet
 facet normal 0 0 1
  outer loop
   vertex -4.70120948213 0.6790650964 5
   vertex -5.18306126625 0.835688883684 5
   vertex -5.19607363814 0.750545632864 5
  endloop
 endfacet
 facet normal 0 0 -1
  outer loop
   vertex -4.70120948213 0.6790650964 -5
   vertex -5.19607363814 0.750545632864 -5
   vertex -5.18306126625 0.835688883684 -5
  endloop
 endfacet
 facet normal 0 0 -1
  outer loop
   vertex -4.70120948213 0.6790650964 -5
   vertex -5.18306126625 0.835688883684 -5
   vertex -4.68943638375 0.75609946619 -5
  endloop
 endfacet
 facet normal -0.985910799309 0.167271921747 0
  outer loop
   vertex -5.18306126625 0.835688883684 -5
   vertex -5.18306126625 0.835688883684 5
   vertex -5.16865382676 0.920607201318 5
  endloop
 endfacet
 facet normal -0.985910799309 0.167271921747 0
  outer loop
   vertex -5.18306126625 0.835688883684 -5
   vertex -5.16865382676 0.920607201318 5
   vertex -5.16865382676 0.920607201318 -5
  endloop
 endfacet
 facet normal 0.985910799309 -0.167271921747 0
  outer loop
   vertex -4.68943638375 0.75609946619 -5
   vertex -4.67640108135 0.832930325002 -5
   vertex -4.67640108135 0.832930325002 5
  endloop
 endfacet
 facet normal 0.985910799309 -0.167271921747 0
  outer loop
   vertex -4.68943638375 0.75609946619 -5
   vertex -4.67640108135 0.832930325002 5
   vertex -4.68943638375 0.75609946619 5
  endloop
 endfacet
 facet normal 0 -0 1
  outer loop
   vertex -4.68943638375 0.75609946619 5
   vertex -4.67640108135 0.832930325002 5
   vertex -5.16865382676 0.920607201318 5
  endloop
 endfacet
 facet normal 0 0 1
  outer loop
   vertex -4.68943638375 0.75609946619 5
   vertex -5.16865382676 0.920607201318 5
   vertex -5.18306126625 0.835688883684 5
  endloop
 endfacet
 facet normal 0 0 -1
  outer loop
   vertex -4.68943638375 0.75609946619 -5
   vertex -5.18306126625 0.835688883684 -5
   vertex -5.16865382676 0.920607201318 -5
  endloop
 endfacet
 facet normal 0 0 -1
  outer loop
   vertex -4.68943638375 0.75609946619 -5
   vertex -5.16865382676 0.920607201318 -5
   vertex -4.67640108135 0.832930325002 -5
  endloop
 endfacet
 facet normal -0.98303393407 0.183423783808 0
  outer loop
   vertex -5.16865382676 0.920607201318 -5
   vertex -5.16865382676 0.920607201318 5
   vertex -5.15285519757 1.00527772924 5
  endloop
 endfacet
 facet normal -0.98303393407 0.183423783808 0
  outer loop
   vertex -5.16865382676 0.920607201318 -5
   vertex -5.15285519757 1.00527772924 5
   vertex -5.15285519757 1.00527772924 -5
  endloop
 endfacet
 facet normal 0.98303393407 -0.183423783808 0
  outer loop
   vertex -4.67640108135 0.832930325002 -5
   vertex -4.66210708351 0.909536993119 -5
   vertex -4.66210708351 0.909536993119 5
  endloop
 endfacet
 facet normal 0.98303393407 -0.183423783808 0
  outer loop
   vertex -4.67640108135 0.832930325002 -5
   vertex -4.66210708351 0.909536993119 5
   vertex -4.67640108135 0.832930325002 5
  endloop
 endfacet
 facet normal 0 -0 1
  outer loop
   vertex -4.67640108135 0.832930325002 5
   vertex -4.66210708351 0.909536993119 5
   vertex -5.15285519757 1.00527772924 5
  endloop
 endfacet
 facet normal 0 0 1
  outer loop
   vertex -4.67640108135 0.832930325002 5
   vertex -5.15285519757 1.00527772924 5
   vertex -5.16865382676 0.920607201318 5
  endloop
 endfacet
 facet normal 0 0 -1
  outer loop
   vertex -4.67640108135 0.832930325002 -5
   vertex -5.16865382676 0.920607201318 -5
   vertex -5.15285519757 1.00527772924 -5
  endloop
 endfacet
 facet normal 0 0 -1
  outer loop
   vertex -4.67640108135 0.832930325002 -5
   vertex -5.15285519757 1.00527772924 -5
   vertex -4.66210708351 0.909536993119 -5
  endloop
 endfacet
 facet normal -0.979892476399 0.199526275706 0
  outer loop
   vertex -5.15285519757 1.00527772924 -5
   vertex -5.15285519757 1.00527772924 5
   vertex -5.13566963101 1.08967767761 5
  endloop
 endfacet
 facet normal -0.979892476399 0.199526275706 0
  outer loop
   vertex -5.15285519757 1.00527772924 -5
   vertex -5.13566963101 1.08967767761 5
   vertex -5.13566963101 1.08967767761 -5
  endloop
 endfacet
 facet normal 0.979892476399 -0.199526275706 0
  outer loop
   vertex -4.66210708351 0.909536993119 -5
   vertex -4.64655823758 0.985898851168 -5
   vertex -4.64655823758 0.985898851168 5
  endloop
 endfacet
 facet normal 0.979892476399 -0.199526275706 0
  outer loop
   vertex -4.66210708351 0.909536993119 -5
   vertex -4.64655823758 0.985898851168 5
   vertex -4.66210708351 0.909536993119 5
  endloop
 endfacet
 facet normal 0 -0 1
  outer loop
   vertex -4.66210708351 0.909536993119 5
   vertex -4.64655823758 0.985898851168 5
   vertex -5.13566963101 1.08967767761 5
  endloop
 endfacet
 facet normal 0 0 1
  outer loop
   vertex -4.66210708351 0.909536993119 5
   vertex -5.13566963101 1.08967767761 5
   vertex -5.15285519757 1.00527772924 5
  endloop
 endfacet
 facet normal 0 0 -1
  outer loop
   vertex -4.66210708351 0.909536993119 -5
   vertex -5.15285519757 1.00527772924 -5
   vertex -5.13566963101 1.08967767761 -5
  endloop
 endfacet
 facet normal 0 0 -1
  outer loop
   vertex -4.66210708351 0.909536993119 -5
   vertex -5.13566963101 1.08967767761 -5
   vertex -4.64655823758 0.985898851168 -5
  endloop
 endfacet
 facet normal -0.976487271847 0.215575063311 0
  outer loop
   vertex -5.13566963101 1.08967767761 -5
   vertex -5.13566963101 1.08967767761 5
   vertex -5.11710175275 1.17378432942 5
  endloop
 endfacet
 facet normal -0.976487271847 0.215575063311 0
  outer loop
   vertex -5.13566963101 1.08967767761 -5
   vertex -5.11710175275 1.17378432942 5
   vertex -5.11710175275 1.17378432942 -5
  endloop
 endfacet
 facet normal 0.976487271847 -0.215575063311 0
  outer loop
   vertex -4.64655823758 0.985898851168 -5
   vertex -4.62975872868 1.06199534567 -5
   vertex -4.62975872868 1.06199534567 5
  endloop
 endfacet
 facet normal 0.976487271847 -0.215575063311 0
  outer loop
   vertex -4.64655823758 0.985898851168 -5
   vertex -4.62975872868 1.06199534567 5
   vertex -4.64655823758 0.985898851168 5
  endloop
 endfacet
 facet normal 0 -0 1
  outer loop
   vertex -4.64655823758 0.985898851168 5
   vertex -4.62975872868 1.06199534567 5
   vertex -5.11710175275 1.17378432942 5
  endloop
 endfacet
 facet normal 0 0 1
  outer loop
   vertex -4.64655823758 0.985898851168 5
   vertex -5.11710175275 1.17378432942 5
   vertex -5.13566963101 1.08967767761 5
  endloop
 endfacet
 facet normal 0 0 -1
  outer loop
   vertex -4.64655823758 0.985898851168 -5
   vertex -5.13566963101 1.08967767761 -5
   vertex -5.11710175275 1.17378432942 -5
  endloop
 endfacet
 facet normal 0 0 -1
  outer loop
   vertex -4.64655823758 0.985898851168 -5
   vertex -5.11710175275 1.17378432942 -5
   vertex -4.62975872868 1.06199534567 -5
  endloop
 endfacet
 facet normal -0.972819236955 0.231565826947 0
  outer loop
   vertex -5.11710175275 1.17378432942 -5
   vertex -5.11710175275 1.17378432942 5
   vertex -5.09715656049 1.25757504662 5
  endloop
 endfacet
 facet normal -0.972819236955 0.231565826947 0
  outer loop
   vertex -5.11710175275 1.17378432942 -5
   vertex -5.09715656049 1.25757504662 5
   vertex -5.09715656049 1.25757504662 -5
  endloop
 endfacet
 facet normal 0.972819236955 -0.231565826947 0
  outer loop
   vertex -4.62975872868 1.06199534567 -5
   vertex -4.61171307854 1.13780599456 -5
   vertex -4.61171307854 1.13780599456 5
  endloop
 endfacet
 facet normal 0.972819236955 -0.231565826947 0
  outer loop
   vertex -4.62975872868 1.06199534567 -5
   vertex -4.61171307854 1.13780599456 5
   vertex -4.62975872868 1.06199534567 5
  endloop
 endfacet
 facet normal 0 -0 1
  outer loop
   vertex -4.62975872868 1.06199534567 5
   vertex -4.61171307854 1.13780599456 5
   vertex -5.09715656049 1.25757504662 5
  endloop
 endfacet
 facet normal 0 0 1
  outer loop
   vertex -4.62975872868 1.06199534567 5
   vertex -5.09715656049 1.25757504662 5
   vertex -5.11710175275 1.17378432942 5
  endloop
 endfacet
 facet normal 0 0 -1
  outer loop
   vertex -4.62975872868 1.06199534567 -5
   vertex -5.11710175275 1.17378432942 -5
   vertex -5.09715656049 1.25757504662 -5
  endloop
 endfacet
 facet normal 0 0 -1
  outer loop
   vertex -4.62975872868 1.06199534567 -5
   vertex -5.09715656049 1.25757504662 -5
   vertex -4.61171307854 1.13780599456 -5
  endloop
 endfacet
 facet normal -0.968889359009 0.247494262557 0
  outer loop
   vertex -5.09715656049 1.25757504662 -5
   vertex -5.09715656049 1.25757504662 5
   vertex -5.07583942265 1.34102727617 5
  endloop
 endfacet
 facet normal -0.968889359009 0.247494262557 0
  outer loop
   vertex -5.09715656049 1.25757504662 -5
   vertex -5.07583942265 1.34102727617 5
   vertex -5.07583942265 1.34102727617 -5
  endloop
 endfacet
 facet normal 0.968889359009 -0.247494262557 0
  outer loop
   vertex -4.61171307854 1.13780599456 -5
   vertex -4.59242614431 1.21331039272 -5
   vertex -4.59242614431 1.21331039272 5
  endloop
 endfacet
 facet normal 0.968889359009 -0.247494262557 0
  outer loop
   vertex -4.61171307854 1.13780599456 -5
   vertex -4.59242614431 1.21331039272 5
   vertex -4.61171307854 1.13780599456 5
  endloop
 endfacet
 facet normal 0 -0 1
  outer loop
   vertex -4.61171307854 1.13780599456 5
   vertex -4.59242614431 1.21331039272 5
   vertex -5.07583942265 1.34102727617 5
  endloop
 endfacet
 facet normal 0 0 1
  outer loop
   vertex -4.61171307854 1.13780599456 5
   vertex -5.07583942265 1.34102727617 5
   vertex -5.09715656049 1.25757504662 5
  endloop
 endfacet
 facet normal 0 0 -1
  outer loop
   vertex -4.61171307854 1.13780599456 -5
   vertex -5.09715656049 1.25757504662 -5
   vertex -5.07583942265 1.34102727617 -5
  endloop
 endfacet
 facet normal 0 0 -1
  outer loop
   vertex -4.61171307854 1.13780599456 -5
   vertex -5.07583942265 1.34102727617 -5
   vertex -4.59242614431 1.21331039272 -5
  endloop
 endfacet
 facet normal -0.964698695771 0.263356082857 0
  outer loop
   vertex -5.07583942265 1.34102727617 -5
   vertex -5.07583942265 1.34102727617 5
   vertex -5.05315607695 1.42411855615 5
  endloop
 endfacet
 facet normal -0.964698695771 0.263356082857 0
  outer loop
   vertex -5.07583942265 1.34102727617 -5
   vertex -5.05315607695 1.42411855615 5
   vertex -5.05315607695 1.42411855615 -5
  endloop
 endfacet
 facet normal 0.964698695771 -0.263356082857 0
  outer loop
   vertex -4.59242614431 1.21331039272 -5
   vertex -4.57190311724 1.28848821747 -5
   vertex -4.57190311724 1.28848821747 5
  endloop
 endfacet
 facet normal 0.964698695771 -0.263356082857 0
  outer loop
   vertex -4.59242614431 1.21331039272 -5
   vertex -4.57190311724 1.28848821747 5
   vertex -4.59242614431 1.21331039272 5
  endloop
 endfacet
 facet normal 0 -0 1
  outer loop
   vertex -4.59242614431 1.21331039272 5
   vertex -4.57190311724 1.28848821747 5
   vertex -5.05315607695 1.42411855615 5
  endloop
 endfacet
 facet normal 0 0 1
  outer loop
   vertex -4.59242614431 1.21331039272 5
   vertex -5.05315607695 1.42411855615 5
   vertex -5.07583942265 1.34102727617 5
  endloop
 endfacet
 facet normal 0 0 -1
  outer loop
   vertex -4.59242614431 1.21331039272 -5
   vertex -5.07583942265 1.34102727617 -5
   vertex -5.05315607695 1.42411855615 -5
  endloop
 endfacet
 facet normal 0 0 -1
  outer loop
   vertex -4.59242614431 1.21331039272 -5
   vertex -5.05315607695 1.42411855615 -5
   vertex -4.57190311724 1.28848821747 -5
  endloop
 endfacet
 facet normal -0.960248375195 0.279147018498 0
  outer loop
   vertex -5.05315607695 1.42411855615 -5
   vertex -5.05315607695 1.42411855615 5
   vertex -5.0291126288 1.50682652181 5
  endloop
 endfacet
 facet normal -0.960248375195 0.279147018498 0
  outer loop
   vertex -5.05315607695 1.42411855615 -5
   vertex -5.0291126288 1.50682652181 5
   vertex -5.0291126288 1.50682652181 -5
  endloop
 endfacet
 facet normal 0.960248375195 -0.279147018498 0
  outer loop
   vertex -4.57190311724 1.28848821747 -5
   vertex -4.5501495213 1.36331923402 -5
   vertex -4.5501495213 1.36331923402 5
  endloop
 endfacet
 facet normal 0.960248375195 -0.279147018498 0
  outer loop
   vertex -4.57190311724 1.28848821747 -5
   vertex -4.5501495213 1.36331923402 5
   vertex -4.57190311724 1.28848821747 5
  endloop
 endfacet
 facet normal 0 -0 1
  outer loop
   vertex -4.57190311724 1.28848821747 5
   vertex -4.5501495213 1.36331923402 5
   vertex -5.0291126288 1.50682652181 5
  endloop
 endfacet
 facet normal 0 0 1
  outer loop
   vertex -4.57190311724 1.28848821747 5
   vertex -5.0291126288 1.50682652181 5
   vertex -5.05315607695 1.42411855615 5
  endloop
 endfacet
 facet normal 0 0 -1
  outer loop
   vertex -4.57190311724 1.28848821747 -5
   vertex -5.05315607695 1.42411855615 -5
   vertex -5.0291126288 1.50682652181 -5
  endloop
 endfacet
 facet normal 0 0 -1
  outer loop
   vertex -4.57190311724 1.28848821747 -5
   vertex -5.0291126288 1.50682652181 -5
   vertex -4.5501495213 1.36331923402 -5
  endloop
 endfacet
 facet normal -0.955539595124 0.294862819205 0
  outer loop
   vertex -5.0291126288 1.50682652181 -5
   vertex -5.0291126288 1.50682652181 5
   vertex -5.00371554972 1.58912891155 5
  endloop
 endfacet
 facet normal -0.955539595124 0.294862819205 0
  outer loop
   vertex -5.0291126288 1.50682652181 -5
   vertex -5.00371554972 1.58912891155 5
   vertex -5.00371554972 1.58912891155 -5
  endloop
 endfacet
 facet normal 0.955539595124 -0.294862819205 0
  outer loop
   vertex -4.5501495213 1.36331923402 -5
   vertex -4.52717121165 1.43778330093 -5
   vertex -4.52717121165 1.43778330093 5
  endloop
 endfacet
 facet normal 0.955539595124 -0.294862819205 0
  outer loop
   vertex -4.5501495213 1.36331923402 -5
   vertex -4.52717121165 1.43778330093 5
   vertex -4.5501495213 1.36331923402 5
  endloop
 endfacet
 facet normal 0 -0 1
  outer loop
   vertex -4.5501495213 1.36331923402 5
   vertex -4.52717121165 1.43778330093 5
   vertex -5.00371554972 1.58912891155 5
  endloop
 endfacet
 facet normal 0 0 1
  outer loop
   vertex -4.5501495213 1.36331923402 5
   vertex -5.00371554972 1.58912891155 5
   vertex -5.0291126288 1.50682652181 5
  endloop
 endfacet
 facet normal 0 0 -1
  outer loop
   vertex -4.5501495213 1.36331923402 -5
   vertex -5.0291126288 1.50682652181 -5
   vertex -5.00371554972 1.58912891155 -5
  endloop
 endfacet
 facet normal 0 0 -1
  outer loop
   vertex -4.5501495213 1.36331923402 -5
   vertex -5.00371554972 1.58912891155 -5
   vertex -4.52717121165 1.43778330093 -5
  endloop
 endfacet
 facet normal -0.950573622971 0.310499254931 0
  outer loop
   vertex -5.00371554972 1.58912891155 -5
   vertex -5.00371554972 1.58912891155 5
   vertex -4.97697167555 1.67100357294 5
  endloop
 endfacet
 facet normal -0.950573622971 0.310499254931 0
  outer loop
   vertex -5.00371554972 1.58912891155 -5
   vertex -4.97697167555 1.67100357294 5
   vertex -4.97697167555 1.67100357294 -5
  endloop
 endfacet
 facet normal 0.950573622971 -0.310499254931 0
  outer loop
   vertex -4.52717121165 1.43778330093 -5
   vertex -4.50297437312 1.51186037551 -5
   vertex -4.50297437312 1.51186037551 5
  endloop
 endfacet
 facet normal 0.950573622971 -0.310499254931 0
  outer loop
   vertex -4.52717121165 1.43778330093 -5
   vertex -4.50297437312 1.51186037551 5
   vertex -4.52717121165 1.43778330093 5
  endloop
 endfacet
 facet normal 0 -0 1
  outer loop
   vertex -4.52717121165 1.43778330093 5
   vertex -4.50297437312 1.51186037551 5
   vertex -4.97697167555 1.67100357294 5
  endloop
 endfacet
 facet normal 0 0 1
  outer loop
   vertex -4.52717121165 1.43778330093 5
   vertex -4.97697167555 1.67100357294 5
   vertex -5.00371554972 1.58912891155 5
  endloop
 endfacet
 facet normal 0 0 -1
  outer loop
   vertex -4.52717121165 1.43778330093 -5
   vertex -5.00371554972 1.58912891155 -5
   vertex -4.97697167555 1.67100357294 -5
  endloop
 endfacet
 facet normal 0 0 -1
  outer loop
   vertex -4.52717121165 1.43778330093 -5
   vertex -4.97697167555 1.67100357294 -5
   vertex -4.50297437312 1.51186037551 -5
  endloop
 endfacet
 facet normal -0.945351795369 0.326052116987 0
  outer loop
   vertex -4.97697167555 1.67100357294 -5
   vertex -4.97697167555 1.67100357294 5
   vertex -4.94888820466 1.75242846867 5
  endloop
 endfacet
 facet normal -0.945351795369 0.326052116987 0
  outer loop
   vertex -4.97697167555 1.67100357294 -5
   vertex -4.94888820466 1.75242846867 5
   vertex -4.94888820466 1.75242846867 -5
  endloop
 endfacet
 facet normal 0.945351795369 -0.326052116987 0
  outer loop
   vertex -4.50297437312 1.51186037551 -5
   vertex -4.4775655185 1.58553051927 -5
   vertex -4.4775655185 1.58553051927 5
  endloop
 endfacet
 facet normal 0.945351795369 -0.326052116987 0
  outer loop
   vertex -4.50297437312 1.51186037551 -5
   vertex -4.4775655185 1.58553051927 5
   vertex -4.50297437312 1.51186037551 5
  endloop
 endfacet
 facet normal 0 -0 1
  outer loop
   vertex -4.50297437312 1.51186037551 5
   vertex -4.4775655185 1.58553051927 5
   vertex -4.94888820466 1.75242846867 5
  endloop
 endfacet
 facet normal 0 0 1
  outer loop
   vertex -4.50297437312 1.51186037551 5
   vertex -4.94888820466 1.75242846867 5
   vertex -4.97697167555 1.67100357294 5
  endloop
 endfacet
 facet normal 0 0 -1
  outer loop
   vertex -4.50297437312 1.51186037551 -5
   vertex -4.97697167555 1.67100357294 -5
   vertex -4.94888820466 1.75242846867 -5
  endloop
 endfacet
 facet normal 0 0 -1
  outer loop
   vertex -4.50297437312 1.51186037551 -5
   vertex -4.94888820466 1.75242846867 -5
   vertex -4.4775655185 1.58553051927 -5
  endloop
 endfacet
 facet normal -0.939875517823 0.341517219181 0
  outer loop
   vertex -4.94888820466 1.75242846867 -5
   vertex -4.94888820466 1.75242846867 5
   vertex -4.91947269596 1.83338168251 5
  endloop
 endfacet
 facet normal -0.939875517823 0.341517219181 0
  outer loop
   vertex -4.94888820466 1.75242846867 -5
   vertex -4.91947269596 1.83338168251 5
   vertex -4.91947269596 1.83338168251 -5
  endloop
 endfacet
 facet normal 0.939875517823 -0.341517219181 0
  outer loop
   vertex -4.4775655185 1.58553051927 -5
   vertex -4.45095148682 1.65877390322 -5
   vertex -4.45095148682 1.65877390322 5
  endloop
 endfacet
 facet normal 0.939875517823 -0.341517219181 0
  outer loop
   vertex -4.4775655185 1.58553051927 -5
   vertex -4.45095148682 1.65877390322 5
   vertex -4.4775655185 1.58553051927 5
  endloop
 endfacet
 facet normal 0 -0 1
  outer loop
   vertex -4.4775655185 1.58553051927 5
   vertex -4.45095148682 1.65877390322 5
   vertex -4.91947269596 1.83338168251 5
  endloop
 endfacet
 facet normal 0 0 1
  outer loop
   vertex -4.4775655185 1.58553051927 5
   vertex -4.91947269596 1.83338168251 5
   vertex -4.94888820466 1.75242846867 5
  endloop
 endfacet
 facet normal 0 0 -1
  outer loop
   vertex -4.4775655185 1.58553051927 -5
   vertex -4.94888820466 1.75242846867 -5
   vertex -4.91947269596 1.83338168251 -5
  endloop
 endfacet
 facet normal 0 0 -1
  outer loop
   vertex -4.4775655185 1.58553051927 -5
   vertex -4.91947269596 1.83338168251 -5
   vertex -4.45095148682 1.65877390322 -5
  endloop
 endfacet
 facet normal -0.93414626432 0.356890398941 0
  outer loop
   vertex -4.91947269596 1.83338168251 -5
   vertex -4.91947269596 1.83338168251 5
   vertex -4.88873306689 1.91384142516 5
  endloop
 endfacet
 facet normal -0.93414626432 0.356890398941 0
  outer loop
   vertex -4.91947269596 1.83338168251 -5
   vertex -4.88873306689 1.91384142516 5
   vertex -4.88873306689 1.91384142516 -5
  endloop
 endfacet
 facet normal 0.93414626432 -0.356890398941 0
  outer loop
   vertex -4.45095148682 1.65877390322 -5
   vertex -4.42313944148 1.73157081324 -5
   vertex -4.42313944148 1.73157081324 5
  endloop
 endfacet
 facet normal 0.93414626432 -0.356890398941 0
  outer loop
   vertex -4.45095148682 1.65877390322 -5
   vertex -4.42313944148 1.73157081324 5
   vertex -4.45095148682 1.65877390322 5
  endloop
 endfacet
 facet normal 0 -0 1
  outer loop
   vertex -4.45095148682 1.65877390322 5
   vertex -4.42313944148 1.73157081324 5
   vertex -4.88873306689 1.91384142516 5
  endloop
 endfacet
 facet normal 0 0 1
  outer loop
   vertex -4.45095148682 1.65877390322 5
   vertex -4.88873306689 1.91384142516 5
   vertex -4.91947269596 1.83338168251 5
  endloop
 endfacet
 facet normal 0 0 -1
  outer loop
   vertex -4.45095148682 1.65877390322 -5
   vertex -4.91947269596 1.83338168251 -5
   vertex -4.88873306689 1.91384142516 -5
  endloop
 endfacet
 facet normal 0 0 -1
  outer loop
   vertex -4.45095148682 1.65877390322 -5
   vertex -4.88873306689 1.91384142516 -5
   vertex -4.42313944148 1.73157081324 -5
  endloop
 endfacet
 facet normal -0.928165576942 0.372167518438 0
  outer loop
   vertex -4.88873306689 1.91384142516 -5
   vertex -4.88873306689 1.91384142516 5
   vertex -4.85667759132 1.99378604016 5
  endloop
 endfacet
 facet normal -0.928165576942 0.372167518438 0
  outer loop
   vertex -4.88873306689 1.91384142516 -5
   vertex -4.85667759132 1.99378604016 5
   vertex -4.85667759132 1.99378604016 -5
  endloop
 endfacet
 facet normal 0.928165576942 -0.372167518438 0
  outer loop
   vertex -4.42313944148 1.73157081324 -5
   vertex -4.39413686834 1.80390165539 -5
   vertex -4.39413686834 1.80390165539 5
  endloop
 endfacet
 facet normal 0.928165576942 -0.372167518438 0
  outer loop
   vertex -4.42313944148 1.73157081324 -5
   vertex -4.39413686834 1.80390165539 5
   vertex -4.42313944148 1.73157081324 5
  endloop
 endfacet
 facet normal 0 -0 1
  outer loop
   vertex -4.42313944148 1.73157081324 5
   vertex -4.39413686834 1.80390165539 5
   vertex -4.85667759132 1.99378604016 5
  endloop
 endfacet
 facet normal 0 0 1
  outer loop
   vertex -4.42313944148 1.73157081324 5
   vertex -4.85667759132 1.99378604016 5
   vertex -4.88873306689 1.91384142516 5
  endloop
 endfacet
 facet normal 0 0 -1
  outer loop
   vertex -4.42313944148 1.73157081324 -5
   vertex -4.88873306689 1.91384142516 -5
   vertex -4.85667759132 1.99378604016 -5
  endloop
 endfacet
 facet normal 0 0 -1
  outer loop
   vertex -4.42313944148 1.73157081324 -5
   vertex -4.85667759132 1.99378604016 -5
   vertex -4.39413686834 1.80390165539 -5
  endloop
 endfacet
 facet normal -0.921935065443 0.387344465697 0
  outer loop
   vertex -4.85667759132 1.99378604016 -5
   vertex -4.85667759132 1.99378604016 5
   vertex -4.82331489726 2.07319400971 5
  endloop
 endfacet
 facet normal -0.921935065443 0.387344465697 0
  outer loop
   vertex -4.85667759132 1.99378604016 -5
   vertex -4.82331489726 2.07319400971 5
   vertex -4.82331489726 2.07319400971 -5
  endloop
 endfacet
 facet normal 0.921935065443 -0.387344465697 0
  outer loop
   vertex -4.39413686834 1.80390165539 -5
   vertex -4.36395157371 1.87574696116 -5
   vertex -4.36395157371 1.87574696116 5
  endloop
 endfacet
 facet normal 0.921935065443 -0.387344465697 0
  outer loop
   vertex -4.39413686834 1.80390165539 -5
   vertex -4.36395157371 1.87574696116 5
   vertex -4.39413686834 1.80390165539 5
  endloop
 endfacet
 facet normal 0 -0 1
  outer loop
   vertex -4.39413686834 1.80390165539 5
   vertex -4.36395157371 1.87574696116 5
   vertex -4.82331489726 2.07319400971 5
  endloop
 endfacet
 facet normal 0 0 1
  outer loop
   vertex -4.39413686834 1.80390165539 5
   vertex -4.82331489726 2.07319400971 5
   vertex -4.85667759132 1.99378604016 5
  endloop
 endfacet
 facet normal 0 0 -1
  outer loop
   vertex -4.39413686834 1.80390165539 -5
   vertex -4.85667759132 1.99378604016 -5
   vertex -4.82331489726 2.07319400971 -5
  endloop
 endfacet
 facet normal 0 0 -1
  outer loop
   vertex -4.39413686834 1.80390165539 -5
   vertex -4.82331489726 2.07319400971 -5
   vertex -4.36395157371 1.87574696116 -5
  endloop
 endfacet
 facet normal -0.915456406823 0.402417155706 0
  outer loop
   vertex -4.82331489726 2.07319400971 -5
   vertex -4.82331489726 2.07319400971 5
   vertex -4.78865396457 2.15204396042 5
  endloop
 endfacet
 facet normal -0.915456406823 0.402417155706 0
  outer loop
   vertex -4.82331489726 2.07319400971 -5
   vertex -4.78865396457 2.15204396042 5
   vertex -4.78865396457 2.15204396042 -5
  endloop
 endfacet
 facet normal 0.915456406823 -0.402417155706 0
  outer loop
   vertex -4.36395157371 1.87574696116 -5
   vertex -4.33259168223 1.94708739276 -5
   vertex -4.33259168223 1.94708739276 5
  endloop
 endfacet
 facet normal 0.915456406823 -0.402417155706 0
  outer loop
   vertex -4.36395157371 1.87574696116 -5
   vertex -4.33259168223 1.94708739276 5
   vertex -4.36395157371 1.87574696116 5
  endloop
 endfacet
 facet normal 0 -0 1
  outer loop
   vertex -4.36395157371 1.87574696116 5
   vertex -4.33259168223 1.94708739276 5
   vertex -4.78865396457 2.15204396042 5
  endloop
 endfacet
 facet normal 0 0 1
  outer loop
   vertex -4.36395157371 1.87574696116 5
   vertex -4.78865396457 2.15204396042 5
   vertex -4.82331489726 2.07319400971 5
  endloop
 endfacet
 facet normal 0 0 -1
  outer loop
   vertex -4.36395157371 1.87574696116 -5
   vertex -4.82331489726 2.07319400971 -5
   vertex -4.78865396457 2.15204396042 -5
  endloop
 endfacet
 facet normal 0 0 -1
  outer loop
   vertex -4.36395157371 1.87574696116 -5
   vertex -4.78865396457 2.15204396042 -5
   vertex -4.33259168223 1.94708739276 -5
  endloop
 endfacet
 facet normal -0.90873134487 0.417381531515 0
  outer loop
   vertex -4.78865396457 2.15204396042 -5
   vertex -4.78865396457 2.15204396042 5
   vertex -4.75270412256 2.23031466913 5
  endloop
 endfacet
 facet normal -0.90873134487 0.417381531515 0
  outer loop
   vertex -4.78865396457 2.15204396042 -5
   vertex -4.75270412256 2.23031466913 5
   vertex -4.75270412256 2.23031466913 -5
  endloop
 endfacet
 facet normal 0.90873134487 -0.417381531515 0
  outer loop
   vertex -4.33259168223 1.94708739276 -5
   vertex -4.3000656347 2.01790374826 -5
   vertex -4.3000656347 2.01790374826 5
  endloop
 endfacet
 facet normal 0.90873134487 -0.417381531515 0
  outer loop
   vertex -4.33259168223 1.94708739276 -5
   vertex -4.3000656347 2.01790374826 5
   vertex -4.33259168223 1.94708739276 5
  endloop
 endfacet
 facet normal 0 -0 1
  outer loop
   vertex -4.33259168223 1.94708739276 5
   vertex -4.3000656347 2.01790374826 5
   vertex -4.75270412256 2.23031466913 5
  endloop
 endfacet
 facet normal 0 0 1
  outer loop
   vertex -4.33259168223 1.94708739276 5
   vertex -4.75270412256 2.23031466913 5
   vertex -4.78865396457 2.15204396042 5
  endloop
 endfacet
 facet normal 0 0 -1
  outer loop
   vertex -4.33259168223 1.94708739276 -5
   vertex -4.78865396457 2.15204396042 -5
   vertex -4.75270412256 2.23031466913 -5
  endloop
 endfacet
 facet normal 0 0 -1
  outer loop
   vertex -4.33259168223 1.94708739276 -5
   vertex -4.75270412256 2.23031466913 -5
   vertex -4.3000656347 2.01790374826 -5
  endloop
 endfacet
 facet normal -0.901761689696 0.432233565328 0
  outer loop
   vertex -4.75270412256 2.23031466913 -5
   vertex -4.75270412256 2.23031466913 5
   vertex -4.71547504746 2.30798506858 5
  endloop
 endfacet
 facet normal -0.901761689696 0.432233565328 0
  outer loop
   vertex -4.75270412256 2.23031466913 -5
   vertex -4.71547504746 2.30798506858 5
   vertex -4.71547504746 2.30798506858 -5
  endloop
 endfacet
 facet normal 0.901761689696 -0.432233565328 0
  outer loop
   vertex -4.3000656347 2.01790374826 -5
   vertex -4.2663821858 2.08817696681 -5
   vertex -4.2663821858 2.08817696681 5
  endloop
 endfacet
 facet normal 0.901761689696 -0.432233565328 0
  outer loop
   vertex -4.3000656347 2.01790374826 -5
   vertex -4.2663821858 2.08817696681 5
   vertex -4.3000656347 2.01790374826 5
  endloop
 endfacet
 facet normal 0 -0 1
  outer loop
   vertex -4.3000656347 2.01790374826 5
   vertex -4.2663821858 2.08817696681 5
   vertex -4.71547504746 2.30798506858 5
  endloop
 endfacet
 facet normal 0 0 1
  outer loop
   vertex -4.3000656347 2.01790374826 5
   vertex -4.71547504746 2.30798506858 5
   vertex -4.75270412256 2.23031466913 5
  endloop
 endfacet
 facet normal 0 0 -1
  outer loop
   vertex -4.3000656347 2.01790374826 -5
   vertex -4.75270412256 2.23031466913 -5
   vertex -4.71547504746 2.30798506858 -5
  endloop
 endfacet
 facet normal 0 0 -1
  outer loop
   vertex -4.3000656347 2.01790374826 -5
   vertex -4.71547504746 2.30798506858 -5
   vertex -4.2663821858 2.08817696681 -5
  endloop
 endfacet
 facet normal -0.894549317246 0.446969259586 0
  outer loop
   vertex -4.71547504746 2.30798506858 -5
   vertex -4.71547504746 2.30798506858 5
   vertex -4.6769767598 2.38503425306 5
  endloop
 endfacet
 facet normal -0.894549317246 0.446969259586 0
  outer loop
   vertex -4.71547504746 2.30798506858 -5
   vertex -4.6769767598 2.38503425306 5
   vertex -4.6769767598 2.38503425306 -5
  endloop
 endfacet
 facet normal 0.894549317246 -0.446969259586 0
  outer loop
   vertex -4.2663821858 2.08817696681 -5
   vertex -4.23155040173 2.15788813372 -5
   vertex -4.23155040173 2.15788813372 5
  endloop
 endfacet
 facet normal 0.894549317246 -0.446969259586 0
  outer loop
   vertex -4.2663821858 2.08817696681 -5
   vertex -4.23155040173 2.15788813372 5
   vertex -4.2663821858 2.08817696681 5
  endloop
 endfacet
 facet normal 0 -0 1
  outer loop
   vertex -4.2663821858 2.08817696681 5
   vertex -4.23155040173 2.15788813372 5
   vertex -4.6769767598 2.38503425306 5
  endloop
 endfacet
 facet normal 0 0 1
  outer loop
   vertex -4.2663821858 2.08817696681 5
   vertex -4.6769767598 2.38503425306 5
   vertex -4.71547504746 2.30798506858 5
  endloop
 endfacet
 facet normal 0 0 -1
  outer loop
   vertex -4.2663821858 2.08817696681 -5
   vertex -4.71547504746 2.30798506858 -5
   vertex -4.6769767598 2.38503425306 -5
  endloop
 endfacet
 facet normal 0 0 -1
  outer loop
   vertex -4.2663821858 2.08817696681 -5
   vertex -4.6769767598 2.38503425306 -5
   vertex -4.23155040173 2.15788813372 -5
  endloop
 endfacet
 facet normal -0.887096168794 0.461584648045 0
  outer loop
   vertex -4.6769767598 2.38503425306 -5
   vertex -4.6769767598 2.38503425306 5
   vertex -4.63721962175 2.46144148411 5
  endloop
 endfacet
 facet normal -0.887096168794 0.461584648045 0
  outer loop
   vertex -4.6769767598 2.38503425306 -5
   vertex -4.63721962175 2.46144148411 5
   vertex -4.63721962175 2.46144148411 -5
  endloop
 endfacet
 facet normal 0.887096168794 -0.461584648045 0
  outer loop
   vertex -4.23155040173 2.15788813372 -5
   vertex -4.19557965777 2.22701848562 -5
   vertex -4.19557965777 2.22701848562 5
  endloop
 endfacet
 facet normal 0.887096168794 -0.461584648045 0
  outer loop
   vertex -4.23155040173 2.15788813372 -5
   vertex -4.19557965777 2.22701848562 5
   vertex -4.23155040173 2.15788813372 5
  endloop
 endfacet
 facet normal 0 -0 1
  outer loop
   vertex -4.23155040173 2.15788813372 5
   vertex -4.19557965777 2.22701848562 5
   vertex -4.63721962175 2.46144148411 5
  endloop
 endfacet
 facet normal 0 0 1
  outer loop
   vertex -4.23155040173 2.15788813372 5
   vertex -4.63721962175 2.46144148411 5
   vertex -4.6769767598 2.38503425306 5
  endloop
 endfacet
 facet normal 0 0 -1
  outer loop
   vertex -4.23155040173 2.15788813372 -5
   vertex -4.6769767598 2.38503425306 -5
   vertex -4.63721962175 2.46144148411 -5
  endloop
 endfacet
 facet normal 0 0 -1
  outer loop
   vertex -4.23155040173 2.15788813372 -5
   vertex -4.63721962175 2.46144148411 -5
   vertex -4.19557965777 2.22701848562 -5
  endloop
 endfacet
 facet normal -0.879404250424 0.47607579684 0
  outer loop
   vertex -4.63721962175 2.46144148411 -5
   vertex -4.63721962175 2.46144148411 5
   vertex -4.59621433429 2.53718619602 5
  endloop
 endfacet
 facet normal -0.879404250424 0.47607579684 0
  outer loop
   vertex -4.63721962175 2.46144148411 -5
   vertex -4.59621433429 2.53718619602 5
   vertex -4.59621433429 2.53718619602 -5
  endloop
 endfacet
 facet normal 0.879404250424 -0.47607579684 0
  outer loop
   vertex -4.19557965777 2.22701848562 -5
   vertex -4.15847963578 2.29554941545 -5
   vertex -4.15847963578 2.29554941545 5
  endloop
 endfacet
 facet normal 0.879404250424 -0.47607579684 0
  outer loop
   vertex -4.19557965777 2.22701848562 -5
   vertex -4.15847963578 2.29554941545 5
   vertex -4.19557965777 2.22701848562 5
  endloop
 endfacet
 facet normal 0 -0 1
  outer loop
   vertex -4.19557965777 2.22701848562 5
   vertex -4.15847963578 2.29554941545 5
   vertex -4.59621433429 2.53718619602 5
  endloop
 endfacet
 facet normal 0 0 1
  outer loop
   vertex -4.19557965777 2.22701848562 5
   vertex -4.59621433429 2.53718619602 5
   vertex -4.63721962175 2.46144148411 5
  endloop
 endfacet
 facet normal 0 0 -1
  outer loop
   vertex -4.19557965777 2.22701848562 -5
   vertex -4.63721962175 2.46144148411 -5
   vertex -4.59621433429 2.53718619602 -5
  endloop
 endfacet
 facet normal 0 0 -1
  outer loop
   vertex -4.19557965777 2.22701848562 -5
   vertex -4.59621433429 2.53718619602 -5
   vertex -4.15847963578 2.29554941545 -5
  endloop
 endfacet
 facet normal -0.871475632483 0.490438805549 0
  outer loop
   vertex -4.59621433429 2.53718619602 -5
   vertex -4.59621433429 2.53718619602 5
   vertex -4.55397193437 2.61224800143 5
  endloop
 endfacet
 facet normal -0.871475632483 0.490438805549 0
  outer loop
   vertex -4.59621433429 2.53718619602 -5
   vertex -4.55397193437 2.61224800143 5
   vertex -4.55397193437 2.61224800143 -5
  endloop
 endfacet
 facet normal 0.871475632483 -0.490438805549 0
  outer loop
   vertex -4.15847963578 2.29554941545 -5
   vertex -4.12026032157 2.36346247749 -5
   vertex -4.12026032157 2.36346247749 5
  endloop
 endfacet
 facet normal 0.871475632483 -0.490438805549 0
  outer loop
   vertex -4.15847963578 2.29554941545 -5
   vertex -4.12026032157 2.36346247749 5
   vertex -4.15847963578 2.29554941545 5
  endloop
 endfacet
 facet normal 0 -0 1
  outer loop
   vertex -4.15847963578 2.29554941545 5
   vertex -4.12026032157 2.36346247749 5
   vertex -4.55397193437 2.61224800143 5
  endloop
 endfacet
 facet normal 0 0 1
  outer loop
   vertex -4.15847963578 2.29554941545 5
   vertex -4.55397193437 2.61224800143 5
   vertex -4.59621433429 2.53718619602 5
  endloop
 endfacet
 facet normal 0 0 -1
  outer loop
   vertex -4.15847963578 2.29554941545 -5
   vertex -4.59621433429 2.53718619602 -5
   vertex -4.55397193437 2.61224800143 -5
  endloop
 endfacet
 facet normal 0 0 -1
  outer loop
   vertex -4.15847963578 2.29554941545 -5
   vertex -4.55397193437 2.61224800143 -5
   vertex -4.12026032157 2.36346247749 -5
  endloop
 endfacet
 facet normal -0.863312449031 0.504669808239 0
  outer loop
   vertex -4.55397193437 2.61224800143 -5
   vertex -4.55397193437 2.61224800143 5
   vertex -4.51050379191 2.68660669678 5
  endloop
 endfacet
 facet normal -0.863312449031 0.504669808239 0
  outer loop
   vertex -4.55397193437 2.61224800143 -5
   vertex -4.51050379191 2.68660669678 5
   vertex -4.51050379191 2.68660669678 -5
  endloop
 endfacet
 facet normal 0.863312449031 -0.504669808239 0
  outer loop
   vertex -4.12026032157 2.36346247749 -5
   vertex -4.0809320022 2.43073939232 -5
   vertex -4.0809320022 2.43073939232 5
  endloop
 endfacet
 facet normal 0.863312449031 -0.504669808239 0
  outer loop
   vertex -4.12026032157 2.36346247749 -5
   vertex -4.0809320022 2.43073939232 5
   vertex -4.12026032157 2.36346247749 5
  endloop
 endfacet
 facet normal 0 -0 1
  outer loop
   vertex -4.12026032157 2.36346247749 5
   vertex -4.0809320022 2.43073939232 5
   vertex -4.51050379191 2.68660669678 5
  endloop
 endfacet
 facet normal 0 0 1
  outer loop
   vertex -4.12026032157 2.36346247749 5
   vertex -4.51050379191 2.68660669678 5
   vertex -4.55397193437 2.61224800143 5
  endloop
 endfacet
 facet normal 0 0 -1
  outer loop
   vertex -4.12026032157 2.36346247749 -5
   vertex -4.55397193437 2.61224800143 -5
   vertex -4.51050379191 2.68660669678 -5
  endloop
 endfacet
 facet normal 0 0 -1
  outer loop
   vertex -4.12026032157 2.36346247749 -5
   vertex -4.51050379191 2.68660669678 -5
   vertex -4.0809320022 2.43073939232 -5
  endloop
 endfacet
 facet normal -0.854916897262 0.518764974507 0
  outer loop
   vertex -4.51050379191 2.68660669678 -5
   vertex -4.51050379191 2.68660669678 5
   vertex -4.46582160675 2.76024226775 5
  endloop
 endfacet
 facet normal -0.854916897262 0.518764974507 0
  outer loop
   vertex -4.51050379191 2.68660669678 -5
   vertex -4.46582160675 2.76024226775 5
   vertex -4.46582160675 2.76024226775 -5
  endloop
 endfacet
 facet normal 0.854916897262 -0.518764974507 0
  outer loop
   vertex -4.0809320022 2.43073939232 -5
   vertex -4.04050526325 2.49736205177 -5
   vertex -4.04050526325 2.49736205177 5
  endloop
 endfacet
 facet normal 0.854916897262 -0.518764974507 0
  outer loop
   vertex -4.0809320022 2.43073939232 -5
   vertex -4.04050526325 2.49736205177 5
   vertex -4.0809320022 2.43073939232 5
  endloop
 endfacet
 facet normal 0 -0 1
  outer loop
   vertex -4.0809320022 2.43073939232 5
   vertex -4.04050526325 2.49736205177 5
   vertex -4.46582160675 2.76024226775 5
  endloop
 endfacet
 facet normal 0 0 1
  outer loop
   vertex -4.0809320022 2.43073939232 5
   vertex -4.46582160675 2.76024226775 5
   vertex -4.51050379191 2.68660669678 5
  endloop
 endfacet
 facet normal 0 0 -1
  outer loop
   vertex -4.0809320022 2.43073939232 -5
   vertex -4.51050379191 2.68660669678 -5
   vertex -4.46582160675 2.76024226775 -5
  endloop
 endfacet
 facet normal 0 0 -1
  outer loop
   vertex -4.0809320022 2.43073939232 -5
   vertex -4.46582160675 2.76024226775 -5
   vertex -4.04050526325 2.49736205177 -5
  endloop
 endfacet
 facet normal -0.846291236915 0.532720510513 0
  outer loop
   vertex -4.46582160675 2.76024226775 -5
   vertex -4.46582160675 2.76024226775 5
   vertex -4.41993740551 2.83313489467 5
  endloop
 endfacet
 facet normal -0.846291236915 0.532720510513 0
  outer loop
   vertex -4.46582160675 2.76024226775 -5
   vertex -4.41993740551 2.83313489467 5
   vertex -4.41993740551 2.83313489467 -5
  endloop
 endfacet
 facet normal 0.846291236915 -0.532720510513 0
  outer loop
   vertex -4.04050526325 2.49736205177 -5
   vertex -3.99899098594 2.56331252374 -5
   vertex -3.99899098594 2.56331252374 5
  endloop
 endfacet
 facet normal 0.846291236915 -0.532720510513 0
  outer loop
   vertex -4.04050526325 2.49736205177 -5
   vertex -3.99899098594 2.56331252374 5
   vertex -4.04050526325 2.49736205177 5
  endloop
 endfacet
 facet normal 0 -0 1
  outer loop
   vertex -4.04050526325 2.49736205177 5
   vertex -3.99899098594 2.56331252374 5
   vertex -4.41993740551 2.83313489467 5
  endloop
 endfacet
 facet normal 0 0 1
  outer loop
   vertex -4.04050526325 2.49736205177 5
   vertex -4.41993740551 2.83313489467 5
   vertex -4.46582160675 2.76024226775 5
  endloop
 endfacet
 facet normal 0 0 -1
  outer loop
   vertex -4.04050526325 2.49736205177 -5
   vertex -4.46582160675 2.76024226775 -5
   vertex -4.41993740551 2.83313489467 -5
  endloop
 endfacet
 facet normal 0 0 -1
  outer loop
   vertex -4.04050526325 2.49736205177 -5
   vertex -4.41993740551 2.83313489467 -5
   vertex -3.99899098594 2.56331252374 -5
  endloop
 endfacet
 facet normal -0.837437789663 0.546532659998 0
  outer loop
   vertex -4.41993740551 2.83313489467 -5
   vertex -4.41993740551 2.83313489467 5
   vertex -4.37286353833 2.90526495782 5
  endloop
 endfacet
 facet normal -0.837437789663 0.546532659998 0
  outer loop
   vertex -4.41993740551 2.83313489467 -5
   vertex -4.37286353833 2.90526495782 5
   vertex -4.37286353833 2.90526495782 -5
  endloop
 endfacet
 facet normal 0.837437789663 -0.546532659998 0
  outer loop
   vertex -3.99899098594 2.56331252374 -5
   vertex -3.9564003442 2.62857305708 -5
   vertex -3.9564003442 2.62857305708 5
  endloop
 endfacet
 facet normal 0.837437789663 -0.546532659998 0
  outer loop
   vertex -3.99899098594 2.56331252374 -5
   vertex -3.9564003442 2.62857305708 5
   vertex -3.99899098594 2.56331252374 5
  endloop
 endfacet
 facet normal 0 -0 1
  outer loop
   vertex -3.99899098594 2.56331252374 5
   vertex -3.9564003442 2.62857305708 5
   vertex -4.37286353833 2.90526495782 5
  endloop
 endfacet
 facet normal 0 0 1
  outer loop
   vertex -3.99899098594 2.56331252374 5
   vertex -4.37286353833 2.90526495782 5
   vertex -4.41993740551 2.83313489467 5
  endloop
 endfacet
 facet normal 0 0 -1
  outer loop
   vertex -3.99899098594 2.56331252374 -5
   vertex -4.41993740551 2.83313489467 -5
   vertex -4.37286353833 2.90526495782 -5
  endloop
 endfacet
 facet normal 0 0 -1
  outer loop
   vertex -3.99899098594 2.56331252374 -5
   vertex -4.37286353833 2.90526495782 -5
   vertex -3.9564003442 2.62857305708 -5
  endloop
 endfacet
 facet normal -0.828358938492 0.560197705298 0
  outer loop
   vertex -4.37286353833 2.90526495782 -5
   vertex -4.37286353833 2.90526495782 5
   vertex -4.32461267556 2.97661304276 5
  endloop
 endfacet
 facet normal -0.828358938492 0.560197705298 0
  outer loop
   vertex -4.37286353833 2.90526495782 -5
   vertex -4.32461267556 2.97661304276 5
   vertex -4.32461267556 2.97661304276 -5
  endloop
 endfacet
 facet normal 0.828358938492 -0.560197705298 0
  outer loop
   vertex -3.9564003442 2.62857305708 -5
   vertex -3.9127448017 2.69312608631 -5
   vertex -3.9127448017 2.69312608631 5
  endloop
 endfacet
 facet normal 0.828358938492 -0.560197705298 0
  outer loop
   vertex -3.9564003442 2.62857305708 -5
   vertex -3.9127448017 2.69312608631 5
   vertex -3.9564003442 2.62857305708 5
  endloop
 endfacet
 facet normal 0 -0 1
  outer loop
   vertex -3.9564003442 2.62857305708 5
   vertex -3.9127448017 2.69312608631 5
   vertex -4.32461267556 2.97661304276 5
  endloop
 endfacet
 facet normal 0 0 1
  outer loop
   vertex -3.9564003442 2.62857305708 5
   vertex -4.32461267556 2.97661304276 5
   vertex -4.37286353833 2.90526495782 5
  endloop
 endfacet
 facet normal 0 0 -1
  outer loop
   vertex -3.9564003442 2.62857305708 -5
   vertex -4.37286353833 2.90526495782 -5
   vertex -4.32461267556 2.97661304276 -5
  endloop
 endfacet
 facet normal 0 0 -1
  outer loop
   vertex -3.9564003442 2.62857305708 -5
   vertex -4.32461267556 2.97661304276 -5
   vertex -3.9127448017 2.69312608631 -5
  endloop
 endfacet
 facet normal -0.819057127056 0.573711968342 0
  outer loop
   vertex -4.32461267556 2.97661304276 -5
   vertex -4.32461267556 2.97661304276 5
   vertex -4.27519780437 3.04715994551 5
  endloop
 endfacet
 facet normal -0.819057127056 0.573711968342 0
  outer loop
   vertex -4.32461267556 2.97661304276 -5
   vertex -4.27519780437 3.04715994551 5
   vertex -4.27519780437 3.04715994551 -5
  endloop
 endfacet
 facet normal 0.819057127056 -0.573711968342 0
  outer loop
   vertex -3.9127448017 2.69312608631 -5
   vertex -3.86803610871 2.75695423641 -5
   vertex -3.86803610871 2.75695423641 5
  endloop
 endfacet
 facet normal 0.819057127056 -0.573711968342 0
  outer loop
   vertex -3.9127448017 2.69312608631 -5
   vertex -3.86803610871 2.75695423641 5
   vertex -3.9127448017 2.69312608631 5
  endloop
 endfacet
 facet normal 0 -0 1
  outer loop
   vertex -3.9127448017 2.69312608631 5
   vertex -3.86803610871 2.75695423641 5
   vertex -4.27519780437 3.04715994551 5
  endloop
 endfacet
 facet normal 0 0 1
  outer loop
   vertex -3.9127448017 2.69312608631 5
   vertex -4.27519780437 3.04715994551 5
   vertex -4.32461267556 2.97661304276 5
  endloop
 endfacet
 facet normal 0 0 -1
  outer loop
   vertex -3.9127448017 2.69312608631 -5
   vertex -4.32461267556 2.97661304276 -5
   vertex -4.27519780437 3.04715994551 -5
  endloop
 endfacet
 facet normal 0 0 -1
  outer loop
   vertex -3.9127448017 2.69312608631 -5
   vertex -4.27519780437 3.04715994551 -5
   vertex -3.86803610871 2.75695423641 -5
  endloop
 endfacet
 facet normal -0.809534859021 0.587071811646 0
  outer loop
   vertex -4.27519780437 3.04715994551 -5
   vertex -4.27519780437 3.04715994551 5
   vertex -4.2246322252 3.11688667773 5
  endloop
 endfacet
 facet normal -0.809534859021 0.587071811646 0
  outer loop
   vertex -4.27519780437 3.04715994551 -5
   vertex -4.2246322252 3.11688667773 5
   vertex -4.2246322252 3.11688667773 -5
  endloop
 endfacet
 facet normal 0.809534859021 -0.587071811646 0
  outer loop
   vertex -3.86803610871 2.75695423641 -5
   vertex -3.82228629899 2.82004032747 -5
   vertex -3.82228629899 2.82004032747 5
  endloop
 endfacet
 facet normal 0.809534859021 -0.587071811646 0
  outer loop
   vertex -3.86803610871 2.75695423641 -5
   vertex -3.82228629899 2.82004032747 5
   vertex -3.86803610871 2.75695423641 5
  endloop
 endfacet
 facet normal 0 -0 1
  outer loop
   vertex -3.86803610871 2.75695423641 5
   vertex -3.82228629899 2.82004032747 5
   vertex -4.2246322252 3.11688667773 5
  endloop
 endfacet
 facet normal 0 0 1
  outer loop
   vertex -3.86803610871 2.75695423641 5
   vertex -4.2246322252 3.11688667773 5
   vertex -4.27519780437 3.04715994551 5
  endloop
 endfacet
 facet normal 0 0 -1
  outer loop
   vertex -3.86803610871 2.75695423641 -5
   vertex -4.27519780437 3.04715994551 -5
   vertex -4.2246322252 3.11688667773 -5
  endloop
 endfacet
 facet normal 0 0 -1
  outer loop
   vertex -3.86803610871 2.75695423641 -5
   vertex -4.2246322252 3.11688667773 -5
   vertex -3.82228629899 2.82004032747 -5
  endloop
 endfacet
 facet normal -0.799794697392 0.600273639288 0
  outer loop
   vertex -4.2246322252 3.11688667773 -5
   vertex -4.2246322252 3.11688667773 5
   vertex -4.17292954824 3.18577447184 5
  endloop
 endfacet
 facet normal -0.799794697392 0.600273639288 0
  outer loop
   vertex -4.2246322252 3.11688667773 -5
   vertex -4.17292954824 3.18577447184 5
   vertex -4.17292954824 3.18577447184 -5
  endloop
 endfacet
 facet normal 0.799794697392 -0.600273639288 0
  outer loop
   vertex -3.82228629899 2.82004032747 -5
   vertex -3.7755076865 2.88236737928 -5
   vertex -3.7755076865 2.88236737928 5
  endloop
 endfacet
 facet normal 0.799794697392 -0.600273639288 0
  outer loop
   vertex -3.82228629899 2.82004032747 -5
   vertex -3.7755076865 2.88236737928 5
   vertex -3.82228629899 2.82004032747 5
  endloop
 endfacet
 facet normal 0 -0 1
  outer loop
   vertex -3.82228629899 2.82004032747 5
   vertex -3.7755076865 2.88236737928 5
   vertex -4.17292954824 3.18577447184 5
  endloop
 endfacet
 facet normal 0 0 1
  outer loop
   vertex -3.82228629899 2.82004032747 5
   vertex -4.17292954824 3.18577447184 5
   vertex -4.2246322252 3.11688667773 5
  endloop
 endfacet
 facet normal 0 0 -1
  outer loop
   vertex -3.82228629899 2.82004032747 -5
   vertex -4.2246322252 3.11688667773 -5
   vertex -4.17292954824 3.18577447184 -5
  endloop
 endfacet
 facet normal 0 0 -1
  outer loop
   vertex -3.82228629899 2.82004032747 -5
   vertex -4.17292954824 3.18577447184 -5
   vertex -3.7755076865 2.88236737928 -5
  endloop
 endfacet
 facet normal -0.789839263821 0.613313897876 0
  outer loop
   vertex -4.17292954824 3.18577447184 -5
   vertex -4.17292954824 3.18577447184 5
   vertex -4.12010368973 3.25380478608 5
  endloop
 endfacet
 facet normal -0.789839263821 0.613313897876 0
  outer loop
   vertex -4.17292954824 3.18577447184 -5
   vertex -4.12010368973 3.25380478608 5
   vertex -4.12010368973 3.25380478608 -5
  endloop
 endfacet
 facet normal 0.789839263821 -0.613313897876 0
  outer loop
   vertex -3.7755076865 2.88236737928 -5
   vertex -3.72771286213 2.94391861597 -5
   vertex -3.72771286213 2.94391861597 5
  endloop
 endfacet
 facet normal 0.789839263821 -0.613313897876 0
  outer loop
   vertex -3.7755076865 2.88236737928 -5
   vertex -3.72771286213 2.94391861597 5
   vertex -3.7755076865 2.88236737928 5
  endloop
 endfacet
 facet normal 0 -0 1
  outer loop
   vertex -3.7755076865 2.88236737928 5
   vertex -3.72771286213 2.94391861597 5
   vertex -4.12010368973 3.25380478608 5
  endloop
 endfacet
 facet normal 0 0 1
  outer loop
   vertex -3.7755076865 2.88236737928 5
   vertex -4.12010368973 3.25380478608 5
   vertex -4.17292954824 3.18577447184 5
  endloop
 endfacet
 facet normal 0 0 -1
  outer loop
   vertex -3.7755076865 2.88236737928 -5
   vertex -4.17292954824 3.18577447184 -5
   vertex -4.12010368973 3.25380478608 -5
  endloop
 endfacet
 facet normal 0 0 -1
  outer loop
   vertex -3.7755076865 2.88236737928 -5
   vertex -4.12010368973 3.25380478608 -5
   vertex -3.72771286213 2.94391861597 -5
  endloop
 endfacet
 facet normal -0.779671237902 0.626189077507 0
  outer loop
   vertex -4.12010368973 3.25380478608 -5
   vertex -4.12010368973 3.25380478608 5
   vertex -4.06616886822 3.32095930946 5
  endloop
 endfacet
 facet normal -0.779671237902 0.626189077507 0
  outer loop
   vertex -4.12010368973 3.25380478608 -5
   vertex -4.06616886822 3.32095930946 5
   vertex -4.06616886822 3.32095930946 -5
  endloop
 endfacet
 facet normal 0.779671237902 -0.626189077507 0
  outer loop
   vertex -3.72771286213 2.94391861597 -5
   vertex -3.67891469029 3.00467747047 -5
   vertex -3.67891469029 3.00467747047 5
  endloop
 endfacet
 facet normal 0.779671237902 -0.626189077507 0
  outer loop
   vertex -3.72771286213 2.94391861597 -5
   vertex -3.67891469029 3.00467747047 5
   vertex -3.72771286213 2.94391861597 5
  endloop
 endfacet
 facet normal 0 -0 1
  outer loop
   vertex -3.72771286213 2.94391861597 5
   vertex -3.67891469029 3.00467747047 5
   vertex -4.06616886822 3.32095930946 5
  endloop
 endfacet
 facet normal 0 0 1
  outer loop
   vertex -3.72771286213 2.94391861597 5
   vertex -4.06616886822 3.32095930946 5
   vertex -4.12010368973 3.25380478608 5
  endloop
 endfacet
 facet normal 0 0 -1
  outer loop
   vertex -3.72771286213 2.94391861597 -5
   vertex -4.12010368973 3.25380478608 -5
   vertex -4.06616886822 3.32095930946 -5
  endloop
 endfacet
 facet normal 0 0 -1
  outer loop
   vertex -3.72771286213 2.94391861597 -5
   vertex -4.06616886822 3.32095930946 -5
   vertex -3.67891469029 3.00467747047 -5
  endloop
 endfacet
 facet normal -0.769293356451 0.638895712711 0
  outer loop
   vertex -4.06616886822 3.32095930946 -5
   vertex -4.06616886822 3.32095930946 5
   vertex -4.01113960076 3.38721996676 5
  endloop
 endfacet
 facet normal -0.769293356451 0.638895712711 0
  outer loop
   vertex -4.06616886822 3.32095930946 -5
   vertex -4.01113960076 3.38721996676 5
   vertex -4.01113960076 3.38721996676 -5
  endloop
 endfacet
 facet normal 0.769293356451 -0.638895712711 0
  outer loop
   vertex -3.67891469029 3.00467747047 -5
   vertex -3.62912630545 3.06462758897 -5
   vertex -3.62912630545 3.06462758897 5
  endloop
 endfacet
 facet normal 0.769293356451 -0.638895712711 0
  outer loop
   vertex -3.67891469029 3.00467747047 -5
   vertex -3.62912630545 3.06462758897 5
   vertex -3.67891469029 3.00467747047 5
  endloop
 endfacet
 facet normal 0 -0 1
  outer loop
   vertex -3.67891469029 3.00467747047 5
   vertex -3.62912630545 3.06462758897 5
   vertex -4.01113960076 3.38721996676 5
  endloop
 endfacet
 facet normal 0 0 1
  outer loop
   vertex -3.67891469029 3.00467747047 5
   vertex -4.01113960076 3.38721996676 5
   vertex -4.06616886822 3.32095930946 5
  endloop
 endfacet
 facet normal 0 0 -1
  outer loop
   vertex -3.67891469029 3.00467747047 -5
   vertex -4.06616886822 3.32095930946 -5
   vertex -4.01113960076 3.38721996676 -5
  endloop
 endfacet
 facet normal 0 0 -1
  outer loop
   vertex -3.67891469029 3.00467747047 -5
   vertex -4.01113960076 3.38721996676 -5
   vertex -3.62912630545 3.06462758897 -5
  endloop
 endfacet
 facet normal -0.758708412768 0.651430383384 0
  outer loop
   vertex -4.01113960076 3.38721996676 -5
   vertex -4.01113960076 3.38721996676 5
   vertex -3.95503069897 3.45256892331 5
  endloop
 endfacet
 facet normal -0.758708412768 0.651430383384 0
  outer loop
   vertex -4.01113960076 3.38721996676 -5
   vertex -3.95503069897 3.45256892331 5
   vertex -3.95503069897 3.45256892331 -5
  endloop
 endfacet
 facet normal 0.758708412768 -0.651430383384 0
  outer loop
   vertex -3.62912630545 3.06462758897 -5
   vertex -3.57836110859 3.12375283538 -5
   vertex -3.57836110859 3.12375283538 5
  endloop
 endfacet
 facet normal 0.758708412768 -0.651430383384 0
  outer loop
   vertex -3.62912630545 3.06462758897 -5
   vertex -3.57836110859 3.12375283538 5
   vertex -3.62912630545 3.06462758897 5
  endloop
 endfacet
 facet normal 0 -0 1
  outer loop
   vertex -3.62912630545 3.06462758897 5
   vertex -3.57836110859 3.12375283538 5
   vertex -3.95503069897 3.45256892331 5
  endloop
 endfacet
 facet normal 0 0 1
  outer loop
   vertex -3.62912630545 3.06462758897 5
   vertex -3.95503069897 3.45256892331 5
   vertex -4.01113960076 3.38721996676 5
  endloop
 endfacet
 facet normal 0 0 -1
  outer loop
   vertex -3.62912630545 3.06462758897 -5
   vertex -4.01113960076 3.38721996676 -5
   vertex -3.95503069897 3.45256892331 -5
  endloop
 endfacet
 facet normal 0 0 -1
  outer loop
   vertex -3.62912630545 3.06462758897 -5
   vertex -3.95503069897 3.45256892331 -5
   vertex -3.57836110859 3.12375283538 -5
  endloop
 endfacet
 facet normal -0.747919255886 0.663789715704 0
  outer loop
   vertex -3.95503069897 3.45256892331 -5
   vertex -3.95503069897 3.45256892331 5
   vertex -3.89785726506 3.51698858986 5
  endloop
 endfacet
 facet normal -0.747919255886 0.663789715704 0
  outer loop
   vertex -3.95503069897 3.45256892331 -5
   vertex -3.89785726506 3.51698858986 5
   vertex -3.89785726506 3.51698858986 -5
  endloop
 endfacet
 facet normal 0.747919255886 -0.663789715704 0
  outer loop
   vertex -3.57836110859 3.12375283538 -5
   vertex -3.52663276363 3.18203729559 -5
   vertex -3.52663276363 3.18203729559 5
  endloop
 endfacet
 facet normal 0.747919255886 -0.663789715704 0
  outer loop
   vertex -3.57836110859 3.12375283538 -5
   vertex -3.52663276363 3.18203729559 5
   vertex -3.57836110859 3.12375283538 5
  endloop
 endfacet
 facet normal 0 -0 1
  outer loop
   vertex -3.57836110859 3.12375283538 5
   vertex -3.52663276363 3.18203729559 5
   vertex -3.89785726506 3.51698858986 5
  endloop
 endfacet
 facet normal 0 0 1
  outer loop
   vertex -3.57836110859 3.12375283538 5
   vertex -3.89785726506 3.51698858986 5
   vertex -3.95503069897 3.45256892331 5
  endloop
 endfacet
 facet normal 0 0 -1
  outer loop
   vertex -3.57836110859 3.12375283538 -5
   vertex -3.95503069897 3.45256892331 -5
   vertex -3.89785726506 3.51698858986 -5
  endloop
 endfacet
 facet normal 0 0 -1
  outer loop
   vertex -3.57836110859 3.12375283538 -5
   vertex -3.89785726506 3.51698858986 -5
   vertex -3.52663276363 3.18203729559 -5
  endloop
 endfacet
 facet normal -0.736928789804 0.675970383048 0
  outer loop
   vertex -3.89785726506 3.51698858986 -5
   vertex -3.89785726506 3.51698858986 5
   vertex -3.83963468779 3.58046162727 5
  endloop
 endfacet
 facet normal -0.736928789804 0.675970383048 0
  outer loop
   vertex -3.89785726506 3.51698858986 -5
   vertex -3.83963468779 3.58046162727 5
   vertex -3.83963468779 3.58046162727 -5
  endloop
 endfacet
 facet normal 0.736928789804 -0.675970383048 0
  outer loop
   vertex -3.52663276363 3.18203729559 -5
   vertex -3.47395519371 3.23946528181 -5
   vertex -3.47395519371 3.23946528181 5
  endloop
 endfacet
 facet normal 0.736928789804 -0.675970383048 0
  outer loop
   vertex -3.52663276363 3.18203729559 -5
   vertex -3.47395519371 3.23946528181 5
   vertex -3.52663276363 3.18203729559 5
  endloop
 endfacet
 facet normal 0 -0 1
  outer loop
   vertex -3.52663276363 3.18203729559 5
   vertex -3.47395519371 3.23946528181 5
   vertex -3.83963468779 3.58046162727 5
  endloop
 endfacet
 facet normal 0 0 1
  outer loop
   vertex -3.52663276363 3.18203729559 5
   vertex -3.83963468779 3.58046162727 5
   vertex -3.89785726506 3.51698858986 5
  endloop
 endfacet
 facet normal 0 0 -1
  outer loop
   vertex -3.52663276363 3.18203729559 -5
   vertex -3.89785726506 3.51698858986 -5
   vertex -3.83963468779 3.58046162727 -5
  endloop
 endfacet
 facet normal 0 0 -1
  outer loop
   vertex -3.52663276363 3.18203729559 -5
   vertex -3.83963468779 3.58046162727 -5
   vertex -3.47395519371 3.23946528181 -5
  endloop
 endfacet
 facet normal -0.725739972705 0.687969106878 0
  outer loop
   vertex -3.83963468779 3.58046162727 -5
   vertex -3.83963468779 3.58046162727 5
   vertex -3.78037863827 3.6429709512 5
  endloop
 endfacet
 facet normal -0.725739972705 0.687969106878 0
  outer loop
   vertex -3.83963468779 3.58046162727 -5
   vertex -3.78037863827 3.6429709512 5
   vertex -3.78037863827 3.6429709512 -5
  endloop
 endfacet
 facet normal 0.725739972705 -0.687969106878 0
  outer loop
   vertex -3.47395519371 3.23946528181 -5
   vertex -3.42034257749 3.2960213368 -5
   vertex -3.42034257749 3.2960213368 5
  endloop
 endfacet
 facet normal 0.725739972705 -0.687969106878 0
  outer loop
   vertex -3.47395519371 3.23946528181 -5
   vertex -3.42034257749 3.2960213368 5
   vertex -3.47395519371 3.23946528181 5
  endloop
 endfacet
 facet normal 0 -0 1
  outer loop
   vertex -3.47395519371 3.23946528181 5
   vertex -3.42034257749 3.2960213368 5
   vertex -3.78037863827 3.6429709512 5
  endloop
 endfacet
 facet normal 0 0 1
  outer loop
   vertex -3.47395519371 3.23946528181 5
   vertex -3.78037863827 3.6429709512 5
   vertex -3.83963468779 3.58046162727 5
  endloop
 endfacet
 facet normal 0 0 -1
  outer loop
   vertex -3.47395519371 3.23946528181 -5
   vertex -3.83963468779 3.58046162727 -5
   vertex -3.78037863827 3.6429709512 -5
  endloop
 endfacet
 facet normal 0 0 -1
  outer loop
   vertex -3.47395519371 3.23946528181 -5
   vertex -3.78037863827 3.6429709512 -5
   vertex -3.42034257749 3.2960213368 -5
  endloop
 endfacet
 facet normal -0.714355816159 0.69978265763 0
  outer loop
   vertex -3.78037863827 3.6429709512 -5
   vertex -3.78037863827 3.6429709512 5
   vertex -3.72010506582 3.70449973671 5
  endloop
 endfacet
 facet normal -0.714355816159 0.69978265763 0
  outer loop
   vertex -3.78037863827 3.6429709512 -5
   vertex -3.72010506582 3.70449973671 5
   vertex -3.72010506582 3.70449973671 -5
  endloop
 endfacet
 facet normal 0.714355816159 -0.69978265763 0
  outer loop
   vertex -3.42034257749 3.2960213368 -5
   vertex -3.36580934527 3.35169023797 -5
   vertex -3.36580934527 3.35169023797 5
  endloop
 endfacet
 facet normal 0.714355816159 -0.69978265763 0
  outer loop
   vertex -3.42034257749 3.2960213368 -5
   vertex -3.36580934527 3.35169023797 5
   vertex -3.42034257749 3.2960213368 5
  endloop
 endfacet
 facet normal 0 -0 1
  outer loop
   vertex -3.42034257749 3.2960213368 5
   vertex -3.36580934527 3.35169023797 5
   vertex -3.72010506582 3.70449973671 5
  endloop
 endfacet
 facet normal 0 0 1
  outer loop
   vertex -3.42034257749 3.2960213368 5
   vertex -3.72010506582 3.70449973671 5
   vertex -3.78037863827 3.6429709512 5
  endloop
 endfacet
 facet normal 0 0 -1
  outer loop
   vertex -3.42034257749 3.2960213368 -5
   vertex -3.78037863827 3.6429709512 -5
   vertex -3.72010506582 3.70449973671 -5
  endloop
 endfacet
 facet normal 0 0 -1
  outer loop
   vertex -3.42034257749 3.2960213368 -5
   vertex -3.72010506582 3.70449973671 -5
   vertex -3.36580934527 3.35169023797 -5
  endloop
 endfacet
 facet normal -0.702779384315 0.711407855581 0
  outer loop
   vertex -3.72010506582 3.70449973671 -5
   vertex -3.72010506582 3.70449973671 5
   vertex -3.6588301936 3.76503142276 5
  endloop
 endfacet
 facet normal -0.702779384315 0.711407855581 0
  outer loop
   vertex -3.72010506582 3.70449973671 -5
   vertex -3.6588301936 3.76503142276 5
   vertex -3.6588301936 3.76503142276 -5
  endloop
 endfacet
 facet normal 0.702779384315 -0.711407855581 0
  outer loop
   vertex -3.36580934527 3.35169023797 -5
   vertex -3.31037017516 3.40645700155 -5
   vertex -3.31037017516 3.40645700155 5
  endloop
 endfacet
 facet normal 0.702779384315 -0.711407855581 0
  outer loop
   vertex -3.36580934527 3.35169023797 -5
   vertex -3.31037017516 3.40645700155 5
   vertex -3.36580934527 3.35169023797 5
  endloop
 endfacet
 facet normal 0 -0 1
  outer loop
   vertex -3.36580934527 3.35169023797 5
   vertex -3.31037017516 3.40645700155 5
   vertex -3.6588301936 3.76503142276 5
  endloop
 endfacet
 facet normal 0 0 1
  outer loop
   vertex -3.36580934527 3.35169023797 5
   vertex -3.6588301936 3.76503142276 5
   vertex -3.72010506582 3.70449973671 5
  endloop
 endfacet
 facet normal 0 0 -1
  outer loop
   vertex -3.36580934527 3.35169023797 -5
   vertex -3.72010506582 3.70449973671 -5
   vertex -3.6588301936 3.76503142276 -5
  endloop
 endfacet
 facet normal 0 0 -1
  outer loop
   vertex -3.36580934527 3.35169023797 -5
   vertex -3.6588301936 3.76503142276 -5
   vertex -3.31037017516 3.40645700155 -5
  endloop
 endfacet
 facet normal -0.691013793073 0.722841571703 0
  outer loop
   vertex -3.6588301936 3.76503142276 -5
   vertex -3.6588301936 3.76503142276 5
   vertex -3.5965705143 3.82454971672 5
  endloop
 endfacet
 facet normal -0.691013793073 0.722841571703 0
  outer loop
   vertex -3.6588301936 3.76503142276 -5
   vertex -3.5965705143 3.82454971672 5
   vertex -3.5965705143 3.82454971672 -5
  endloop
 endfacet
 facet normal 0.691013793073 -0.722841571703 0
  outer loop
   vertex -3.31037017516 3.40645700155 -5
   vertex -3.25403998913 3.46030688656 -5
   vertex -3.25403998913 3.46030688656 5
  endloop
 endfacet
 facet normal 0.691013793073 -0.722841571703 0
  outer loop
   vertex -3.31037017516 3.40645700155 -5
   vertex -3.25403998913 3.46030688656 5
   vertex -3.31037017516 3.40645700155 5
  endloop
 endfacet
 facet normal 0 -0 1
  outer loop
   vertex -3.31037017516 3.40645700155 5
   vertex -3.25403998913 3.46030688656 5
   vertex -3.5965705143 3.82454971672 5
  endloop
 endfacet
 facet normal 0 0 1
  outer loop
   vertex -3.31037017516 3.40645700155 5
   vertex -3.5965705143 3.82454971672 5
   vertex -3.6588301936 3.76503142276 5
  endloop
 endfacet
 facet normal 0 0 -1
  outer loop
   vertex -3.31037017516 3.40645700155 -5
   vertex -3.6588301936 3.76503142276 -5
   vertex -3.5965705143 3.82454971672 -5
  endloop
 endfacet
 facet normal 0 0 -1
  outer loop
   vertex -3.31037017516 3.40645700155 -5
   vertex -3.5965705143 3.82454971672 -5
   vertex -3.25403998913 3.46030688656 -5
  endloop
 endfacet
 facet normal -0.679062209249 0.73408072851 0
  outer loop
   vertex -3.5965705143 3.82454971672 -5
   vertex -3.5965705143 3.82454971672 5
   vertex -3.53334278567 3.8830385987 5
  endloop
 endfacet
 facet normal -0.679062209249 0.73408072851 0
  outer loop
   vertex -3.5965705143 3.82454971672 -5
   vertex -3.53334278567 3.8830385987 5
   vertex -3.53334278567 3.8830385987 -5
  endloop
 endfacet
 facet normal 0.679062209249 -0.73408072851 0
  outer loop
   vertex -3.25403998913 3.46030688656 -5
   vertex -3.19683394894 3.51322539882 -5
   vertex -3.19683394894 3.51322539882 5
  endloop
 endfacet
 facet normal 0.679062209249 -0.73408072851 0
  outer loop
   vertex -3.25403998913 3.46030688656 -5
   vertex -3.19683394894 3.51322539882 5
   vertex -3.25403998913 3.46030688656 5
  endloop
 endfacet
 facet normal 0 -0 1
  outer loop
   vertex -3.25403998913 3.46030688656 5
   vertex -3.19683394894 3.51322539882 5
   vertex -3.53334278567 3.8830385987 5
  endloop
 endfacet
 facet normal 0 0 1
  outer loop
   vertex -3.25403998913 3.46030688656 5
   vertex -3.53334278567 3.8830385987 5
   vertex -3.5965705143 3.82454971672 5
  endloop
 endfacet
 facet normal 0 0 -1
  outer loop
   vertex -3.25403998913 3.46030688656 -5
   vertex -3.5965705143 3.82454971672 -5
   vertex -3.53334278567 3.8830385987 -5
  endloop
 endfacet
 facet normal 0 0 -1
  outer loop
   vertex -3.25403998913 3.46030688656 -5
   vertex -3.53334278567 3.8830385987 -5
   vertex -3.19683394894 3.51322539882 -5
  endloop
 endfacet
 facet normal -0.666927849719 0.745122300881 0
  outer loop
   vertex -3.53334278567 3.8830385987 -5
   vertex -3.53334278567 3.8830385987 5
   vertex -3.46916402602 3.94048232588 5
  endloop
 endfacet
 facet normal -0.666927849719 0.745122300881 0
  outer loop
   vertex -3.53334278567 3.8830385987 -5
   vertex -3.46916402602 3.94048232588 5
   vertex -3.46916402602 3.94048232588 -5
  endloop
 endfacet
 facet normal 0.666927849719 -0.745122300881 0
  outer loop
   vertex -3.19683394894 3.51322539882 -5
   vertex -3.13876745211 3.56519829484 -5
   vertex -3.13876745211 3.56519829484 5
  endloop
 endfacet
 facet normal 0.666927849719 -0.745122300881 0
  outer loop
   vertex -3.19683394894 3.51322539882 -5
   vertex -3.13876745211 3.56519829484 5
   vertex -3.19683394894 3.51322539882 5
  endloop
 endfacet
 facet normal 0 -0 1
  outer loop
   vertex -3.19683394894 3.51322539882 5
   vertex -3.13876745211 3.56519829484 5
   vertex -3.46916402602 3.94048232588 5
  endloop
 endfacet
 facet normal 0 0 1
  outer loop
   vertex -3.19683394894 3.51322539882 5
   vertex -3.46916402602 3.94048232588 5
   vertex -3.53334278567 3.8830385987 5
  endloop
 endfacet
 facet normal 0 0 -1
  outer loop
   vertex -3.19683394894 3.51322539882 -5
   vertex -3.53334278567 3.8830385987 -5
   vertex -3.46916402602 3.94048232588 -5
  endloop
 endfacet
 facet normal 0 0 -1
  outer loop
   vertex -3.19683394894 3.51322539882 -5
   vertex -3.46916402602 3.94048232588 -5
   vertex -3.13876745211 3.56519829484 -5
  endloop
 endfacet
 facet normal -0.654613980554 0.755963316877 0
  outer loop
   vertex -3.46916402602 3.94048232588 -5
   vertex -3.46916402602 3.94048232588 5
   vertex -3.40405150965 3.99686543677 5
  endloop
 endfacet
 facet normal -0.654613980554 0.755963316877 0
  outer loop
   vertex -3.46916402602 3.94048232588 -5
   vertex -3.40405150965 3.99686543677 5
   vertex -3.40405150965 3.99686543677 -5
  endloop
 endfacet
 facet normal 0.654613980554 -0.755963316877 0
  outer loop
   vertex -3.13876745211 3.56519829484 -5
   vertex -3.07985612778 3.61621158565 -5
   vertex -3.07985612778 3.61621158565 5
  endloop
 endfacet
 facet normal 0.654613980554 -0.755963316877 0
  outer loop
   vertex -3.13876745211 3.56519829484 -5
   vertex -3.07985612778 3.61621158565 5
   vertex -3.13876745211 3.56519829484 5
  endloop
 endfacet
 facet normal 0 -0 1
  outer loop
   vertex -3.13876745211 3.56519829484 5
   vertex -3.07985612778 3.61621158565 5
   vertex -3.40405150965 3.99686543677 5
  endloop
 endfacet
 facet normal 0 0 1
  outer loop
   vertex -3.13876745211 3.56519829484 5
   vertex -3.40405150965 3.99686543677 5
   vertex -3.46916402602 3.94048232588 5
  endloop
 endfacet
 facet normal 0 0 -1
  outer loop
   vertex -3.13876745211 3.56519829484 -5
   vertex -3.46916402602 3.94048232588 -5
   vertex -3.40405150965 3.99686543677 -5
  endloop
 endfacet
 facet normal 0 0 -1
  outer loop
   vertex -3.13876745211 3.56519829484 -5
   vertex -3.40405150965 3.99686543677 -5
   vertex -3.07985612778 3.61621158565 -5
  endloop
 endfacet
 facet normal -0.642123916144 0.766600858541 0
  outer loop
   vertex -3.40405150965 3.99686543677 -5
   vertex -3.40405150965 3.99686543677 5
   vertex -3.33802276217 4.05217275536 5
  endloop
 endfacet
 facet normal -0.642123916144 0.766600858541 0
  outer loop
   vertex -3.40405150965 3.99686543677 -5
   vertex -3.33802276217 4.05217275536 5
   vertex -3.33802276217 4.05217275536 -5
  endloop
 endfacet
 facet normal 0.642123916144 -0.766600858541 0
  outer loop
   vertex -3.07985612778 3.61621158565 -5
   vertex -3.02011583244 3.66625154056 -5
   vertex -3.02011583244 3.66625154056 5
  endloop
 endfacet
 facet normal 0.642123916144 -0.766600858541 0
  outer loop
   vertex -3.07985612778 3.61621158565 -5
   vertex -3.02011583244 3.66625154056 5
   vertex -3.07985612778 3.61621158565 5
  endloop
 endfacet
 facet normal 0 -0 1
  outer loop
   vertex -3.07985612778 3.61621158565 5
   vertex -3.02011583244 3.66625154056 5
   vertex -3.33802276217 4.05217275536 5
  endloop
 endfacet
 facet normal 0 0 1
  outer loop
   vertex -3.07985612778 3.61621158565 5
   vertex -3.33802276217 4.05217275536 5
   vertex -3.40405150965 3.99686543677 5
  endloop
 endfacet
 facet normal 0 0 -1
  outer loop
   vertex -3.07985612778 3.61621158565 -5
   vertex -3.40405150965 3.99686543677 -5
   vertex -3.33802276217 4.05217275536 -5
  endloop
 endfacet
 facet normal 0 0 -1
  outer loop
   vertex -3.07985612778 3.61621158565 -5
   vertex -3.33802276217 4.05217275536 -5
   vertex -3.02011583244 3.66625154056 -5
  endloop
 endfacet
 facet normal -0.629461018302 0.777032062684 0
  outer loop
   vertex -3.33802276217 4.05217275536 -5
   vertex -3.33802276217 4.05217275536 5
   vertex -3.27109555582 4.10638939517 5
  endloop
 endfacet
 facet normal -0.629461018302 0.777032062684 0
  outer loop
   vertex -3.33802276217 4.05217275536 -5
   vertex -3.27109555582 4.10638939517 5
   vertex -3.27109555582 4.10638939517 -5
  endloop
 endfacet
 facet normal 0.629461018302 -0.777032062684 0
  outer loop
   vertex -3.02011583244 3.66625154056 -5
   vertex -2.95956264574 3.71530469086 -5
   vertex -2.95956264574 3.71530469086 5
  endloop
 endfacet
 facet normal 0.629461018302 -0.777032062684 0
  outer loop
   vertex -3.02011583244 3.66625154056 -5
   vertex -2.95956264574 3.71530469086 5
   vertex -3.02011583244 3.66625154056 5
  endloop
 endfacet
 facet normal 0 -0 1
  outer loop
   vertex -3.02011583244 3.66625154056 5
   vertex -2.95956264574 3.71530469086 5
   vertex -3.27109555582 4.10638939517 5
  endloop
 endfacet
 facet normal 0 0 1
  outer loop
   vertex -3.02011583244 3.66625154056 5
   vertex -3.27109555582 4.10638939517 5
   vertex -3.33802276217 4.05217275536 5
  endloop
 endfacet
 facet normal 0 0 -1
  outer loop
   vertex -3.02011583244 3.66625154056 -5
   vertex -3.33802276217 4.05217275536 -5
   vertex -3.27109555582 4.10638939517 -5
  endloop
 endfacet
 facet normal 0 0 -1
  outer loop
   vertex -3.02011583244 3.66625154056 -5
   vertex -3.27109555582 4.10638939517 -5
   vertex -2.95956264574 3.71530469086 -5
  endloop
 endfacet
 facet normal -0.61662869536 0.787254121652 0
  outer loop
   vertex -3.27109555582 4.10638939517 -5
   vertex -3.27109555582 4.10638939517 5
   vertex -3.20328790465 4.15950076331 5
  endloop
 endfacet
 facet normal -0.61662869536 0.787254121652 0
  outer loop
   vertex -3.27109555582 4.10638939517 -5
   vertex -3.20328790465 4.15950076331 5
   vertex -3.20328790465 4.15950076331 -5
  endloop
 endfacet
 facet normal 0.61662869536 -0.787254121652 0
  outer loop
   vertex -2.95956264574 3.71530469086 -5
   vertex -2.89821286611 3.76335783347 -5
   vertex -2.89821286611 3.76335783347 5
  endloop
 endfacet
 facet normal 0.61662869536 -0.787254121652 0
  outer loop
   vertex -2.95956264574 3.71530469086 -5
   vertex -2.89821286611 3.76335783347 5
   vertex -2.95956264574 3.71530469086 5
  endloop
 endfacet
 facet normal 0 -0 1
  outer loop
   vertex -2.95956264574 3.71530469086 5
   vertex -2.89821286611 3.76335783347 5
   vertex -3.20328790465 4.15950076331 5
  endloop
 endfacet
 facet normal 0 0 1
  outer loop
   vertex -2.95956264574 3.71530469086 5
   vertex -3.20328790465 4.15950076331 5
   vertex -3.27109555582 4.10638939517 5
  endloop
 endfacet
 facet normal 0 0 -1
  outer loop
   vertex -2.95956264574 3.71530469086 -5
   vertex -3.27109555582 4.10638939517 -5
   vertex -3.20328790465 4.15950076331 -5
  endloop
 endfacet
 facet normal 0 0 -1
  outer loop
   vertex -2.95956264574 3.71530469086 -5
   vertex -3.20328790465 4.15950076331 -5
   vertex -2.89821286611 3.76335783347 -5
  endloop
 endfacet
 facet normal -0.603630401254 0.797264284087 0
  outer loop
   vertex -3.20328790465 4.15950076331 -5
   vertex -3.20328790465 4.15950076331 5
   vertex -3.13461805971 4.21149256437 5
  endloop
 endfacet
 facet normal -0.603630401254 0.797264284087 0
  outer loop
   vertex -3.20328790465 4.15950076331 -5
   vertex -3.13461805971 4.21149256437 5
   vertex -3.13461805971 4.21149256437 -5
  endloop
 endfacet
 facet normal 0.603630401254 -0.797264284087 0
  outer loop
   vertex -2.89821286611 3.76335783347 -5
   vertex -2.8360830064 3.81039803443 -5
   vertex -2.8360830064 3.81039803443 5
  endloop
 endfacet
 facet normal 0.603630401254 -0.797264284087 0
  outer loop
   vertex -2.89821286611 3.76335783347 -5
   vertex -2.8360830064 3.81039803443 5
   vertex -2.89821286611 3.76335783347 5
  endloop
 endfacet
 facet normal 0 -0 1
  outer loop
   vertex -2.89821286611 3.76335783347 5
   vertex -2.8360830064 3.81039803443 5
   vertex -3.13461805971 4.21149256437 5
  endloop
 endfacet
 facet normal 0 0 1
  outer loop
   vertex -2.89821286611 3.76335783347 5
   vertex -3.13461805971 4.21149256437 5
   vertex -3.20328790465 4.15950076331 5
  endloop
 endfacet
 facet normal 0 0 -1
  outer loop
   vertex -2.89821286611 3.76335783347 -5
   vertex -3.20328790465 4.15950076331 -5
   vertex -3.13461805971 4.21149256437 -5
  endloop
 endfacet
 facet normal 0 0 -1
  outer loop
   vertex -2.89821286611 3.76335783347 -5
   vertex -3.13461805971 4.21149256437 -5
   vertex -2.8360830064 3.81039803443 -5
  endloop
 endfacet
 facet normal -0.590469634593 0.807059855664 0
  outer loop
   vertex -3.13461805971 4.21149256437 -5
   vertex -3.13461805971 4.21149256437 5
   vertex -3.0651045041 4.26235080431 5
  endloop
 endfacet
 facet normal -0.590469634593 0.807059855664 0
  outer loop
   vertex -3.13461805971 4.21149256437 -5
   vertex -3.0651045041 4.26235080431 5
   vertex -3.0651045041 4.26235080431 -5
  endloop
 endfacet
 facet normal 0.590469634593 -0.807059855664 0
  outer loop
   vertex -2.8360830064 3.81039803443 -5
   vertex -2.77318978942 3.85641263247 -5
   vertex -2.77318978942 3.85641263247 5
  endloop
 endfacet
 facet normal 0.590469634593 -0.807059855664 0
  outer loop
   vertex -2.8360830064 3.81039803443 -5
   vertex -2.77318978942 3.85641263247 5
   vertex -2.8360830064 3.81039803443 5
  endloop
 endfacet
 facet normal 0 -0 1
  outer loop
   vertex -2.8360830064 3.81039803443 5
   vertex -2.77318978942 3.85641263247 5
   vertex -3.0651045041 4.26235080431 5
  endloop
 endfacet
 facet normal 0 0 1
  outer loop
   vertex -2.8360830064 3.81039803443 5
   vertex -3.0651045041 4.26235080431 5
   vertex -3.13461805971 4.21149256437 5
  endloop
 endfacet
 facet normal 0 0 -1
  outer loop
   vertex -2.8360830064 3.81039803443 -5
   vertex -3.13461805971 4.21149256437 -5
   vertex -3.0651045041 4.26235080431 -5
  endloop
 endfacet
 facet normal 0 0 -1
  outer loop
   vertex -2.8360830064 3.81039803443 -5
   vertex -3.0651045041 4.26235080431 -5
   vertex -2.77318978942 3.85641263247 -5
  endloop
 endfacet
 facet normal -0.577149937714 0.816638199815 0
  outer loop
   vertex -3.0651045041 4.26235080431 -5
   vertex -3.0651045041 4.26235080431 5
   vertex -2.99476594802 4.31206179415 5
  endloop
 endfacet
 facet normal -0.577149937714 0.816638199815 0
  outer loop
   vertex -3.0651045041 4.26235080431 -5
   vertex -2.99476594802 4.31206179415 5
   vertex -2.99476594802 4.31206179415 -5
  endloop
 endfacet
 facet normal 0.577149937714 -0.816638199815 0
  outer loop
   vertex -2.77318978942 3.85641263247 -5
   vertex -2.70955014345 3.90138924233 -5
   vertex -2.70955014345 3.90138924233 5
  endloop
 endfacet
 facet normal 0.577149937714 -0.816638199815 0
  outer loop
   vertex -2.77318978942 3.85641263247 -5
   vertex -2.70955014345 3.90138924233 5
   vertex -2.77318978942 3.85641263247 5
  endloop
 endfacet
 facet normal 0 -0 1
  outer loop
   vertex -2.77318978942 3.85641263247 5
   vertex -2.70955014345 3.90138924233 5
   vertex -2.99476594802 4.31206179415 5
  endloop
 endfacet
 facet normal 0 0 1
  outer loop
   vertex -2.77318978942 3.85641263247 5
   vertex -2.99476594802 4.31206179415 5
   vertex -3.0651045041 4.26235080431 5
  endloop
 endfacet
 facet normal 0 0 -1
  outer loop
   vertex -2.77318978942 3.85641263247 -5
   vertex -3.0651045041 4.26235080431 -5
   vertex -2.99476594802 4.31206179415 -5
  endloop
 endfacet
 facet normal 0 0 -1
  outer loop
   vertex -2.77318978942 3.85641263247 -5
   vertex -2.99476594802 4.31206179415 -5
   vertex -2.70955014345 3.90138924233 -5
  endloop
 endfacet
 facet normal -0.563674895734 0.825996738444 0
  outer loop
   vertex -2.99476594802 4.31206179415 -5
   vertex -2.99476594802 4.31206179415 5
   vertex -2.92362132373 4.36061215375 5
  endloop
 endfacet
 facet normal -0.563674895734 0.825996738444 0
  outer loop
   vertex -2.99476594802 4.31206179415 -5
   vertex -2.92362132373 4.36061215375 5
   vertex -2.92362132373 4.36061215375 -5
  endloop
 endfacet
 facet normal 0.563674895734 -0.825996738444 0
  outer loop
   vertex -2.70955014345 3.90138924233 -5
   vertex -2.64518119766 3.94531575815 -5
   vertex -2.64518119766 3.94531575815 5
  endloop
 endfacet
 facet normal 0.563674895734 -0.825996738444 0
  outer loop
   vertex -2.70955014345 3.90138924233 -5
   vertex -2.64518119766 3.94531575815 5
   vertex -2.70955014345 3.90138924233 5
  endloop
 endfacet
 facet normal 0 -0 1
  outer loop
   vertex -2.70955014345 3.90138924233 5
   vertex -2.64518119766 3.94531575815 5
   vertex -2.92362132373 4.36061215375 5
  endloop
 endfacet
 facet normal 0 0 1
  outer loop
   vertex -2.70955014345 3.90138924233 5
   vertex -2.92362132373 4.36061215375 5
   vertex -2.99476594802 4.31206179415 5
  endloop
 endfacet
 facet normal 0 0 -1
  outer loop
   vertex -2.70955014345 3.90138924233 -5
   vertex -2.99476594802 4.31206179415 -5
   vertex -2.92362132373 4.36061215375 -5
  endloop
 endfacet
 facet normal 0 0 -1
  outer loop
   vertex -2.70955014345 3.90138924233 -5
   vertex -2.92362132373 4.36061215375 -5
   vertex -2.64518119766 3.94531575815 -5
  endloop
 endfacet
 facet normal -0.550048135581 0.835132952615 0
  outer loop
   vertex -2.92362132373 4.36061215375 -5
   vertex -2.92362132373 4.36061215375 5
   vertex -2.85168978044 4.40798881533 5
  endloop
 endfacet
 facet normal -0.550048135581 0.835132952615 0
  outer loop
   vertex -2.92362132373 4.36061215375 -5
   vertex -2.85168978044 4.40798881533 5
   vertex -2.85168978044 4.40798881533 -5
  endloop
 endfacet
 facet normal 0.550048135581 -0.835132952615 0
  outer loop
   vertex -2.64518119766 3.94531575815 -5
   vertex -2.58010027754 3.98818035673 -5
   vertex -2.58010027754 3.98818035673 5
  endloop
 endfacet
 facet normal 0.550048135581 -0.835132952615 0
  outer loop
   vertex -2.64518119766 3.94531575815 -5
   vertex -2.58010027754 3.98818035673 5
   vertex -2.64518119766 3.94531575815 5
  endloop
 endfacet
 facet normal 0 -0 1
  outer loop
   vertex -2.64518119766 3.94531575815 5
   vertex -2.58010027754 3.98818035673 5
   vertex -2.85168978044 4.40798881533 5
  endloop
 endfacet
 facet normal 0 0 1
  outer loop
   vertex -2.64518119766 3.94531575815 5
   vertex -2.85168978044 4.40798881533 5
   vertex -2.92362132373 4.36061215375 5
  endloop
 endfacet
 facet normal 0 0 -1
  outer loop
   vertex -2.64518119766 3.94531575815 -5
   vertex -2.92362132373 4.36061215375 -5
   vertex -2.85168978044 4.40798881533 -5
  endloop
 endfacet
 facet normal 0 0 -1
  outer loop
   vertex -2.64518119766 3.94531575815 -5
   vertex -2.85168978044 4.40798881533 -5
   vertex -2.58010027754 3.98818035673 -5
  endloop
 endfacet
 facet normal -0.536273325022 0.844044383235 0
  outer loop
   vertex -2.85168978044 4.40798881533 -5
   vertex -2.85168978044 4.40798881533 5
   vertex -2.77899067918 4.45417902705 5
  endloop
 endfacet
 facet normal -0.536273325022 0.844044383235 0
  outer loop
   vertex -2.85168978044 4.40798881533 -5
   vertex -2.77899067918 4.45417902705 5
   vertex -2.77899067918 4.45417902705 -5
  endloop
 endfacet
 facet normal 0.536273325022 -0.844044383235 0
  outer loop
   vertex -2.58010027754 3.98818035673 -5
   vertex -2.51432490021 4.02997150066 -5
   vertex -2.51432490021 4.02997150066 5
  endloop
 endfacet
 facet normal 0.536273325022 -0.844044383235 0
  outer loop
   vertex -2.58010027754 3.98818035673 -5
   vertex -2.51432490021 4.02997150066 5
   vertex -2.58010027754 3.98818035673 5
  endloop
 endfacet
 facet normal 0 -0 1
  outer loop
   vertex -2.58010027754 3.98818035673 5
   vertex -2.51432490021 4.02997150066 5
   vertex -2.77899067918 4.45417902705 5
  endloop
 endfacet
 facet normal 0 0 1
  outer loop
   vertex -2.58010027754 3.98818035673 5
   vertex -2.77899067918 4.45417902705 5
   vertex -2.85168978044 4.40798881533 5
  endloop
 endfacet
 facet normal 0 0 -1
  outer loop
   vertex -2.58010027754 3.98818035673 -5
   vertex -2.85168978044 4.40798881533 -5
   vertex -2.77899067918 4.45417902705 -5
  endloop
 endfacet
 facet normal 0 0 -1
  outer loop
   vertex -2.58010027754 3.98818035673 -5
   vertex -2.77899067918 4.45417902705 -5
   vertex -2.51432490021 4.02997150066 -5
  endloop
 endfacet
 facet normal -0.52235417167 0.852728631711 0
  outer loop
   vertex -2.77899067918 4.45417902705 -5
   vertex -2.77899067918 4.45417902705 5
   vertex -2.70554358757 4.49917035639 5
  endloop
 endfacet
 facet normal -0.52235417167 0.852728631711 0
  outer loop
   vertex -2.77899067918 4.45417902705 -5
   vertex -2.70554358757 4.49917035639 5
   vertex -2.70554358757 4.49917035639 -5
  endloop
 endfacet
 facet normal 0.52235417167 -0.852728631711 0
  outer loop
   vertex -2.51432490021 4.02997150066 -5
   vertex -2.4478727697 4.07067794149 -5
   vertex -2.4478727697 4.07067794149 5
  endloop
 endfacet
 facet normal 0.52235417167 -0.852728631711 0
  outer loop
   vertex -2.51432490021 4.02997150066 -5
   vertex -2.4478727697 4.07067794149 5
   vertex -2.51432490021 4.02997150066 5
  endloop
 endfacet
 facet normal 0 -0 1
  outer loop
   vertex -2.51432490021 4.02997150066 5
   vertex -2.4478727697 4.07067794149 5
   vertex -2.70554358757 4.49917035639 5
  endloop
 endfacet
 facet normal 0 0 1
  outer loop
   vertex -2.51432490021 4.02997150066 5
   vertex -2.70554358757 4.49917035639 5
   vertex -2.77899067918 4.45417902705 5
  endloop
 endfacet
 facet normal 0 0 -1
  outer loop
   vertex -2.51432490021 4.02997150066 -5
   vertex -2.77899067918 4.45417902705 -5
   vertex -2.70554358757 4.49917035639 -5
  endloop
 endfacet
 facet normal 0 0 -1
  outer loop
   vertex -2.51432490021 4.02997150066 -5
   vertex -2.70554358757 4.49917035639 -5
   vertex -2.4478727697 4.07067794149 -5
  endloop
 endfacet
 facet normal -0.50829442199 0.861183360599 0
  outer loop
   vertex -2.70554358757 4.49917035639 -5
   vertex -2.70554358757 4.49917035639 5
   vertex -2.63136827454 4.54295069352 5
  endloop
 endfacet
 facet normal -0.50829442199 0.861183360599 0
  outer loop
   vertex -2.70554358757 4.49917035639 -5
   vertex -2.63136827454 4.54295069352 5
   vertex -2.63136827454 4.54295069352 -5
  endloop
 endfacet
 facet normal 0.50829442199 -0.861183360599 0
  outer loop
   vertex -2.4478727697 4.07067794149 -5
   vertex -2.3807617722 4.11028872271 -5
   vertex -2.3807617722 4.11028872271 5
  endloop
 endfacet
 facet normal 0.50829442199 -0.861183360599 0
  outer loop
   vertex -2.4478727697 4.07067794149 -5
   vertex -2.3807617722 4.11028872271 5
   vertex -2.4478727697 4.07067794149 5
  endloop
 endfacet
 facet normal 0 -0 1
  outer loop
   vertex -2.4478727697 4.07067794149 5
   vertex -2.3807617722 4.11028872271 5
   vertex -2.63136827454 4.54295069352 5
  endloop
 endfacet
 facet normal 0 0 1
  outer loop
   vertex -2.4478727697 4.07067794149 5
   vertex -2.63136827454 4.54295069352 5
   vertex -2.70554358757 4.49917035639 5
  endloop
 endfacet
 facet normal 0 0 -1
  outer loop
   vertex -2.4478727697 4.07067794149 -5
   vertex -2.70554358757 4.49917035639 -5
   vertex -2.63136827454 4.54295069352 -5
  endloop
 endfacet
 facet normal 0 0 -1
  outer loop
   vertex -2.4478727697 4.07067794149 -5
   vertex -2.63136827454 4.54295069352 -5
   vertex -2.3807617722 4.11028872271 -5
  endloop
 endfacet
 facet normal -0.494097860292 0.869406294235 0
  outer loop
   vertex -2.63136827454 4.54295069352 -5
   vertex -2.63136827454 4.54295069352 5
   vertex -2.55648470505 4.58550825458 5
  endloop
 endfacet
 facet normal -0.494097860292 0.869406294235 0
  outer loop
   vertex -2.63136827454 4.54295069352 -5
   vertex -2.55648470505 4.58550825458 5
   vertex -2.55648470505 4.58550825458 -5
  endloop
 endfacet
 facet normal 0.494097860292 -0.869406294235 0
  outer loop
   vertex -2.3807617722 4.11028872271 -5
   vertex -2.31300997124 4.14879318272 -5
   vertex -2.31300997124 4.14879318272 5
  endloop
 endfacet
 facet normal 0.494097860292 -0.869406294235 0
  outer loop
   vertex -2.3807617722 4.11028872271 -5
   vertex -2.31300997124 4.14879318272 5
   vertex -2.3807617722 4.11028872271 5
  endloop
 endfacet
 facet normal 0 -0 1
  outer loop
   vertex -2.3807617722 4.11028872271 5
   vertex -2.31300997124 4.14879318272 5
   vertex -2.55648470505 4.58550825458 5
  endloop
 endfacet
 facet normal 0 0 1
  outer loop
   vertex -2.3807617722 4.11028872271 5
   vertex -2.55648470505 4.58550825458 5
   vertex -2.63136827454 4.54295069352 5
  endloop
 endfacet
 facet normal 0 0 -1
  outer loop
   vertex -2.3807617722 4.11028872271 -5
   vertex -2.63136827454 4.54295069352 -5
   vertex -2.55648470505 4.58550825458 -5
  endloop
 endfacet
 facet normal 0 0 -1
  outer loop
   vertex -2.3807617722 4.11028872271 -5
   vertex -2.55648470505 4.58550825458 -5
   vertex -2.31300997124 4.14879318272 -5
  endloop
 endfacet
 facet normal -0.479768307706 0.87739521934 0
  outer loop
   vertex -2.55648470505 4.58550825458 -5
   vertex -2.55648470505 4.58550825458 5
   vertex -2.48091303469 4.62683158482 5
  endloop
 endfacet
 facet normal -0.479768307706 0.87739521934 0
  outer loop
   vertex -2.55648470505 4.58550825458 -5
   vertex -2.48091303469 4.62683158482 5
   vertex -2.48091303469 4.62683158482 -5
  endloop
 endfacet
 facet normal 0.479768307706 -0.87739521934 0
  outer loop
   vertex -2.31300997124 4.14879318272 -5
   vertex -2.24463560282 4.18618095769 -5
   vertex -2.24463560282 4.18618095769 5
  endloop
 endfacet
 facet normal 0.479768307706 -0.87739521934 0
  outer loop
   vertex -2.31300997124 4.14879318272 -5
   vertex -2.24463560282 4.18618095769 5
   vertex -2.31300997124 4.14879318272 5
  endloop
 endfacet
 facet normal 0 -0 1
  outer loop
   vertex -2.31300997124 4.14879318272 5
   vertex -2.24463560282 4.18618095769 5
   vertex -2.48091303469 4.62683158482 5
  endloop
 endfacet
 facet normal 0 0 1
  outer loop
   vertex -2.31300997124 4.14879318272 5
   vertex -2.48091303469 4.62683158482 5
   vertex -2.55648470505 4.58550825458 5
  endloop
 endfacet
 facet normal 0 0 -1
  outer loop
   vertex -2.31300997124 4.14879318272 -5
   vertex -2.55648470505 4.58550825458 -5
   vertex -2.48091303469 4.62683158482 -5
  endloop
 endfacet
 facet normal 0 0 -1
  outer loop
   vertex -2.31300997124 4.14879318272 -5
   vertex -2.48091303469 4.62683158482 -5
   vertex -2.24463560282 4.18618095769 -5
  endloop
 endfacet
 facet normal -0.465309621162 0.885147985624 0
  outer loop
   vertex -2.48091303469 4.62683158482 -5
   vertex -2.48091303469 4.62683158482 5
   vertex -2.40467360426 4.66690956169 5
  endloop
 endfacet
 facet normal -0.465309621162 0.885147985624 0
  outer loop
   vertex -2.48091303469 4.62683158482 -5
   vertex -2.40467360426 4.66690956169 5
   vertex -2.40467360426 4.66690956169 -5
  endloop
 endfacet
 facet normal 0.465309621162 -0.885147985624 0
  outer loop
   vertex -2.24463560282 4.18618095769 -5
   vertex -2.17565707052 4.22244198438 -5
   vertex -2.17565707052 4.22244198438 5
  endloop
 endfacet
 facet normal 0.465309621162 -0.885147985624 0
  outer loop
   vertex -2.24463560282 4.18618095769 -5
   vertex -2.17565707052 4.22244198438 5
   vertex -2.24463560282 4.18618095769 5
  endloop
 endfacet
 facet normal 0 -0 1
  outer loop
   vertex -2.24463560282 4.18618095769 5
   vertex -2.17565707052 4.22244198438 5
   vertex -2.40467360426 4.66690956169 5
  endloop
 endfacet
 facet normal 0 0 1
  outer loop
   vertex -2.24463560282 4.18618095769 5
   vertex -2.40467360426 4.66690956169 5
   vertex -2.48091303469 4.62683158482 5
  endloop
 endfacet
 facet normal 0 0 -1
  outer loop
   vertex -2.24463560282 4.18618095769 -5
   vertex -2.48091303469 4.62683158482 -5
   vertex -2.40467360426 4.66690956169 -5
  endloop
 endfacet
 facet normal 0 0 -1
  outer loop
   vertex -2.24463560282 4.18618095769 -5
   vertex -2.40467360426 4.66690956169 -5
   vertex -2.17565707052 4.22244198438 -5
  endloop
 endfacet
 facet normal -0.450725692345 0.892662506359 0
  outer loop
   vertex -2.40467360426 4.66690956169 -5
   vertex -2.40467360426 4.66690956169 5
   vertex -2.32778693428 4.70573139784 5
  endloop
 endfacet
 facet normal -0.450725692345 0.892662506359 0
  outer loop
   vertex -2.40467360426 4.66690956169 -5
   vertex -2.32778693428 4.70573139784 5
   vertex -2.32778693428 4.70573139784 -5
  endloop
 endfacet
 facet normal 0.450725692345 -0.892662506359 0
  outer loop
   vertex -2.17565707052 4.22244198438 -5
   vertex -2.10609294054 4.2575665028 -5
   vertex -2.10609294054 4.2575665028 5
  endloop
 endfacet
 facet normal 0.450725692345 -0.892662506359 0
  outer loop
   vertex -2.17565707052 4.22244198438 -5
   vertex -2.10609294054 4.2575665028 5
   vertex -2.17565707052 4.22244198438 5
  endloop
 endfacet
 facet normal 0 -0 1
  outer loop
   vertex -2.17565707052 4.22244198438 5
   vertex -2.10609294054 4.2575665028 5
   vertex -2.32778693428 4.70573139784 5
  endloop
 endfacet
 facet normal 0 0 1
  outer loop
   vertex -2.17565707052 4.22244198438 5
   vertex -2.32778693428 4.70573139784 5
   vertex -2.40467360426 4.66690956169 5
  endloop
 endfacet
 facet normal 0 0 -1
  outer loop
   vertex -2.17565707052 4.22244198438 -5
   vertex -2.40467360426 4.66690956169 -5
   vertex -2.32778693428 4.70573139784 -5
  endloop
 endfacet
 facet normal 0 0 -1
  outer loop
   vertex -2.17565707052 4.22244198438 -5
   vertex -2.32778693428 4.70573139784 -5
   vertex -2.10609294054 4.2575665028 -5
  endloop
 endfacet
 facet normal -0.436020446651 0.899936758946 0
  outer loop
   vertex -2.32778693428 4.70573139784 -5
   vertex -2.32778693428 4.70573139784 5
   vertex -2.2502737195 4.74328664402 5
  endloop
 endfacet
 facet normal -0.436020446651 0.899936758946 0
  outer loop
   vertex -2.32778693428 4.70573139784 -5
   vertex -2.2502737195 4.74328664402 5
   vertex -2.2502737195 4.74328664402 -5
  endloop
 endfacet
 facet normal 0.436020446651 -0.899936758946 0
  outer loop
   vertex -2.10609294054 4.2575665028 -5
   vertex -2.03596193669 4.29154505888 -5
   vertex -2.03596193669 4.29154505888 5
  endloop
 endfacet
 facet normal 0.436020446651 -0.899936758946 0
  outer loop
   vertex -2.10609294054 4.2575665028 -5
   vertex -2.03596193669 4.29154505888 5
   vertex -2.10609294054 4.2575665028 5
  endloop
 endfacet
 facet normal 0 -0 1
  outer loop
   vertex -2.10609294054 4.2575665028 5
   vertex -2.03596193669 4.29154505888 5
   vertex -2.2502737195 4.74328664402 5
  endloop
 endfacet
 facet normal 0 0 1
  outer loop
   vertex -2.10609294054 4.2575665028 5
   vertex -2.2502737195 4.74328664402 5
   vertex -2.32778693428 4.70573139784 5
  endloop
 endfacet
 facet normal 0 0 -1
  outer loop
   vertex -2.10609294054 4.2575665028 -5
   vertex -2.32778693428 4.70573139784 -5
   vertex -2.2502737195 4.74328664402 -5
  endloop
 endfacet
 facet normal 0 0 -1
  outer loop
   vertex -2.10609294054 4.2575665028 -5
   vertex -2.2502737195 4.74328664402 -5
   vertex -2.03596193669 4.29154505888 -5
  endloop
 endfacet
 facet normal -0.421197842128 0.906968785453 0
  outer loop
   vertex -2.2502737195 4.74328664402 -5
   vertex -2.2502737195 4.74328664402 5
   vertex -2.17215482328 4.77956519191 5
  endloop
 endfacet
 facet normal -0.421197842128 0.906968785453 0
  outer loop
   vertex -2.2502737195 4.74328664402 -5
   vertex -2.17215482328 4.77956519191 5
   vertex -2.17215482328 4.77956519191 -5
  endloop
 endfacet
 facet normal 0.421197842128 -0.906968785453 0
  outer loop
   vertex -2.03596193669 4.29154505888 -5
   vertex -1.96528293535 4.32436850696 -5
   vertex -1.96528293535 4.32436850696 5
  endloop
 endfacet
 facet normal 0.421197842128 -0.906968785453 0
  outer loop
   vertex -2.03596193669 4.29154505888 -5
   vertex -1.96528293535 4.32436850696 5
   vertex -2.03596193669 4.29154505888 5
  endloop
 endfacet
 facet normal 0 -0 1
  outer loop
   vertex -2.03596193669 4.29154505888 5
   vertex -1.96528293535 4.32436850696 5
   vertex -2.17215482328 4.77956519191 5
  endloop
 endfacet
 facet normal 0 0 1
  outer loop
   vertex -2.03596193669 4.29154505888 5
   vertex -2.17215482328 4.77956519191 5
   vertex -2.2502737195 4.74328664402 5
  endloop
 endfacet
 facet normal 0 0 -1
  outer loop
   vertex -2.03596193669 4.29154505888 -5
   vertex -2.2502737195 4.74328664402 -5
   vertex -2.17215482328 4.77956519191 -5
  endloop
 endfacet
 facet normal 0 0 -1
  outer loop
   vertex -2.03596193669 4.29154505888 -5
   vertex -2.17215482328 4.77956519191 -5
   vertex -1.96528293535 4.32436850696 -5
  endloop
 endfacet
 facet normal -0.406261868415 0.913756693148 0
  outer loop
   vertex -2.17215482328 4.77956519191 -5
   vertex -2.17215482328 4.77956519191 5
   vertex -2.09345127204 4.8145572768 5
  endloop
 endfacet
 facet normal -0.406261868415 0.913756693148 0
  outer loop
   vertex -2.17215482328 4.77956519191 -5
   vertex -2.09345127204 4.8145572768 5
   vertex -2.09345127204 4.8145572768 -5
  endloop
 endfacet
 facet normal 0.406261868415 -0.913756693148 0
  outer loop
   vertex -1.96528293535 4.32436850696 -5
   vertex -1.89407496042 4.35602801234 -5
   vertex -1.89407496042 4.35602801234 5
  endloop
 endfacet
 facet normal 0.406261868415 -0.913756693148 0
  outer loop
   vertex -1.96528293535 4.32436850696 -5
   vertex -1.89407496042 4.35602801234 5
   vertex -1.96528293535 4.32436850696 5
  endloop
 endfacet
 facet normal 0 -0 1
  outer loop
   vertex -1.96528293535 4.32436850696 5
   vertex -1.89407496042 4.35602801234 5
   vertex -2.09345127204 4.8145572768 5
  endloop
 endfacet
 facet normal 0 0 1
  outer loop
   vertex -1.96528293535 4.32436850696 5
   vertex -2.09345127204 4.8145572768 5
   vertex -2.17215482328 4.77956519191 5
  endloop
 endfacet
 facet normal 0 0 -1
  outer loop
   vertex -1.96528293535 4.32436850696 -5
   vertex -2.17215482328 4.77956519191 -5
   vertex -2.09345127204 4.8145572768 -5
  endloop
 endfacet
 facet normal 0 0 -1
  outer loop
   vertex -1.96528293535 4.32436850696 -5
   vertex -2.09345127204 4.8145572768 -5
   vertex -1.89407496042 4.35602801234 -5
  endloop
 endfacet
 facet normal -0.391216545663 0.920298655003 0
  outer loop
   vertex -2.09345127204 4.8145572768 -5
   vertex -2.09345127204 4.8145572768 5
   vertex -2.01418424955 4.84825348026 5
  endloop
 endfacet
 facet normal -0.391216545663 0.920298655003 0
  outer loop
   vertex -2.09345127204 4.8145572768 -5
   vertex -2.01418424955 4.84825348026 5
   vertex -2.01418424955 4.84825348026 -5
  endloop
 endfacet
 facet normal 0.391216545663 -0.920298655003 0
  outer loop
   vertex -1.89407496042 4.35602801234 -5
   vertex -1.82235717817 4.38651505357 -5
   vertex -1.82235717817 4.38651505357 5
  endloop
 endfacet
 facet normal 0.391216545663 -0.920298655003 0
  outer loop
   vertex -1.89407496042 4.35602801234 -5
   vertex -1.82235717817 4.38651505357 5
   vertex -1.89407496042 4.35602801234 5
  endloop
 endfacet
 facet normal 0 -0 1
  outer loop
   vertex -1.89407496042 4.35602801234 5
   vertex -1.82235717817 4.38651505357 5
   vertex -2.01418424955 4.84825348026 5
  endloop
 endfacet
 facet normal 0 0 1
  outer loop
   vertex -1.89407496042 4.35602801234 5
   vertex -2.01418424955 4.84825348026 5
   vertex -2.09345127204 4.8145572768 5
  endloop
 endfacet
 facet normal 0 0 -1
  outer loop
   vertex -1.89407496042 4.35602801234 -5
   vertex -2.09345127204 4.8145572768 -5
   vertex -2.01418424955 4.84825348026 -5
  endloop
 endfacet
 facet normal 0 0 -1
  outer loop
   vertex -1.89407496042 4.35602801234 -5
   vertex -2.01418424955 4.84825348026 -5
   vertex -1.82235717817 4.38651505357 -5
  endloop
 endfacet
 facet normal -0.376065923455 0.926592910191 0
  outer loop
   vertex -2.01418424955 4.84825348026 -5
   vertex -2.01418424955 4.84825348026 5
   vertex -1.93437509124 4.88064473266 5
  endloop
 endfacet
 facet normal -0.376065923455 0.926592910191 0
  outer loop
   vertex -2.01418424955 4.84825348026 -5
   vertex -1.93437509124 4.88064473266 5
   vertex -1.93437509124 4.88064473266 -5
  endloop
 endfacet
 facet normal 0.376065923455 -0.926592910191 0
  outer loop
   vertex -1.82235717817 4.38651505357 -5
   vertex -1.75014889207 4.41582142478 -5
   vertex -1.75014889207 4.41582142478 5
  endloop
 endfacet
 facet normal 0.376065923455 -0.926592910191 0
  outer loop
   vertex -1.82235717817 4.38651505357 -5
   vertex -1.75014889207 4.41582142478 5
   vertex -1.82235717817 4.38651505357 5
  endloop
 endfacet
 facet normal 0 -0 1
  outer loop
   vertex -1.82235717817 4.38651505357 5
   vertex -1.75014889207 4.41582142478 5
   vertex -1.93437509124 4.88064473266 5
  endloop
 endfacet
 facet normal 0 0 1
  outer loop
   vertex -1.82235717817 4.38651505357 5
   vertex -1.93437509124 4.88064473266 5
   vertex -2.01418424955 4.84825348026 5
  endloop
 endfacet
 facet normal 0 0 -1
  outer loop
   vertex -1.82235717817 4.38651505357 -5
   vertex -2.01418424955 4.84825348026 -5
   vertex -1.93437509124 4.88064473266 -5
  endloop
 endfacet
 facet normal 0 0 -1
  outer loop
   vertex -1.82235717817 4.38651505357 -5
   vertex -1.93437509124 4.88064473266 -5
   vertex -1.75014889207 4.41582142478 -5
  endloop
 endfacet
 facet normal -0.36081407972 0.932637764556 0
  outer loop
   vertex -1.93437509124 4.88064473266 -5
   vertex -1.93437509124 4.88064473266 5
   vertex -1.85404527846 4.91172231559 5
  endloop
 endfacet
 facet normal -0.36081407972 0.932637764556 0
  outer loop
   vertex -1.93437509124 4.88064473266 -5
   vertex -1.85404527846 4.91172231559 5
   vertex -1.85404527846 4.91172231559 -5
  endloop
 endfacet
 facet normal 0.36081407972 -0.932637764556 0
  outer loop
   vertex -1.75014889207 4.41582142478 -5
   vertex -1.67746953765 4.44393923791 -5
   vertex -1.67746953765 4.44393923791 5
  endloop
 endfacet
 facet normal 0.36081407972 -0.932637764556 0
  outer loop
   vertex -1.75014889207 4.41582142478 -5
   vertex -1.67746953765 4.44393923791 5
   vertex -1.75014889207 4.41582142478 5
  endloop
 endfacet
 facet normal 0 -0 1
  outer loop
   vertex -1.75014889207 4.41582142478 5
   vertex -1.67746953765 4.44393923791 5
   vertex -1.85404527846 4.91172231559 5
  endloop
 endfacet
 facet normal 0 0 1
  outer loop
   vertex -1.75014889207 4.41582142478 5
   vertex -1.85404527846 4.91172231559 5
   vertex -1.93437509124 4.88064473266 5
  endloop
 endfacet
 facet normal 0 0 -1
  outer loop
   vertex -1.75014889207 4.41582142478 -5
   vertex -1.93437509124 4.88064473266 -5
   vertex -1.85404527846 4.91172231559 -5
  endloop
 endfacet
 facet normal 0 0 -1
  outer loop
   vertex -1.75014889207 4.41582142478 -5
   vertex -1.85404527846 4.91172231559 -5
   vertex -1.67746953765 4.44393923791 -5
  endloop
 endfacet
 facet normal -0.345465119627 0.938431591072 0
  outer loop
   vertex -1.85404527846 4.91172231559 -5
   vertex -1.85404527846 4.91172231559 5
   vertex -1.7732164327 4.94147786424 5
  endloop
 endfacet
 facet normal -0.345465119627 0.938431591072 0
  outer loop
   vertex -1.85404527846 4.91172231559 -5
   vertex -1.7732164327 4.94147786424 5
   vertex -1.7732164327 4.94147786424 -5
  endloop
 endfacet
 facet normal 0.345465119627 -0.938431591072 0
  outer loop
   vertex -1.67746953765 4.44393923791 -5
   vertex -1.6043386772 4.47086092479 -5
   vertex -1.6043386772 4.47086092479 5
  endloop
 endfacet
 facet normal 0.345465119627 -0.938431591072 0
  outer loop
   vertex -1.67746953765 4.44393923791 -5
   vertex -1.6043386772 4.47086092479 5
   vertex -1.67746953765 4.44393923791 5
  endloop
 endfacet
 facet normal 0 -0 1
  outer loop
   vertex -1.67746953765 4.44393923791 5
   vertex -1.6043386772 4.47086092479 5
   vertex -1.7732164327 4.94147786424 5
  endloop
 endfacet
 facet normal 0 0 1
  outer loop
   vertex -1.67746953765 4.44393923791 5
   vertex -1.7732164327 4.94147786424 5
   vertex -1.85404527846 4.91172231559 5
  endloop
 endfacet
 facet normal 0 0 -1
  outer loop
   vertex -1.67746953765 4.44393923791 -5
   vertex -1.85404527846 4.91172231559 -5
   vertex -1.7732164327 4.94147786424 -5
  endloop
 endfacet
 facet normal 0 0 -1
  outer loop
   vertex -1.67746953765 4.44393923791 -5
   vertex -1.7732164327 4.94147786424 -5
   vertex -1.6043386772 4.47086092479 -5
  endloop
 endfacet
 facet normal -0.330023174487 0.943972830277 0
  outer loop
   vertex -1.7732164327 4.94147786424 -5
   vertex -1.7732164327 4.94147786424 5
   vertex -1.69191030978 4.96990336965 5
  endloop
 endfacet
 facet normal -0.330023174487 0.943972830277 0
  outer loop
   vertex -1.7732164327 4.94147786424 -5
   vertex -1.69191030978 4.96990336965 5
   vertex -1.69191030978 4.96990336965 -5
  endloop
 endfacet
 facet normal 0.330023174487 -0.943972830277 0
  outer loop
   vertex -1.6043386772 4.47086092479 -5
   vertex -1.53077599456 4.49657923921 -5
   vertex -1.53077599456 4.49657923921 5
  endloop
 endfacet
 facet normal 0.330023174487 -0.943972830277 0
  outer loop
   vertex -1.6043386772 4.47086092479 -5
   vertex -1.53077599456 4.49657923921 5
   vertex -1.6043386772 4.47086092479 5
  endloop
 endfacet
 facet normal 0 -0 1
  outer loop
   vertex -1.6043386772 4.47086092479 5
   vertex -1.53077599456 4.49657923921 5
   vertex -1.69191030978 4.96990336965 5
  endloop
 endfacet
 facet normal 0 0 1
  outer loop
   vertex -1.6043386772 4.47086092479 5
   vertex -1.69191030978 4.96990336965 5
   vertex -1.7732164327 4.94147786424 5
  endloop
 endfacet
 facet normal 0 0 -1
  outer loop
   vertex -1.6043386772 4.47086092479 -5
   vertex -1.7732164327 4.94147786424 -5
   vertex -1.69191030978 4.96990336965 -5
  endloop
 endfacet
 facet normal 0 0 -1
  outer loop
   vertex -1.6043386772 4.47086092479 -5
   vertex -1.69191030978 4.96990336965 -5
   vertex -1.53077599456 4.49657923921 -5
  endloop
 endfacet
 facet normal -0.314492400639 0.949259990698 0
  outer loop
   vertex -1.69191030978 4.96990336965 -5
   vertex -1.69191030978 4.96990336965 5
   vertex -1.61014879396 4.99699118083 5
  endloop
 endfacet
 facet normal -0.314492400639 0.949259990698 0
  outer loop
   vertex -1.69191030978 4.96990336965 -5
   vertex -1.61014879396 4.99699118083 5
   vertex -1.61014879396 4.99699118083 -5
  endloop
 endfacet
 facet normal 0.314492400639 -0.949259990698 0
  outer loop
   vertex -1.53077599456 4.49657923921 -5
   vertex -1.45680128978 4.52108725885 -5
   vertex -1.45680128978 4.52108725885 5
  endloop
 endfacet
 facet normal 0.314492400639 -0.949259990698 0
  outer loop
   vertex -1.53077599456 4.49657923921 -5
   vertex -1.45680128978 4.52108725885 5
   vertex -1.53077599456 4.49657923921 5
  endloop
 endfacet
 facet normal 0 -0 1
  outer loop
   vertex -1.53077599456 4.49657923921 5
   vertex -1.45680128978 4.52108725885 5
   vertex -1.61014879396 4.99699118083 5
  endloop
 endfacet
 facet normal 0 0 1
  outer loop
   vertex -1.53077599456 4.49657923921 5
   vertex -1.61014879396 4.99699118083 5
   vertex -1.69191030978 4.96990336965 5
  endloop
 endfacet
 facet normal 0 0 -1
  outer loop
   vertex -1.53077599456 4.49657923921 -5
   vertex -1.69191030978 4.96990336965 -5
   vertex -1.61014879396 4.99699118083 -5
  endloop
 endfacet
 facet normal 0 0 -1
  outer loop
   vertex -1.53077599456 4.49657923921 -5
   vertex -1.61014879396 4.99699118083 -5
   vertex -1.45680128978 4.52108725885 -5
  endloop
 endfacet
 facet normal -0.298876978331 0.954291649248 0
  outer loop
   vertex -1.61014879396 4.99699118083 -5
   vertex -1.61014879396 4.99699118083 5
   vertex -1.52795389211 5.02273400685 5
  endloop
 endfacet
 facet normal -0.298876978331 0.954291649248 0
  outer loop
   vertex -1.61014879396 4.99699118083 -5
   vertex -1.52795389211 5.02273400685 5
   vertex -1.52795389211 5.02273400685 -5
  endloop
 endfacet
 facet normal 0.298876978331 -0.954291649248 0
  outer loop
   vertex -1.45680128978 4.52108725885 -5
   vertex -1.38243447381 4.54437838715 -5
   vertex -1.38243447381 4.54437838715 5
  endloop
 endfacet
 facet normal 0.298876978331 -0.954291649248 0
  outer loop
   vertex -1.45680128978 4.52108725885 -5
   vertex -1.38243447381 4.54437838715 5
   vertex -1.45680128978 4.52108725885 5
  endloop
 endfacet
 facet normal 0 -0 1
  outer loop
   vertex -1.45680128978 4.52108725885 5
   vertex -1.38243447381 4.54437838715 5
   vertex -1.52795389211 5.02273400685 5
  endloop
 endfacet
 facet normal 0 0 1
  outer loop
   vertex -1.45680128978 4.52108725885 5
   vertex -1.52795389211 5.02273400685 5
   vertex -1.61014879396 4.99699118083 5
  endloop
 endfacet
 facet normal 0 0 -1
  outer loop
   vertex -1.45680128978 4.52108725885 -5
   vertex -1.61014879396 4.99699118083 -5
   vertex -1.52795389211 5.02273400685 -5
  endloop
 endfacet
 facet normal 0 0 -1
  outer loop
   vertex -1.45680128978 4.52108725885 -5
   vertex -1.52795389211 5.02273400685 -5
   vertex -1.38243447381 4.54437838715 -5
  endloop
 endfacet
 facet normal -0.283181110593 0.95906645161 0
  outer loop
   vertex -1.52795389211 5.02273400685 -5
   vertex -1.52795389211 5.02273400685 5
   vertex -1.44534772771 5.0471249188 5
  endloop
 endfacet
 facet normal -0.283181110593 0.95906645161 0
  outer loop
   vertex -1.52795389211 5.02273400685 -5
   vertex -1.44534772771 5.0471249188 5
   vertex -1.44534772771 5.0471249188 -5
  endloop
 endfacet
 facet normal 0.283181110593 -0.95906645161 0
  outer loop
   vertex -1.38243447381 4.54437838715 -5
   vertex -1.30769556317 4.56644635511 -5
   vertex -1.30769556317 4.56644635511 5
  endloop
 endfacet
 facet normal 0.283181110593 -0.95906645161 0
  outer loop
   vertex -1.38243447381 4.54437838715 -5
   vertex -1.30769556317 4.56644635511 5
   vertex -1.38243447381 4.54437838715 5
  endloop
 endfacet
 facet normal 0 -0 1
  outer loop
   vertex -1.38243447381 4.54437838715 5
   vertex -1.30769556317 4.56644635511 5
   vertex -1.44534772771 5.0471249188 5
  endloop
 endfacet
 facet normal 0 0 1
  outer loop
   vertex -1.38243447381 4.54437838715 5
   vertex -1.44534772771 5.0471249188 5
   vertex -1.52795389211 5.02273400685 5
  endloop
 endfacet
 facet normal 0 0 -1
  outer loop
   vertex -1.38243447381 4.54437838715 -5
   vertex -1.52795389211 5.02273400685 -5
   vertex -1.44534772771 5.0471249188 -5
  endloop
 endfacet
 facet normal 0 0 -1
  outer loop
   vertex -1.38243447381 4.54437838715 -5
   vertex -1.44534772771 5.0471249188 -5
   vertex -1.30769556317 4.56644635511 -5
  endloop
 endfacet
 facet normal -0.267409022111 0.963583112603 0
  outer loop
   vertex -1.44534772771 5.0471249188 -5
   vertex -1.44534772771 5.0471249188 5
   vertex -1.36235253496 5.07015735165 5
  endloop
 endfacet
 facet normal -0.267409022111 0.963583112603 0
  outer loop
   vertex -1.44534772771 5.0471249188 -5
   vertex -1.36235253496 5.07015735165 5
   vertex -1.36235253496 5.07015735165 -5
  endloop
 endfacet
 facet normal 0.267409022111 -0.963583112603 0
  outer loop
   vertex -1.30769556317 4.56644635511 -5
   vertex -1.23260467449 4.58728522292 -5
   vertex -1.23260467449 4.58728522292 5
  endloop
 endfacet
 facet normal 0.267409022111 -0.963583112603 0
  outer loop
   vertex -1.30769556317 4.56644635511 -5
   vertex -1.23260467449 4.58728522292 5
   vertex -1.30769556317 4.56644635511 5
  endloop
 endfacet
 facet normal 0 -0 1
  outer loop
   vertex -1.30769556317 4.56644635511 5
   vertex -1.23260467449 4.58728522292 5
   vertex -1.36235253496 5.07015735165 5
  endloop
 endfacet
 facet normal 0 0 1
  outer loop
   vertex -1.30769556317 4.56644635511 5
   vertex -1.36235253496 5.07015735165 5
   vertex -1.44534772771 5.0471249188 5
  endloop
 endfacet
 facet normal 0 0 -1
  outer loop
   vertex -1.30769556317 4.56644635511 -5
   vertex -1.44534772771 5.0471249188 -5
   vertex -1.36235253496 5.07015735165 -5
  endloop
 endfacet
 facet normal 0 0 -1
  outer loop
   vertex -1.30769556317 4.56644635511 -5
   vertex -1.36235253496 5.07015735165 -5
   vertex -1.23260467449 4.58728522292 -5
  endloop
 endfacet
 facet normal -0.251564958083 0.967840416528 0
  outer loop
   vertex -1.36235253496 5.07015735165 -5
   vertex -1.36235253496 5.07015735165 5
   vertex -1.27899065276 5.09182510601 5
  endloop
 endfacet
 facet normal -0.251564958083 0.967840416528 0
  outer loop
   vertex -1.36235253496 5.07015735165 -5
   vertex -1.27899065276 5.09182510601 5
   vertex -1.27899065276 5.09182510601 -5
  endloop
 endfacet
 facet normal 0.251564958083 -0.967840416528 0
  outer loop
   vertex -1.23260467449 4.58728522292 -5
   vertex -1.15718201916 4.60688938162 -5
   vertex -1.15718201916 4.60688938162 5
  endloop
 endfacet
 facet normal 0.251564958083 -0.967840416528 0
  outer loop
   vertex -1.23260467449 4.58728522292 -5
   vertex -1.15718201916 4.60688938162 5
   vertex -1.23260467449 4.58728522292 5
  endloop
 endfacet
 facet normal 0 -0 1
  outer loop
   vertex -1.23260467449 4.58728522292 5
   vertex -1.15718201916 4.60688938162 5
   vertex -1.27899065276 5.09182510601 5
  endloop
 endfacet
 facet normal 0 0 1
  outer loop
   vertex -1.23260467449 4.58728522292 5
   vertex -1.27899065276 5.09182510601 5
   vertex -1.36235253496 5.07015735165 5
  endloop
 endfacet
 facet normal 0 0 -1
  outer loop
   vertex -1.23260467449 4.58728522292 -5
   vertex -1.36235253496 5.07015735165 -5
   vertex -1.27899065276 5.09182510601 -5
  endloop
 endfacet
 facet normal 0 0 -1
  outer loop
   vertex -1.23260467449 4.58728522292 -5
   vertex -1.27899065276 5.09182510601 -5
   vertex -1.15718201916 4.60688938162 -5
  endloop
 endfacet
 facet normal -0.235653183082 0.971837217492 0
  outer loop
   vertex -1.27899065276 5.09182510601 -5
   vertex -1.27899065276 5.09182510601 5
   vertex -1.19528451871 5.1121223498 5
  endloop
 endfacet
 facet normal -0.235653183082 0.971837217492 0
  outer loop
   vertex -1.27899065276 5.09182510601 -5
   vertex -1.19528451871 5.1121223498 5
   vertex -1.19528451871 5.1121223498 -5
  endloop
 endfacet
 facet normal 0.235653183082 -0.971837217492 0
  outer loop
   vertex -1.15718201916 4.60688938162 -5
   vertex -1.08144789788 4.62525355458 -5
   vertex -1.08144789788 4.62525355458 5
  endloop
 endfacet
 facet normal 0.235653183082 -0.971837217492 0
  outer loop
   vertex -1.15718201916 4.60688938162 -5
   vertex -1.08144789788 4.62525355458 5
   vertex -1.15718201916 4.60688938162 5
  endloop
 endfacet
 facet normal 0 -0 1
  outer loop
   vertex -1.15718201916 4.60688938162 5
   vertex -1.08144789788 4.62525355458 5
   vertex -1.19528451871 5.1121223498 5
  endloop
 endfacet
 facet normal 0 0 1
  outer loop
   vertex -1.15718201916 4.60688938162 5
   vertex -1.19528451871 5.1121223498 5
   vertex -1.27899065276 5.09182510601 5
  endloop
 endfacet
 facet normal 0 0 -1
  outer loop
   vertex -1.15718201916 4.60688938162 -5
   vertex -1.27899065276 5.09182510601 -5
   vertex -1.19528451871 5.1121223498 -5
  endloop
 endfacet
 facet normal 0 0 -1
  outer loop
   vertex -1.15718201916 4.60688938162 -5
   vertex -1.19528451871 5.1121223498 -5
   vertex -1.08144789788 4.62525355458 -5
  endloop
 endfacet
 facet normal -0.219677979905 0.975572439722 0
  outer loop
   vertex -1.19528451871 5.1121223498 -5
   vertex -1.19528451871 5.1121223498 5
   vertex -1.11125666308 5.13104361985 5
  endloop
 endfacet
 facet normal -0.219677979905 0.975572439722 0
  outer loop
   vertex -1.19528451871 5.1121223498 -5
   vertex -1.11125666308 5.13104361985 5
   vertex -1.11125666308 5.13104361985 -5
  endloop
 endfacet
 facet normal 0.219677979905 -0.975572439722 0
  outer loop
   vertex -1.08144789788 4.62525355458 -5
   vertex -1.00542269517 4.64237279891 -5
   vertex -1.00542269517 4.64237279891 5
  endloop
 endfacet
 facet normal 0.219677979905 -0.975572439722 0
  outer loop
   vertex -1.08144789788 4.62525355458 -5
   vertex -1.00542269517 4.64237279891 5
   vertex -1.08144789788 4.62525355458 5
  endloop
 endfacet
 facet normal 0 -0 1
  outer loop
   vertex -1.08144789788 4.62525355458 5
   vertex -1.00542269517 4.64237279891 5
   vertex -1.11125666308 5.13104361985 5
  endloop
 endfacet
 facet normal 0 0 1
  outer loop
   vertex -1.08144789788 4.62525355458 5
   vertex -1.11125666308 5.13104361985 5
   vertex -1.19528451871 5.1121223498 5
  endloop
 endfacet
 facet normal 0 0 -1
  outer loop
   vertex -1.08144789788 4.62525355458 -5
   vertex -1.19528451871 5.1121223498 -5
   vertex -1.11125666308 5.13104361985 -5
  endloop
 endfacet
 facet normal 0 0 -1
  outer loop
   vertex -1.08144789788 4.62525355458 -5
   vertex -1.11125666308 5.13104361985 -5
   vertex -1.00542269517 4.64237279891 -5
  endloop
 endfacet
 facet normal -0.203643648423 0.979045077847 0
  outer loop
   vertex -1.11125666308 5.13104361985 -5
   vertex -1.11125666308 5.13104361985 5
   vertex -1.02692970271 5.14858382331 5
  endloop
 endfacet
 facet normal -0.203643648423 0.979045077847 0
  outer loop
   vertex -1.11125666308 5.13104361985 -5
   vertex -1.02692970271 5.14858382331 5
   vertex -1.02692970271 5.14858382331 -5
  endloop
 endfacet
 facet normal 0.203643648423 -0.979045077847 0
  outer loop
   vertex -1.00542269517 4.64237279891 -5
   vertex -0.929126873884 4.65824250681 -5
   vertex -0.929126873884 4.65824250681 5
  endloop
 endfacet
 facet normal 0.203643648423 -0.979045077847 0
  outer loop
   vertex -1.00542269517 4.64237279891 -5
   vertex -0.929126873884 4.65824250681 5
   vertex -1.00542269517 4.64237279891 5
  endloop
 endfacet
 facet normal 0 -0 1
  outer loop
   vertex -1.00542269517 4.64237279891 5
   vertex -0.929126873884 4.65824250681 5
   vertex -1.02692970271 5.14858382331 5
  endloop
 endfacet
 facet normal 0 0 1
  outer loop
   vertex -1.00542269517 4.64237279891 5
   vertex -1.02692970271 5.14858382331 5
   vertex -1.11125666308 5.13104361985 5
  endloop
 endfacet
 facet normal 0 0 -1
  outer loop
   vertex -1.00542269517 4.64237279891 -5
   vertex -1.11125666308 5.13104361985 -5
   vertex -1.02692970271 5.14858382331 -5
  endloop
 endfacet
 facet normal 0 0 -1
  outer loop
   vertex -1.00542269517 4.64237279891 -5
   vertex -1.02692970271 5.14858382331 -5
   vertex -0.929126873884 4.65824250681 -5
  endloop
 endfacet
 facet normal -0.18755450442 0.982254197177 0
  outer loop
   vertex -1.02692970271 5.14858382331 -5
   vertex -1.02692970271 5.14858382331 5
   vertex -0.942326334974 5.1647382391 5
  endloop
 endfacet
 facet normal -0.18755450442 0.982254197177 0
  outer loop
   vertex -1.02692970271 5.14858382331 -5
   vertex -0.942326334974 5.1647382391 5
   vertex -0.942326334974 5.1647382391 -5
  endloop
 endfacet
 facet normal 0.18755450442 -0.982254197177 0
  outer loop
   vertex -0.929126873884 4.65824250681 -5
   vertex -0.852580969738 4.6728584068 -5
   vertex -0.852580969738 4.6728584068 5
  endloop
 endfacet
 facet normal 0.18755450442 -0.982254197177 0
  outer loop
   vertex -0.929126873884 4.65824250681 -5
   vertex -0.852580969738 4.6728584068 5
   vertex -0.929126873884 4.65824250681 5
  endloop
 endfacet
 facet normal 0 -0 1
  outer loop
   vertex -0.929126873884 4.65824250681 5
   vertex -0.852580969738 4.6728584068 5
   vertex -0.942326334974 5.1647382391 5
  endloop
 endfacet
 facet normal 0 0 1
  outer loop
   vertex -0.929126873884 4.65824250681 5
   vertex -0.942326334974 5.1647382391 5
   vertex -1.02692970271 5.14858382331 5
  endloop
 endfacet
 facet normal 0 0 -1
  outer loop
   vertex -0.929126873884 4.65824250681 -5
   vertex -1.02692970271 5.14858382331 -5
   vertex -0.942326334974 5.1647382391 -5
  endloop
 endfacet
 facet normal 0 0 -1
  outer loop
   vertex -0.929126873884 4.65824250681 -5
   vertex -0.942326334974 5.1647382391 -5
   vertex -0.852580969738 4.6728584068 -5
  endloop
 endfacet
 facet normal -0.171414878433 0.985198933948 0
  outer loop
   vertex -0.942326334974 5.1647382391 -5
   vertex -0.942326334974 5.1647382391 5
   vertex -0.857469331617 5.1795025191 5
  endloop
 endfacet
 facet normal -0.171414878433 0.985198933948 0
  outer loop
   vertex -0.942326334974 5.1647382391 -5
   vertex -0.857469331617 5.1795025191 5
   vertex -0.857469331617 5.1795025191 -5
  endloop
 endfacet
 facet normal 0.171414878433 -0.985198933948 0
  outer loop
   vertex -0.852580969738 4.6728584068 -5
   vertex -0.775805585749 4.6862165649 -5
   vertex -0.775805585749 4.6862165649 5
  endloop
 endfacet
 facet normal 0.171414878433 -0.985198933948 0
  outer loop
   vertex -0.852580969738 4.6728584068 -5
   vertex -0.775805585749 4.6862165649 5
   vertex -0.852580969738 4.6728584068 5
  endloop
 endfacet
 facet normal 0 -0 1
  outer loop
   vertex -0.852580969738 4.6728584068 5
   vertex -0.775805585749 4.6862165649 5
   vertex -0.857469331617 5.1795025191 5
  endloop
 endfacet
 facet normal 0 0 1
  outer loop
   vertex -0.852580969738 4.6728584068 5
   vertex -0.857469331617 5.1795025191 5
   vertex -0.942326334974 5.1647382391 5
  endloop
 endfacet
 facet normal 0 0 -1
  outer loop
   vertex -0.852580969738 4.6728584068 -5
   vertex -0.942326334974 5.1647382391 -5
   vertex -0.857469331617 5.1795025191 -5
  endloop
 endfacet
 facet normal 0 0 -1
  outer loop
   vertex -0.852580969738 4.6728584068 -5
   vertex -0.857469331617 5.1795025191 -5
   vertex -0.775805585749 4.6862165649 -5
  endloop
 endfacet
 facet normal -0.155229114589 0.987878495557 0
  outer loop
   vertex -0.857469331617 5.1795025191 -5
   vertex -0.857469331617 5.1795025191 5
   vertex -0.772381532672 5.19287268937 5
  endloop
 endfacet
 facet normal -0.155229114589 0.987878495557 0
  outer loop
   vertex -0.857469331617 5.1795025191 -5
   vertex -0.772381532672 5.19287268937 5
   vertex -0.772381532672 5.19287268937 -5
  endloop
 endfacet
 facet normal 0.155229114589 -0.987878495557 0
  outer loop
   vertex -0.775805585749 4.6862165649 -5
   vertex -0.698821386703 4.69831338562 -5
   vertex -0.698821386703 4.69831338562 5
  endloop
 endfacet
 facet normal 0.155229114589 -0.987878495557 0
  outer loop
   vertex -0.775805585749 4.6862165649 -5
   vertex -0.698821386703 4.69831338562 5
   vertex -0.775805585749 4.6862165649 5
  endloop
 endfacet
 facet normal 0 0 1
  outer loop
   vertex -0.775805585749 4.6862165649 5
   vertex -0.698821386703 4.69831338562 5
   vertex -0.772381532672 5.19287268937 5
  endloop
 endfacet
 facet normal 0 -0 1
  outer loop
   vertex -0.775805585749 4.6862165649 5
   vertex -0.772381532672 5.19287268937 5
   vertex -0.857469331617 5.1795025191 5
  endloop
 endfacet
 facet normal 0 0 -1
  outer loop
   vertex -0.775805585749 4.6862165649 -5
   vertex -0.857469331617 5.1795025191 -5
   vertex -0.772381532672 5.19287268937 -5
  endloop
 endfacet
 facet normal 0 0 -1
  outer loop
   vertex -0.775805585749 4.6862165649 -5
   vertex -0.772381532672 5.19287268937 -5
   vertex -0.698821386703 4.69831338562 -5
  endloop
 endfacet
 facet normal -0.139001569432 0.990292160777 0
  outer loop
   vertex -0.772381532672 5.19287268937 -5
   vertex -0.772381532672 5.19287268937 5
   vertex -0.687085840284 5.20484515121 5
  endloop
 endfacet
 facet normal -0.139001569432 0.990292160777 0
  outer loop
   vertex -0.772381532672 5.19287268937 -5
   vertex -0.687085840284 5.20484515121 5
   vertex -0.687085840284 5.20484515121 -5
  endloop
 endfacet
 facet normal 0.139001569432 -0.990292160777 0
  outer loop
   vertex -0.698821386703 4.69831338562 -5
   vertex -0.62164909359 4.709145613 -5
   vertex -0.62164909359 4.709145613 5
  endloop
 endfacet
 facet normal 0.139001569432 -0.990292160777 0
  outer loop
   vertex -0.698821386703 4.69831338562 -5
   vertex -0.62164909359 4.709145613 5
   vertex -0.698821386703 4.69831338562 5
  endloop
 endfacet
 facet normal 0 0 1
  outer loop
   vertex -0.698821386703 4.69831338562 5
   vertex -0.62164909359 4.709145613 5
   vertex -0.687085840284 5.20484515121 5
  endloop
 endfacet
 facet normal 0 -0 1
  outer loop
   vertex -0.698821386703 4.69831338562 5
   vertex -0.687085840284 5.20484515121 5
   vertex -0.772381532672 5.19287268937 5
  endloop
 endfacet
 facet normal 0 0 -1
  outer loop
   vertex -0.698821386703 4.69831338562 -5
   vertex -0.772381532672 5.19287268937 -5
   vertex -0.687085840284 5.20484515121 -5
  endloop
 endfacet
 facet normal 0 0 -1
  outer loop
   vertex -0.698821386703 4.69831338562 -5
   vertex -0.687085840284 5.20484515121 -5
   vertex -0.62164909359 4.709145613 -5
  endloop
 endfacet
 facet normal -0.12273661075 0.992439279947 0
  outer loop
   vertex -0.687085840284 5.20484515121 -5
   vertex -0.687085840284 5.20484515121 5
   vertex -0.601605212557 5.21541668213 5
  endloop
 endfacet
 facet normal -0.12273661075 0.992439279947 0
  outer loop
   vertex -0.687085840284 5.20484515121 -5
   vertex -0.601605212557 5.21541668213 5
   vertex -0.601605212557 5.21541668213 -5
  endloop
 endfacet
 facet normal 0.12273661075 -0.992439279947 0
  outer loop
   vertex -0.62164909359 4.709145613 -5
   vertex -0.544309478028 4.71871033145 -5
   vertex -0.544309478028 4.71871033145 5
  endloop
 endfacet
 facet normal 0.12273661075 -0.992439279947 0
  outer loop
   vertex -0.62164909359 4.709145613 -5
   vertex -0.544309478028 4.71871033145 5
   vertex -0.62164909359 4.709145613 5
  endloop
 endfacet
 facet normal 0 0 1
  outer loop
   vertex -0.62164909359 4.709145613 5
   vertex -0.544309478028 4.71871033145 5
   vertex -0.601605212557 5.21541668213 5
  endloop
 endfacet
 facet normal 0 -0 1
  outer loop
   vertex -0.62164909359 4.709145613 5
   vertex -0.601605212557 5.21541668213 5
   vertex -0.687085840284 5.20484515121 5
  endloop
 endfacet
 facet normal 0 0 -1
  outer loop
   vertex -0.62164909359 4.709145613 -5
   vertex -0.687085840284 5.20484515121 -5
   vertex -0.601605212557 5.21541668213 -5
  endloop
 endfacet
 facet normal 0 0 -1
  outer loop
   vertex -0.62164909359 4.709145613 -5
   vertex -0.601605212557 5.21541668213 -5
   vertex -0.544309478028 4.71871033145 -5
  endloop
 endfacet
 facet normal -0.106438616406 0.994319275151 0
  outer loop
   vertex -0.601605212557 5.21541668213 -5
   vertex -0.601605212557 5.21541668213 5
   vertex -0.515962657372 5.2245844367 5
  endloop
 endfacet
 facet normal -0.106438616406 0.994319275151 0
  outer loop
   vertex -0.601605212557 5.21541668213 -5
   vertex -0.515962657372 5.2245844367 5
   vertex -0.515962657372 5.2245844367 -5
  endloop
 endfacet
 facet normal 0.106438616406 -0.994319275151 0
  outer loop
   vertex -0.544309478028 4.71871033145 -5
   vertex -0.46682335667 4.72700496654 -5
   vertex -0.46682335667 4.72700496654 5
  endloop
 endfacet
 facet normal 0.106438616406 -0.994319275151 0
  outer loop
   vertex -0.544309478028 4.71871033145 -5
   vertex -0.46682335667 4.72700496654 5
   vertex -0.544309478028 4.71871033145 5
  endloop
 endfacet
 facet normal 0 0 1
  outer loop
   vertex -0.544309478028 4.71871033145 5
   vertex -0.46682335667 4.72700496654 5
   vertex -0.515962657372 5.2245844367 5
  endloop
 endfacet
 facet normal 0 -0 1
  outer loop
   vertex -0.544309478028 4.71871033145 5
   vertex -0.515962657372 5.2245844367 5
   vertex -0.601605212557 5.21541668213 5
  endloop
 endfacet
 facet normal 0 0 -1
  outer loop
   vertex -0.544309478028 4.71871033145 -5
   vertex -0.601605212557 5.21541668213 -5
   vertex -0.515962657372 5.2245844367 -5
  endloop
 endfacet
 facet normal 0 0 -1
  outer loop
   vertex -0.544309478028 4.71871033145 -5
   vertex -0.515962657372 5.2245844367 -5
   vertex -0.46682335667 4.72700496654 -5
  endloop
 endfacet
 facet normal -0.0901119731491 0.995931640373 0
  outer loop
   vertex -0.515962657372 5.2245844367 -5
   vertex -0.515962657372 5.2245844367 5
   vertex -0.430181226194 5.23234594734 5
  endloop
 endfacet
 facet normal -0.0901119731491 0.995931640373 0
  outer loop
   vertex -0.515962657372 5.2245844367 -5
   vertex -0.430181226194 5.23234594734 5
   vertex -0.430181226194 5.23234594734 -5
  endloop
 endfacet
 facet normal 0.0901119731491 -0.995931640373 0
  outer loop
   vertex -0.46682335667 4.72700496654 -5
   vertex -0.389211585604 4.73402728569 -5
   vertex -0.389211585604 4.73402728569 5
  endloop
 endfacet
 facet normal 0.0901119731491 -0.995931640373 0
  outer loop
   vertex -0.46682335667 4.72700496654 -5
   vertex -0.389211585604 4.73402728569 5
   vertex -0.46682335667 4.72700496654 5
  endloop
 endfacet
 facet normal 0 0 1
  outer loop
   vertex -0.46682335667 4.72700496654 5
   vertex -0.389211585604 4.73402728569 5
   vertex -0.430181226194 5.23234594734 5
  endloop
 endfacet
 facet normal 0 -0 1
  outer loop
   vertex -0.46682335667 4.72700496654 5
   vertex -0.430181226194 5.23234594734 5
   vertex -0.515962657372 5.2245844367 5
  endloop
 endfacet
 facet normal 0 0 -1
  outer loop
   vertex -0.46682335667 4.72700496654 -5
   vertex -0.515962657372 5.2245844367 -5
   vertex -0.430181226194 5.23234594734 -5
  endloop
 endfacet
 facet normal 0 0 -1
  outer loop
   vertex -0.46682335667 4.72700496654 -5
   vertex -0.430181226194 5.23234594734 -5
   vertex -0.389211585604 4.73402728569 -5
  endloop
 endfacet
 facet normal -0.0737610754438 0.997275941628 0
  outer loop
   vertex -0.430181226194 5.23234594734 -5
   vertex -0.430181226194 5.23234594734 5
   vertex -0.344284007866 5.23869912497 5
  endloop
 endfacet
 facet normal -0.0737610754438 0.997275941628 0
  outer loop
   vertex -0.430181226194 5.23234594734 -5
   vertex -0.344284007866 5.23869912497 5
   vertex -0.344284007866 5.23869912497 -5
  endloop
 endfacet
 facet normal 0.0737610754439 -0.997275941628 0
  outer loop
   vertex -0.389211585604 4.73402728569 -5
   vertex -0.311495054735 4.73977539878 -5
   vertex -0.311495054735 4.73977539878 5
  endloop
 endfacet
 facet normal 0.0737610754439 -0.997275941628 0
  outer loop
   vertex -0.389211585604 4.73402728569 -5
   vertex -0.311495054735 4.73977539878 5
   vertex -0.389211585604 4.73402728569 5
  endloop
 endfacet
 facet normal 0 0 1
  outer loop
   vertex -0.389211585604 4.73402728569 5
   vertex -0.311495054735 4.73977539878 5
   vertex -0.344284007866 5.23869912497 5
  endloop
 endfacet
 facet normal 0 -0 1
  outer loop
   vertex -0.389211585604 4.73402728569 5
   vertex -0.344284007866 5.23869912497 5
   vertex -0.430181226194 5.23234594734 5
  endloop
 endfacet
 facet normal 0 0 -1
  outer loop
   vertex -0.389211585604 4.73402728569 -5
   vertex -0.430181226194 5.23234594734 -5
   vertex -0.344284007866 5.23869912497 -5
  endloop
 endfacet
 facet normal 0 0 -1
  outer loop
   vertex -0.389211585604 4.73402728569 -5
   vertex -0.344284007866 5.23869912497 -5
   vertex -0.311495054735 4.73977539878 -5
  endloop
 endfacet
 facet normal -0.0573903242812 0.998351817086 0
  outer loop
   vertex -0.344284007866 5.23869912497 -5
   vertex -0.344284007866 5.23869912497 5
   vertex -0.258294122398 5.24364225957 5
  endloop
 endfacet
 facet normal -0.0573903242812 0.998351817086 0
  outer loop
   vertex -0.344284007866 5.23869912497 -5
   vertex -0.258294122398 5.24364225957 5
   vertex -0.258294122398 5.24364225957 -5
  endloop
 endfacet
 facet normal 0.0573903242812 -0.998351817086 0
  outer loop
   vertex -0.311495054735 4.73977539878 -5
   vertex -0.233694682169 4.74424775866 -5
   vertex -0.233694682169 4.74424775866 5
  endloop
 endfacet
 facet normal 0.0573903242812 -0.998351817086 0
  outer loop
   vertex -0.311495054735 4.73977539878 -5
   vertex -0.233694682169 4.74424775866 5
   vertex -0.311495054735 4.73977539878 5
  endloop
 endfacet
 facet normal 0 0 1
  outer loop
   vertex -0.311495054735 4.73977539878 5
   vertex -0.233694682169 4.74424775866 5
   vertex -0.258294122398 5.24364225957 5
  endloop
 endfacet
 facet normal 0 -0 1
  outer loop
   vertex -0.311495054735 4.73977539878 5
   vertex -0.258294122398 5.24364225957 5
   vertex -0.344284007866 5.23869912497 5
  endloop
 endfacet
 facet normal 0 0 -1
  outer loop
   vertex -0.311495054735 4.73977539878 -5
   vertex -0.344284007866 5.23869912497 -5
   vertex -0.258294122398 5.24364225957 -5
  endloop
 endfacet
 facet normal 0 0 -1
  outer loop
   vertex -0.311495054735 4.73977539878 -5
   vertex -0.258294122398 5.24364225957 -5
   vertex -0.233694682169 4.74424775866 -5
  endloop
 endfacet
 facet normal -0.0410041259961 0.999158977166 0
  outer loop
   vertex -0.258294122398 5.24364225957 -5
   vertex -0.258294122398 5.24364225957 5
   vertex -0.172234714742 5.24717402066 5
  endloop
 endfacet
 facet normal -0.0410041259961 0.999158977166 0
  outer loop
   vertex -0.258294122398 5.24364225957 -5
   vertex -0.172234714742 5.24717402066 5
   vertex -0.172234714742 5.24717402066 -5
  endloop
 endfacet
 facet normal 0.0410041259961 -0.999158977166 0
  outer loop
   vertex -0.233694682169 4.74424775866 -5
   vertex -0.155831408576 4.74744316155 -5
   vertex -0.155831408576 4.74744316155 5
  endloop
 endfacet
 facet normal 0.0410041259961 -0.999158977166 0
  outer loop
   vertex -0.233694682169 4.74424775866 -5
   vertex -0.155831408576 4.74744316155 5
   vertex -0.233694682169 4.74424775866 5
  endloop
 endfacet
 facet normal 0 0 1
  outer loop
   vertex -0.233694682169 4.74424775866 5
   vertex -0.155831408576 4.74744316155 5
   vertex -0.172234714742 5.24717402066 5
  endloop
 endfacet
 facet normal 0 -0 1
  outer loop
   vertex -0.233694682169 4.74424775866 5
   vertex -0.172234714742 5.24717402066 5
   vertex -0.258294122398 5.24364225957 5
  endloop
 endfacet
 facet normal 0 0 -1
  outer loop
   vertex -0.233694682169 4.74424775866 -5
   vertex -0.258294122398 5.24364225957 -5
   vertex -0.172234714742 5.24717402066 -5
  endloop
 endfacet
 facet normal 0 0 -1
  outer loop
   vertex -0.233694682169 4.74424775866 -5
   vertex -0.172234714742 5.24717402066 -5
   vertex -0.155831408576 4.74744316155 -5
  endloop
 endfacet
 facet normal -0.0246068910815 0.999697204613 0
  outer loop
   vertex -0.172234714742 5.24717402066 -5
   vertex -0.172234714742 5.24717402066 5
   vertex -0.0861289485617 5.24929345762 5
  endloop
 endfacet
 facet normal -0.0246068910815 0.999697204613 0
  outer loop
   vertex -0.172234714742 5.24717402066 -5
   vertex -0.0861289485617 5.24929345762 5
   vertex -0.0861289485617 5.24929345762 -5
  endloop
 endfacet
 facet normal 0.0246068910814 -0.999697204613 0
  outer loop
   vertex -0.155831408576 4.74744316155 -5
   vertex -0.0779261915558 4.74936074737 -5
   vertex -0.0779261915558 4.74936074737 5
  endloop
 endfacet
 facet normal 0.0246068910814 -0.999697204613 0
  outer loop
   vertex -0.155831408576 4.74744316155 -5
   vertex -0.0779261915558 4.74936074737 5
   vertex -0.155831408576 4.74744316155 5
  endloop
 endfacet
 facet normal 0 0 1
  outer loop
   vertex -0.155831408576 4.74744316155 5
   vertex -0.0779261915558 4.74936074737 5
   vertex -0.0861289485617 5.24929345762 5
  endloop
 endfacet
 facet normal 0 -0 1
  outer loop
   vertex -0.155831408576 4.74744316155 5
   vertex -0.0861289485617 5.24929345762 5
   vertex -0.172234714742 5.24717402066 5
  endloop
 endfacet
 facet normal 0 0 -1
  outer loop
   vertex -0.155831408576 4.74744316155 -5
   vertex -0.172234714742 5.24717402066 -5
   vertex -0.0861289485617 5.24929345762 -5
  endloop
 endfacet
 facet normal 0 0 -1
  outer loop
   vertex -0.155831408576 4.74744316155 -5
   vertex -0.0861289485617 5.24929345762 -5
   vertex -0.0779261915558 4.74936074737 -5
  endloop
 endfacet
 facet normal -0.00820303300053 0.999966354559 0
  outer loop
   vertex -0.0861289485617 5.24929345762 -5
   vertex -0.0861289485617 5.24929345762 5
   vertex 0 5.25 5
  endloop
 endfacet
 facet normal -0.00820303300053 0.999966354559 0
  outer loop
   vertex -0.0861289485617 5.24929345762 -5
   vertex 0 5.25 5
   vertex 0 5.25 -5
  endloop
 endfacet
 facet normal 0.00820303300054 -0.999966354559 0
  outer loop
   vertex -0.0779261915558 4.74936074737 -5
   vertex 0 4.75 -5
   vertex 0 4.75 5
  endloop
 endfacet
 facet normal 0.00820303300054 -0.999966354559 0
  outer loop
   vertex -0.0779261915558 4.74936074737 -5
   vertex 0 4.75 5
   vertex -0.0779261915558 4.74936074737 5
  endloop
 endfacet
 facet normal 0 0 1
  outer loop
   vertex -0.0779261915558 4.74936074737 5
   vertex 0 4.75 5
   vertex 0 5.25 5
  endloop
 endfacet
 facet normal 0 -0 1
  outer loop
   vertex -0.0779261915558 4.74936074737 5
   vertex 0 5.25 5
   vertex -0.0861289485617 5.24929345762 5
  endloop
 endfacet
 facet normal 0 0 -1
  outer loop
   vertex -0.0779261915558 4.74936074737 -5
   vertex -0.0861289485617 5.24929345762 -5
   vertex 0 5.25 -5
  endloop
 endfacet
 facet normal 0 0 -1
  outer loop
   vertex -0.0779261915558 4.74936074737 -5
   vertex 0 5.25 -5
   vertex 0 4.75 -5
  endloop
 endfacet
 facet normal 0.00820303300053 0.999966354559 -0
  outer loop
   vertex 0 5.25 -5
   vertex 0 5.25 5
   vertex 0.0861289485617 5.24929345762 5
  endloop
 endfacet
 facet normal 0.00820303300053 0.999966354559 0
  outer loop
   vertex 0 5.25 -5
   vertex 0.0861289485617 5.24929345762 5
   vertex 0.0861289485617 5.24929345762 -5
  endloop
 endfacet
 facet normal -0.00820303300054 -0.999966354559 0
  outer loop
   vertex 0 4.75 -5
   vertex 0.0779261915558 4.74936074737 -5
   vertex 0.0779261915558 4.74936074737 5
  endloop
 endfacet
 facet normal -0.00820303300054 -0.999966354559 0
  outer loop
   vertex 0 4.75 -5
   vertex 0.0779261915558 4.74936074737 5
   vertex 0 4.75 5
  endloop
 endfacet
 facet normal -0 0 1
  outer loop
   vertex 0 4.75 5
   vertex 0.0779261915558 4.74936074737 5
   vertex 0.0861289485617 5.24929345762 5
  endloop
 endfacet
 facet normal 0 0 1
  outer loop
   vertex 0 4.75 5
   vertex 0.0861289485617 5.24929345762 5
   vertex 0 5.25 5
  endloop
 endfacet
 facet normal 0 0 -1
  outer loop
   vertex 0 4.75 -5
   vertex 0 5.25 -5
   vertex 0.0861289485617 5.24929345762 -5
  endloop
 endfacet
 facet normal 0 0 -1
  outer loop
   vertex 0 4.75 -5
   vertex 0.0861289485617 5.24929345762 -5
   vertex 0.0779261915558 4.74936074737 -5
  endloop
 endfacet
 facet normal 0.0246068910815 0.999697204613 -0
  outer loop
   vertex 0.0861289485617 5.24929345762 -5
   vertex 0.0861289485617 5.24929345762 5
   vertex 0.172234714742 5.24717402066 5
  endloop
 endfacet
 facet normal 0.0246068910815 0.999697204613 0
  outer loop
   vertex 0.0861289485617 5.24929345762 -5
   vertex 0.172234714742 5.24717402066 5
   vertex 0.172234714742 5.24717402066 -5
  endloop
 endfacet
 facet normal -0.0246068910814 -0.999697204613 0
  outer loop
   vertex 0.0779261915558 4.74936074737 -5
   vertex 0.155831408576 4.74744316155 -5
   vertex 0.155831408576 4.74744316155 5
  endloop
 endfacet
 facet normal -0.0246068910814 -0.999697204613 0
  outer loop
   vertex 0.0779261915558 4.74936074737 -5
   vertex 0.155831408576 4.74744316155 5
   vertex 0.0779261915558 4.74936074737 5
  endloop
 endfacet
 facet normal -0 0 1
  outer loop
   vertex 0.0779261915558 4.74936074737 5
   vertex 0.155831408576 4.74744316155 5
   vertex 0.172234714742 5.24717402066 5
  endloop
 endfacet
 facet normal 0 0 1
  outer loop
   vertex 0.0779261915558 4.74936074737 5
   vertex 0.172234714742 5.24717402066 5
   vertex 0.0861289485617 5.24929345762 5
  endloop
 endfacet
 facet normal 0 0 -1
  outer loop
   vertex 0.0779261915558 4.74936074737 -5
   vertex 0.0861289485617 5.24929345762 -5
   vertex 0.172234714742 5.24717402066 -5
  endloop
 endfacet
 facet normal 0 0 -1
  outer loop
   vertex 0.0779261915558 4.74936074737 -5
   vertex 0.172234714742 5.24717402066 -5
   vertex 0.155831408576 4.74744316155 -5
  endloop
 endfacet
 facet normal 0.0410041259961 0.999158977166 -0
  outer loop
   vertex 0.172234714742 5.24717402066 -5
   vertex 0.172234714742 5.24717402066 5
   vertex 0.258294122398 5.24364225957 5
  endloop
 endfacet
 facet normal 0.0410041259961 0.999158977166 0
  outer loop
   vertex 0.172234714742 5.24717402066 -5
   vertex 0.258294122398 5.24364225957 5
   vertex 0.258294122398 5.24364225957 -5
  endloop
 endfacet
 facet normal -0.0410041259961 -0.999158977166 0
  outer loop
   vertex 0.155831408576 4.74744316155 -5
   vertex 0.233694682169 4.74424775866 -5
   vertex 0.233694682169 4.74424775866 5
  endloop
 endfacet
 facet normal -0.0410041259961 -0.999158977166 0
  outer loop
   vertex 0.155831408576 4.74744316155 -5
   vertex 0.233694682169 4.74424775866 5
   vertex 0.155831408576 4.74744316155 5
  endloop
 endfacet
 facet normal -0 0 1
  outer loop
   vertex 0.155831408576 4.74744316155 5
   vertex 0.233694682169 4.74424775866 5
   vertex 0.258294122398 5.24364225957 5
  endloop
 endfacet
 facet normal 0 0 1
  outer loop
   vertex 0.155831408576 4.74744316155 5
   vertex 0.258294122398 5.24364225957 5
   vertex 0.172234714742 5.24717402066 5
  endloop
 endfacet
 facet normal 0 0 -1
  outer loop
   vertex 0.155831408576 4.74744316155 -5
   vertex 0.172234714742 5.24717402066 -5
   vertex 0.258294122398 5.24364225957 -5
  endloop
 endfacet
 facet normal 0 0 -1
  outer loop
   vertex 0.155831408576 4.74744316155 -5
   vertex 0.258294122398 5.24364225957 -5
   vertex 0.233694682169 4.74424775866 -5
  endloop
 endfacet
 facet normal 0.0573903242812 0.998351817086 -0
  outer loop
   vertex 0.258294122398 5.24364225957 -5
   vertex 0.258294122398 5.24364225957 5
   vertex 0.344284007866 5.23869912497 5
  endloop
 endfacet
 facet normal 0.0573903242812 0.998351817086 0
  outer loop
   vertex 0.258294122398 5.24364225957 -5
   vertex 0.344284007866 5.23869912497 5
   vertex 0.344284007866 5.23869912497 -5
  endloop
 endfacet
 facet normal -0.0573903242812 -0.998351817086 0
  outer loop
   vertex 0.233694682169 4.74424775866 -5
   vertex 0.311495054735 4.73977539878 -5
   vertex 0.311495054735 4.73977539878 5
  endloop
 endfacet
 facet normal -0.0573903242812 -0.998351817086 0
  outer loop
   vertex 0.233694682169 4.74424775866 -5
   vertex 0.311495054735 4.73977539878 5
   vertex 0.233694682169 4.74424775866 5
  endloop
 endfacet
 facet normal -0 0 1
  outer loop
   vertex 0.233694682169 4.74424775866 5
   vertex 0.311495054735 4.73977539878 5
   vertex 0.344284007866 5.23869912497 5
  endloop
 endfacet
 facet normal 0 0 1
  outer loop
   vertex 0.233694682169 4.74424775866 5
   vertex 0.344284007866 5.23869912497 5
   vertex 0.258294122398 5.24364225957 5
  endloop
 endfacet
 facet normal 0 0 -1
  outer loop
   vertex 0.233694682169 4.74424775866 -5
   vertex 0.258294122398 5.24364225957 -5
   vertex 0.344284007866 5.23869912497 -5
  endloop
 endfacet
 facet normal 0 0 -1
  outer loop
   vertex 0.233694682169 4.74424775866 -5
   vertex 0.344284007866 5.23869912497 -5
   vertex 0.311495054735 4.73977539878 -5
  endloop
 endfacet
 facet normal 0.0737610754438 0.997275941628 -0
  outer loop
   vertex 0.344284007866 5.23869912497 -5
   vertex 0.344284007866 5.23869912497 5
   vertex 0.430181226194 5.23234594734 5
  endloop
 endfacet
 facet normal 0.0737610754438 0.997275941628 0
  outer loop
   vertex 0.344284007866 5.23869912497 -5
   vertex 0.430181226194 5.23234594734 5
   vertex 0.430181226194 5.23234594734 -5
  endloop
 endfacet
 facet normal -0.0737610754439 -0.997275941628 0
  outer loop
   vertex 0.311495054735 4.73977539878 -5
   vertex 0.389211585604 4.73402728569 -5
   vertex 0.389211585604 4.73402728569 5
  endloop
 endfacet
 facet normal -0.0737610754439 -0.997275941628 0
  outer loop
   vertex 0.311495054735 4.73977539878 -5
   vertex 0.389211585604 4.73402728569 5
   vertex 0.311495054735 4.73977539878 5
  endloop
 endfacet
 facet normal -0 0 1
  outer loop
   vertex 0.311495054735 4.73977539878 5
   vertex 0.389211585604 4.73402728569 5
   vertex 0.430181226194 5.23234594734 5
  endloop
 endfacet
 facet normal 0 0 1
  outer loop
   vertex 0.311495054735 4.73977539878 5
   vertex 0.430181226194 5.23234594734 5
   vertex 0.344284007866 5.23869912497 5
  endloop
 endfacet
 facet normal 0 0 -1
  outer loop
   vertex 0.311495054735 4.73977539878 -5
   vertex 0.344284007866 5.23869912497 -5
   vertex 0.430181226194 5.23234594734 -5
  endloop
 endfacet
 facet normal 0 0 -1
  outer loop
   vertex 0.311495054735 4.73977539878 -5
   vertex 0.430181226194 5.23234594734 -5
   vertex 0.389211585604 4.73402728569 -5
  endloop
 endfacet
 facet normal 0.0901119731491 0.995931640373 -0
  outer loop
   vertex 0.430181226194 5.23234594734 -5
   vertex 0.430181226194 5.23234594734 5
   vertex 0.515962657372 5.2245844367 5
  endloop
 endfacet
 facet normal 0.0901119731491 0.995931640373 0
  outer loop
   vertex 0.430181226194 5.23234594734 -5
   vertex 0.515962657372 5.2245844367 5
   vertex 0.515962657372 5.2245844367 -5
  endloop
 endfacet
 facet normal -0.0901119731491 -0.995931640373 0
  outer loop
   vertex 0.389211585604 4.73402728569 -5
   vertex 0.46682335667 4.72700496654 -5
   vertex 0.46682335667 4.72700496654 5
  endloop
 endfacet
 facet normal -0.0901119731491 -0.995931640373 0
  outer loop
   vertex 0.389211585604 4.73402728569 -5
   vertex 0.46682335667 4.72700496654 5
   vertex 0.389211585604 4.73402728569 5
  endloop
 endfacet
 facet normal -0 0 1
  outer loop
   vertex 0.389211585604 4.73402728569 5
   vertex 0.46682335667 4.72700496654 5
   vertex 0.515962657372 5.2245844367 5
  endloop
 endfacet
 facet normal 0 0 1
  outer loop
   vertex 0.389211585604 4.73402728569 5
   vertex 0.515962657372 5.2245844367 5
   vertex 0.430181226194 5.23234594734 5
  endloop
 endfacet
 facet normal 0 0 -1
  outer loop
   vertex 0.389211585604 4.73402728569 -5
   vertex 0.430181226194 5.23234594734 -5
   vertex 0.515962657372 5.2245844367 -5
  endloop
 endfacet
 facet normal 0 0 -1
  outer loop
   vertex 0.389211585604 4.73402728569 -5
   vertex 0.515962657372 5.2245844367 -5
   vertex 0.46682335667 4.72700496654 -5
  endloop
 endfacet
 facet normal 0.106438616406 0.994319275151 -0
  outer loop
   vertex 0.515962657372 5.2245844367 -5
   vertex 0.515962657372 5.2245844367 5
   vertex 0.601605212557 5.21541668213 5
  endloop
 endfacet
 facet normal 0.106438616406 0.994319275151 0
  outer loop
   vertex 0.515962657372 5.2245844367 -5
   vertex 0.601605212557 5.21541668213 5
   vertex 0.601605212557 5.21541668213 -5
  endloop
 endfacet
 facet normal -0.106438616406 -0.994319275151 0
  outer loop
   vertex 0.46682335667 4.72700496654 -5
   vertex 0.544309478028 4.71871033145 -5
   vertex 0.544309478028 4.71871033145 5
  endloop
 endfacet
 facet normal -0.106438616406 -0.994319275151 0
  outer loop
   vertex 0.46682335667 4.72700496654 -5
   vertex 0.544309478028 4.71871033145 5
   vertex 0.46682335667 4.72700496654 5
  endloop
 endfacet
 facet normal -0 0 1
  outer loop
   vertex 0.46682335667 4.72700496654 5
   vertex 0.544309478028 4.71871033145 5
   vertex 0.601605212557 5.21541668213 5
  endloop
 endfacet
 facet normal 0 0 1
  outer loop
   vertex 0.46682335667 4.72700496654 5
   vertex 0.601605212557 5.21541668213 5
   vertex 0.515962657372 5.2245844367 5
  endloop
 endfacet
 facet normal 0 0 -1
  outer loop
   vertex 0.46682335667 4.72700496654 -5
   vertex 0.515962657372 5.2245844367 -5
   vertex 0.601605212557 5.21541668213 -5
  endloop
 endfacet
 facet normal 0 0 -1
  outer loop
   vertex 0.46682335667 4.72700496654 -5
   vertex 0.601605212557 5.21541668213 -5
   vertex 0.544309478028 4.71871033145 -5
  endloop
 endfacet
 facet normal 0.12273661075 0.992439279947 -0
  outer loop
   vertex 0.601605212557 5.21541668213 -5
   vertex 0.601605212557 5.21541668213 5
   vertex 0.687085840284 5.20484515121 5
  endloop
 endfacet
 facet normal 0.12273661075 0.992439279947 0
  outer loop
   vertex 0.601605212557 5.21541668213 -5
   vertex 0.687085840284 5.20484515121 5
   vertex 0.687085840284 5.20484515121 -5
  endloop
 endfacet
 facet normal -0.12273661075 -0.992439279947 0
  outer loop
   vertex 0.544309478028 4.71871033145 -5
   vertex 0.62164909359 4.709145613 -5
   vertex 0.62164909359 4.709145613 5
  endloop
 endfacet
 facet normal -0.12273661075 -0.992439279947 0
  outer loop
   vertex 0.544309478028 4.71871033145 -5
   vertex 0.62164909359 4.709145613 5
   vertex 0.544309478028 4.71871033145 5
  endloop
 endfacet
 facet normal -0 0 1
  outer loop
   vertex 0.544309478028 4.71871033145 5
   vertex 0.62164909359 4.709145613 5
   vertex 0.687085840284 5.20484515121 5
  endloop
 endfacet
 facet normal 0 0 1
  outer loop
   vertex 0.544309478028 4.71871033145 5
   vertex 0.687085840284 5.20484515121 5
   vertex 0.601605212557 5.21541668213 5
  endloop
 endfacet
 facet normal 0 0 -1
  outer loop
   vertex 0.544309478028 4.71871033145 -5
   vertex 0.601605212557 5.21541668213 -5
   vertex 0.687085840284 5.20484515121 -5
  endloop
 endfacet
 facet normal 0 0 -1
  outer loop
   vertex 0.544309478028 4.71871033145 -5
   vertex 0.687085840284 5.20484515121 -5
   vertex 0.62164909359 4.709145613 -5
  endloop
 endfacet
 facet normal 0.139001569432 0.990292160777 -0
  outer loop
   vertex 0.687085840284 5.20484515121 -5
   vertex 0.687085840284 5.20484515121 5
   vertex 0.772381532672 5.19287268937 5
  endloop
 endfacet
 facet normal 0.139001569432 0.990292160777 0
  outer loop
   vertex 0.687085840284 5.20484515121 -5
   vertex 0.772381532672 5.19287268937 5
   vertex 0.772381532672 5.19287268937 -5
  endloop
 endfacet
 facet normal -0.139001569432 -0.990292160777 0
  outer loop
   vertex 0.62164909359 4.709145613 -5
   vertex 0.698821386703 4.69831338562 -5
   vertex 0.698821386703 4.69831338562 5
  endloop
 endfacet
 facet normal -0.139001569432 -0.990292160777 0
  outer loop
   vertex 0.62164909359 4.709145613 -5
   vertex 0.698821386703 4.69831338562 5
   vertex 0.62164909359 4.709145613 5
  endloop
 endfacet
 facet normal -0 0 1
  outer loop
   vertex 0.62164909359 4.709145613 5
   vertex 0.698821386703 4.69831338562 5
   vertex 0.772381532672 5.19287268937 5
  endloop
 endfacet
 facet normal 0 0 1
  outer loop
   vertex 0.62164909359 4.709145613 5
   vertex 0.772381532672 5.19287268937 5
   vertex 0.687085840284 5.20484515121 5
  endloop
 endfacet
 facet normal 0 0 -1
  outer loop
   vertex 0.62164909359 4.709145613 -5
   vertex 0.687085840284 5.20484515121 -5
   vertex 0.772381532672 5.19287268937 -5
  endloop
 endfacet
 facet normal 0 0 -1
  outer loop
   vertex 0.62164909359 4.709145613 -5
   vertex 0.772381532672 5.19287268937 -5
   vertex 0.698821386703 4.69831338562 -5
  endloop
 endfacet
 facet normal 0.155229114589 0.987878495557 -0
  outer loop
   vertex 0.772381532672 5.19287268937 -5
   vertex 0.772381532672 5.19287268937 5
   vertex 0.857469331617 5.1795025191 5
  endloop
 endfacet
 facet normal 0.155229114589 0.987878495557 0
  outer loop
   vertex 0.772381532672 5.19287268937 -5
   vertex 0.857469331617 5.1795025191 5
   vertex 0.857469331617 5.1795025191 -5
  endloop
 endfacet
 facet normal -0.155229114589 -0.987878495557 0
  outer loop
   vertex 0.698821386703 4.69831338562 -5
   vertex 0.775805585749 4.6862165649 -5
   vertex 0.775805585749 4.6862165649 5
  endloop
 endfacet
 facet normal -0.155229114589 -0.987878495557 0
  outer loop
   vertex 0.698821386703 4.69831338562 -5
   vertex 0.775805585749 4.6862165649 5
   vertex 0.698821386703 4.69831338562 5
  endloop
 endfacet
 facet normal -0 0 1
  outer loop
   vertex 0.698821386703 4.69831338562 5
   vertex 0.775805585749 4.6862165649 5
   vertex 0.857469331617 5.1795025191 5
  endloop
 endfacet
 facet normal 0 0 1
  outer loop
   vertex 0.698821386703 4.69831338562 5
   vertex 0.857469331617 5.1795025191 5
   vertex 0.772381532672 5.19287268937 5
  endloop
 endfacet
 facet normal 0 0 -1
  outer loop
   vertex 0.698821386703 4.69831338562 -5
   vertex 0.772381532672 5.19287268937 -5
   vertex 0.857469331617 5.1795025191 -5
  endloop
 endfacet
 facet normal 0 0 -1
  outer loop
   vertex 0.698821386703 4.69831338562 -5
   vertex 0.857469331617 5.1795025191 -5
   vertex 0.775805585749 4.6862165649 -5
  endloop
 endfacet
 facet normal 0.171414878433 0.985198933948 -0
  outer loop
   vertex 0.857469331617 5.1795025191 -5
   vertex 0.857469331617 5.1795025191 5
   vertex 0.942326334974 5.1647382391 5
  endloop
 endfacet
 facet normal 0.171414878433 0.985198933948 0
  outer loop
   vertex 0.857469331617 5.1795025191 -5
   vertex 0.942326334974 5.1647382391 5
   vertex 0.942326334974 5.1647382391 -5
  endloop
 endfacet
 facet normal -0.171414878433 -0.985198933948 0
  outer loop
   vertex 0.775805585749 4.6862165649 -5
   vertex 0.852580969738 4.6728584068 -5
   vertex 0.852580969738 4.6728584068 5
  endloop
 endfacet
 facet normal -0.171414878433 -0.985198933948 0
  outer loop
   vertex 0.775805585749 4.6862165649 -5
   vertex 0.852580969738 4.6728584068 5
   vertex 0.775805585749 4.6862165649 5
  endloop
 endfacet
 facet normal -0 0 1
  outer loop
   vertex 0.775805585749 4.6862165649 5
   vertex 0.852580969738 4.6728584068 5
   vertex 0.942326334974 5.1647382391 5
  endloop
 endfacet
 facet normal 0 0 1
  outer loop
   vertex 0.775805585749 4.6862165649 5
   vertex 0.942326334974 5.1647382391 5
   vertex 0.857469331617 5.1795025191 5
  endloop
 endfacet
 facet normal 0 0 -1
  outer loop
   vertex 0.775805585749 4.6862165649 -5
   vertex 0.857469331617 5.1795025191 -5
   vertex 0.942326334974 5.1647382391 -5
  endloop
 endfacet
 facet normal 0 0 -1
  outer loop
   vertex 0.775805585749 4.6862165649 -5
   vertex 0.942326334974 5.1647382391 -5
   vertex 0.852580969738 4.6728584068 -5
  endloop
 endfacet
 facet normal 0.18755450442 0.982254197177 -0
  outer loop
   vertex 0.942326334974 5.1647382391 -5
   vertex 0.942326334974 5.1647382391 5
   vertex 1.02692970271 5.14858382331 5
  endloop
 endfacet
 facet normal 0.18755450442 0.982254197177 0
  outer loop
   vertex 0.942326334974 5.1647382391 -5
   vertex 1.02692970271 5.14858382331 5
   vertex 1.02692970271 5.14858382331 -5
  endloop
 endfacet
 facet normal -0.18755450442 -0.982254197177 0
  outer loop
   vertex 0.852580969738 4.6728584068 -5
   vertex 0.929126873884 4.65824250681 -5
   vertex 0.929126873884 4.65824250681 5
  endloop
 endfacet
 facet normal -0.18755450442 -0.982254197177 0
  outer loop
   vertex 0.852580969738 4.6728584068 -5
   vertex 0.929126873884 4.65824250681 5
   vertex 0.852580969738 4.6728584068 5
  endloop
 endfacet
 facet normal -0 0 1
  outer loop
   vertex 0.852580969738 4.6728584068 5
   vertex 0.929126873884 4.65824250681 5
   vertex 1.02692970271 5.14858382331 5
  endloop
 endfacet
 facet normal 0 0 1
  outer loop
   vertex 0.852580969738 4.6728584068 5
   vertex 1.02692970271 5.14858382331 5
   vertex 0.942326334974 5.1647382391 5
  endloop
 endfacet
 facet normal 0 0 -1
  outer loop
   vertex 0.852580969738 4.6728584068 -5
   vertex 0.942326334974 5.1647382391 -5
   vertex 1.02692970271 5.14858382331 -5
  endloop
 endfacet
 facet normal 0 0 -1
  outer loop
   vertex 0.852580969738 4.6728584068 -5
   vertex 1.02692970271 5.14858382331 -5
   vertex 0.929126873884 4.65824250681 -5
  endloop
 endfacet
 facet normal 0.203643648423 0.979045077847 -0
  outer loop
   vertex 1.02692970271 5.14858382331 -5
   vertex 1.02692970271 5.14858382331 5
   vertex 1.11125666308 5.13104361985 5
  endloop
 endfacet
 facet normal 0.203643648423 0.979045077847 0
  outer loop
   vertex 1.02692970271 5.14858382331 -5
   vertex 1.11125666308 5.13104361985 5
   vertex 1.11125666308 5.13104361985 -5
  endloop
 endfacet
 facet normal -0.203643648423 -0.979045077847 0
  outer loop
   vertex 0.929126873884 4.65824250681 -5
   vertex 1.00542269517 4.64237279891 -5
   vertex 1.00542269517 4.64237279891 5
  endloop
 endfacet
 facet normal -0.203643648423 -0.979045077847 0
  outer loop
   vertex 0.929126873884 4.65824250681 -5
   vertex 1.00542269517 4.64237279891 5
   vertex 0.929126873884 4.65824250681 5
  endloop
 endfacet
 facet normal -0 0 1
  outer loop
   vertex 0.929126873884 4.65824250681 5
   vertex 1.00542269517 4.64237279891 5
   vertex 1.11125666308 5.13104361985 5
  endloop
 endfacet
 facet normal 0 0 1
  outer loop
   vertex 0.929126873884 4.65824250681 5
   vertex 1.11125666308 5.13104361985 5
   vertex 1.02692970271 5.14858382331 5
  endloop
 endfacet
 facet normal 0 0 -1
  outer loop
   vertex 0.929126873884 4.65824250681 -5
   vertex 1.02692970271 5.14858382331 -5
   vertex 1.11125666308 5.13104361985 -5
  endloop
 endfacet
 facet normal 0 0 -1
  outer loop
   vertex 0.929126873884 4.65824250681 -5
   vertex 1.11125666308 5.13104361985 -5
   vertex 1.00542269517 4.64237279891 -5
  endloop
 endfacet
 facet normal 0.219677979905 0.975572439722 -0
  outer loop
   vertex 1.11125666308 5.13104361985 -5
   vertex 1.11125666308 5.13104361985 5
   vertex 1.19528451871 5.1121223498 5
  endloop
 endfacet
 facet normal 0.219677979905 0.975572439722 0
  outer loop
   vertex 1.11125666308 5.13104361985 -5
   vertex 1.19528451871 5.1121223498 5
   vertex 1.19528451871 5.1121223498 -5
  endloop
 endfacet
 facet normal -0.219677979905 -0.975572439722 0
  outer loop
   vertex 1.00542269517 4.64237279891 -5
   vertex 1.08144789788 4.62525355458 -5
   vertex 1.08144789788 4.62525355458 5
  endloop
 endfacet
 facet normal -0.219677979905 -0.975572439722 0
  outer loop
   vertex 1.00542269517 4.64237279891 -5
   vertex 1.08144789788 4.62525355458 5
   vertex 1.00542269517 4.64237279891 5
  endloop
 endfacet
 facet normal -0 0 1
  outer loop
   vertex 1.00542269517 4.64237279891 5
   vertex 1.08144789788 4.62525355458 5
   vertex 1.19528451871 5.1121223498 5
  endloop
 endfacet
 facet normal 0 0 1
  outer loop
   vertex 1.00542269517 4.64237279891 5
   vertex 1.19528451871 5.1121223498 5
   vertex 1.11125666308 5.13104361985 5
  endloop
 endfacet
 facet normal 0 0 -1
  outer loop
   vertex 1.00542269517 4.64237279891 -5
   vertex 1.11125666308 5.13104361985 -5
   vertex 1.19528451871 5.1121223498 -5
  endloop
 endfacet
 facet normal 0 0 -1
  outer loop
   vertex 1.00542269517 4.64237279891 -5
   vertex 1.19528451871 5.1121223498 -5
   vertex 1.08144789788 4.62525355458 -5
  endloop
 endfacet
 facet normal 0.235653183082 0.971837217492 -0
  outer loop
   vertex 1.19528451871 5.1121223498 -5
   vertex 1.19528451871 5.1121223498 5
   vertex 1.27899065276 5.09182510601 5
  endloop
 endfacet
 facet normal 0.235653183082 0.971837217492 0
  outer loop
   vertex 1.19528451871 5.1121223498 -5
   vertex 1.27899065276 5.09182510601 5
   vertex 1.27899065276 5.09182510601 -5
  endloop
 endfacet
 facet normal -0.235653183082 -0.971837217492 0
  outer loop
   vertex 1.08144789788 4.62525355458 -5
   vertex 1.15718201916 4.60688938162 -5
   vertex 1.15718201916 4.60688938162 5
  endloop
 endfacet
 facet normal -0.235653183082 -0.971837217492 0
  outer loop
   vertex 1.08144789788 4.62525355458 -5
   vertex 1.15718201916 4.60688938162 5
   vertex 1.08144789788 4.62525355458 5
  endloop
 endfacet
 facet normal -0 0 1
  outer loop
   vertex 1.08144789788 4.62525355458 5
   vertex 1.15718201916 4.60688938162 5
   vertex 1.27899065276 5.09182510601 5
  endloop
 endfacet
 facet normal 0 0 1
  outer loop
   vertex 1.08144789788 4.62525355458 5
   vertex 1.27899065276 5.09182510601 5
   vertex 1.19528451871 5.1121223498 5
  endloop
 endfacet
 facet normal 0 0 -1
  outer loop
   vertex 1.08144789788 4.62525355458 -5
   vertex 1.19528451871 5.1121223498 -5
   vertex 1.27899065276 5.09182510601 -5
  endloop
 endfacet
 facet normal 0 0 -1
  outer loop
   vertex 1.08144789788 4.62525355458 -5
   vertex 1.27899065276 5.09182510601 -5
   vertex 1.15718201916 4.60688938162 -5
  endloop
 endfacet
 facet normal 0.251564958083 0.967840416528 -0
  outer loop
   vertex 1.27899065276 5.09182510601 -5
   vertex 1.27899065276 5.09182510601 5
   vertex 1.36235253496 5.07015735165 5
  endloop
 endfacet
 facet normal 0.251564958083 0.967840416528 0
  outer loop
   vertex 1.27899065276 5.09182510601 -5
   vertex 1.36235253496 5.07015735165 5
   vertex 1.36235253496 5.07015735165 -5
  endloop
 endfacet
 facet normal -0.251564958083 -0.967840416528 0
  outer loop
   vertex 1.15718201916 4.60688938162 -5
   vertex 1.23260467449 4.58728522292 -5
   vertex 1.23260467449 4.58728522292 5
  endloop
 endfacet
 facet normal -0.251564958083 -0.967840416528 0
  outer loop
   vertex 1.15718201916 4.60688938162 -5
   vertex 1.23260467449 4.58728522292 5
   vertex 1.15718201916 4.60688938162 5
  endloop
 endfacet
 facet normal -0 0 1
  outer loop
   vertex 1.15718201916 4.60688938162 5
   vertex 1.23260467449 4.58728522292 5
   vertex 1.36235253496 5.07015735165 5
  endloop
 endfacet
 facet normal 0 0 1
  outer loop
   vertex 1.15718201916 4.60688938162 5
   vertex 1.36235253496 5.07015735165 5
   vertex 1.27899065276 5.09182510601 5
  endloop
 endfacet
 facet normal 0 0 -1
  outer loop
   vertex 1.15718201916 4.60688938162 -5
   vertex 1.27899065276 5.09182510601 -5
   vertex 1.36235253496 5.07015735165 -5
  endloop
 endfacet
 facet normal 0 0 -1
  outer loop
   vertex 1.15718201916 4.60688938162 -5
   vertex 1.36235253496 5.07015735165 -5
   vertex 1.23260467449 4.58728522292 -5
  endloop
 endfacet
 facet normal 0.267409022111 0.963583112603 -0
  outer loop
   vertex 1.36235253496 5.07015735165 -5
   vertex 1.36235253496 5.07015735165 5
   vertex 1.44534772771 5.0471249188 5
  endloop
 endfacet
 facet normal 0.267409022111 0.963583112603 0
  outer loop
   vertex 1.36235253496 5.07015735165 -5
   vertex 1.44534772771 5.0471249188 5
   vertex 1.44534772771 5.0471249188 -5
  endloop
 endfacet
 facet normal -0.267409022111 -0.963583112603 0
  outer loop
   vertex 1.23260467449 4.58728522292 -5
   vertex 1.30769556317 4.56644635511 -5
   vertex 1.30769556317 4.56644635511 5
  endloop
 endfacet
 facet normal -0.267409022111 -0.963583112603 0
  outer loop
   vertex 1.23260467449 4.58728522292 -5
   vertex 1.30769556317 4.56644635511 5
   vertex 1.23260467449 4.58728522292 5
  endloop
 endfacet
 facet normal -0 0 1
  outer loop
   vertex 1.23260467449 4.58728522292 5
   vertex 1.30769556317 4.56644635511 5
   vertex 1.44534772771 5.0471249188 5
  endloop
 endfacet
 facet normal 0 0 1
  outer loop
   vertex 1.23260467449 4.58728522292 5
   vertex 1.44534772771 5.0471249188 5
   vertex 1.36235253496 5.07015735165 5
  endloop
 endfacet
 facet normal 0 0 -1
  outer loop
   vertex 1.23260467449 4.58728522292 -5
   vertex 1.36235253496 5.07015735165 -5
   vertex 1.44534772771 5.0471249188 -5
  endloop
 endfacet
 facet normal 0 0 -1
  outer loop
   vertex 1.23260467449 4.58728522292 -5
   vertex 1.44534772771 5.0471249188 -5
   vertex 1.30769556317 4.56644635511 -5
  endloop
 endfacet
 facet normal 0.283181110593 0.95906645161 -0
  outer loop
   vertex 1.44534772771 5.0471249188 -5
   vertex 1.44534772771 5.0471249188 5
   vertex 1.52795389211 5.02273400685 5
  endloop
 endfacet
 facet normal 0.283181110593 0.95906645161 0
  outer loop
   vertex 1.44534772771 5.0471249188 -5
   vertex 1.52795389211 5.02273400685 5
   vertex 1.52795389211 5.02273400685 -5
  endloop
 endfacet
 facet normal -0.283181110593 -0.95906645161 0
  outer loop
   vertex 1.30769556317 4.56644635511 -5
   vertex 1.38243447381 4.54437838715 -5
   vertex 1.38243447381 4.54437838715 5
  endloop
 endfacet
 facet normal -0.283181110593 -0.95906645161 0
  outer loop
   vertex 1.30769556317 4.56644635511 -5
   vertex 1.38243447381 4.54437838715 5
   vertex 1.30769556317 4.56644635511 5
  endloop
 endfacet
 facet normal -0 0 1
  outer loop
   vertex 1.30769556317 4.56644635511 5
   vertex 1.38243447381 4.54437838715 5
   vertex 1.52795389211 5.02273400685 5
  endloop
 endfacet
 facet normal 0 0 1
  outer loop
   vertex 1.30769556317 4.56644635511 5
   vertex 1.52795389211 5.02273400685 5
   vertex 1.44534772771 5.0471249188 5
  endloop
 endfacet
 facet normal 0 0 -1
  outer loop
   vertex 1.30769556317 4.56644635511 -5
   vertex 1.44534772771 5.0471249188 -5
   vertex 1.52795389211 5.02273400685 -5
  endloop
 endfacet
 facet normal 0 0 -1
  outer loop
   vertex 1.30769556317 4.56644635511 -5
   vertex 1.52795389211 5.02273400685 -5
   vertex 1.38243447381 4.54437838715 -5
  endloop
 endfacet
 facet normal 0.298876978331 0.954291649248 -0
  outer loop
   vertex 1.52795389211 5.02273400685 -5
   vertex 1.52795389211 5.02273400685 5
   vertex 1.61014879396 4.99699118083 5
  endloop
 endfacet
 facet normal 0.298876978331 0.954291649248 0
  outer loop
   vertex 1.52795389211 5.02273400685 -5
   vertex 1.61014879396 4.99699118083 5
   vertex 1.61014879396 4.99699118083 -5
  endloop
 endfacet
 facet normal -0.298876978331 -0.954291649248 0
  outer loop
   vertex 1.38243447381 4.54437838715 -5
   vertex 1.45680128978 4.52108725885 -5
   vertex 1.45680128978 4.52108725885 5
  endloop
 endfacet
 facet normal -0.298876978331 -0.954291649248 0
  outer loop
   vertex 1.38243447381 4.54437838715 -5
   vertex 1.45680128978 4.52108725885 5
   vertex 1.38243447381 4.54437838715 5
  endloop
 endfacet
 facet normal -0 0 1
  outer loop
   vertex 1.38243447381 4.54437838715 5
   vertex 1.45680128978 4.52108725885 5
   vertex 1.61014879396 4.99699118083 5
  endloop
 endfacet
 facet normal 0 0 1
  outer loop
   vertex 1.38243447381 4.54437838715 5
   vertex 1.61014879396 4.99699118083 5
   vertex 1.52795389211 5.02273400685 5
  endloop
 endfacet
 facet normal 0 0 -1
  outer loop
   vertex 1.38243447381 4.54437838715 -5
   vertex 1.52795389211 5.02273400685 -5
   vertex 1.61014879396 4.99699118083 -5
  endloop
 endfacet
 facet normal 0 0 -1
  outer loop
   vertex 1.38243447381 4.54437838715 -5
   vertex 1.61014879396 4.99699118083 -5
   vertex 1.45680128978 4.52108725885 -5
  endloop
 endfacet
 facet normal 0.314492400639 0.949259990698 -0
  outer loop
   vertex 1.61014879396 4.99699118083 -5
   vertex 1.61014879396 4.99699118083 5
   vertex 1.69191030978 4.96990336965 5
  endloop
 endfacet
 facet normal 0.314492400639 0.949259990698 0
  outer loop
   vertex 1.61014879396 4.99699118083 -5
   vertex 1.69191030978 4.96990336965 5
   vertex 1.69191030978 4.96990336965 -5
  endloop
 endfacet
 facet normal -0.314492400639 -0.949259990698 0
  outer loop
   vertex 1.45680128978 4.52108725885 -5
   vertex 1.53077599456 4.49657923921 -5
   vertex 1.53077599456 4.49657923921 5
  endloop
 endfacet
 facet normal -0.314492400639 -0.949259990698 0
  outer loop
   vertex 1.45680128978 4.52108725885 -5
   vertex 1.53077599456 4.49657923921 5
   vertex 1.45680128978 4.52108725885 5
  endloop
 endfacet
 facet normal -0 0 1
  outer loop
   vertex 1.45680128978 4.52108725885 5
   vertex 1.53077599456 4.49657923921 5
   vertex 1.69191030978 4.96990336965 5
  endloop
 endfacet
 facet normal 0 0 1
  outer loop
   vertex 1.45680128978 4.52108725885 5
   vertex 1.69191030978 4.96990336965 5
   vertex 1.61014879396 4.99699118083 5
  endloop
 endfacet
 facet normal 0 0 -1
  outer loop
   vertex 1.45680128978 4.52108725885 -5
   vertex 1.61014879396 4.99699118083 -5
   vertex 1.69191030978 4.96990336965 -5
  endloop
 endfacet
 facet normal 0 0 -1
  outer loop
   vertex 1.45680128978 4.52108725885 -5
   vertex 1.69191030978 4.96990336965 -5
   vertex 1.53077599456 4.49657923921 -5
  endloop
 endfacet
 facet normal 0.330023174487 0.943972830277 -0
  outer loop
   vertex 1.69191030978 4.96990336965 -5
   vertex 1.69191030978 4.96990336965 5
   vertex 1.7732164327 4.94147786424 5
  endloop
 endfacet
 facet normal 0.330023174487 0.943972830277 0
  outer loop
   vertex 1.69191030978 4.96990336965 -5
   vertex 1.7732164327 4.94147786424 5
   vertex 1.7732164327 4.94147786424 -5
  endloop
 endfacet
 facet normal -0.330023174487 -0.943972830277 0
  outer loop
   vertex 1.53077599456 4.49657923921 -5
   vertex 1.6043386772 4.47086092479 -5
   vertex 1.6043386772 4.47086092479 5
  endloop
 endfacet
 facet normal -0.330023174487 -0.943972830277 0
  outer loop
   vertex 1.53077599456 4.49657923921 -5
   vertex 1.6043386772 4.47086092479 5
   vertex 1.53077599456 4.49657923921 5
  endloop
 endfacet
 facet normal -0 0 1
  outer loop
   vertex 1.53077599456 4.49657923921 5
   vertex 1.6043386772 4.47086092479 5
   vertex 1.7732164327 4.94147786424 5
  endloop
 endfacet
 facet normal 0 0 1
  outer loop
   vertex 1.53077599456 4.49657923921 5
   vertex 1.7732164327 4.94147786424 5
   vertex 1.69191030978 4.96990336965 5
  endloop
 endfacet
 facet normal 0 0 -1
  outer loop
   vertex 1.53077599456 4.49657923921 -5
   vertex 1.69191030978 4.96990336965 -5
   vertex 1.7732164327 4.94147786424 -5
  endloop
 endfacet
 facet normal 0 0 -1
  outer loop
   vertex 1.53077599456 4.49657923921 -5
   vertex 1.7732164327 4.94147786424 -5
   vertex 1.6043386772 4.47086092479 -5
  endloop
 endfacet
 facet normal 0.345465119627 0.938431591072 -0
  outer loop
   vertex 1.7732164327 4.94147786424 -5
   vertex 1.7732164327 4.94147786424 5
   vertex 1.85404527846 4.91172231559 5
  endloop
 endfacet
 facet normal 0.345465119627 0.938431591072 0
  outer loop
   vertex 1.7732164327 4.94147786424 -5
   vertex 1.85404527846 4.91172231559 5
   vertex 1.85404527846 4.91172231559 -5
  endloop
 endfacet
 facet normal -0.345465119627 -0.938431591072 0
  outer loop
   vertex 1.6043386772 4.47086092479 -5
   vertex 1.67746953765 4.44393923791 -5
   vertex 1.67746953765 4.44393923791 5
  endloop
 endfacet
 facet normal -0.345465119627 -0.938431591072 0
  outer loop
   vertex 1.6043386772 4.47086092479 -5
   vertex 1.67746953765 4.44393923791 5
   vertex 1.6043386772 4.47086092479 5
  endloop
 endfacet
 facet normal -0 0 1
  outer loop
   vertex 1.6043386772 4.47086092479 5
   vertex 1.67746953765 4.44393923791 5
   vertex 1.85404527846 4.91172231559 5
  endloop
 endfacet
 facet normal 0 0 1
  outer loop
   vertex 1.6043386772 4.47086092479 5
   vertex 1.85404527846 4.91172231559 5
   vertex 1.7732164327 4.94147786424 5
  endloop
 endfacet
 facet normal 0 0 -1
  outer loop
   vertex 1.6043386772 4.47086092479 -5
   vertex 1.7732164327 4.94147786424 -5
   vertex 1.85404527846 4.91172231559 -5
  endloop
 endfacet
 facet normal 0 0 -1
  outer loop
   vertex 1.6043386772 4.47086092479 -5
   vertex 1.85404527846 4.91172231559 -5
   vertex 1.67746953765 4.44393923791 -5
  endloop
 endfacet
 facet normal 0.36081407972 0.932637764556 -0
  outer loop
   vertex 1.85404527846 4.91172231559 -5
   vertex 1.85404527846 4.91172231559 5
   vertex 1.93437509124 4.88064473266 5
  endloop
 endfacet
 facet normal 0.36081407972 0.932637764556 0
  outer loop
   vertex 1.85404527846 4.91172231559 -5
   vertex 1.93437509124 4.88064473266 5
   vertex 1.93437509124 4.88064473266 -5
  endloop
 endfacet
 facet normal -0.36081407972 -0.932637764556 0
  outer loop
   vertex 1.67746953765 4.44393923791 -5
   vertex 1.75014889207 4.41582142478 -5
   vertex 1.75014889207 4.41582142478 5
  endloop
 endfacet
 facet normal -0.36081407972 -0.932637764556 0
  outer loop
   vertex 1.67746953765 4.44393923791 -5
   vertex 1.75014889207 4.41582142478 5
   vertex 1.67746953765 4.44393923791 5
  endloop
 endfacet
 facet normal -0 0 1
  outer loop
   vertex 1.67746953765 4.44393923791 5
   vertex 1.75014889207 4.41582142478 5
   vertex 1.93437509124 4.88064473266 5
  endloop
 endfacet
 facet normal 0 0 1
  outer loop
   vertex 1.67746953765 4.44393923791 5
   vertex 1.93437509124 4.88064473266 5
   vertex 1.85404527846 4.91172231559 5
  endloop
 endfacet
 facet normal 0 0 -1
  outer loop
   vertex 1.67746953765 4.44393923791 -5
   vertex 1.85404527846 4.91172231559 -5
   vertex 1.93437509124 4.88064473266 -5
  endloop
 endfacet
 facet normal 0 0 -1
  outer loop
   vertex 1.67746953765 4.44393923791 -5
   vertex 1.93437509124 4.88064473266 -5
   vertex 1.75014889207 4.41582142478 -5
  endloop
 endfacet
 facet normal 0.376065923455 0.926592910191 -0
  outer loop
   vertex 1.93437509124 4.88064473266 -5
   vertex 1.93437509124 4.88064473266 5
   vertex 2.01418424955 4.84825348026 5
  endloop
 endfacet
 facet normal 0.376065923455 0.926592910191 0
  outer loop
   vertex 1.93437509124 4.88064473266 -5
   vertex 2.01418424955 4.84825348026 5
   vertex 2.01418424955 4.84825348026 -5
  endloop
 endfacet
 facet normal -0.376065923455 -0.926592910191 0
  outer loop
   vertex 1.75014889207 4.41582142478 -5
   vertex 1.82235717817 4.38651505357 -5
   vertex 1.82235717817 4.38651505357 5
  endloop
 endfacet
 facet normal -0.376065923455 -0.926592910191 0
  outer loop
   vertex 1.75014889207 4.41582142478 -5
   vertex 1.82235717817 4.38651505357 5
   vertex 1.75014889207 4.41582142478 5
  endloop
 endfacet
 facet normal -0 0 1
  outer loop
   vertex 1.75014889207 4.41582142478 5
   vertex 1.82235717817 4.38651505357 5
   vertex 2.01418424955 4.84825348026 5
  endloop
 endfacet
 facet normal 0 0 1
  outer loop
   vertex 1.75014889207 4.41582142478 5
   vertex 2.01418424955 4.84825348026 5
   vertex 1.93437509124 4.88064473266 5
  endloop
 endfacet
 facet normal 0 0 -1
  outer loop
   vertex 1.75014889207 4.41582142478 -5
   vertex 1.93437509124 4.88064473266 -5
   vertex 2.01418424955 4.84825348026 -5
  endloop
 endfacet
 facet normal 0 0 -1
  outer loop
   vertex 1.75014889207 4.41582142478 -5
   vertex 2.01418424955 4.84825348026 -5
   vertex 1.82235717817 4.38651505357 -5
  endloop
 endfacet
 facet normal 0.391216545663 0.920298655003 -0
  outer loop
   vertex 2.01418424955 4.84825348026 -5
   vertex 2.01418424955 4.84825348026 5
   vertex 2.09345127204 4.8145572768 5
  endloop
 endfacet
 facet normal 0.391216545663 0.920298655003 0
  outer loop
   vertex 2.01418424955 4.84825348026 -5
   vertex 2.09345127204 4.8145572768 5
   vertex 2.09345127204 4.8145572768 -5
  endloop
 endfacet
 facet normal -0.391216545663 -0.920298655003 0
  outer loop
   vertex 1.82235717817 4.38651505357 -5
   vertex 1.89407496042 4.35602801234 -5
   vertex 1.89407496042 4.35602801234 5
  endloop
 endfacet
 facet normal -0.391216545663 -0.920298655003 0
  outer loop
   vertex 1.82235717817 4.38651505357 -5
   vertex 1.89407496042 4.35602801234 5
   vertex 1.82235717817 4.38651505357 5
  endloop
 endfacet
 facet normal -0 0 1
  outer loop
   vertex 1.82235717817 4.38651505357 5
   vertex 1.89407496042 4.35602801234 5
   vertex 2.09345127204 4.8145572768 5
  endloop
 endfacet
 facet normal 0 0 1
  outer loop
   vertex 1.82235717817 4.38651505357 5
   vertex 2.09345127204 4.8145572768 5
   vertex 2.01418424955 4.84825348026 5
  endloop
 endfacet
 facet normal 0 0 -1
  outer loop
   vertex 1.82235717817 4.38651505357 -5
   vertex 2.01418424955 4.84825348026 -5
   vertex 2.09345127204 4.8145572768 -5
  endloop
 endfacet
 facet normal 0 0 -1
  outer loop
   vertex 1.82235717817 4.38651505357 -5
   vertex 2.09345127204 4.8145572768 -5
   vertex 1.89407496042 4.35602801234 -5
  endloop
 endfacet
 facet normal 0.406261868415 0.913756693148 -0
  outer loop
   vertex 2.09345127204 4.8145572768 -5
   vertex 2.09345127204 4.8145572768 5
   vertex 2.17215482328 4.77956519191 5
  endloop
 endfacet
 facet normal 0.406261868415 0.913756693148 0
  outer loop
   vertex 2.09345127204 4.8145572768 -5
   vertex 2.17215482328 4.77956519191 5
   vertex 2.17215482328 4.77956519191 -5
  endloop
 endfacet
 facet normal -0.406261868415 -0.913756693148 0
  outer loop
   vertex 1.89407496042 4.35602801234 -5
   vertex 1.96528293535 4.32436850696 -5
   vertex 1.96528293535 4.32436850696 5
  endloop
 endfacet
 facet normal -0.406261868415 -0.913756693148 0
  outer loop
   vertex 1.89407496042 4.35602801234 -5
   vertex 1.96528293535 4.32436850696 5
   vertex 1.89407496042 4.35602801234 5
  endloop
 endfacet
 facet normal -0 0 1
  outer loop
   vertex 1.89407496042 4.35602801234 5
   vertex 1.96528293535 4.32436850696 5
   vertex 2.17215482328 4.77956519191 5
  endloop
 endfacet
 facet normal 0 0 1
  outer loop
   vertex 1.89407496042 4.35602801234 5
   vertex 2.17215482328 4.77956519191 5
   vertex 2.09345127204 4.8145572768 5
  endloop
 endfacet
 facet normal 0 0 -1
  outer loop
   vertex 1.89407496042 4.35602801234 -5
   vertex 2.09345127204 4.8145572768 -5
   vertex 2.17215482328 4.77956519191 -5
  endloop
 endfacet
 facet normal 0 0 -1
  outer loop
   vertex 1.89407496042 4.35602801234 -5
   vertex 2.17215482328 4.77956519191 -5
   vertex 1.96528293535 4.32436850696 -5
  endloop
 endfacet
 facet normal 0.421197842128 0.906968785453 -0
  outer loop
   vertex 2.17215482328 4.77956519191 -5
   vertex 2.17215482328 4.77956519191 5
   vertex 2.2502737195 4.74328664402 5
  endloop
 endfacet
 facet normal 0.421197842128 0.906968785453 0
  outer loop
   vertex 2.17215482328 4.77956519191 -5
   vertex 2.2502737195 4.74328664402 5
   vertex 2.2502737195 4.74328664402 -5
  endloop
 endfacet
 facet normal -0.421197842128 -0.906968785453 0
  outer loop
   vertex 1.96528293535 4.32436850696 -5
   vertex 2.03596193669 4.29154505888 -5
   vertex 2.03596193669 4.29154505888 5
  endloop
 endfacet
 facet normal -0.421197842128 -0.906968785453 0
  outer loop
   vertex 1.96528293535 4.32436850696 -5
   vertex 2.03596193669 4.29154505888 5
   vertex 1.96528293535 4.32436850696 5
  endloop
 endfacet
 facet normal -0 0 1
  outer loop
   vertex 1.96528293535 4.32436850696 5
   vertex 2.03596193669 4.29154505888 5
   vertex 2.2502737195 4.74328664402 5
  endloop
 endfacet
 facet normal 0 0 1
  outer loop
   vertex 1.96528293535 4.32436850696 5
   vertex 2.2502737195 4.74328664402 5
   vertex 2.17215482328 4.77956519191 5
  endloop
 endfacet
 facet normal 0 0 -1
  outer loop
   vertex 1.96528293535 4.32436850696 -5
   vertex 2.17215482328 4.77956519191 -5
   vertex 2.2502737195 4.74328664402 -5
  endloop
 endfacet
 facet normal 0 0 -1
  outer loop
   vertex 1.96528293535 4.32436850696 -5
   vertex 2.2502737195 4.74328664402 -5
   vertex 2.03596193669 4.29154505888 -5
  endloop
 endfacet
 facet normal 0.436020446651 0.899936758946 -0
  outer loop
   vertex 2.2502737195 4.74328664402 -5
   vertex 2.2502737195 4.74328664402 5
   vertex 2.32778693428 4.70573139784 5
  endloop
 endfacet
 facet normal 0.436020446651 0.899936758946 0
  outer loop
   vertex 2.2502737195 4.74328664402 -5
   vertex 2.32778693428 4.70573139784 5
   vertex 2.32778693428 4.70573139784 -5
  endloop
 endfacet
 facet normal -0.436020446651 -0.899936758946 0
  outer loop
   vertex 2.03596193669 4.29154505888 -5
   vertex 2.10609294054 4.2575665028 -5
   vertex 2.10609294054 4.2575665028 5
  endloop
 endfacet
 facet normal -0.436020446651 -0.899936758946 0
  outer loop
   vertex 2.03596193669 4.29154505888 -5
   vertex 2.10609294054 4.2575665028 5
   vertex 2.03596193669 4.29154505888 5
  endloop
 endfacet
 facet normal -0 0 1
  outer loop
   vertex 2.03596193669 4.29154505888 5
   vertex 2.10609294054 4.2575665028 5
   vertex 2.32778693428 4.70573139784 5
  endloop
 endfacet
 facet normal 0 0 1
  outer loop
   vertex 2.03596193669 4.29154505888 5
   vertex 2.32778693428 4.70573139784 5
   vertex 2.2502737195 4.74328664402 5
  endloop
 endfacet
 facet normal 0 0 -1
  outer loop
   vertex 2.03596193669 4.29154505888 -5
   vertex 2.2502737195 4.74328664402 -5
   vertex 2.32778693428 4.70573139784 -5
  endloop
 endfacet
 facet normal 0 0 -1
  outer loop
   vertex 2.03596193669 4.29154505888 -5
   vertex 2.32778693428 4.70573139784 -5
   vertex 2.10609294054 4.2575665028 -5
  endloop
 endfacet
 facet normal 0.450725692345 0.892662506359 -0
  outer loop
   vertex 2.32778693428 4.70573139784 -5
   vertex 2.32778693428 4.70573139784 5
   vertex 2.40467360426 4.66690956169 5
  endloop
 endfacet
 facet normal 0.450725692345 0.892662506359 0
  outer loop
   vertex 2.32778693428 4.70573139784 -5
   vertex 2.40467360426 4.66690956169 5
   vertex 2.40467360426 4.66690956169 -5
  endloop
 endfacet
 facet normal -0.450725692345 -0.892662506359 0
  outer loop
   vertex 2.10609294054 4.2575665028 -5
   vertex 2.17565707052 4.22244198438 -5
   vertex 2.17565707052 4.22244198438 5
  endloop
 endfacet
 facet normal -0.450725692345 -0.892662506359 0
  outer loop
   vertex 2.10609294054 4.2575665028 -5
   vertex 2.17565707052 4.22244198438 5
   vertex 2.10609294054 4.2575665028 5
  endloop
 endfacet
 facet normal -0 0 1
  outer loop
   vertex 2.10609294054 4.2575665028 5
   vertex 2.17565707052 4.22244198438 5
   vertex 2.40467360426 4.66690956169 5
  endloop
 endfacet
 facet normal 0 0 1
  outer loop
   vertex 2.10609294054 4.2575665028 5
   vertex 2.40467360426 4.66690956169 5
   vertex 2.32778693428 4.70573139784 5
  endloop
 endfacet
 facet normal 0 0 -1
  outer loop
   vertex 2.10609294054 4.2575665028 -5
   vertex 2.32778693428 4.70573139784 -5
   vertex 2.40467360426 4.66690956169 -5
  endloop
 endfacet
 facet normal 0 0 -1
  outer loop
   vertex 2.10609294054 4.2575665028 -5
   vertex 2.40467360426 4.66690956169 -5
   vertex 2.17565707052 4.22244198438 -5
  endloop
 endfacet
 facet normal 0.465309621162 0.885147985624 -0
  outer loop
   vertex 2.40467360426 4.66690956169 -5
   vertex 2.40467360426 4.66690956169 5
   vertex 2.48091303469 4.62683158482 5
  endloop
 endfacet
 facet normal 0.465309621162 0.885147985624 0
  outer loop
   vertex 2.40467360426 4.66690956169 -5
   vertex 2.48091303469 4.62683158482 5
   vertex 2.48091303469 4.62683158482 -5
  endloop
 endfacet
 facet normal -0.465309621162 -0.885147985624 0
  outer loop
   vertex 2.17565707052 4.22244198438 -5
   vertex 2.24463560282 4.18618095769 -5
   vertex 2.24463560282 4.18618095769 5
  endloop
 endfacet
 facet normal -0.465309621162 -0.885147985624 0
  outer loop
   vertex 2.17565707052 4.22244198438 -5
   vertex 2.24463560282 4.18618095769 5
   vertex 2.17565707052 4.22244198438 5
  endloop
 endfacet
 facet normal -0 0 1
  outer loop
   vertex 2.17565707052 4.22244198438 5
   vertex 2.24463560282 4.18618095769 5
   vertex 2.48091303469 4.62683158482 5
  endloop
 endfacet
 facet normal 0 0 1
  outer loop
   vertex 2.17565707052 4.22244198438 5
   vertex 2.48091303469 4.62683158482 5
   vertex 2.40467360426 4.66690956169 5
  endloop
 endfacet
 facet normal 0 0 -1
  outer loop
   vertex 2.17565707052 4.22244198438 -5
   vertex 2.40467360426 4.66690956169 -5
   vertex 2.48091303469 4.62683158482 -5
  endloop
 endfacet
 facet normal 0 0 -1
  outer loop
   vertex 2.17565707052 4.22244198438 -5
   vertex 2.48091303469 4.62683158482 -5
   vertex 2.24463560282 4.18618095769 -5
  endloop
 endfacet
 facet normal 0.479768307706 0.87739521934 -0
  outer loop
   vertex 2.48091303469 4.62683158482 -5
   vertex 2.48091303469 4.62683158482 5
   vertex 2.55648470505 4.58550825458 5
  endloop
 endfacet
 facet normal 0.479768307706 0.87739521934 0
  outer loop
   vertex 2.48091303469 4.62683158482 -5
   vertex 2.55648470505 4.58550825458 5
   vertex 2.55648470505 4.58550825458 -5
  endloop
 endfacet
 facet normal -0.479768307706 -0.87739521934 0
  outer loop
   vertex 2.24463560282 4.18618095769 -5
   vertex 2.31300997124 4.14879318272 -5
   vertex 2.31300997124 4.14879318272 5
  endloop
 endfacet
 facet normal -0.479768307706 -0.87739521934 0
  outer loop
   vertex 2.24463560282 4.18618095769 -5
   vertex 2.31300997124 4.14879318272 5
   vertex 2.24463560282 4.18618095769 5
  endloop
 endfacet
 facet normal -0 0 1
  outer loop
   vertex 2.24463560282 4.18618095769 5
   vertex 2.31300997124 4.14879318272 5
   vertex 2.55648470505 4.58550825458 5
  endloop
 endfacet
 facet normal 0 0 1
  outer loop
   vertex 2.24463560282 4.18618095769 5
   vertex 2.55648470505 4.58550825458 5
   vertex 2.48091303469 4.62683158482 5
  endloop
 endfacet
 facet normal 0 0 -1
  outer loop
   vertex 2.24463560282 4.18618095769 -5
   vertex 2.48091303469 4.62683158482 -5
   vertex 2.55648470505 4.58550825458 -5
  endloop
 endfacet
 facet normal 0 0 -1
  outer loop
   vertex 2.24463560282 4.18618095769 -5
   vertex 2.55648470505 4.58550825458 -5
   vertex 2.31300997124 4.14879318272 -5
  endloop
 endfacet
 facet normal 0.494097860292 0.869406294235 -0
  outer loop
   vertex 2.55648470505 4.58550825458 -5
   vertex 2.55648470505 4.58550825458 5
   vertex 2.63136827454 4.54295069352 5
  endloop
 endfacet
 facet normal 0.494097860292 0.869406294235 0
  outer loop
   vertex 2.55648470505 4.58550825458 -5
   vertex 2.63136827454 4.54295069352 5
   vertex 2.63136827454 4.54295069352 -5
  endloop
 endfacet
 facet normal -0.494097860292 -0.869406294235 0
  outer loop
   vertex 2.31300997124 4.14879318272 -5
   vertex 2.3807617722 4.11028872271 -5
   vertex 2.3807617722 4.11028872271 5
  endloop
 endfacet
 facet normal -0.494097860292 -0.869406294235 0
  outer loop
   vertex 2.31300997124 4.14879318272 -5
   vertex 2.3807617722 4.11028872271 5
   vertex 2.31300997124 4.14879318272 5
  endloop
 endfacet
 facet normal -0 0 1
  outer loop
   vertex 2.31300997124 4.14879318272 5
   vertex 2.3807617722 4.11028872271 5
   vertex 2.63136827454 4.54295069352 5
  endloop
 endfacet
 facet normal 0 0 1
  outer loop
   vertex 2.31300997124 4.14879318272 5
   vertex 2.63136827454 4.54295069352 5
   vertex 2.55648470505 4.58550825458 5
  endloop
 endfacet
 facet normal 0 0 -1
  outer loop
   vertex 2.31300997124 4.14879318272 -5
   vertex 2.55648470505 4.58550825458 -5
   vertex 2.63136827454 4.54295069352 -5
  endloop
 endfacet
 facet normal 0 0 -1
  outer loop
   vertex 2.31300997124 4.14879318272 -5
   vertex 2.63136827454 4.54295069352 -5
   vertex 2.3807617722 4.11028872271 -5
  endloop
 endfacet
 facet normal 0.50829442199 0.861183360599 -0
  outer loop
   vertex 2.63136827454 4.54295069352 -5
   vertex 2.63136827454 4.54295069352 5
   vertex 2.70554358757 4.49917035639 5
  endloop
 endfacet
 facet normal 0.50829442199 0.861183360599 0
  outer loop
   vertex 2.63136827454 4.54295069352 -5
   vertex 2.70554358757 4.49917035639 5
   vertex 2.70554358757 4.49917035639 -5
  endloop
 endfacet
 facet normal -0.50829442199 -0.861183360599 0
  outer loop
   vertex 2.3807617722 4.11028872271 -5
   vertex 2.4478727697 4.07067794149 -5
   vertex 2.4478727697 4.07067794149 5
  endloop
 endfacet
 facet normal -0.50829442199 -0.861183360599 0
  outer loop
   vertex 2.3807617722 4.11028872271 -5
   vertex 2.4478727697 4.07067794149 5
   vertex 2.3807617722 4.11028872271 5
  endloop
 endfacet
 facet normal -0 0 1
  outer loop
   vertex 2.3807617722 4.11028872271 5
   vertex 2.4478727697 4.07067794149 5
   vertex 2.70554358757 4.49917035639 5
  endloop
 endfacet
 facet normal 0 0 1
  outer loop
   vertex 2.3807617722 4.11028872271 5
   vertex 2.70554358757 4.49917035639 5
   vertex 2.63136827454 4.54295069352 5
  endloop
 endfacet
 facet normal 0 0 -1
  outer loop
   vertex 2.3807617722 4.11028872271 -5
   vertex 2.63136827454 4.54295069352 -5
   vertex 2.70554358757 4.49917035639 -5
  endloop
 endfacet
 facet normal 0 0 -1
  outer loop
   vertex 2.3807617722 4.11028872271 -5
   vertex 2.70554358757 4.49917035639 -5
   vertex 2.4478727697 4.07067794149 -5
  endloop
 endfacet
 facet normal 0.52235417167 0.852728631711 -0
  outer loop
   vertex 2.70554358757 4.49917035639 -5
   vertex 2.70554358757 4.49917035639 5
   vertex 2.77899067918 4.45417902705 5
  endloop
 endfacet
 facet normal 0.52235417167 0.852728631711 0
  outer loop
   vertex 2.70554358757 4.49917035639 -5
   vertex 2.77899067918 4.45417902705 5
   vertex 2.77899067918 4.45417902705 -5
  endloop
 endfacet
 facet normal -0.52235417167 -0.852728631711 0
  outer loop
   vertex 2.4478727697 4.07067794149 -5
   vertex 2.51432490021 4.02997150066 -5
   vertex 2.51432490021 4.02997150066 5
  endloop
 endfacet
 facet normal -0.52235417167 -0.852728631711 0
  outer loop
   vertex 2.4478727697 4.07067794149 -5
   vertex 2.51432490021 4.02997150066 5
   vertex 2.4478727697 4.07067794149 5
  endloop
 endfacet
 facet normal -0 0 1
  outer loop
   vertex 2.4478727697 4.07067794149 5
   vertex 2.51432490021 4.02997150066 5
   vertex 2.77899067918 4.45417902705 5
  endloop
 endfacet
 facet normal 0 0 1
  outer loop
   vertex 2.4478727697 4.07067794149 5
   vertex 2.77899067918 4.45417902705 5
   vertex 2.70554358757 4.49917035639 5
  endloop
 endfacet
 facet normal 0 0 -1
  outer loop
   vertex 2.4478727697 4.07067794149 -5
   vertex 2.70554358757 4.49917035639 -5
   vertex 2.77899067918 4.45417902705 -5
  endloop
 endfacet
 facet normal 0 0 -1
  outer loop
   vertex 2.4478727697 4.07067794149 -5
   vertex 2.77899067918 4.45417902705 -5
   vertex 2.51432490021 4.02997150066 -5
  endloop
 endfacet
 facet normal 0.536273325022 0.844044383235 -0
  outer loop
   vertex 2.77899067918 4.45417902705 -5
   vertex 2.77899067918 4.45417902705 5
   vertex 2.85168978044 4.40798881533 5
  endloop
 endfacet
 facet normal 0.536273325022 0.844044383235 0
  outer loop
   vertex 2.77899067918 4.45417902705 -5
   vertex 2.85168978044 4.40798881533 5
   vertex 2.85168978044 4.40798881533 -5
  endloop
 endfacet
 facet normal -0.536273325022 -0.844044383235 0
  outer loop
   vertex 2.51432490021 4.02997150066 -5
   vertex 2.58010027754 3.98818035673 -5
   vertex 2.58010027754 3.98818035673 5
  endloop
 endfacet
 facet normal -0.536273325022 -0.844044383235 0
  outer loop
   vertex 2.51432490021 4.02997150066 -5
   vertex 2.58010027754 3.98818035673 5
   vertex 2.51432490021 4.02997150066 5
  endloop
 endfacet
 facet normal -0 0 1
  outer loop
   vertex 2.51432490021 4.02997150066 5
   vertex 2.58010027754 3.98818035673 5
   vertex 2.85168978044 4.40798881533 5
  endloop
 endfacet
 facet normal 0 0 1
  outer loop
   vertex 2.51432490021 4.02997150066 5
   vertex 2.85168978044 4.40798881533 5
   vertex 2.77899067918 4.45417902705 5
  endloop
 endfacet
 facet normal 0 0 -1
  outer loop
   vertex 2.51432490021 4.02997150066 -5
   vertex 2.77899067918 4.45417902705 -5
   vertex 2.85168978044 4.40798881533 -5
  endloop
 endfacet
 facet normal 0 0 -1
  outer loop
   vertex 2.51432490021 4.02997150066 -5
   vertex 2.85168978044 4.40798881533 -5
   vertex 2.58010027754 3.98818035673 -5
  endloop
 endfacet
 facet normal 0.550048135581 0.835132952615 -0
  outer loop
   vertex 2.85168978044 4.40798881533 -5
   vertex 2.85168978044 4.40798881533 5
   vertex 2.92362132373 4.36061215375 5
  endloop
 endfacet
 facet normal 0.550048135581 0.835132952615 0
  outer loop
   vertex 2.85168978044 4.40798881533 -5
   vertex 2.92362132373 4.36061215375 5
   vertex 2.92362132373 4.36061215375 -5
  endloop
 endfacet
 facet normal -0.550048135581 -0.835132952615 0
  outer loop
   vertex 2.58010027754 3.98818035673 -5
   vertex 2.64518119766 3.94531575815 -5
   vertex 2.64518119766 3.94531575815 5
  endloop
 endfacet
 facet normal -0.550048135581 -0.835132952615 0
  outer loop
   vertex 2.58010027754 3.98818035673 -5
   vertex 2.64518119766 3.94531575815 5
   vertex 2.58010027754 3.98818035673 5
  endloop
 endfacet
 facet normal -0 0 1
  outer loop
   vertex 2.58010027754 3.98818035673 5
   vertex 2.64518119766 3.94531575815 5
   vertex 2.92362132373 4.36061215375 5
  endloop
 endfacet
 facet normal 0 0 1
  outer loop
   vertex 2.58010027754 3.98818035673 5
   vertex 2.92362132373 4.36061215375 5
   vertex 2.85168978044 4.40798881533 5
  endloop
 endfacet
 facet normal 0 0 -1
  outer loop
   vertex 2.58010027754 3.98818035673 -5
   vertex 2.85168978044 4.40798881533 -5
   vertex 2.92362132373 4.36061215375 -5
  endloop
 endfacet
 facet normal 0 0 -1
  outer loop
   vertex 2.58010027754 3.98818035673 -5
   vertex 2.92362132373 4.36061215375 -5
   vertex 2.64518119766 3.94531575815 -5
  endloop
 endfacet
 facet normal 0.563674895734 0.825996738444 -0
  outer loop
   vertex 2.92362132373 4.36061215375 -5
   vertex 2.92362132373 4.36061215375 5
   vertex 2.99476594802 4.31206179415 5
  endloop
 endfacet
 facet normal 0.563674895734 0.825996738444 0
  outer loop
   vertex 2.92362132373 4.36061215375 -5
   vertex 2.99476594802 4.31206179415 5
   vertex 2.99476594802 4.31206179415 -5
  endloop
 endfacet
 facet normal -0.563674895734 -0.825996738444 0
  outer loop
   vertex 2.64518119766 3.94531575815 -5
   vertex 2.70955014345 3.90138924233 -5
   vertex 2.70955014345 3.90138924233 5
  endloop
 endfacet
 facet normal -0.563674895734 -0.825996738444 0
  outer loop
   vertex 2.64518119766 3.94531575815 -5
   vertex 2.70955014345 3.90138924233 5
   vertex 2.64518119766 3.94531575815 5
  endloop
 endfacet
 facet normal -0 0 1
  outer loop
   vertex 2.64518119766 3.94531575815 5
   vertex 2.70955014345 3.90138924233 5
   vertex 2.99476594802 4.31206179415 5
  endloop
 endfacet
 facet normal 0 0 1
  outer loop
   vertex 2.64518119766 3.94531575815 5
   vertex 2.99476594802 4.31206179415 5
   vertex 2.92362132373 4.36061215375 5
  endloop
 endfacet
 facet normal 0 0 -1
  outer loop
   vertex 2.64518119766 3.94531575815 -5
   vertex 2.92362132373 4.36061215375 -5
   vertex 2.99476594802 4.31206179415 -5
  endloop
 endfacet
 facet normal 0 0 -1
  outer loop
   vertex 2.64518119766 3.94531575815 -5
   vertex 2.99476594802 4.31206179415 -5
   vertex 2.70955014345 3.90138924233 -5
  endloop
 endfacet
 facet normal 0.577149937714 0.816638199815 -0
  outer loop
   vertex 2.99476594802 4.31206179415 -5
   vertex 2.99476594802 4.31206179415 5
   vertex 3.0651045041 4.26235080431 5
  endloop
 endfacet
 facet normal 0.577149937714 0.816638199815 0
  outer loop
   vertex 2.99476594802 4.31206179415 -5
   vertex 3.0651045041 4.26235080431 5
   vertex 3.0651045041 4.26235080431 -5
  endloop
 endfacet
 facet normal -0.577149937714 -0.816638199815 0
  outer loop
   vertex 2.70955014345 3.90138924233 -5
   vertex 2.77318978942 3.85641263247 -5
   vertex 2.77318978942 3.85641263247 5
  endloop
 endfacet
 facet normal -0.577149937714 -0.816638199815 0
  outer loop
   vertex 2.70955014345 3.90138924233 -5
   vertex 2.77318978942 3.85641263247 5
   vertex 2.70955014345 3.90138924233 5
  endloop
 endfacet
 facet normal -0 0 1
  outer loop
   vertex 2.70955014345 3.90138924233 5
   vertex 2.77318978942 3.85641263247 5
   vertex 3.0651045041 4.26235080431 5
  endloop
 endfacet
 facet normal 0 0 1
  outer loop
   vertex 2.70955014345 3.90138924233 5
   vertex 3.0651045041 4.26235080431 5
   vertex 2.99476594802 4.31206179415 5
  endloop
 endfacet
 facet normal 0 0 -1
  outer loop
   vertex 2.70955014345 3.90138924233 -5
   vertex 2.99476594802 4.31206179415 -5
   vertex 3.0651045041 4.26235080431 -5
  endloop
 endfacet
 facet normal 0 0 -1
  outer loop
   vertex 2.70955014345 3.90138924233 -5
   vertex 3.0651045041 4.26235080431 -5
   vertex 2.77318978942 3.85641263247 -5
  endloop
 endfacet
 facet normal 0.590469634593 0.807059855664 -0
  outer loop
   vertex 3.0651045041 4.26235080431 -5
   vertex 3.0651045041 4.26235080431 5
   vertex 3.13461805971 4.21149256437 5
  endloop
 endfacet
 facet normal 0.590469634593 0.807059855664 0
  outer loop
   vertex 3.0651045041 4.26235080431 -5
   vertex 3.13461805971 4.21149256437 5
   vertex 3.13461805971 4.21149256437 -5
  endloop
 endfacet
 facet normal -0.590469634593 -0.807059855664 0
  outer loop
   vertex 2.77318978942 3.85641263247 -5
   vertex 2.8360830064 3.81039803443 -5
   vertex 2.8360830064 3.81039803443 5
  endloop
 endfacet
 facet normal -0.590469634593 -0.807059855664 0
  outer loop
   vertex 2.77318978942 3.85641263247 -5
   vertex 2.8360830064 3.81039803443 5
   vertex 2.77318978942 3.85641263247 5
  endloop
 endfacet
 facet normal -0 0 1
  outer loop
   vertex 2.77318978942 3.85641263247 5
   vertex 2.8360830064 3.81039803443 5
   vertex 3.13461805971 4.21149256437 5
  endloop
 endfacet
 facet normal 0 0 1
  outer loop
   vertex 2.77318978942 3.85641263247 5
   vertex 3.13461805971 4.21149256437 5
   vertex 3.0651045041 4.26235080431 5
  endloop
 endfacet
 facet normal 0 0 -1
  outer loop
   vertex 2.77318978942 3.85641263247 -5
   vertex 3.0651045041 4.26235080431 -5
   vertex 3.13461805971 4.21149256437 -5
  endloop
 endfacet
 facet normal 0 0 -1
  outer loop
   vertex 2.77318978942 3.85641263247 -5
   vertex 3.13461805971 4.21149256437 -5
   vertex 2.8360830064 3.81039803443 -5
  endloop
 endfacet
 facet normal 0.603630401254 0.797264284087 -0
  outer loop
   vertex 3.13461805971 4.21149256437 -5
   vertex 3.13461805971 4.21149256437 5
   vertex 3.20328790465 4.15950076331 5
  endloop
 endfacet
 facet normal 0.603630401254 0.797264284087 0
  outer loop
   vertex 3.13461805971 4.21149256437 -5
   vertex 3.20328790465 4.15950076331 5
   vertex 3.20328790465 4.15950076331 -5
  endloop
 endfacet
 facet normal -0.603630401254 -0.797264284087 0
  outer loop
   vertex 2.8360830064 3.81039803443 -5
   vertex 2.89821286611 3.76335783347 -5
   vertex 2.89821286611 3.76335783347 5
  endloop
 endfacet
 facet normal -0.603630401254 -0.797264284087 0
  outer loop
   vertex 2.8360830064 3.81039803443 -5
   vertex 2.89821286611 3.76335783347 5
   vertex 2.8360830064 3.81039803443 5
  endloop
 endfacet
 facet normal -0 0 1
  outer loop
   vertex 2.8360830064 3.81039803443 5
   vertex 2.89821286611 3.76335783347 5
   vertex 3.20328790465 4.15950076331 5
  endloop
 endfacet
 facet normal 0 0 1
  outer loop
   vertex 2.8360830064 3.81039803443 5
   vertex 3.20328790465 4.15950076331 5
   vertex 3.13461805971 4.21149256437 5
  endloop
 endfacet
 facet normal 0 0 -1
  outer loop
   vertex 2.8360830064 3.81039803443 -5
   vertex 3.13461805971 4.21149256437 -5
   vertex 3.20328790465 4.15950076331 -5
  endloop
 endfacet
 facet normal 0 0 -1
  outer loop
   vertex 2.8360830064 3.81039803443 -5
   vertex 3.20328790465 4.15950076331 -5
   vertex 2.89821286611 3.76335783347 -5
  endloop
 endfacet
 facet normal 0.61662869536 0.787254121652 -0
  outer loop
   vertex 3.20328790465 4.15950076331 -5
   vertex 3.20328790465 4.15950076331 5
   vertex 3.27109555582 4.10638939517 5
  endloop
 endfacet
 facet normal 0.61662869536 0.787254121652 0
  outer loop
   vertex 3.20328790465 4.15950076331 -5
   vertex 3.27109555582 4.10638939517 5
   vertex 3.27109555582 4.10638939517 -5
  endloop
 endfacet
 facet normal -0.61662869536 -0.787254121652 0
  outer loop
   vertex 2.89821286611 3.76335783347 -5
   vertex 2.95956264574 3.71530469086 -5
   vertex 2.95956264574 3.71530469086 5
  endloop
 endfacet
 facet normal -0.61662869536 -0.787254121652 0
  outer loop
   vertex 2.89821286611 3.76335783347 -5
   vertex 2.95956264574 3.71530469086 5
   vertex 2.89821286611 3.76335783347 5
  endloop
 endfacet
 facet normal -0 0 1
  outer loop
   vertex 2.89821286611 3.76335783347 5
   vertex 2.95956264574 3.71530469086 5
   vertex 3.27109555582 4.10638939517 5
  endloop
 endfacet
 facet normal 0 0 1
  outer loop
   vertex 2.89821286611 3.76335783347 5
   vertex 3.27109555582 4.10638939517 5
   vertex 3.20328790465 4.15950076331 5
  endloop
 endfacet
 facet normal 0 0 -1
  outer loop
   vertex 2.89821286611 3.76335783347 -5
   vertex 3.20328790465 4.15950076331 -5
   vertex 3.27109555582 4.10638939517 -5
  endloop
 endfacet
 facet normal 0 0 -1
  outer loop
   vertex 2.89821286611 3.76335783347 -5
   vertex 3.27109555582 4.10638939517 -5
   vertex 2.95956264574 3.71530469086 -5
  endloop
 endfacet
 facet normal 0.629461018302 0.777032062684 -0
  outer loop
   vertex 3.27109555582 4.10638939517 -5
   vertex 3.27109555582 4.10638939517 5
   vertex 3.33802276217 4.05217275536 5
  endloop
 endfacet
 facet normal 0.629461018302 0.777032062684 0
  outer loop
   vertex 3.27109555582 4.10638939517 -5
   vertex 3.33802276217 4.05217275536 5
   vertex 3.33802276217 4.05217275536 -5
  endloop
 endfacet
 facet normal -0.629461018302 -0.777032062684 0
  outer loop
   vertex 2.95956264574 3.71530469086 -5
   vertex 3.02011583244 3.66625154056 -5
   vertex 3.02011583244 3.66625154056 5
  endloop
 endfacet
 facet normal -0.629461018302 -0.777032062684 0
  outer loop
   vertex 2.95956264574 3.71530469086 -5
   vertex 3.02011583244 3.66625154056 5
   vertex 2.95956264574 3.71530469086 5
  endloop
 endfacet
 facet normal -0 0 1
  outer loop
   vertex 2.95956264574 3.71530469086 5
   vertex 3.02011583244 3.66625154056 5
   vertex 3.33802276217 4.05217275536 5
  endloop
 endfacet
 facet normal 0 0 1
  outer loop
   vertex 2.95956264574 3.71530469086 5
   vertex 3.33802276217 4.05217275536 5
   vertex 3.27109555582 4.10638939517 5
  endloop
 endfacet
 facet normal 0 0 -1
  outer loop
   vertex 2.95956264574 3.71530469086 -5
   vertex 3.27109555582 4.10638939517 -5
   vertex 3.33802276217 4.05217275536 -5
  endloop
 endfacet
 facet normal 0 0 -1
  outer loop
   vertex 2.95956264574 3.71530469086 -5
   vertex 3.33802276217 4.05217275536 -5
   vertex 3.02011583244 3.66625154056 -5
  endloop
 endfacet
 facet normal 0.642123916144 0.766600858541 -0
  outer loop
   vertex 3.33802276217 4.05217275536 -5
   vertex 3.33802276217 4.05217275536 5
   vertex 3.40405150965 3.99686543677 5
  endloop
 endfacet
 facet normal 0.642123916144 0.766600858541 0
  outer loop
   vertex 3.33802276217 4.05217275536 -5
   vertex 3.40405150965 3.99686543677 5
   vertex 3.40405150965 3.99686543677 -5
  endloop
 endfacet
 facet normal -0.642123916144 -0.766600858541 0
  outer loop
   vertex 3.02011583244 3.66625154056 -5
   vertex 3.07985612778 3.61621158565 -5
   vertex 3.07985612778 3.61621158565 5
  endloop
 endfacet
 facet normal -0.642123916144 -0.766600858541 0
  outer loop
   vertex 3.02011583244 3.66625154056 -5
   vertex 3.07985612778 3.61621158565 5
   vertex 3.02011583244 3.66625154056 5
  endloop
 endfacet
 facet normal -0 0 1
  outer loop
   vertex 3.02011583244 3.66625154056 5
   vertex 3.07985612778 3.61621158565 5
   vertex 3.40405150965 3.99686543677 5
  endloop
 endfacet
 facet normal 0 0 1
  outer loop
   vertex 3.02011583244 3.66625154056 5
   vertex 3.40405150965 3.99686543677 5
   vertex 3.33802276217 4.05217275536 5
  endloop
 endfacet
 facet normal 0 0 -1
  outer loop
   vertex 3.02011583244 3.66625154056 -5
   vertex 3.33802276217 4.05217275536 -5
   vertex 3.40405150965 3.99686543677 -5
  endloop
 endfacet
 facet normal 0 0 -1
  outer loop
   vertex 3.02011583244 3.66625154056 -5
   vertex 3.40405150965 3.99686543677 -5
   vertex 3.07985612778 3.61621158565 -5
  endloop
 endfacet
 facet normal 0.654613980554 0.755963316877 -0
  outer loop
   vertex 3.40405150965 3.99686543677 -5
   vertex 3.40405150965 3.99686543677 5
   vertex 3.46916402602 3.94048232588 5
  endloop
 endfacet
 facet normal 0.654613980554 0.755963316877 0
  outer loop
   vertex 3.40405150965 3.99686543677 -5
   vertex 3.46916402602 3.94048232588 5
   vertex 3.46916402602 3.94048232588 -5
  endloop
 endfacet
 facet normal -0.654613980554 -0.755963316877 0
  outer loop
   vertex 3.07985612778 3.61621158565 -5
   vertex 3.13876745211 3.56519829484 -5
   vertex 3.13876745211 3.56519829484 5
  endloop
 endfacet
 facet normal -0.654613980554 -0.755963316877 0
  outer loop
   vertex 3.07985612778 3.61621158565 -5
   vertex 3.13876745211 3.56519829484 5
   vertex 3.07985612778 3.61621158565 5
  endloop
 endfacet
 facet normal -0 0 1
  outer loop
   vertex 3.07985612778 3.61621158565 5
   vertex 3.13876745211 3.56519829484 5
   vertex 3.46916402602 3.94048232588 5
  endloop
 endfacet
 facet normal 0 0 1
  outer loop
   vertex 3.07985612778 3.61621158565 5
   vertex 3.46916402602 3.94048232588 5
   vertex 3.40405150965 3.99686543677 5
  endloop
 endfacet
 facet normal 0 0 -1
  outer loop
   vertex 3.07985612778 3.61621158565 -5
   vertex 3.40405150965 3.99686543677 -5
   vertex 3.46916402602 3.94048232588 -5
  endloop
 endfacet
 facet normal 0 0 -1
  outer loop
   vertex 3.07985612778 3.61621158565 -5
   vertex 3.46916402602 3.94048232588 -5
   vertex 3.13876745211 3.56519829484 -5
  endloop
 endfacet
 facet normal 0.666927849719 0.745122300881 -0
  outer loop
   vertex 3.46916402602 3.94048232588 -5
   vertex 3.46916402602 3.94048232588 5
   vertex 3.53334278567 3.8830385987 5
  endloop
 endfacet
 facet normal 0.666927849719 0.745122300881 0
  outer loop
   vertex 3.46916402602 3.94048232588 -5
   vertex 3.53334278567 3.8830385987 5
   vertex 3.53334278567 3.8830385987 -5
  endloop
 endfacet
 facet normal -0.666927849719 -0.745122300881 0
  outer loop
   vertex 3.13876745211 3.56519829484 -5
   vertex 3.19683394894 3.51322539882 -5
   vertex 3.19683394894 3.51322539882 5
  endloop
 endfacet
 facet normal -0.666927849719 -0.745122300881 0
  outer loop
   vertex 3.13876745211 3.56519829484 -5
   vertex 3.19683394894 3.51322539882 5
   vertex 3.13876745211 3.56519829484 5
  endloop
 endfacet
 facet normal -0 0 1
  outer loop
   vertex 3.13876745211 3.56519829484 5
   vertex 3.19683394894 3.51322539882 5
   vertex 3.53334278567 3.8830385987 5
  endloop
 endfacet
 facet normal 0 0 1
  outer loop
   vertex 3.13876745211 3.56519829484 5
   vertex 3.53334278567 3.8830385987 5
   vertex 3.46916402602 3.94048232588 5
  endloop
 endfacet
 facet normal 0 0 -1
  outer loop
   vertex 3.13876745211 3.56519829484 -5
   vertex 3.46916402602 3.94048232588 -5
   vertex 3.53334278567 3.8830385987 -5
  endloop
 endfacet
 facet normal 0 0 -1
  outer loop
   vertex 3.13876745211 3.56519829484 -5
   vertex 3.53334278567 3.8830385987 -5
   vertex 3.19683394894 3.51322539882 -5
  endloop
 endfacet
 facet normal 0.679062209249 0.73408072851 -0
  outer loop
   vertex 3.53334278567 3.8830385987 -5
   vertex 3.53334278567 3.8830385987 5
   vertex 3.5965705143 3.82454971672 5
  endloop
 endfacet
 facet normal 0.679062209249 0.73408072851 0
  outer loop
   vertex 3.53334278567 3.8830385987 -5
   vertex 3.5965705143 3.82454971672 5
   vertex 3.5965705143 3.82454971672 -5
  endloop
 endfacet
 facet normal -0.679062209249 -0.73408072851 0
  outer loop
   vertex 3.19683394894 3.51322539882 -5
   vertex 3.25403998913 3.46030688656 -5
   vertex 3.25403998913 3.46030688656 5
  endloop
 endfacet
 facet normal -0.679062209249 -0.73408072851 0
  outer loop
   vertex 3.19683394894 3.51322539882 -5
   vertex 3.25403998913 3.46030688656 5
   vertex 3.19683394894 3.51322539882 5
  endloop
 endfacet
 facet normal -0 0 1
  outer loop
   vertex 3.19683394894 3.51322539882 5
   vertex 3.25403998913 3.46030688656 5
   vertex 3.5965705143 3.82454971672 5
  endloop
 endfacet
 facet normal 0 0 1
  outer loop
   vertex 3.19683394894 3.51322539882 5
   vertex 3.5965705143 3.82454971672 5
   vertex 3.53334278567 3.8830385987 5
  endloop
 endfacet
 facet normal 0 0 -1
  outer loop
   vertex 3.19683394894 3.51322539882 -5
   vertex 3.53334278567 3.8830385987 -5
   vertex 3.5965705143 3.82454971672 -5
  endloop
 endfacet
 facet normal 0 0 -1
  outer loop
   vertex 3.19683394894 3.51322539882 -5
   vertex 3.5965705143 3.82454971672 -5
   vertex 3.25403998913 3.46030688656 -5
  endloop
 endfacet
 facet normal 0.691013793073 0.722841571703 -0
  outer loop
   vertex 3.5965705143 3.82454971672 -5
   vertex 3.5965705143 3.82454971672 5
   vertex 3.6588301936 3.76503142276 5
  endloop
 endfacet
 facet normal 0.691013793073 0.722841571703 0
  outer loop
   vertex 3.5965705143 3.82454971672 -5
   vertex 3.6588301936 3.76503142276 5
   vertex 3.6588301936 3.76503142276 -5
  endloop
 endfacet
 facet normal -0.691013793073 -0.722841571703 0
  outer loop
   vertex 3.25403998913 3.46030688656 -5
   vertex 3.31037017516 3.40645700155 -5
   vertex 3.31037017516 3.40645700155 5
  endloop
 endfacet
 facet normal -0.691013793073 -0.722841571703 0
  outer loop
   vertex 3.25403998913 3.46030688656 -5
   vertex 3.31037017516 3.40645700155 5
   vertex 3.25403998913 3.46030688656 5
  endloop
 endfacet
 facet normal -0 0 1
  outer loop
   vertex 3.25403998913 3.46030688656 5
   vertex 3.31037017516 3.40645700155 5
   vertex 3.6588301936 3.76503142276 5
  endloop
 endfacet
 facet normal 0 0 1
  outer loop
   vertex 3.25403998913 3.46030688656 5
   vertex 3.6588301936 3.76503142276 5
   vertex 3.5965705143 3.82454971672 5
  endloop
 endfacet
 facet normal 0 0 -1
  outer loop
   vertex 3.25403998913 3.46030688656 -5
   vertex 3.5965705143 3.82454971672 -5
   vertex 3.6588301936 3.76503142276 -5
  endloop
 endfacet
 facet normal 0 0 -1
  outer loop
   vertex 3.25403998913 3.46030688656 -5
   vertex 3.6588301936 3.76503142276 -5
   vertex 3.31037017516 3.40645700155 -5
  endloop
 endfacet
 facet normal 0.702779384315 0.711407855581 -0
  outer loop
   vertex 3.6588301936 3.76503142276 -5
   vertex 3.6588301936 3.76503142276 5
   vertex 3.72010506582 3.70449973671 5
  endloop
 endfacet
 facet normal 0.702779384315 0.711407855581 0
  outer loop
   vertex 3.6588301936 3.76503142276 -5
   vertex 3.72010506582 3.70449973671 5
   vertex 3.72010506582 3.70449973671 -5
  endloop
 endfacet
 facet normal -0.702779384315 -0.711407855581 0
  outer loop
   vertex 3.31037017516 3.40645700155 -5
   vertex 3.36580934527 3.35169023797 -5
   vertex 3.36580934527 3.35169023797 5
  endloop
 endfacet
 facet normal -0.702779384315 -0.711407855581 0
  outer loop
   vertex 3.31037017516 3.40645700155 -5
   vertex 3.36580934527 3.35169023797 5
   vertex 3.31037017516 3.40645700155 5
  endloop
 endfacet
 facet normal -0 0 1
  outer loop
   vertex 3.31037017516 3.40645700155 5
   vertex 3.36580934527 3.35169023797 5
   vertex 3.72010506582 3.70449973671 5
  endloop
 endfacet
 facet normal 0 0 1
  outer loop
   vertex 3.31037017516 3.40645700155 5
   vertex 3.72010506582 3.70449973671 5
   vertex 3.6588301936 3.76503142276 5
  endloop
 endfacet
 facet normal 0 0 -1
  outer loop
   vertex 3.31037017516 3.40645700155 -5
   vertex 3.6588301936 3.76503142276 -5
   vertex 3.72010506582 3.70449973671 -5
  endloop
 endfacet
 facet normal 0 0 -1
  outer loop
   vertex 3.31037017516 3.40645700155 -5
   vertex 3.72010506582 3.70449973671 -5
   vertex 3.36580934527 3.35169023797 -5
  endloop
 endfacet
 facet normal 0.714355816159 0.69978265763 -0
  outer loop
   vertex 3.72010506582 3.70449973671 -5
   vertex 3.72010506582 3.70449973671 5
   vertex 3.78037863827 3.6429709512 5
  endloop
 endfacet
 facet normal 0.714355816159 0.69978265763 0
  outer loop
   vertex 3.72010506582 3.70449973671 -5
   vertex 3.78037863827 3.6429709512 5
   vertex 3.78037863827 3.6429709512 -5
  endloop
 endfacet
 facet normal -0.714355816159 -0.69978265763 0
  outer loop
   vertex 3.36580934527 3.35169023797 -5
   vertex 3.42034257749 3.2960213368 -5
   vertex 3.42034257749 3.2960213368 5
  endloop
 endfacet
 facet normal -0.714355816159 -0.69978265763 0
  outer loop
   vertex 3.36580934527 3.35169023797 -5
   vertex 3.42034257749 3.2960213368 5
   vertex 3.36580934527 3.35169023797 5
  endloop
 endfacet
 facet normal -0 0 1
  outer loop
   vertex 3.36580934527 3.35169023797 5
   vertex 3.42034257749 3.2960213368 5
   vertex 3.78037863827 3.6429709512 5
  endloop
 endfacet
 facet normal 0 0 1
  outer loop
   vertex 3.36580934527 3.35169023797 5
   vertex 3.78037863827 3.6429709512 5
   vertex 3.72010506582 3.70449973671 5
  endloop
 endfacet
 facet normal 0 0 -1
  outer loop
   vertex 3.36580934527 3.35169023797 -5
   vertex 3.72010506582 3.70449973671 -5
   vertex 3.78037863827 3.6429709512 -5
  endloop
 endfacet
 facet normal 0 0 -1
  outer loop
   vertex 3.36580934527 3.35169023797 -5
   vertex 3.78037863827 3.6429709512 -5
   vertex 3.42034257749 3.2960213368 -5
  endloop
 endfacet
 facet normal 0.725739972705 0.687969106878 -0
  outer loop
   vertex 3.78037863827 3.6429709512 -5
   vertex 3.78037863827 3.6429709512 5
   vertex 3.83963468779 3.58046162727 5
  endloop
 endfacet
 facet normal 0.725739972705 0.687969106878 0
  outer loop
   vertex 3.78037863827 3.6429709512 -5
   vertex 3.83963468779 3.58046162727 5
   vertex 3.83963468779 3.58046162727 -5
  endloop
 endfacet
 facet normal -0.725739972705 -0.687969106878 0
  outer loop
   vertex 3.42034257749 3.2960213368 -5
   vertex 3.47395519371 3.23946528181 -5
   vertex 3.47395519371 3.23946528181 5
  endloop
 endfacet
 facet normal -0.725739972705 -0.687969106878 0
  outer loop
   vertex 3.42034257749 3.2960213368 -5
   vertex 3.47395519371 3.23946528181 5
   vertex 3.42034257749 3.2960213368 5
  endloop
 endfacet
 facet normal -0 0 1
  outer loop
   vertex 3.42034257749 3.2960213368 5
   vertex 3.47395519371 3.23946528181 5
   vertex 3.83963468779 3.58046162727 5
  endloop
 endfacet
 facet normal 0 0 1
  outer loop
   vertex 3.42034257749 3.2960213368 5
   vertex 3.83963468779 3.58046162727 5
   vertex 3.78037863827 3.6429709512 5
  endloop
 endfacet
 facet normal 0 0 -1
  outer loop
   vertex 3.42034257749 3.2960213368 -5
   vertex 3.78037863827 3.6429709512 -5
   vertex 3.83963468779 3.58046162727 -5
  endloop
 endfacet
 facet normal 0 0 -1
  outer loop
   vertex 3.42034257749 3.2960213368 -5
   vertex 3.83963468779 3.58046162727 -5
   vertex 3.47395519371 3.23946528181 -5
  endloop
 endfacet
 facet normal 0.736928789804 0.675970383048 -0
  outer loop
   vertex 3.83963468779 3.58046162727 -5
   vertex 3.83963468779 3.58046162727 5
   vertex 3.89785726506 3.51698858986 5
  endloop
 endfacet
 facet normal 0.736928789804 0.675970383048 0
  outer loop
   vertex 3.83963468779 3.58046162727 -5
   vertex 3.89785726506 3.51698858986 5
   vertex 3.89785726506 3.51698858986 -5
  endloop
 endfacet
 facet normal -0.736928789804 -0.675970383048 0
  outer loop
   vertex 3.47395519371 3.23946528181 -5
   vertex 3.52663276363 3.18203729559 -5
   vertex 3.52663276363 3.18203729559 5
  endloop
 endfacet
 facet normal -0.736928789804 -0.675970383048 0
  outer loop
   vertex 3.47395519371 3.23946528181 -5
   vertex 3.52663276363 3.18203729559 5
   vertex 3.47395519371 3.23946528181 5
  endloop
 endfacet
 facet normal -0 0 1
  outer loop
   vertex 3.47395519371 3.23946528181 5
   vertex 3.52663276363 3.18203729559 5
   vertex 3.89785726506 3.51698858986 5
  endloop
 endfacet
 facet normal 0 0 1
  outer loop
   vertex 3.47395519371 3.23946528181 5
   vertex 3.89785726506 3.51698858986 5
   vertex 3.83963468779 3.58046162727 5
  endloop
 endfacet
 facet normal 0 0 -1
  outer loop
   vertex 3.47395519371 3.23946528181 -5
   vertex 3.83963468779 3.58046162727 -5
   vertex 3.89785726506 3.51698858986 -5
  endloop
 endfacet
 facet normal 0 0 -1
  outer loop
   vertex 3.47395519371 3.23946528181 -5
   vertex 3.89785726506 3.51698858986 -5
   vertex 3.52663276363 3.18203729559 -5
  endloop
 endfacet
 facet normal 0.747919255886 0.663789715704 -0
  outer loop
   vertex 3.89785726506 3.51698858986 -5
   vertex 3.89785726506 3.51698858986 5
   vertex 3.95503069897 3.45256892331 5
  endloop
 endfacet
 facet normal 0.747919255886 0.663789715704 0
  outer loop
   vertex 3.89785726506 3.51698858986 -5
   vertex 3.95503069897 3.45256892331 5
   vertex 3.95503069897 3.45256892331 -5
  endloop
 endfacet
 facet normal -0.747919255886 -0.663789715704 0
  outer loop
   vertex 3.52663276363 3.18203729559 -5
   vertex 3.57836110859 3.12375283538 -5
   vertex 3.57836110859 3.12375283538 5
  endloop
 endfacet
 facet normal -0.747919255886 -0.663789715704 0
  outer loop
   vertex 3.52663276363 3.18203729559 -5
   vertex 3.57836110859 3.12375283538 5
   vertex 3.52663276363 3.18203729559 5
  endloop
 endfacet
 facet normal -0 0 1
  outer loop
   vertex 3.52663276363 3.18203729559 5
   vertex 3.57836110859 3.12375283538 5
   vertex 3.95503069897 3.45256892331 5
  endloop
 endfacet
 facet normal 0 0 1
  outer loop
   vertex 3.52663276363 3.18203729559 5
   vertex 3.95503069897 3.45256892331 5
   vertex 3.89785726506 3.51698858986 5
  endloop
 endfacet
 facet normal 0 0 -1
  outer loop
   vertex 3.52663276363 3.18203729559 -5
   vertex 3.89785726506 3.51698858986 -5
   vertex 3.95503069897 3.45256892331 -5
  endloop
 endfacet
 facet normal 0 0 -1
  outer loop
   vertex 3.52663276363 3.18203729559 -5
   vertex 3.95503069897 3.45256892331 -5
   vertex 3.57836110859 3.12375283538 -5
  endloop
 endfacet
 facet normal 0.758708412768 0.651430383384 -0
  outer loop
   vertex 3.95503069897 3.45256892331 -5
   vertex 3.95503069897 3.45256892331 5
   vertex 4.01113960076 3.38721996676 5
  endloop
 endfacet
 facet normal 0.758708412768 0.651430383384 0
  outer loop
   vertex 3.95503069897 3.45256892331 -5
   vertex 4.01113960076 3.38721996676 5
   vertex 4.01113960076 3.38721996676 -5
  endloop
 endfacet
 facet normal -0.758708412768 -0.651430383384 0
  outer loop
   vertex 3.57836110859 3.12375283538 -5
   vertex 3.62912630545 3.06462758897 -5
   vertex 3.62912630545 3.06462758897 5
  endloop
 endfacet
 facet normal -0.758708412768 -0.651430383384 0
  outer loop
   vertex 3.57836110859 3.12375283538 -5
   vertex 3.62912630545 3.06462758897 5
   vertex 3.57836110859 3.12375283538 5
  endloop
 endfacet
 facet normal -0 0 1
  outer loop
   vertex 3.57836110859 3.12375283538 5
   vertex 3.62912630545 3.06462758897 5
   vertex 4.01113960076 3.38721996676 5
  endloop
 endfacet
 facet normal 0 0 1
  outer loop
   vertex 3.57836110859 3.12375283538 5
   vertex 4.01113960076 3.38721996676 5
   vertex 3.95503069897 3.45256892331 5
  endloop
 endfacet
 facet normal 0 0 -1
  outer loop
   vertex 3.57836110859 3.12375283538 -5
   vertex 3.95503069897 3.45256892331 -5
   vertex 4.01113960076 3.38721996676 -5
  endloop
 endfacet
 facet normal 0 0 -1
  outer loop
   vertex 3.57836110859 3.12375283538 -5
   vertex 4.01113960076 3.38721996676 -5
   vertex 3.62912630545 3.06462758897 -5
  endloop
 endfacet
 facet normal 0.769293356451 0.638895712711 -0
  outer loop
   vertex 4.01113960076 3.38721996676 -5
   vertex 4.01113960076 3.38721996676 5
   vertex 4.06616886822 3.32095930946 5
  endloop
 endfacet
 facet normal 0.769293356451 0.638895712711 0
  outer loop
   vertex 4.01113960076 3.38721996676 -5
   vertex 4.06616886822 3.32095930946 5
   vertex 4.06616886822 3.32095930946 -5
  endloop
 endfacet
 facet normal -0.769293356451 -0.638895712711 0
  outer loop
   vertex 3.62912630545 3.06462758897 -5
   vertex 3.67891469029 3.00467747047 -5
   vertex 3.67891469029 3.00467747047 5
  endloop
 endfacet
 facet normal -0.769293356451 -0.638895712711 0
  outer loop
   vertex 3.62912630545 3.06462758897 -5
   vertex 3.67891469029 3.00467747047 5
   vertex 3.62912630545 3.06462758897 5
  endloop
 endfacet
 facet normal -0 0 1
  outer loop
   vertex 3.62912630545 3.06462758897 5
   vertex 3.67891469029 3.00467747047 5
   vertex 4.06616886822 3.32095930946 5
  endloop
 endfacet
 facet normal 0 0 1
  outer loop
   vertex 3.62912630545 3.06462758897 5
   vertex 4.06616886822 3.32095930946 5
   vertex 4.01113960076 3.38721996676 5
  endloop
 endfacet
 facet normal 0 0 -1
  outer loop
   vertex 3.62912630545 3.06462758897 -5
   vertex 4.01113960076 3.38721996676 -5
   vertex 4.06616886822 3.32095930946 -5
  endloop
 endfacet
 facet normal 0 0 -1
  outer loop
   vertex 3.62912630545 3.06462758897 -5
   vertex 4.06616886822 3.32095930946 -5
   vertex 3.67891469029 3.00467747047 -5
  endloop
 endfacet
 facet normal 0.779671237902 0.626189077507 -0
  outer loop
   vertex 4.06616886822 3.32095930946 -5
   vertex 4.06616886822 3.32095930946 5
   vertex 4.12010368973 3.25380478608 5
  endloop
 endfacet
 facet normal 0.779671237902 0.626189077507 0
  outer loop
   vertex 4.06616886822 3.32095930946 -5
   vertex 4.12010368973 3.25380478608 5
   vertex 4.12010368973 3.25380478608 -5
  endloop
 endfacet
 facet normal -0.779671237902 -0.626189077507 0
  outer loop
   vertex 3.67891469029 3.00467747047 -5
   vertex 3.72771286213 2.94391861597 -5
   vertex 3.72771286213 2.94391861597 5
  endloop
 endfacet
 facet normal -0.779671237902 -0.626189077507 0
  outer loop
   vertex 3.67891469029 3.00467747047 -5
   vertex 3.72771286213 2.94391861597 5
   vertex 3.67891469029 3.00467747047 5
  endloop
 endfacet
 facet normal -0 0 1
  outer loop
   vertex 3.67891469029 3.00467747047 5
   vertex 3.72771286213 2.94391861597 5
   vertex 4.12010368973 3.25380478608 5
  endloop
 endfacet
 facet normal 0 0 1
  outer loop
   vertex 3.67891469029 3.00467747047 5
   vertex 4.12010368973 3.25380478608 5
   vertex 4.06616886822 3.32095930946 5
  endloop
 endfacet
 facet normal 0 0 -1
  outer loop
   vertex 3.67891469029 3.00467747047 -5
   vertex 4.06616886822 3.32095930946 -5
   vertex 4.12010368973 3.25380478608 -5
  endloop
 endfacet
 facet normal 0 0 -1
  outer loop
   vertex 3.67891469029 3.00467747047 -5
   vertex 4.12010368973 3.25380478608 -5
   vertex 3.72771286213 2.94391861597 -5
  endloop
 endfacet
 facet normal 0.789839263821 0.613313897876 -0
  outer loop
   vertex 4.12010368973 3.25380478608 -5
   vertex 4.12010368973 3.25380478608 5
   vertex 4.17292954824 3.18577447184 5
  endloop
 endfacet
 facet normal 0.789839263821 0.613313897876 0
  outer loop
   vertex 4.12010368973 3.25380478608 -5
   vertex 4.17292954824 3.18577447184 5
   vertex 4.17292954824 3.18577447184 -5
  endloop
 endfacet
 facet normal -0.789839263821 -0.613313897876 0
  outer loop
   vertex 3.72771286213 2.94391861597 -5
   vertex 3.7755076865 2.88236737928 -5
   vertex 3.7755076865 2.88236737928 5
  endloop
 endfacet
 facet normal -0.789839263821 -0.613313897876 0
  outer loop
   vertex 3.72771286213 2.94391861597 -5
   vertex 3.7755076865 2.88236737928 5
   vertex 3.72771286213 2.94391861597 5
  endloop
 endfacet
 facet normal -0 0 1
  outer loop
   vertex 3.72771286213 2.94391861597 5
   vertex 3.7755076865 2.88236737928 5
   vertex 4.17292954824 3.18577447184 5
  endloop
 endfacet
 facet normal 0 0 1
  outer loop
   vertex 3.72771286213 2.94391861597 5
   vertex 4.17292954824 3.18577447184 5
   vertex 4.12010368973 3.25380478608 5
  endloop
 endfacet
 facet normal 0 0 -1
  outer loop
   vertex 3.72771286213 2.94391861597 -5
   vertex 4.12010368973 3.25380478608 -5
   vertex 4.17292954824 3.18577447184 -5
  endloop
 endfacet
 facet normal 0 0 -1
  outer loop
   vertex 3.72771286213 2.94391861597 -5
   vertex 4.17292954824 3.18577447184 -5
   vertex 3.7755076865 2.88236737928 -5
  endloop
 endfacet
 facet normal 0.799794697392 0.600273639288 -0
  outer loop
   vertex 4.17292954824 3.18577447184 -5
   vertex 4.17292954824 3.18577447184 5
   vertex 4.2246322252 3.11688667773 5
  endloop
 endfacet
 facet normal 0.799794697392 0.600273639288 0
  outer loop
   vertex 4.17292954824 3.18577447184 -5
   vertex 4.2246322252 3.11688667773 5
   vertex 4.2246322252 3.11688667773 -5
  endloop
 endfacet
 facet normal -0.799794697392 -0.600273639288 0
  outer loop
   vertex 3.7755076865 2.88236737928 -5
   vertex 3.82228629899 2.82004032747 -5
   vertex 3.82228629899 2.82004032747 5
  endloop
 endfacet
 facet normal -0.799794697392 -0.600273639288 0
  outer loop
   vertex 3.7755076865 2.88236737928 -5
   vertex 3.82228629899 2.82004032747 5
   vertex 3.7755076865 2.88236737928 5
  endloop
 endfacet
 facet normal -0 0 1
  outer loop
   vertex 3.7755076865 2.88236737928 5
   vertex 3.82228629899 2.82004032747 5
   vertex 4.2246322252 3.11688667773 5
  endloop
 endfacet
 facet normal 0 0 1
  outer loop
   vertex 3.7755076865 2.88236737928 5
   vertex 4.2246322252 3.11688667773 5
   vertex 4.17292954824 3.18577447184 5
  endloop
 endfacet
 facet normal 0 0 -1
  outer loop
   vertex 3.7755076865 2.88236737928 -5
   vertex 4.17292954824 3.18577447184 -5
   vertex 4.2246322252 3.11688667773 -5
  endloop
 endfacet
 facet normal 0 0 -1
  outer loop
   vertex 3.7755076865 2.88236737928 -5
   vertex 4.2246322252 3.11688667773 -5
   vertex 3.82228629899 2.82004032747 -5
  endloop
 endfacet
 facet normal 0.809534859021 0.587071811646 -0
  outer loop
   vertex 4.2246322252 3.11688667773 -5
   vertex 4.2246322252 3.11688667773 5
   vertex 4.27519780437 3.04715994551 5
  endloop
 endfacet
 facet normal 0.809534859021 0.587071811646 0
  outer loop
   vertex 4.2246322252 3.11688667773 -5
   vertex 4.27519780437 3.04715994551 5
   vertex 4.27519780437 3.04715994551 -5
  endloop
 endfacet
 facet normal -0.809534859021 -0.587071811646 0
  outer loop
   vertex 3.82228629899 2.82004032747 -5
   vertex 3.86803610871 2.75695423641 -5
   vertex 3.86803610871 2.75695423641 5
  endloop
 endfacet
 facet normal -0.809534859021 -0.587071811646 0
  outer loop
   vertex 3.82228629899 2.82004032747 -5
   vertex 3.86803610871 2.75695423641 5
   vertex 3.82228629899 2.82004032747 5
  endloop
 endfacet
 facet normal -0 0 1
  outer loop
   vertex 3.82228629899 2.82004032747 5
   vertex 3.86803610871 2.75695423641 5
   vertex 4.27519780437 3.04715994551 5
  endloop
 endfacet
 facet normal 0 0 1
  outer loop
   vertex 3.82228629899 2.82004032747 5
   vertex 4.27519780437 3.04715994551 5
   vertex 4.2246322252 3.11688667773 5
  endloop
 endfacet
 facet normal 0 0 -1
  outer loop
   vertex 3.82228629899 2.82004032747 -5
   vertex 4.2246322252 3.11688667773 -5
   vertex 4.27519780437 3.04715994551 -5
  endloop
 endfacet
 facet normal 0 0 -1
  outer loop
   vertex 3.82228629899 2.82004032747 -5
   vertex 4.27519780437 3.04715994551 -5
   vertex 3.86803610871 2.75695423641 -5
  endloop
 endfacet
 facet normal 0.819057127056 0.573711968342 -0
  outer loop
   vertex 4.27519780437 3.04715994551 -5
   vertex 4.27519780437 3.04715994551 5
   vertex 4.32461267556 2.97661304276 5
  endloop
 endfacet
 facet normal 0.819057127056 0.573711968342 0
  outer loop
   vertex 4.27519780437 3.04715994551 -5
   vertex 4.32461267556 2.97661304276 5
   vertex 4.32461267556 2.97661304276 -5
  endloop
 endfacet
 facet normal -0.819057127056 -0.573711968342 0
  outer loop
   vertex 3.86803610871 2.75695423641 -5
   vertex 3.9127448017 2.69312608631 -5
   vertex 3.9127448017 2.69312608631 5
  endloop
 endfacet
 facet normal -0.819057127056 -0.573711968342 0
  outer loop
   vertex 3.86803610871 2.75695423641 -5
   vertex 3.9127448017 2.69312608631 5
   vertex 3.86803610871 2.75695423641 5
  endloop
 endfacet
 facet normal -0 0 1
  outer loop
   vertex 3.86803610871 2.75695423641 5
   vertex 3.9127448017 2.69312608631 5
   vertex 4.32461267556 2.97661304276 5
  endloop
 endfacet
 facet normal 0 0 1
  outer loop
   vertex 3.86803610871 2.75695423641 5
   vertex 4.32461267556 2.97661304276 5
   vertex 4.27519780437 3.04715994551 5
  endloop
 endfacet
 facet normal 0 0 -1
  outer loop
   vertex 3.86803610871 2.75695423641 -5
   vertex 4.27519780437 3.04715994551 -5
   vertex 4.32461267556 2.97661304276 -5
  endloop
 endfacet
 facet normal 0 0 -1
  outer loop
   vertex 3.86803610871 2.75695423641 -5
   vertex 4.32461267556 2.97661304276 -5
   vertex 3.9127448017 2.69312608631 -5
  endloop
 endfacet
 facet normal 0.828358938492 0.560197705298 -0
  outer loop
   vertex 4.32461267556 2.97661304276 -5
   vertex 4.32461267556 2.97661304276 5
   vertex 4.37286353833 2.90526495782 5
  endloop
 endfacet
 facet normal 0.828358938492 0.560197705298 0
  outer loop
   vertex 4.32461267556 2.97661304276 -5
   vertex 4.37286353833 2.90526495782 5
   vertex 4.37286353833 2.90526495782 -5
  endloop
 endfacet
 facet normal -0.828358938492 -0.560197705298 0
  outer loop
   vertex 3.9127448017 2.69312608631 -5
   vertex 3.9564003442 2.62857305708 -5
   vertex 3.9564003442 2.62857305708 5
  endloop
 endfacet
 facet normal -0.828358938492 -0.560197705298 0
  outer loop
   vertex 3.9127448017 2.69312608631 -5
   vertex 3.9564003442 2.62857305708 5
   vertex 3.9127448017 2.69312608631 5
  endloop
 endfacet
 facet normal -0 0 1
  outer loop
   vertex 3.9127448017 2.69312608631 5
   vertex 3.9564003442 2.62857305708 5
   vertex 4.37286353833 2.90526495782 5
  endloop
 endfacet
 facet normal 0 0 1
  outer loop
   vertex 3.9127448017 2.69312608631 5
   vertex 4.37286353833 2.90526495782 5
   vertex 4.32461267556 2.97661304276 5
  endloop
 endfacet
 facet normal 0 0 -1
  outer loop
   vertex 3.9127448017 2.69312608631 -5
   vertex 4.32461267556 2.97661304276 -5
   vertex 4.37286353833 2.90526495782 -5
  endloop
 endfacet
 facet normal 0 0 -1
  outer loop
   vertex 3.9127448017 2.69312608631 -5
   vertex 4.37286353833 2.90526495782 -5
   vertex 3.9564003442 2.62857305708 -5
  endloop
 endfacet
 facet normal 0.837437789663 0.546532659998 -0
  outer loop
   vertex 4.37286353833 2.90526495782 -5
   vertex 4.37286353833 2.90526495782 5
   vertex 4.41993740551 2.83313489467 5
  endloop
 endfacet
 facet normal 0.837437789663 0.546532659998 0
  outer loop
   vertex 4.37286353833 2.90526495782 -5
   vertex 4.41993740551 2.83313489467 5
   vertex 4.41993740551 2.83313489467 -5
  endloop
 endfacet
 facet normal -0.837437789663 -0.546532659998 0
  outer loop
   vertex 3.9564003442 2.62857305708 -5
   vertex 3.99899098594 2.56331252374 -5
   vertex 3.99899098594 2.56331252374 5
  endloop
 endfacet
 facet normal -0.837437789663 -0.546532659998 0
  outer loop
   vertex 3.9564003442 2.62857305708 -5
   vertex 3.99899098594 2.56331252374 5
   vertex 3.9564003442 2.62857305708 5
  endloop
 endfacet
 facet normal -0 0 1
  outer loop
   vertex 3.9564003442 2.62857305708 5
   vertex 3.99899098594 2.56331252374 5
   vertex 4.41993740551 2.83313489467 5
  endloop
 endfacet
 facet normal 0 0 1
  outer loop
   vertex 3.9564003442 2.62857305708 5
   vertex 4.41993740551 2.83313489467 5
   vertex 4.37286353833 2.90526495782 5
  endloop
 endfacet
 facet normal 0 0 -1
  outer loop
   vertex 3.9564003442 2.62857305708 -5
   vertex 4.37286353833 2.90526495782 -5
   vertex 4.41993740551 2.83313489467 -5
  endloop
 endfacet
 facet normal 0 0 -1
  outer loop
   vertex 3.9564003442 2.62857305708 -5
   vertex 4.41993740551 2.83313489467 -5
   vertex 3.99899098594 2.56331252374 -5
  endloop
 endfacet
 facet normal 0.846291236915 0.532720510513 -0
  outer loop
   vertex 4.41993740551 2.83313489467 -5
   vertex 4.41993740551 2.83313489467 5
   vertex 4.46582160675 2.76024226775 5
  endloop
 endfacet
 facet normal 0.846291236915 0.532720510513 0
  outer loop
   vertex 4.41993740551 2.83313489467 -5
   vertex 4.46582160675 2.76024226775 5
   vertex 4.46582160675 2.76024226775 -5
  endloop
 endfacet
 facet normal -0.846291236915 -0.532720510513 0
  outer loop
   vertex 3.99899098594 2.56331252374 -5
   vertex 4.04050526325 2.49736205177 -5
   vertex 4.04050526325 2.49736205177 5
  endloop
 endfacet
 facet normal -0.846291236915 -0.532720510513 0
  outer loop
   vertex 3.99899098594 2.56331252374 -5
   vertex 4.04050526325 2.49736205177 5
   vertex 3.99899098594 2.56331252374 5
  endloop
 endfacet
 facet normal -0 0 1
  outer loop
   vertex 3.99899098594 2.56331252374 5
   vertex 4.04050526325 2.49736205177 5
   vertex 4.46582160675 2.76024226775 5
  endloop
 endfacet
 facet normal 0 0 1
  outer loop
   vertex 3.99899098594 2.56331252374 5
   vertex 4.46582160675 2.76024226775 5
   vertex 4.41993740551 2.83313489467 5
  endloop
 endfacet
 facet normal 0 0 -1
  outer loop
   vertex 3.99899098594 2.56331252374 -5
   vertex 4.41993740551 2.83313489467 -5
   vertex 4.46582160675 2.76024226775 -5
  endloop
 endfacet
 facet normal 0 0 -1
  outer loop
   vertex 3.99899098594 2.56331252374 -5
   vertex 4.46582160675 2.76024226775 -5
   vertex 4.04050526325 2.49736205177 -5
  endloop
 endfacet
 facet normal 0.854916897262 0.518764974507 -0
  outer loop
   vertex 4.46582160675 2.76024226775 -5
   vertex 4.46582160675 2.76024226775 5
   vertex 4.51050379191 2.68660669678 5
  endloop
 endfacet
 facet normal 0.854916897262 0.518764974507 0
  outer loop
   vertex 4.46582160675 2.76024226775 -5
   vertex 4.51050379191 2.68660669678 5
   vertex 4.51050379191 2.68660669678 -5
  endloop
 endfacet
 facet normal -0.854916897262 -0.518764974507 0
  outer loop
   vertex 4.04050526325 2.49736205177 -5
   vertex 4.0809320022 2.43073939232 -5
   vertex 4.0809320022 2.43073939232 5
  endloop
 endfacet
 facet normal -0.854916897262 -0.518764974507 0
  outer loop
   vertex 4.04050526325 2.49736205177 -5
   vertex 4.0809320022 2.43073939232 5
   vertex 4.04050526325 2.49736205177 5
  endloop
 endfacet
 facet normal -0 0 1
  outer loop
   vertex 4.04050526325 2.49736205177 5
   vertex 4.0809320022 2.43073939232 5
   vertex 4.51050379191 2.68660669678 5
  endloop
 endfacet
 facet normal 0 0 1
  outer loop
   vertex 4.04050526325 2.49736205177 5
   vertex 4.51050379191 2.68660669678 5
   vertex 4.46582160675 2.76024226775 5
  endloop
 endfacet
 facet normal 0 0 -1
  outer loop
   vertex 4.04050526325 2.49736205177 -5
   vertex 4.46582160675 2.76024226775 -5
   vertex 4.51050379191 2.68660669678 -5
  endloop
 endfacet
 facet normal 0 0 -1
  outer loop
   vertex 4.04050526325 2.49736205177 -5
   vertex 4.51050379191 2.68660669678 -5
   vertex 4.0809320022 2.43073939232 -5
  endloop
 endfacet
 facet normal 0.863312449031 0.504669808239 -0
  outer loop
   vertex 4.51050379191 2.68660669678 -5
   vertex 4.51050379191 2.68660669678 5
   vertex 4.55397193437 2.61224800143 5
  endloop
 endfacet
 facet normal 0.863312449031 0.504669808239 0
  outer loop
   vertex 4.51050379191 2.68660669678 -5
   vertex 4.55397193437 2.61224800143 5
   vertex 4.55397193437 2.61224800143 -5
  endloop
 endfacet
 facet normal -0.863312449031 -0.504669808239 0
  outer loop
   vertex 4.0809320022 2.43073939232 -5
   vertex 4.12026032157 2.36346247749 -5
   vertex 4.12026032157 2.36346247749 5
  endloop
 endfacet
 facet normal -0.863312449031 -0.504669808239 0
  outer loop
   vertex 4.0809320022 2.43073939232 -5
   vertex 4.12026032157 2.36346247749 5
   vertex 4.0809320022 2.43073939232 5
  endloop
 endfacet
 facet normal -0 0 1
  outer loop
   vertex 4.0809320022 2.43073939232 5
   vertex 4.12026032157 2.36346247749 5
   vertex 4.55397193437 2.61224800143 5
  endloop
 endfacet
 facet normal 0 0 1
  outer loop
   vertex 4.0809320022 2.43073939232 5
   vertex 4.55397193437 2.61224800143 5
   vertex 4.51050379191 2.68660669678 5
  endloop
 endfacet
 facet normal 0 0 -1
  outer loop
   vertex 4.0809320022 2.43073939232 -5
   vertex 4.51050379191 2.68660669678 -5
   vertex 4.55397193437 2.61224800143 -5
  endloop
 endfacet
 facet normal 0 0 -1
  outer loop
   vertex 4.0809320022 2.43073939232 -5
   vertex 4.55397193437 2.61224800143 -5
   vertex 4.12026032157 2.36346247749 -5
  endloop
 endfacet
 facet normal 0.871475632483 0.490438805549 -0
  outer loop
   vertex 4.55397193437 2.61224800143 -5
   vertex 4.55397193437 2.61224800143 5
   vertex 4.59621433429 2.53718619602 5
  endloop
 endfacet
 facet normal 0.871475632483 0.490438805549 0
  outer loop
   vertex 4.55397193437 2.61224800143 -5
   vertex 4.59621433429 2.53718619602 5
   vertex 4.59621433429 2.53718619602 -5
  endloop
 endfacet
 facet normal -0.871475632483 -0.490438805549 0
  outer loop
   vertex 4.12026032157 2.36346247749 -5
   vertex 4.15847963578 2.29554941545 -5
   vertex 4.15847963578 2.29554941545 5
  endloop
 endfacet
 facet normal -0.871475632483 -0.490438805549 0
  outer loop
   vertex 4.12026032157 2.36346247749 -5
   vertex 4.15847963578 2.29554941545 5
   vertex 4.12026032157 2.36346247749 5
  endloop
 endfacet
 facet normal -0 0 1
  outer loop
   vertex 4.12026032157 2.36346247749 5
   vertex 4.15847963578 2.29554941545 5
   vertex 4.59621433429 2.53718619602 5
  endloop
 endfacet
 facet normal 0 0 1
  outer loop
   vertex 4.12026032157 2.36346247749 5
   vertex 4.59621433429 2.53718619602 5
   vertex 4.55397193437 2.61224800143 5
  endloop
 endfacet
 facet normal 0 0 -1
  outer loop
   vertex 4.12026032157 2.36346247749 -5
   vertex 4.55397193437 2.61224800143 -5
   vertex 4.59621433429 2.53718619602 -5
  endloop
 endfacet
 facet normal 0 0 -1
  outer loop
   vertex 4.12026032157 2.36346247749 -5
   vertex 4.59621433429 2.53718619602 -5
   vertex 4.15847963578 2.29554941545 -5
  endloop
 endfacet
 facet normal 0.879404250424 0.47607579684 -0
  outer loop
   vertex 4.59621433429 2.53718619602 -5
   vertex 4.59621433429 2.53718619602 5
   vertex 4.63721962175 2.46144148411 5
  endloop
 endfacet
 facet normal 0.879404250424 0.47607579684 0
  outer loop
   vertex 4.59621433429 2.53718619602 -5
   vertex 4.63721962175 2.46144148411 5
   vertex 4.63721962175 2.46144148411 -5
  endloop
 endfacet
 facet normal -0.879404250424 -0.47607579684 0
  outer loop
   vertex 4.15847963578 2.29554941545 -5
   vertex 4.19557965777 2.22701848562 -5
   vertex 4.19557965777 2.22701848562 5
  endloop
 endfacet
 facet normal -0.879404250424 -0.47607579684 0
  outer loop
   vertex 4.15847963578 2.29554941545 -5
   vertex 4.19557965777 2.22701848562 5
   vertex 4.15847963578 2.29554941545 5
  endloop
 endfacet
 facet normal -0 0 1
  outer loop
   vertex 4.15847963578 2.29554941545 5
   vertex 4.19557965777 2.22701848562 5
   vertex 4.63721962175 2.46144148411 5
  endloop
 endfacet
 facet normal 0 0 1
  outer loop
   vertex 4.15847963578 2.29554941545 5
   vertex 4.63721962175 2.46144148411 5
   vertex 4.59621433429 2.53718619602 5
  endloop
 endfacet
 facet normal 0 0 -1
  outer loop
   vertex 4.15847963578 2.29554941545 -5
   vertex 4.59621433429 2.53718619602 -5
   vertex 4.63721962175 2.46144148411 -5
  endloop
 endfacet
 facet normal 0 0 -1
  outer loop
   vertex 4.15847963578 2.29554941545 -5
   vertex 4.63721962175 2.46144148411 -5
   vertex 4.19557965777 2.22701848562 -5
  endloop
 endfacet
 facet normal 0.887096168794 0.461584648045 -0
  outer loop
   vertex 4.63721962175 2.46144148411 -5
   vertex 4.63721962175 2.46144148411 5
   vertex 4.6769767598 2.38503425306 5
  endloop
 endfacet
 facet normal 0.887096168794 0.461584648045 0
  outer loop
   vertex 4.63721962175 2.46144148411 -5
   vertex 4.6769767598 2.38503425306 5
   vertex 4.6769767598 2.38503425306 -5
  endloop
 endfacet
 facet normal -0.887096168794 -0.461584648045 0
  outer loop
   vertex 4.19557965777 2.22701848562 -5
   vertex 4.23155040173 2.15788813372 -5
   vertex 4.23155040173 2.15788813372 5
  endloop
 endfacet
 facet normal -0.887096168794 -0.461584648045 0
  outer loop
   vertex 4.19557965777 2.22701848562 -5
   vertex 4.23155040173 2.15788813372 5
   vertex 4.19557965777 2.22701848562 5
  endloop
 endfacet
 facet normal -0 0 1
  outer loop
   vertex 4.19557965777 2.22701848562 5
   vertex 4.23155040173 2.15788813372 5
   vertex 4.6769767598 2.38503425306 5
  endloop
 endfacet
 facet normal 0 0 1
  outer loop
   vertex 4.19557965777 2.22701848562 5
   vertex 4.6769767598 2.38503425306 5
   vertex 4.63721962175 2.46144148411 5
  endloop
 endfacet
 facet normal 0 0 -1
  outer loop
   vertex 4.19557965777 2.22701848562 -5
   vertex 4.63721962175 2.46144148411 -5
   vertex 4.6769767598 2.38503425306 -5
  endloop
 endfacet
 facet normal 0 0 -1
  outer loop
   vertex 4.19557965777 2.22701848562 -5
   vertex 4.6769767598 2.38503425306 -5
   vertex 4.23155040173 2.15788813372 -5
  endloop
 endfacet
 facet normal 0.894549317246 0.446969259586 -0
  outer loop
   vertex 4.6769767598 2.38503425306 -5
   vertex 4.6769767598 2.38503425306 5
   vertex 4.71547504746 2.30798506858 5
  endloop
 endfacet
 facet normal 0.894549317246 0.446969259586 0
  outer loop
   vertex 4.6769767598 2.38503425306 -5
   vertex 4.71547504746 2.30798506858 5
   vertex 4.71547504746 2.30798506858 -5
  endloop
 endfacet
 facet normal -0.894549317246 -0.446969259586 0
  outer loop
   vertex 4.23155040173 2.15788813372 -5
   vertex 4.2663821858 2.08817696681 -5
   vertex 4.2663821858 2.08817696681 5
  endloop
 endfacet
 facet normal -0.894549317246 -0.446969259586 0
  outer loop
   vertex 4.23155040173 2.15788813372 -5
   vertex 4.2663821858 2.08817696681 5
   vertex 4.23155040173 2.15788813372 5
  endloop
 endfacet
 facet normal -0 0 1
  outer loop
   vertex 4.23155040173 2.15788813372 5
   vertex 4.2663821858 2.08817696681 5
   vertex 4.71547504746 2.30798506858 5
  endloop
 endfacet
 facet normal 0 0 1
  outer loop
   vertex 4.23155040173 2.15788813372 5
   vertex 4.71547504746 2.30798506858 5
   vertex 4.6769767598 2.38503425306 5
  endloop
 endfacet
 facet normal 0 0 -1
  outer loop
   vertex 4.23155040173 2.15788813372 -5
   vertex 4.6769767598 2.38503425306 -5
   vertex 4.71547504746 2.30798506858 -5
  endloop
 endfacet
 facet normal 0 0 -1
  outer loop
   vertex 4.23155040173 2.15788813372 -5
   vertex 4.71547504746 2.30798506858 -5
   vertex 4.2663821858 2.08817696681 -5
  endloop
 endfacet
 facet normal 0.901761689696 0.432233565328 -0
  outer loop
   vertex 4.71547504746 2.30798506858 -5
   vertex 4.71547504746 2.30798506858 5
   vertex 4.75270412256 2.23031466913 5
  endloop
 endfacet
 facet normal 0.901761689696 0.432233565328 0
  outer loop
   vertex 4.71547504746 2.30798506858 -5
   vertex 4.75270412256 2.23031466913 5
   vertex 4.75270412256 2.23031466913 -5
  endloop
 endfacet
 facet normal -0.901761689696 -0.432233565328 0
  outer loop
   vertex 4.2663821858 2.08817696681 -5
   vertex 4.3000656347 2.01790374826 -5
   vertex 4.3000656347 2.01790374826 5
  endloop
 endfacet
 facet normal -0.901761689696 -0.432233565328 0
  outer loop
   vertex 4.2663821858 2.08817696681 -5
   vertex 4.3000656347 2.01790374826 5
   vertex 4.2663821858 2.08817696681 5
  endloop
 endfacet
 facet normal -0 0 1
  outer loop
   vertex 4.2663821858 2.08817696681 5
   vertex 4.3000656347 2.01790374826 5
   vertex 4.75270412256 2.23031466913 5
  endloop
 endfacet
 facet normal 0 0 1
  outer loop
   vertex 4.2663821858 2.08817696681 5
   vertex 4.75270412256 2.23031466913 5
   vertex 4.71547504746 2.30798506858 5
  endloop
 endfacet
 facet normal 0 0 -1
  outer loop
   vertex 4.2663821858 2.08817696681 -5
   vertex 4.71547504746 2.30798506858 -5
   vertex 4.75270412256 2.23031466913 -5
  endloop
 endfacet
 facet normal 0 0 -1
  outer loop
   vertex 4.2663821858 2.08817696681 -5
   vertex 4.75270412256 2.23031466913 -5
   vertex 4.3000656347 2.01790374826 -5
  endloop
 endfacet
 facet normal 0.90873134487 0.417381531515 -0
  outer loop
   vertex 4.75270412256 2.23031466913 -5
   vertex 4.75270412256 2.23031466913 5
   vertex 4.78865396457 2.15204396042 5
  endloop
 endfacet
 facet normal 0.90873134487 0.417381531515 0
  outer loop
   vertex 4.75270412256 2.23031466913 -5
   vertex 4.78865396457 2.15204396042 5
   vertex 4.78865396457 2.15204396042 -5
  endloop
 endfacet
 facet normal -0.90873134487 -0.417381531515 0
  outer loop
   vertex 4.3000656347 2.01790374826 -5
   vertex 4.33259168223 1.94708739276 -5
   vertex 4.33259168223 1.94708739276 5
  endloop
 endfacet
 facet normal -0.90873134487 -0.417381531515 0
  outer loop
   vertex 4.3000656347 2.01790374826 -5
   vertex 4.33259168223 1.94708739276 5
   vertex 4.3000656347 2.01790374826 5
  endloop
 endfacet
 facet normal -0 0 1
  outer loop
   vertex 4.3000656347 2.01790374826 5
   vertex 4.33259168223 1.94708739276 5
   vertex 4.78865396457 2.15204396042 5
  endloop
 endfacet
 facet normal 0 0 1
  outer loop
   vertex 4.3000656347 2.01790374826 5
   vertex 4.78865396457 2.15204396042 5
   vertex 4.75270412256 2.23031466913 5
  endloop
 endfacet
 facet normal 0 0 -1
  outer loop
   vertex 4.3000656347 2.01790374826 -5
   vertex 4.75270412256 2.23031466913 -5
   vertex 4.78865396457 2.15204396042 -5
  endloop
 endfacet
 facet normal 0 0 -1
  outer loop
   vertex 4.3000656347 2.01790374826 -5
   vertex 4.78865396457 2.15204396042 -5
   vertex 4.33259168223 1.94708739276 -5
  endloop
 endfacet
 facet normal 0.915456406823 0.402417155706 -0
  outer loop
   vertex 4.78865396457 2.15204396042 -5
   vertex 4.78865396457 2.15204396042 5
   vertex 4.82331489726 2.07319400971 5
  endloop
 endfacet
 facet normal 0.915456406823 0.402417155706 0
  outer loop
   vertex 4.78865396457 2.15204396042 -5
   vertex 4.82331489726 2.07319400971 5
   vertex 4.82331489726 2.07319400971 -5
  endloop
 endfacet
 facet normal -0.915456406823 -0.402417155706 0
  outer loop
   vertex 4.33259168223 1.94708739276 -5
   vertex 4.36395157371 1.87574696116 -5
   vertex 4.36395157371 1.87574696116 5
  endloop
 endfacet
 facet normal -0.915456406823 -0.402417155706 0
  outer loop
   vertex 4.33259168223 1.94708739276 -5
   vertex 4.36395157371 1.87574696116 5
   vertex 4.33259168223 1.94708739276 5
  endloop
 endfacet
 facet normal -0 0 1
  outer loop
   vertex 4.33259168223 1.94708739276 5
   vertex 4.36395157371 1.87574696116 5
   vertex 4.82331489726 2.07319400971 5
  endloop
 endfacet
 facet normal 0 0 1
  outer loop
   vertex 4.33259168223 1.94708739276 5
   vertex 4.82331489726 2.07319400971 5
   vertex 4.78865396457 2.15204396042 5
  endloop
 endfacet
 facet normal 0 0 -1
  outer loop
   vertex 4.33259168223 1.94708739276 -5
   vertex 4.78865396457 2.15204396042 -5
   vertex 4.82331489726 2.07319400971 -5
  endloop
 endfacet
 facet normal 0 0 -1
  outer loop
   vertex 4.33259168223 1.94708739276 -5
   vertex 4.82331489726 2.07319400971 -5
   vertex 4.36395157371 1.87574696116 -5
  endloop
 endfacet
 facet normal 0.921935065443 0.387344465697 -0
  outer loop
   vertex 4.82331489726 2.07319400971 -5
   vertex 4.82331489726 2.07319400971 5
   vertex 4.85667759132 1.99378604016 5
  endloop
 endfacet
 facet normal 0.921935065443 0.387344465697 0
  outer loop
   vertex 4.82331489726 2.07319400971 -5
   vertex 4.85667759132 1.99378604016 5
   vertex 4.85667759132 1.99378604016 -5
  endloop
 endfacet
 facet normal -0.921935065443 -0.387344465697 0
  outer loop
   vertex 4.36395157371 1.87574696116 -5
   vertex 4.39413686834 1.80390165539 -5
   vertex 4.39413686834 1.80390165539 5
  endloop
 endfacet
 facet normal -0.921935065443 -0.387344465697 0
  outer loop
   vertex 4.36395157371 1.87574696116 -5
   vertex 4.39413686834 1.80390165539 5
   vertex 4.36395157371 1.87574696116 5
  endloop
 endfacet
 facet normal -0 0 1
  outer loop
   vertex 4.36395157371 1.87574696116 5
   vertex 4.39413686834 1.80390165539 5
   vertex 4.85667759132 1.99378604016 5
  endloop
 endfacet
 facet normal 0 0 1
  outer loop
   vertex 4.36395157371 1.87574696116 5
   vertex 4.85667759132 1.99378604016 5
   vertex 4.82331489726 2.07319400971 5
  endloop
 endfacet
 facet normal 0 0 -1
  outer loop
   vertex 4.36395157371 1.87574696116 -5
   vertex 4.82331489726 2.07319400971 -5
   vertex 4.85667759132 1.99378604016 -5
  endloop
 endfacet
 facet normal 0 0 -1
  outer loop
   vertex 4.36395157371 1.87574696116 -5
   vertex 4.85667759132 1.99378604016 -5
   vertex 4.39413686834 1.80390165539 -5
  endloop
 endfacet
 facet normal 0.928165576942 0.372167518438 -0
  outer loop
   vertex 4.85667759132 1.99378604016 -5
   vertex 4.85667759132 1.99378604016 5
   vertex 4.88873306689 1.91384142516 5
  endloop
 endfacet
 facet normal 0.928165576942 0.372167518438 0
  outer loop
   vertex 4.85667759132 1.99378604016 -5
   vertex 4.88873306689 1.91384142516 5
   vertex 4.88873306689 1.91384142516 -5
  endloop
 endfacet
 facet normal -0.928165576942 -0.372167518438 0
  outer loop
   vertex 4.39413686834 1.80390165539 -5
   vertex 4.42313944148 1.73157081324 -5
   vertex 4.42313944148 1.73157081324 5
  endloop
 endfacet
 facet normal -0.928165576942 -0.372167518438 0
  outer loop
   vertex 4.39413686834 1.80390165539 -5
   vertex 4.42313944148 1.73157081324 5
   vertex 4.39413686834 1.80390165539 5
  endloop
 endfacet
 facet normal -0 0 1
  outer loop
   vertex 4.39413686834 1.80390165539 5
   vertex 4.42313944148 1.73157081324 5
   vertex 4.88873306689 1.91384142516 5
  endloop
 endfacet
 facet normal 0 0 1
  outer loop
   vertex 4.39413686834 1.80390165539 5
   vertex 4.88873306689 1.91384142516 5
   vertex 4.85667759132 1.99378604016 5
  endloop
 endfacet
 facet normal 0 0 -1
  outer loop
   vertex 4.39413686834 1.80390165539 -5
   vertex 4.85667759132 1.99378604016 -5
   vertex 4.88873306689 1.91384142516 -5
  endloop
 endfacet
 facet normal 0 0 -1
  outer loop
   vertex 4.39413686834 1.80390165539 -5
   vertex 4.88873306689 1.91384142516 -5
   vertex 4.42313944148 1.73157081324 -5
  endloop
 endfacet
 facet normal 0.93414626432 0.356890398941 -0
  outer loop
   vertex 4.88873306689 1.91384142516 -5
   vertex 4.88873306689 1.91384142516 5
   vertex 4.91947269596 1.83338168251 5
  endloop
 endfacet
 facet normal 0.93414626432 0.356890398941 0
  outer loop
   vertex 4.88873306689 1.91384142516 -5
   vertex 4.91947269596 1.83338168251 5
   vertex 4.91947269596 1.83338168251 -5
  endloop
 endfacet
 facet normal -0.93414626432 -0.356890398941 0
  outer loop
   vertex 4.42313944148 1.73157081324 -5
   vertex 4.45095148682 1.65877390322 -5
   vertex 4.45095148682 1.65877390322 5
  endloop
 endfacet
 facet normal -0.93414626432 -0.356890398941 0
  outer loop
   vertex 4.42313944148 1.73157081324 -5
   vertex 4.45095148682 1.65877390322 5
   vertex 4.42313944148 1.73157081324 5
  endloop
 endfacet
 facet normal -0 0 1
  outer loop
   vertex 4.42313944148 1.73157081324 5
   vertex 4.45095148682 1.65877390322 5
   vertex 4.91947269596 1.83338168251 5
  endloop
 endfacet
 facet normal 0 0 1
  outer loop
   vertex 4.42313944148 1.73157081324 5
   vertex 4.91947269596 1.83338168251 5
   vertex 4.88873306689 1.91384142516 5
  endloop
 endfacet
 facet normal 0 0 -1
  outer loop
   vertex 4.42313944148 1.73157081324 -5
   vertex 4.88873306689 1.91384142516 -5
   vertex 4.91947269596 1.83338168251 -5
  endloop
 endfacet
 facet normal 0 0 -1
  outer loop
   vertex 4.42313944148 1.73157081324 -5
   vertex 4.91947269596 1.83338168251 -5
   vertex 4.45095148682 1.65877390322 -5
  endloop
 endfacet
 facet normal 0.939875517823 0.341517219181 -0
  outer loop
   vertex 4.91947269596 1.83338168251 -5
   vertex 4.91947269596 1.83338168251 5
   vertex 4.94888820466 1.75242846867 5
  endloop
 endfacet
 facet normal 0.939875517823 0.341517219181 0
  outer loop
   vertex 4.91947269596 1.83338168251 -5
   vertex 4.94888820466 1.75242846867 5
   vertex 4.94888820466 1.75242846867 -5
  endloop
 endfacet
 facet normal -0.939875517823 -0.341517219181 0
  outer loop
   vertex 4.45095148682 1.65877390322 -5
   vertex 4.4775655185 1.58553051927 -5
   vertex 4.4775655185 1.58553051927 5
  endloop
 endfacet
 facet normal -0.939875517823 -0.341517219181 0
  outer loop
   vertex 4.45095148682 1.65877390322 -5
   vertex 4.4775655185 1.58553051927 5
   vertex 4.45095148682 1.65877390322 5
  endloop
 endfacet
 facet normal -0 0 1
  outer loop
   vertex 4.45095148682 1.65877390322 5
   vertex 4.4775655185 1.58553051927 5
   vertex 4.94888820466 1.75242846867 5
  endloop
 endfacet
 facet normal 0 0 1
  outer loop
   vertex 4.45095148682 1.65877390322 5
   vertex 4.94888820466 1.75242846867 5
   vertex 4.91947269596 1.83338168251 5
  endloop
 endfacet
 facet normal 0 0 -1
  outer loop
   vertex 4.45095148682 1.65877390322 -5
   vertex 4.91947269596 1.83338168251 -5
   vertex 4.94888820466 1.75242846867 -5
  endloop
 endfacet
 facet normal 0 0 -1
  outer loop
   vertex 4.45095148682 1.65877390322 -5
   vertex 4.94888820466 1.75242846867 -5
   vertex 4.4775655185 1.58553051927 -5
  endloop
 endfacet
 facet normal 0.945351795369 0.326052116987 -0
  outer loop
   vertex 4.94888820466 1.75242846867 -5
   vertex 4.94888820466 1.75242846867 5
   vertex 4.97697167555 1.67100357294 5
  endloop
 endfacet
 facet normal 0.945351795369 0.326052116987 0
  outer loop
   vertex 4.94888820466 1.75242846867 -5
   vertex 4.97697167555 1.67100357294 5
   vertex 4.97697167555 1.67100357294 -5
  endloop
 endfacet
 facet normal -0.945351795369 -0.326052116987 0
  outer loop
   vertex 4.4775655185 1.58553051927 -5
   vertex 4.50297437312 1.51186037551 -5
   vertex 4.50297437312 1.51186037551 5
  endloop
 endfacet
 facet normal -0.945351795369 -0.326052116987 0
  outer loop
   vertex 4.4775655185 1.58553051927 -5
   vertex 4.50297437312 1.51186037551 5
   vertex 4.4775655185 1.58553051927 5
  endloop
 endfacet
 facet normal -0 0 1
  outer loop
   vertex 4.4775655185 1.58553051927 5
   vertex 4.50297437312 1.51186037551 5
   vertex 4.97697167555 1.67100357294 5
  endloop
 endfacet
 facet normal 0 0 1
  outer loop
   vertex 4.4775655185 1.58553051927 5
   vertex 4.97697167555 1.67100357294 5
   vertex 4.94888820466 1.75242846867 5
  endloop
 endfacet
 facet normal 0 0 -1
  outer loop
   vertex 4.4775655185 1.58553051927 -5
   vertex 4.94888820466 1.75242846867 -5
   vertex 4.97697167555 1.67100357294 -5
  endloop
 endfacet
 facet normal 0 0 -1
  outer loop
   vertex 4.4775655185 1.58553051927 -5
   vertex 4.97697167555 1.67100357294 -5
   vertex 4.50297437312 1.51186037551 -5
  endloop
 endfacet
 facet normal 0.950573622971 0.310499254931 -0
  outer loop
   vertex 4.97697167555 1.67100357294 -5
   vertex 4.97697167555 1.67100357294 5
   vertex 5.00371554972 1.58912891155 5
  endloop
 endfacet
 facet normal 0.950573622971 0.310499254931 0
  outer loop
   vertex 4.97697167555 1.67100357294 -5
   vertex 5.00371554972 1.58912891155 5
   vertex 5.00371554972 1.58912891155 -5
  endloop
 endfacet
 facet normal -0.950573622971 -0.310499254931 0
  outer loop
   vertex 4.50297437312 1.51186037551 -5
   vertex 4.52717121165 1.43778330093 -5
   vertex 4.52717121165 1.43778330093 5
  endloop
 endfacet
 facet normal -0.950573622971 -0.310499254931 0
  outer loop
   vertex 4.50297437312 1.51186037551 -5
   vertex 4.52717121165 1.43778330093 5
   vertex 4.50297437312 1.51186037551 5
  endloop
 endfacet
 facet normal -0 0 1
  outer loop
   vertex 4.50297437312 1.51186037551 5
   vertex 4.52717121165 1.43778330093 5
   vertex 5.00371554972 1.58912891155 5
  endloop
 endfacet
 facet normal 0 0 1
  outer loop
   vertex 4.50297437312 1.51186037551 5
   vertex 5.00371554972 1.58912891155 5
   vertex 4.97697167555 1.67100357294 5
  endloop
 endfacet
 facet normal 0 0 -1
  outer loop
   vertex 4.50297437312 1.51186037551 -5
   vertex 4.97697167555 1.67100357294 -5
   vertex 5.00371554972 1.58912891155 -5
  endloop
 endfacet
 facet normal 0 0 -1
  outer loop
   vertex 4.50297437312 1.51186037551 -5
   vertex 5.00371554972 1.58912891155 -5
   vertex 4.52717121165 1.43778330093 -5
  endloop
 endfacet
 facet normal 0.955539595124 0.294862819205 -0
  outer loop
   vertex 5.00371554972 1.58912891155 -5
   vertex 5.00371554972 1.58912891155 5
   vertex 5.0291126288 1.50682652181 5
  endloop
 endfacet
 facet normal 0.955539595124 0.294862819205 0
  outer loop
   vertex 5.00371554972 1.58912891155 -5
   vertex 5.0291126288 1.50682652181 5
   vertex 5.0291126288 1.50682652181 -5
  endloop
 endfacet
 facet normal -0.955539595124 -0.294862819205 0
  outer loop
   vertex 4.52717121165 1.43778330093 -5
   vertex 4.5501495213 1.36331923402 -5
   vertex 4.5501495213 1.36331923402 5
  endloop
 endfacet
 facet normal -0.955539595124 -0.294862819205 0
  outer loop
   vertex 4.52717121165 1.43778330093 -5
   vertex 4.5501495213 1.36331923402 5
   vertex 4.52717121165 1.43778330093 5
  endloop
 endfacet
 facet normal -0 0 1
  outer loop
   vertex 4.52717121165 1.43778330093 5
   vertex 4.5501495213 1.36331923402 5
   vertex 5.0291126288 1.50682652181 5
  endloop
 endfacet
 facet normal 0 0 1
  outer loop
   vertex 4.52717121165 1.43778330093 5
   vertex 5.0291126288 1.50682652181 5
   vertex 5.00371554972 1.58912891155 5
  endloop
 endfacet
 facet normal 0 0 -1
  outer loop
   vertex 4.52717121165 1.43778330093 -5
   vertex 5.00371554972 1.58912891155 -5
   vertex 5.0291126288 1.50682652181 -5
  endloop
 endfacet
 facet normal 0 0 -1
  outer loop
   vertex 4.52717121165 1.43778330093 -5
   vertex 5.0291126288 1.50682652181 -5
   vertex 4.5501495213 1.36331923402 -5
  endloop
 endfacet
 facet normal 0.960248375195 0.279147018498 -0
  outer loop
   vertex 5.0291126288 1.50682652181 -5
   vertex 5.0291126288 1.50682652181 5
   vertex 5.05315607695 1.42411855615 5
  endloop
 endfacet
 facet normal 0.960248375195 0.279147018498 0
  outer loop
   vertex 5.0291126288 1.50682652181 -5
   vertex 5.05315607695 1.42411855615 5
   vertex 5.05315607695 1.42411855615 -5
  endloop
 endfacet
 facet normal -0.960248375195 -0.279147018498 0
  outer loop
   vertex 4.5501495213 1.36331923402 -5
   vertex 4.57190311724 1.28848821747 -5
   vertex 4.57190311724 1.28848821747 5
  endloop
 endfacet
 facet normal -0.960248375195 -0.279147018498 0
  outer loop
   vertex 4.5501495213 1.36331923402 -5
   vertex 4.57190311724 1.28848821747 5
   vertex 4.5501495213 1.36331923402 5
  endloop
 endfacet
 facet normal -0 0 1
  outer loop
   vertex 4.5501495213 1.36331923402 5
   vertex 4.57190311724 1.28848821747 5
   vertex 5.05315607695 1.42411855615 5
  endloop
 endfacet
 facet normal 0 0 1
  outer loop
   vertex 4.5501495213 1.36331923402 5
   vertex 5.05315607695 1.42411855615 5
   vertex 5.0291126288 1.50682652181 5
  endloop
 endfacet
 facet normal 0 0 -1
  outer loop
   vertex 4.5501495213 1.36331923402 -5
   vertex 5.0291126288 1.50682652181 -5
   vertex 5.05315607695 1.42411855615 -5
  endloop
 endfacet
 facet normal 0 0 -1
  outer loop
   vertex 4.5501495213 1.36331923402 -5
   vertex 5.05315607695 1.42411855615 -5
   vertex 4.57190311724 1.28848821747 -5
  endloop
 endfacet
 facet normal 0.964698695771 0.263356082857 -0
  outer loop
   vertex 5.05315607695 1.42411855615 -5
   vertex 5.05315607695 1.42411855615 5
   vertex 5.07583942265 1.34102727617 5
  endloop
 endfacet
 facet normal 0.964698695771 0.263356082857 0
  outer loop
   vertex 5.05315607695 1.42411855615 -5
   vertex 5.07583942265 1.34102727617 5
   vertex 5.07583942265 1.34102727617 -5
  endloop
 endfacet
 facet normal -0.964698695771 -0.263356082857 0
  outer loop
   vertex 4.57190311724 1.28848821747 -5
   vertex 4.59242614431 1.21331039272 -5
   vertex 4.59242614431 1.21331039272 5
  endloop
 endfacet
 facet normal -0.964698695771 -0.263356082857 0
  outer loop
   vertex 4.57190311724 1.28848821747 -5
   vertex 4.59242614431 1.21331039272 5
   vertex 4.57190311724 1.28848821747 5
  endloop
 endfacet
 facet normal -0 0 1
  outer loop
   vertex 4.57190311724 1.28848821747 5
   vertex 4.59242614431 1.21331039272 5
   vertex 5.07583942265 1.34102727617 5
  endloop
 endfacet
 facet normal 0 0 1
  outer loop
   vertex 4.57190311724 1.28848821747 5
   vertex 5.07583942265 1.34102727617 5
   vertex 5.05315607695 1.42411855615 5
  endloop
 endfacet
 facet normal 0 0 -1
  outer loop
   vertex 4.57190311724 1.28848821747 -5
   vertex 5.05315607695 1.42411855615 -5
   vertex 5.07583942265 1.34102727617 -5
  endloop
 endfacet
 facet normal 0 0 -1
  outer loop
   vertex 4.57190311724 1.28848821747 -5
   vertex 5.07583942265 1.34102727617 -5
   vertex 4.59242614431 1.21331039272 -5
  endloop
 endfacet
 facet normal 0.968889359009 0.247494262557 -0
  outer loop
   vertex 5.07583942265 1.34102727617 -5
   vertex 5.07583942265 1.34102727617 5
   vertex 5.09715656049 1.25757504662 5
  endloop
 endfacet
 facet normal 0.968889359009 0.247494262557 0
  outer loop
   vertex 5.07583942265 1.34102727617 -5
   vertex 5.09715656049 1.25757504662 5
   vertex 5.09715656049 1.25757504662 -5
  endloop
 endfacet
 facet normal -0.968889359009 -0.247494262557 0
  outer loop
   vertex 4.59242614431 1.21331039272 -5
   vertex 4.61171307854 1.13780599456 -5
   vertex 4.61171307854 1.13780599456 5
  endloop
 endfacet
 facet normal -0.968889359009 -0.247494262557 0
  outer loop
   vertex 4.59242614431 1.21331039272 -5
   vertex 4.61171307854 1.13780599456 5
   vertex 4.59242614431 1.21331039272 5
  endloop
 endfacet
 facet normal -0 0 1
  outer loop
   vertex 4.59242614431 1.21331039272 5
   vertex 4.61171307854 1.13780599456 5
   vertex 5.09715656049 1.25757504662 5
  endloop
 endfacet
 facet normal 0 0 1
  outer loop
   vertex 4.59242614431 1.21331039272 5
   vertex 5.09715656049 1.25757504662 5
   vertex 5.07583942265 1.34102727617 5
  endloop
 endfacet
 facet normal 0 0 -1
  outer loop
   vertex 4.59242614431 1.21331039272 -5
   vertex 5.07583942265 1.34102727617 -5
   vertex 5.09715656049 1.25757504662 -5
  endloop
 endfacet
 facet normal 0 0 -1
  outer loop
   vertex 4.59242614431 1.21331039272 -5
   vertex 5.09715656049 1.25757504662 -5
   vertex 4.61171307854 1.13780599456 -5
  endloop
 endfacet
 facet normal 0.972819236955 0.231565826947 -0
  outer loop
   vertex 5.09715656049 1.25757504662 -5
   vertex 5.09715656049 1.25757504662 5
   vertex 5.11710175275 1.17378432942 5
  endloop
 endfacet
 facet normal 0.972819236955 0.231565826947 0
  outer loop
   vertex 5.09715656049 1.25757504662 -5
   vertex 5.11710175275 1.17378432942 5
   vertex 5.11710175275 1.17378432942 -5
  endloop
 endfacet
 facet normal -0.972819236955 -0.231565826947 0
  outer loop
   vertex 4.61171307854 1.13780599456 -5
   vertex 4.62975872868 1.06199534567 -5
   vertex 4.62975872868 1.06199534567 5
  endloop
 endfacet
 facet normal -0.972819236955 -0.231565826947 0
  outer loop
   vertex 4.61171307854 1.13780599456 -5
   vertex 4.62975872868 1.06199534567 5
   vertex 4.61171307854 1.13780599456 5
  endloop
 endfacet
 facet normal -0 0 1
  outer loop
   vertex 4.61171307854 1.13780599456 5
   vertex 4.62975872868 1.06199534567 5
   vertex 5.11710175275 1.17378432942 5
  endloop
 endfacet
 facet normal 0 0 1
  outer loop
   vertex 4.61171307854 1.13780599456 5
   vertex 5.11710175275 1.17378432942 5
   vertex 5.09715656049 1.25757504662 5
  endloop
 endfacet
 facet normal 0 0 -1
  outer loop
   vertex 4.61171307854 1.13780599456 -5
   vertex 5.09715656049 1.25757504662 -5
   vertex 5.11710175275 1.17378432942 -5
  endloop
 endfacet
 facet normal 0 0 -1
  outer loop
   vertex 4.61171307854 1.13780599456 -5
   vertex 5.11710175275 1.17378432942 -5
   vertex 4.62975872868 1.06199534567 -5
  endloop
 endfacet
 facet normal 0.976487271847 0.215575063311 -0
  outer loop
   vertex 5.11710175275 1.17378432942 -5
   vertex 5.11710175275 1.17378432942 5
   vertex 5.13566963101 1.08967767761 5
  endloop
 endfacet
 facet normal 0.976487271847 0.215575063311 0
  outer loop
   vertex 5.11710175275 1.17378432942 -5
   vertex 5.13566963101 1.08967767761 5
   vertex 5.13566963101 1.08967767761 -5
  endloop
 endfacet
 facet normal -0.976487271847 -0.215575063311 0
  outer loop
   vertex 4.62975872868 1.06199534567 -5
   vertex 4.64655823758 0.985898851168 -5
   vertex 4.64655823758 0.985898851168 5
  endloop
 endfacet
 facet normal -0.976487271847 -0.215575063311 0
  outer loop
   vertex 4.62975872868 1.06199534567 -5
   vertex 4.64655823758 0.985898851168 5
   vertex 4.62975872868 1.06199534567 5
  endloop
 endfacet
 facet normal -0 0 1
  outer loop
   vertex 4.62975872868 1.06199534567 5
   vertex 4.64655823758 0.985898851168 5
   vertex 5.13566963101 1.08967767761 5
  endloop
 endfacet
 facet normal 0 0 1
  outer loop
   vertex 4.62975872868 1.06199534567 5
   vertex 5.13566963101 1.08967767761 5
   vertex 5.11710175275 1.17378432942 5
  endloop
 endfacet
 facet normal 0 0 -1
  outer loop
   vertex 4.62975872868 1.06199534567 -5
   vertex 5.11710175275 1.17378432942 -5
   vertex 5.13566963101 1.08967767761 -5
  endloop
 endfacet
 facet normal 0 0 -1
  outer loop
   vertex 4.62975872868 1.06199534567 -5
   vertex 5.13566963101 1.08967767761 -5
   vertex 4.64655823758 0.985898851168 -5
  endloop
 endfacet
 facet normal 0.979892476399 0.199526275706 -0
  outer loop
   vertex 5.13566963101 1.08967767761 -5
   vertex 5.13566963101 1.08967767761 5
   vertex 5.15285519757 1.00527772924 5
  endloop
 endfacet
 facet normal 0.979892476399 0.199526275706 0
  outer loop
   vertex 5.13566963101 1.08967767761 -5
   vertex 5.15285519757 1.00527772924 5
   vertex 5.15285519757 1.00527772924 -5
  endloop
 endfacet
 facet normal -0.979892476399 -0.199526275706 0
  outer loop
   vertex 4.64655823758 0.985898851168 -5
   vertex 4.66210708351 0.909536993119 -5
   vertex 4.66210708351 0.909536993119 5
  endloop
 endfacet
 facet normal -0.979892476399 -0.199526275706 0
  outer loop
   vertex 4.64655823758 0.985898851168 -5
   vertex 4.66210708351 0.909536993119 5
   vertex 4.64655823758 0.985898851168 5
  endloop
 endfacet
 facet normal -0 0 1
  outer loop
   vertex 4.64655823758 0.985898851168 5
   vertex 4.66210708351 0.909536993119 5
   vertex 5.15285519757 1.00527772924 5
  endloop
 endfacet
 facet normal 0 0 1
  outer loop
   vertex 4.64655823758 0.985898851168 5
   vertex 5.15285519757 1.00527772924 5
   vertex 5.13566963101 1.08967767761 5
  endloop
 endfacet
 facet normal 0 0 -1
  outer loop
   vertex 4.64655823758 0.985898851168 -5
   vertex 5.13566963101 1.08967767761 -5
   vertex 5.15285519757 1.00527772924 -5
  endloop
 endfacet
 facet normal 0 0 -1
  outer loop
   vertex 4.64655823758 0.985898851168 -5
   vertex 5.15285519757 1.00527772924 -5
   vertex 4.66210708351 0.909536993119 -5
  endloop
 endfacet
 facet normal 0.98303393407 0.183423783808 -0
  outer loop
   vertex 5.15285519757 1.00527772924 -5
   vertex 5.15285519757 1.00527772924 5
   vertex 5.16865382676 0.920607201318 5
  endloop
 endfacet
 facet normal 0.98303393407 0.183423783808 0
  outer loop
   vertex 5.15285519757 1.00527772924 -5
   vertex 5.16865382676 0.920607201318 5
   vertex 5.16865382676 0.920607201318 -5
  endloop
 endfacet
 facet normal -0.98303393407 -0.183423783808 0
  outer loop
   vertex 4.66210708351 0.909536993119 -5
   vertex 4.67640108135 0.832930325002 -5
   vertex 4.67640108135 0.832930325002 5
  endloop
 endfacet
 facet normal -0.98303393407 -0.183423783808 0
  outer loop
   vertex 4.66210708351 0.909536993119 -5
   vertex 4.67640108135 0.832930325002 5
   vertex 4.66210708351 0.909536993119 5
  endloop
 endfacet
 facet normal -0 0 1
  outer loop
   vertex 4.66210708351 0.909536993119 5
   vertex 4.67640108135 0.832930325002 5
   vertex 5.16865382676 0.920607201318 5
  endloop
 endfacet
 facet normal 0 0 1
  outer loop
   vertex 4.66210708351 0.909536993119 5
   vertex 5.16865382676 0.920607201318 5
   vertex 5.15285519757 1.00527772924 5
  endloop
 endfacet
 facet normal 0 0 -1
  outer loop
   vertex 4.66210708351 0.909536993119 -5
   vertex 5.15285519757 1.00527772924 -5
   vertex 5.16865382676 0.920607201318 -5
  endloop
 endfacet
 facet normal 0 0 -1
  outer loop
   vertex 4.66210708351 0.909536993119 -5
   vertex 5.16865382676 0.920607201318 -5
   vertex 4.67640108135 0.832930325002 -5
  endloop
 endfacet
 facet normal 0.985910799309 0.167271921747 -0
  outer loop
   vertex 5.16865382676 0.920607201318 -5
   vertex 5.16865382676 0.920607201318 5
   vertex 5.18306126625 0.835688883684 5
  endloop
 endfacet
 facet normal 0.985910799309 0.167271921747 0
  outer loop
   vertex 5.16865382676 0.920607201318 -5
   vertex 5.18306126625 0.835688883684 5
   vertex 5.18306126625 0.835688883684 -5
  endloop
 endfacet
 facet normal -0.985910799309 -0.167271921747 0
  outer loop
   vertex 4.67640108135 0.832930325002 -5
   vertex 4.68943638375 0.75609946619 -5
   vertex 4.68943638375 0.75609946619 5
  endloop
 endfacet
 facet normal -0.985910799309 -0.167271921747 0
  outer loop
   vertex 4.67640108135 0.832930325002 -5
   vertex 4.68943638375 0.75609946619 5
   vertex 4.67640108135 0.832930325002 5
  endloop
 endfacet
 facet normal -0 0 1
  outer loop
   vertex 4.67640108135 0.832930325002 5
   vertex 4.68943638375 0.75609946619 5
   vertex 5.18306126625 0.835688883684 5
  endloop
 endfacet
 facet normal 0 0 1
  outer loop
   vertex 4.67640108135 0.832930325002 5
   vertex 5.18306126625 0.835688883684 5
   vertex 5.16865382676 0.920607201318 5
  endloop
 endfacet
 facet normal 0 0 -1
  outer loop
   vertex 4.67640108135 0.832930325002 -5
   vertex 5.16865382676 0.920607201318 -5
   vertex 5.18306126625 0.835688883684 -5
  endloop
 endfacet
 facet normal 0 0 -1
  outer loop
   vertex 4.67640108135 0.832930325002 -5
   vertex 5.18306126625 0.835688883684 -5
   vertex 4.68943638375 0.75609946619 -5
  endloop
 endfacet
 facet normal 0.988522297782 0.151075036943 -0
  outer loop
   vertex 5.18306126625 0.835688883684 -5
   vertex 5.18306126625 0.835688883684 5
   vertex 5.19607363814 0.750545632864 5
  endloop
 endfacet
 facet normal 0.988522297782 0.151075036943 0
  outer loop
   vertex 5.18306126625 0.835688883684 -5
   vertex 5.19607363814 0.750545632864 5
   vertex 5.19607363814 0.750545632864 -5
  endloop
 endfacet
 facet normal -0.988522297782 -0.151075036943 0
  outer loop
   vertex 4.68943638375 0.75609946619 -5
   vertex 4.70120948213 0.6790650964 -5
   vertex 4.70120948213 0.6790650964 5
  endloop
 endfacet
 facet normal -0.988522297782 -0.151075036943 0
  outer loop
   vertex 4.68943638375 0.75609946619 -5
   vertex 4.70120948213 0.6790650964 5
   vertex 4.68943638375 0.75609946619 5
  endloop
 endfacet
 facet normal 0 0 1
  outer loop
   vertex 4.68943638375 0.75609946619 5
   vertex 4.70120948213 0.6790650964 5
   vertex 5.19607363814 0.750545632864 5
  endloop
 endfacet
 facet normal -0 0 1
  outer loop
   vertex 4.68943638375 0.75609946619 5
   vertex 5.19607363814 0.750545632864 5
   vertex 5.18306126625 0.835688883684 5
  endloop
 endfacet
 facet normal 0 0 -1
  outer loop
   vertex 4.68943638375 0.75609946619 -5
   vertex 5.18306126625 0.835688883684 -5
   vertex 5.19607363814 0.750545632864 -5
  endloop
 endfacet
 facet normal 0 0 -1
  outer loop
   vertex 4.68943638375 0.75609946619 -5
   vertex 5.19607363814 0.750545632864 -5
   vertex 4.70120948213 0.6790650964 -5
  endloop
 endfacet
 facet normal 0.99086772658 0.134837488933 -0
  outer loop
   vertex 5.19607363814 0.750545632864 -5
   vertex 5.19607363814 0.750545632864 5
   vertex 5.20768744004 0.66520036593 5
  endloop
 endfacet
 facet normal 0.99086772658 0.134837488933 0
  outer loop
   vertex 5.19607363814 0.750545632864 -5
   vertex 5.20768744004 0.66520036593 5
   vertex 5.20768744004 0.66520036593 -5
  endloop
 endfacet
 facet normal -0.99086772658 -0.134837488933 0
  outer loop
   vertex 4.70120948213 0.6790650964 -5
   vertex 4.71171720766 0.601847950127 -5
   vertex 4.71171720766 0.601847950127 5
  endloop
 endfacet
 facet normal -0.99086772658 -0.134837488933 0
  outer loop
   vertex 4.70120948213 0.6790650964 -5
   vertex 4.71171720766 0.601847950127 5
   vertex 4.70120948213 0.6790650964 5
  endloop
 endfacet
 facet normal 0 0 1
  outer loop
   vertex 4.70120948213 0.6790650964 5
   vertex 4.71171720766 0.601847950127 5
   vertex 5.20768744004 0.66520036593 5
  endloop
 endfacet
 facet normal -0 0 1
  outer loop
   vertex 4.70120948213 0.6790650964 5
   vertex 5.20768744004 0.66520036593 5
   vertex 5.19607363814 0.750545632864 5
  endloop
 endfacet
 facet normal 0 0 -1
  outer loop
   vertex 4.70120948213 0.6790650964 -5
   vertex 5.19607363814 0.750545632864 -5
   vertex 5.20768744004 0.66520036593 -5
  endloop
 endfacet
 facet normal 0 0 -1
  outer loop
   vertex 4.70120948213 0.6790650964 -5
   vertex 5.20768744004 0.66520036593 -5
   vertex 4.71171720766 0.601847950127 -5
  endloop
 endfacet
 facet normal 0.99294645441 0.118563648199 -0
  outer loop
   vertex 5.20768744004 0.66520036593 -5
   vertex 5.20768744004 0.66520036593 5
   vertex 5.21789954599 0.579676054331 5
  endloop
 endfacet
 facet normal 0.99294645441 0.118563648199 0
  outer loop
   vertex 5.20768744004 0.66520036593 -5
   vertex 5.21789954599 0.579676054331 5
   vertex 5.21789954599 0.579676054331 -5
  endloop
 endfacet
 facet normal -0.99294645441 -0.118563648199 0
  outer loop
   vertex 4.71171720766 0.601847950127 -5
   vertex 4.72095673209 0.524468811061 -5
   vertex 4.72095673209 0.524468811061 5
  endloop
 endfacet
 facet normal -0.99294645441 -0.118563648199 0
  outer loop
   vertex 4.71171720766 0.601847950127 -5
   vertex 4.72095673209 0.524468811061 5
   vertex 4.71171720766 0.601847950127 5
  endloop
 endfacet
 facet normal 0 0 1
  outer loop
   vertex 4.71171720766 0.601847950127 5
   vertex 4.72095673209 0.524468811061 5
   vertex 5.21789954599 0.579676054331 5
  endloop
 endfacet
 facet normal -0 0 1
  outer loop
   vertex 4.71171720766 0.601847950127 5
   vertex 5.21789954599 0.579676054331 5
   vertex 5.20768744004 0.66520036593 5
  endloop
 endfacet
 facet normal 0 0 -1
  outer loop
   vertex 4.71171720766 0.601847950127 -5
   vertex 5.20768744004 0.66520036593 -5
   vertex 5.21789954599 0.579676054331 -5
  endloop
 endfacet
 facet normal 0 0 -1
  outer loop
   vertex 4.71171720766 0.601847950127 -5
   vertex 5.21789954599 0.579676054331 -5
   vertex 4.72095673209 0.524468811061 -5
  endloop
 endfacet
 facet normal 0.994757921764 0.102257894991 -0
  outer loop
   vertex 5.21789954599 0.579676054331 -5
   vertex 5.21789954599 0.579676054331 5
   vertex 5.2267072073 0.493995717703 5
  endloop
 endfacet
 facet normal 0.994757921764 0.102257894991 0
  outer loop
   vertex 5.21789954599 0.579676054331 -5
   vertex 5.2267072073 0.493995717703 5
   vertex 5.2267072073 0.493995717703 -5
  endloop
 endfacet
 facet normal -0.994757921764 -0.102257894991 0
  outer loop
   vertex 4.72095673209 0.524468811061 -5
   vertex 4.72892556851 0.446948506493 -5
   vertex 4.72892556851 0.446948506493 5
  endloop
 endfacet
 facet normal -0.994757921764 -0.102257894991 0
  outer loop
   vertex 4.72095673209 0.524468811061 -5
   vertex 4.72892556851 0.446948506493 5
   vertex 4.72095673209 0.524468811061 5
  endloop
 endfacet
 facet normal 0 0 1
  outer loop
   vertex 4.72095673209 0.524468811061 5
   vertex 4.72892556851 0.446948506493 5
   vertex 5.2267072073 0.493995717703 5
  endloop
 endfacet
 facet normal -0 0 1
  outer loop
   vertex 4.72095673209 0.524468811061 5
   vertex 5.2267072073 0.493995717703 5
   vertex 5.21789954599 0.579676054331 5
  endloop
 endfacet
 facet normal 0 0 -1
  outer loop
   vertex 4.72095673209 0.524468811061 -5
   vertex 5.21789954599 0.579676054331 -5
   vertex 5.2267072073 0.493995717703 -5
  endloop
 endfacet
 facet normal 0 0 -1
  outer loop
   vertex 4.72095673209 0.524468811061 -5
   vertex 5.2267072073 0.493995717703 -5
   vertex 4.72892556851 0.446948506493 -5
  endloop
 endfacet
 facet normal 0.996301641068 0.0859246181511 -0
  outer loop
   vertex 5.2267072073 0.493995717703 -5
   vertex 5.2267072073 0.493995717703 5
   vertex 5.23410805333 0.408182417681 5
  endloop
 endfacet
 facet normal 0.996301641068 0.0859246181511 0
  outer loop
   vertex 5.2267072073 0.493995717703 -5
   vertex 5.23410805333 0.408182417681 5
   vertex 5.23410805333 0.408182417681 -5
  endloop
 endfacet
 facet normal -0.996301641068 -0.0859246181512 0
  outer loop
   vertex 4.72892556851 0.446948506493 -5
   vertex 4.73562157206 0.369307901712 -5
   vertex 4.73562157206 0.369307901712 5
  endloop
 endfacet
 facet normal -0.996301641068 -0.0859246181512 0
  outer loop
   vertex 4.72892556851 0.446948506493 -5
   vertex 4.73562157206 0.369307901712 5
   vertex 4.72892556851 0.446948506493 5
  endloop
 endfacet
 facet normal 0 0 1
  outer loop
   vertex 4.72892556851 0.446948506493 5
   vertex 4.73562157206 0.369307901712 5
   vertex 5.23410805333 0.408182417681 5
  endloop
 endfacet
 facet normal -0 0 1
  outer loop
   vertex 4.72892556851 0.446948506493 5
   vertex 5.23410805333 0.408182417681 5
   vertex 5.2267072073 0.493995717703 5
  endloop
 endfacet
 facet normal 0 0 -1
  outer loop
   vertex 4.72892556851 0.446948506493 -5
   vertex 5.2267072073 0.493995717703 -5
   vertex 5.23410805333 0.408182417681 -5
  endloop
 endfacet
 facet normal 0 0 -1
  outer loop
   vertex 4.72892556851 0.446948506493 -5
   vertex 5.23410805333 0.408182417681 -5
   vertex 4.73562157206 0.369307901712 -5
  endloop
 endfacet
 facet normal 0.997577196818 0.0695682139265 -0
  outer loop
   vertex 5.23410805333 0.408182417681 -5
   vertex 5.23410805333 0.408182417681 5
   vertex 5.24010009205 0.322259251687 5
  endloop
 endfacet
 facet normal 0.997577196818 0.0695682139265 0
  outer loop
   vertex 5.23410805333 0.408182417681 -5
   vertex 5.24010009205 0.322259251687 5
   vertex 5.24010009205 0.322259251687 -5
  endloop
 endfacet
 facet normal -0.997577196818 -0.0695682139265 0
  outer loop
   vertex 4.73562157206 0.369307901712 -5
   vertex 4.74104294043 0.291567894384 -5
   vertex 4.74104294043 0.291567894384 5
  endloop
 endfacet
 facet normal -0.997577196818 -0.0695682139265 0
  outer loop
   vertex 4.73562157206 0.369307901712 -5
   vertex 4.74104294043 0.291567894384 5
   vertex 4.73562157206 0.369307901712 5
  endloop
 endfacet
 facet normal 0 0 1
  outer loop
   vertex 4.73562157206 0.369307901712 5
   vertex 4.74104294043 0.291567894384 5
   vertex 5.24010009205 0.322259251687 5
  endloop
 endfacet
 facet normal -0 0 1
  outer loop
   vertex 4.73562157206 0.369307901712 5
   vertex 5.24010009205 0.322259251687 5
   vertex 5.23410805333 0.408182417681 5
  endloop
 endfacet
 facet normal 0 0 -1
  outer loop
   vertex 4.73562157206 0.369307901712 -5
   vertex 5.23410805333 0.408182417681 -5
   vertex 5.24010009205 0.322259251687 -5
  endloop
 endfacet
 facet normal 0 0 -1
  outer loop
   vertex 4.73562157206 0.369307901712 -5
   vertex 5.24010009205 0.322259251687 -5
   vertex 4.74104294043 0.291567894384 -5
  endloop
 endfacet
 facet normal 0.998584245685 0.0531930847907 -0
  outer loop
   vertex 5.24010009205 0.322259251687 -5
   vertex 5.24010009205 0.322259251687 5
   vertex 5.24468171066 0.236249346715 5
  endloop
 endfacet
 facet normal 0.998584245685 0.0531930847907 0
  outer loop
   vertex 5.24010009205 0.322259251687 -5
   vertex 5.24468171066 0.236249346715 5
   vertex 5.24468171066 0.236249346715 -5
  endloop
 endfacet
 facet normal -0.998584245685 -0.0531930847907 0
  outer loop
   vertex 4.74104294043 0.291567894384 -5
   vertex 4.74518821441 0.213749408933 -5
   vertex 4.74518821441 0.213749408933 5
  endloop
 endfacet
 facet normal -0.998584245685 -0.0531930847907 0
  outer loop
   vertex 4.74104294043 0.291567894384 -5
   vertex 4.74518821441 0.213749408933 5
   vertex 4.74104294043 0.291567894384 5
  endloop
 endfacet
 facet normal 0 0 1
  outer loop
   vertex 4.74104294043 0.291567894384 5
   vertex 4.74518821441 0.213749408933 5
   vertex 5.24468171066 0.236249346715 5
  endloop
 endfacet
 facet normal -0 0 1
  outer loop
   vertex 4.74104294043 0.291567894384 5
   vertex 5.24468171066 0.236249346715 5
   vertex 5.24010009205 0.322259251687 5
  endloop
 endfacet
 facet normal 0 0 -1
  outer loop
   vertex 4.74104294043 0.291567894384 -5
   vertex 5.24010009205 0.322259251687 -5
   vertex 5.24468171066 0.236249346715 -5
  endloop
 endfacet
 facet normal 0 0 -1
  outer loop
   vertex 4.74104294043 0.291567894384 -5
   vertex 5.24468171066 0.236249346715 -5
   vertex 4.74518821441 0.213749408933 -5
  endloop
 endfacet
 facet normal 0.999322516614 0.0368036382575 -0
  outer loop
   vertex 5.24468171066 0.236249346715 -5
   vertex 5.24468171066 0.236249346715 5
   vertex 5.24785167599 0.150175853104 5
  endloop
 endfacet
 facet normal 0.999322516614 0.0368036382575 0
  outer loop
   vertex 5.24468171066 0.236249346715 -5
   vertex 5.24785167599 0.150175853104 5
   vertex 5.24785167599 0.150175853104 -5
  endloop
 endfacet
 facet normal -0.999322516614 -0.0368036382574 0
  outer loop
   vertex 4.74518821441 0.213749408933 -5
   vertex 4.74805627827 0.135873390904 -5
   vertex 4.74805627827 0.135873390904 5
  endloop
 endfacet
 facet normal -0.999322516614 -0.0368036382574 0
  outer loop
   vertex 4.74518821441 0.213749408933 -5
   vertex 4.74805627827 0.135873390904 5
   vertex 4.74518821441 0.213749408933 5
  endloop
 endfacet
 facet normal 0 0 1
  outer loop
   vertex 4.74518821441 0.213749408933 5
   vertex 4.74805627827 0.135873390904 5
   vertex 5.24785167599 0.150175853104 5
  endloop
 endfacet
 facet normal -0 0 1
  outer loop
   vertex 4.74518821441 0.213749408933 5
   vertex 5.24785167599 0.150175853104 5
   vertex 5.24468171066 0.236249346715 5
  endloop
 endfacet
 facet normal 0 0 -1
  outer loop
   vertex 4.74518821441 0.213749408933 -5
   vertex 5.24468171066 0.236249346715 -5
   vertex 5.24785167599 0.150175853104 -5
  endloop
 endfacet
 facet normal 0 0 -1
  outer loop
   vertex 4.74518821441 0.213749408933 -5
   vertex 5.24785167599 0.150175853104 -5
   vertex 4.74805627827 0.135873390904 -5
  endloop
 endfacet
 facet normal 0.999791810891 0.0204042856936 -0
  outer loop
   vertex 5.24785167599 0.150175853104 -5
   vertex 5.24785167599 0.150175853104 5
   vertex 5.24960913479 0.0640619383111 5
  endloop
 endfacet
 facet normal 0.999791810891 0.0204042856936 0
  outer loop
   vertex 5.24785167599 0.150175853104 -5
   vertex 5.24960913479 0.0640619383111 5
   vertex 5.24960913479 0.0640619383111 -5
  endloop
 endfacet
 facet normal -0.999791810891 -0.0204042856936 0
  outer loop
   vertex 4.74805627827 0.135873390904 -5
   vertex 4.74964636005 0.0579608013291 -5
   vertex 4.74964636005 0.0579608013291 5
  endloop
 endfacet
 facet normal -0.999791810891 -0.0204042856936 0
  outer loop
   vertex 4.74805627827 0.135873390904 -5
   vertex 4.74964636005 0.0579608013291 5
   vertex 4.74805627827 0.135873390904 5
  endloop
 endfacet
 facet normal 0 0 1
  outer loop
   vertex 4.74805627827 0.135873390904 5
   vertex 4.74964636005 0.0579608013291 5
   vertex 5.24960913479 0.0640619383111 5
  endloop
 endfacet
 facet normal -0 0 1
  outer loop
   vertex 4.74805627827 0.135873390904 5
   vertex 5.24960913479 0.0640619383111 5
   vertex 5.24785167599 0.150175853104 5
  endloop
 endfacet
 facet normal 0 0 -1
  outer loop
   vertex 4.74805627827 0.135873390904 -5
   vertex 5.24785167599 0.150175853104 -5
   vertex 5.24960913479 0.0640619383111 -5
  endloop
 endfacet
 facet normal 0 0 -1
  outer loop
   vertex 4.74805627827 0.135873390904 -5
   vertex 5.24960913479 0.0640619383111 -5
   vertex 4.74964636005 0.0579608013291 -5
  endloop
 endfacet
 facet normal 0.999992002203 0.00399944113262 -0
  outer loop
   vertex 5.24960913479 0.0640619383111 -5
   vertex 5.24960913479 0.0640619383111 5
   vertex 5.24995361404 -0.0220692193296 5
  endloop
 endfacet
 facet normal 0.999992002203 0.00399944113262 0
  outer loop
   vertex 5.24960913479 0.0640619383111 -5
   vertex 5.24995361404 -0.0220692193296 5
   vertex 5.24995361404 -0.0220692193296 -5
  endloop
 endfacet
 facet normal -0.999992002203 -0.00399944113262 0
  outer loop
   vertex 4.74964636005 0.0579608013291 -5
   vertex 4.74995803175 -0.0199673889173 -5
   vertex 4.74995803175 -0.0199673889173 5
  endloop
 endfacet
 facet normal -0.999992002203 -0.00399944113262 0
  outer loop
   vertex 4.74964636005 0.0579608013291 -5
   vertex 4.74995803175 -0.0199673889173 5
   vertex 4.74964636005 0.0579608013291 5
  endloop
 endfacet
 facet normal 0 0 1
  outer loop
   vertex 4.74964636005 0.0579608013291 5
   vertex 4.74995803175 -0.0199673889173 5
   vertex 5.24995361404 -0.0220692193296 5
  endloop
 endfacet
 facet normal -0 0 1
  outer loop
   vertex 4.74964636005 0.0579608013291 5
   vertex 5.24995361404 -0.0220692193296 5
   vertex 5.24960913479 0.0640619383111 5
  endloop
 endfacet
 facet normal 0 0 -1
  outer loop
   vertex 4.74964636005 0.0579608013291 -5
   vertex 5.24960913479 0.0640619383111 -5
   vertex 5.24995361404 -0.0220692193296 -5
  endloop
 endfacet
 facet normal 0 0 -1
  outer loop
   vertex 4.74964636005 0.0579608013291 -5
   vertex 5.24995361404 -0.0220692193296 -5
   vertex 4.74995803175 -0.0199673889173 -5
  endloop
 endfacet
 facet normal 0.999923036666 -0.012406479914 0
  outer loop
   vertex 5.24995361404 -0.0220692193296 -5
   vertex 5.24995361404 -0.0220692193296 5
   vertex 5.24888502102 -0.108194436841 5
  endloop
 endfacet
 facet normal 0.999923036666 -0.012406479914 0
  outer loop
   vertex 5.24995361404 -0.0220692193296 -5
   vertex 5.24888502102 -0.108194436841 5
   vertex 5.24888502102 -0.108194436841 -5
  endloop
 endfacet
 facet normal -0.999923036666 0.012406479914 0
  outer loop
   vertex 4.74995803175 -0.0199673889173 -5
   vertex 4.74899120949 -0.0978902047611 -5
   vertex 4.74899120949 -0.0978902047611 5
  endloop
 endfacet
 facet normal -0.999923036666 0.012406479914 0
  outer loop
   vertex 4.74995803175 -0.0199673889173 -5
   vertex 4.74899120949 -0.0978902047611 5
   vertex 4.74995803175 -0.0199673889173 5
  endloop
 endfacet
 facet normal 0 0 1
  outer loop
   vertex 4.74995803175 -0.0199673889173 5
   vertex 4.74899120949 -0.0978902047611 5
   vertex 5.24888502102 -0.108194436841 5
  endloop
 endfacet
 facet normal 0 0 1
  outer loop
   vertex 4.74995803175 -0.0199673889173 5
   vertex 5.24888502102 -0.108194436841 5
   vertex 5.24995361404 -0.0220692193296 5
  endloop
 endfacet
 facet normal 0 0 -1
  outer loop
   vertex 4.74995803175 -0.0199673889173 -5
   vertex 5.24995361404 -0.0220692193296 -5
   vertex 5.24888502102 -0.108194436841 -5
  endloop
 endfacet
 facet normal 0 -0 -1
  outer loop
   vertex 4.74995803175 -0.0199673889173 -5
   vertex 5.24888502102 -0.108194436841 -5
   vertex 4.74899120949 -0.0978902047611 -5
  endloop
 endfacet
 facet normal 0.999584932843 -0.0288090616448 0
  outer loop
   vertex 5.24888502102 -0.108194436841 -5
   vertex 5.24888502102 -0.108194436841 5
   vertex 5.24640364334 -0.194290532846 5
  endloop
 endfacet
 facet normal 0.999584932843 -0.0288090616448 0
  outer loop
   vertex 5.24888502102 -0.108194436841 -5
   vertex 5.24640364334 -0.194290532846 5
   vertex 5.24640364334 -0.194290532846 -5
  endloop
 endfacet
 facet normal -0.999584932843 0.0288090616448 0
  outer loop
   vertex 4.74899120949 -0.0978902047611 -5
   vertex 4.7467461535 -0.175786672575 -5
   vertex 4.7467461535 -0.175786672575 5
  endloop
 endfacet
 facet normal -0.999584932843 0.0288090616448 0
  outer loop
   vertex 4.74899120949 -0.0978902047611 -5
   vertex 4.7467461535 -0.175786672575 5
   vertex 4.74899120949 -0.0978902047611 5
  endloop
 endfacet
 facet normal 0 0 1
  outer loop
   vertex 4.74899120949 -0.0978902047611 5
   vertex 4.7467461535 -0.175786672575 5
   vertex 5.24640364334 -0.194290532846 5
  endloop
 endfacet
 facet normal 0 0 1
  outer loop
   vertex 4.74899120949 -0.0978902047611 5
   vertex 5.24640364334 -0.194290532846 5
   vertex 5.24888502102 -0.108194436841 5
  endloop
 endfacet
 facet normal 0 0 -1
  outer loop
   vertex 4.74899120949 -0.0978902047611 -5
   vertex 5.24888502102 -0.108194436841 -5
   vertex 5.24640364334 -0.194290532846 -5
  endloop
 endfacet
 facet normal 0 -0 -1
  outer loop
   vertex 4.74899120949 -0.0978902047611 -5
   vertex 5.24640364334 -0.194290532846 -5
   vertex 4.7467461535 -0.175786672575 -5
  endloop
 endfacet
 facet normal 0.998977781737 -0.0452038891573 0
  outer loop
   vertex 5.24640364334 -0.194290532846 -5
   vertex 5.24640364334 -0.194290532846 5
   vertex 5.2425101489 -0.280334333805 5
  endloop
 endfacet
 facet normal 0.998977781737 -0.0452038891573 0
  outer loop
   vertex 5.24640364334 -0.194290532846 -5
   vertex 5.2425101489 -0.280334333805 5
   vertex 5.2425101489 -0.280334333805 -5
  endloop
 endfacet
 facet normal -0.998977781737 0.0452038891573 0
  outer loop
   vertex 4.7467461535 -0.175786672575 -5
   vertex 4.74322346805 -0.253635825824 -5
   vertex 4.74322346805 -0.253635825824 5
  endloop
 endfacet
 facet normal -0.998977781737 0.0452038891573 0
  outer loop
   vertex 4.7467461535 -0.175786672575 -5
   vertex 4.74322346805 -0.253635825824 5
   vertex 4.7467461535 -0.175786672575 5
  endloop
 endfacet
 facet normal 0 0 1
  outer loop
   vertex 4.7467461535 -0.175786672575 5
   vertex 4.74322346805 -0.253635825824 5
   vertex 5.2425101489 -0.280334333805 5
  endloop
 endfacet
 facet normal 0 0 1
  outer loop
   vertex 4.7467461535 -0.175786672575 5
   vertex 5.2425101489 -0.280334333805 5
   vertex 5.24640364334 -0.194290532846 5
  endloop
 endfacet
 facet normal 0 0 -1
  outer loop
   vertex 4.7467461535 -0.175786672575 -5
   vertex 5.24640364334 -0.194290532846 -5
   vertex 5.2425101489 -0.280334333805 -5
  endloop
 endfacet
 facet normal 0 -0 -1
  outer loop
   vertex 4.7467461535 -0.175786672575 -5
   vertex 5.2425101489 -0.280334333805 -5
   vertex 4.74322346805 -0.253635825824 -5
  endloop
 endfacet
 facet normal 0.998101746769 -0.0615865496362 0
  outer loop
   vertex 5.2425101489 -0.280334333805 -5
   vertex 5.2425101489 -0.280334333805 5
   vertex 5.23720558566 -0.366302680255 5
  endloop
 endfacet
 facet normal 0.998101746769 -0.0615865496362 0
  outer loop
   vertex 5.2425101489 -0.280334333805 -5
   vertex 5.23720558566 -0.366302680255 5
   vertex 5.23720558566 -0.366302680255 -5
  endloop
 endfacet
 facet normal -0.998101746769 0.0615865496362 0
  outer loop
   vertex 4.74322346805 -0.253635825824 -5
   vertex 4.73842410131 -0.331416710707 -5
   vertex 4.73842410131 -0.331416710707 5
  endloop
 endfacet
 facet normal -0.998101746769 0.0615865496362 0
  outer loop
   vertex 4.74322346805 -0.253635825824 -5
   vertex 4.73842410131 -0.331416710707 5
   vertex 4.74322346805 -0.253635825824 5
  endloop
 endfacet
 facet normal 0 0 1
  outer loop
   vertex 4.74322346805 -0.253635825824 5
   vertex 4.73842410131 -0.331416710707 5
   vertex 5.23720558566 -0.366302680255 5
  endloop
 endfacet
 facet normal 0 0 1
  outer loop
   vertex 4.74322346805 -0.253635825824 5
   vertex 5.23720558566 -0.366302680255 5
   vertex 5.2425101489 -0.280334333805 5
  endloop
 endfacet
 facet normal 0 0 -1
  outer loop
   vertex 4.74322346805 -0.253635825824 -5
   vertex 5.2425101489 -0.280334333805 -5
   vertex 5.23720558566 -0.366302680255 -5
  endloop
 endfacet
 facet normal 0 -0 -1
  outer loop
   vertex 4.74322346805 -0.253635825824 -5
   vertex 5.23720558566 -0.366302680255 -5
   vertex 4.73842410131 -0.331416710707 -5
  endloop
 endfacet
 facet normal 0.996957063731 -0.0779526335409 0
  outer loop
   vertex 5.23720558566 -0.366302680255 -5
   vertex 5.23720558566 -0.366302680255 5
   vertex 5.23049138139 -0.452172433041 5
  endloop
 endfacet
 facet normal 0.996957063731 -0.0779526335409 0
  outer loop
   vertex 5.23720558566 -0.366302680255 -5
   vertex 5.23049138139 -0.452172433041 5
   vertex 5.23049138139 -0.452172433041 -5
  endloop
 endfacet
 facet normal -0.996957063731 0.0779526335409 0
  outer loop
   vertex 4.73842410131 -0.331416710707 -5
   vertex 4.73234934507 -0.409108391799 -5
   vertex 4.73234934507 -0.409108391799 5
  endloop
 endfacet
 facet normal -0.996957063731 0.0779526335409 0
  outer loop
   vertex 4.73842410131 -0.331416710707 -5
   vertex 4.73234934507 -0.409108391799 5
   vertex 4.73842410131 -0.331416710707 5
  endloop
 endfacet
 facet normal 0 0 1
  outer loop
   vertex 4.73842410131 -0.331416710707 5
   vertex 4.73234934507 -0.409108391799 5
   vertex 5.23049138139 -0.452172433041 5
  endloop
 endfacet
 facet normal 0 0 1
  outer loop
   vertex 4.73842410131 -0.331416710707 5
   vertex 5.23049138139 -0.452172433041 5
   vertex 5.23720558566 -0.366302680255 5
  endloop
 endfacet
 facet normal 0 0 -1
  outer loop
   vertex 4.73842410131 -0.331416710707 -5
   vertex 5.23720558566 -0.366302680255 -5
   vertex 5.23049138139 -0.452172433041 -5
  endloop
 endfacet
 facet normal 0 -0 -1
  outer loop
   vertex 4.73842410131 -0.331416710707 -5
   vertex 5.23049138139 -0.452172433041 -5
   vertex 4.73234934507 -0.409108391799 -5
  endloop
 endfacet
 facet normal 0.995544040726 -0.0942977357926 0
  outer loop
   vertex 5.23049138139 -0.452172433041 -5
   vertex 5.23049138139 -0.452172433041 5
   vertex 5.22236934329 -0.537920479547 5
  endloop
 endfacet
 facet normal 0.995544040726 -0.0942977357926 0
  outer loop
   vertex 5.23049138139 -0.452172433041 -5
   vertex 5.22236934329 -0.537920479547 5
   vertex 5.22236934329 -0.537920479547 -5
  endloop
 endfacet
 facet normal -0.995544040726 0.0942977357925 0
  outer loop
   vertex 4.73234934507 -0.409108391799 -5
   vertex 4.7250008344 -0.486689957685 -5
   vertex 4.7250008344 -0.486689957685 5
  endloop
 endfacet
 facet normal -0.995544040726 0.0942977357925 0
  outer loop
   vertex 4.73234934507 -0.409108391799 -5
   vertex 4.7250008344 -0.486689957685 5
   vertex 4.73234934507 -0.409108391799 5
  endloop
 endfacet
 facet normal 0 0 1
  outer loop
   vertex 4.73234934507 -0.409108391799 5
   vertex 4.7250008344 -0.486689957685 5
   vertex 5.22236934329 -0.537920479547 5
  endloop
 endfacet
 facet normal 0 0 1
  outer loop
   vertex 4.73234934507 -0.409108391799 5
   vertex 5.22236934329 -0.537920479547 5
   vertex 5.23049138139 -0.452172433041 5
  endloop
 endfacet
 facet normal 0 0 -1
  outer loop
   vertex 4.73234934507 -0.409108391799 -5
   vertex 5.23049138139 -0.452172433041 -5
   vertex 5.22236934329 -0.537920479547 -5
  endloop
 endfacet
 facet normal 0 -0 -1
  outer loop
   vertex 4.73234934507 -0.409108391799 -5
   vertex 5.22236934329 -0.537920479547 -5
   vertex 4.7250008344 -0.486689957685 -5
  endloop
 endfacet
 facet normal 0.99386305808 -0.11061745696 0
  outer loop
   vertex 5.22236934329 -0.537920479547 -5
   vertex 5.22236934329 -0.537920479547 5
   vertex 5.21284165746 -0.623523739913 5
  endloop
 endfacet
 facet normal 0.99386305808 -0.11061745696 0
  outer loop
   vertex 5.22236934329 -0.537920479547 -5
   vertex 5.21284165746 -0.623523739913 5
   vertex 5.21284165746 -0.623523739913 -5
  endloop
 endfacet
 facet normal -0.99386305808 0.11061745696 0
  outer loop
   vertex 4.7250008344 -0.486689957685 -5
   vertex 4.71638054723 -0.564140526588 -5
   vertex 4.71638054723 -0.564140526588 5
  endloop
 endfacet
 facet normal -0.99386305808 0.11061745696 0
  outer loop
   vertex 4.7250008344 -0.486689957685 -5
   vertex 4.71638054723 -0.564140526588 5
   vertex 4.7250008344 -0.486689957685 5
  endloop
 endfacet
 facet normal 0 0 1
  outer loop
   vertex 4.7250008344 -0.486689957685 5
   vertex 4.71638054723 -0.564140526588 5
   vertex 5.21284165746 -0.623523739913 5
  endloop
 endfacet
 facet normal 0 0 1
  outer loop
   vertex 4.7250008344 -0.486689957685 5
   vertex 5.21284165746 -0.623523739913 5
   vertex 5.22236934329 -0.537920479547 5
  endloop
 endfacet
 facet normal 0 0 -1
  outer loop
   vertex 4.7250008344 -0.486689957685 -5
   vertex 5.22236934329 -0.537920479547 -5
   vertex 5.21284165746 -0.623523739913 -5
  endloop
 endfacet
 facet normal 0 -0 -1
  outer loop
   vertex 4.7250008344 -0.486689957685 -5
   vertex 5.21284165746 -0.623523739913 -5
   vertex 4.71638054723 -0.564140526588 -5
  endloop
 endfacet
 facet normal 0.991914568245 -0.126907404443 0
  outer loop
   vertex 5.21284165746 -0.623523739913 -5
   vertex 5.21284165746 -0.623523739913 5
   vertex 5.20191088838 -0.708959173252 5
  endloop
 endfacet
 facet normal 0.991914568245 -0.126907404443 0
  outer loop
   vertex 5.21284165746 -0.623523739913 -5
   vertex 5.20191088838 -0.708959173252 5
   vertex 5.20191088838 -0.708959173252 -5
  endloop
 endfacet
 facet normal -0.991914568245 0.126907404443 0
  outer loop
   vertex 4.71638054723 -0.564140526588 -5
   vertex 4.70649080377 -0.64143925199 -5
   vertex 4.70649080377 -0.64143925199 5
  endloop
 endfacet
 facet normal -0.991914568245 0.126907404443 0
  outer loop
   vertex 4.71638054723 -0.564140526588 -5
   vertex 4.70649080377 -0.64143925199 5
   vertex 4.71638054723 -0.564140526588 5
  endloop
 endfacet
 facet normal 0 0 1
  outer loop
   vertex 4.71638054723 -0.564140526588 5
   vertex 4.70649080377 -0.64143925199 5
   vertex 5.20191088838 -0.708959173252 5
  endloop
 endfacet
 facet normal 0 0 1
  outer loop
   vertex 4.71638054723 -0.564140526588 5
   vertex 5.20191088838 -0.708959173252 5
   vertex 5.21284165746 -0.623523739913 5
  endloop
 endfacet
 facet normal 0 0 -1
  outer loop
   vertex 4.71638054723 -0.564140526588 -5
   vertex 5.21284165746 -0.623523739913 -5
   vertex 5.20191088838 -0.708959173252 -5
  endloop
 endfacet
 facet normal 0 -0 -1
  outer loop
   vertex 4.71638054723 -0.564140526588 -5
   vertex 5.20191088838 -0.708959173252 -5
   vertex 4.70649080377 -0.64143925199 -5
  endloop
 endfacet
 facet normal 0.989699095676 -0.143163193655 0
  outer loop
   vertex 5.20191088838 -0.708959173252 -5
   vertex 5.20191088838 -0.708959173252 5
   vertex 5.18957997816 -0.794203783847 5
  endloop
 endfacet
 facet normal 0.989699095676 -0.143163193655 0
  outer loop
   vertex 5.20191088838 -0.708959173252 -5
   vertex 5.18957997816 -0.794203783847 5
   vertex 5.18957997816 -0.794203783847 -5
  endloop
 endfacet
 facet normal -0.989699095676 0.143163193655 0
  outer loop
   vertex 4.70649080377 -0.64143925199 -5
   vertex 4.69533426595 -0.718565328243 -5
   vertex 4.69533426595 -0.718565328243 5
  endloop
 endfacet
 facet normal -0.989699095676 0.143163193655 0
  outer loop
   vertex 4.70649080377 -0.64143925199 -5
   vertex 4.69533426595 -0.718565328243 5
   vertex 4.70649080377 -0.64143925199 5
  endloop
 endfacet
 facet normal 0 0 1
  outer loop
   vertex 4.70649080377 -0.64143925199 5
   vertex 4.69533426595 -0.718565328243 5
   vertex 5.18957997816 -0.794203783847 5
  endloop
 endfacet
 facet normal 0 0 1
  outer loop
   vertex 4.70649080377 -0.64143925199 5
   vertex 5.18957997816 -0.794203783847 5
   vertex 5.20191088838 -0.708959173252 5
  endloop
 endfacet
 facet normal 0 0 -1
  outer loop
   vertex 4.70649080377 -0.64143925199 -5
   vertex 5.20191088838 -0.708959173252 -5
   vertex 5.18957997816 -0.794203783847 -5
  endloop
 endfacet
 facet normal 0 -0 -1
  outer loop
   vertex 4.70649080377 -0.64143925199 -5
   vertex 5.18957997816 -0.794203783847 -5
   vertex 4.69533426595 -0.718565328243 -5
  endloop
 endfacet
 facet normal 0.987217236687 -0.159380449206 0
  outer loop
   vertex 5.18957997816 -0.794203783847 -5
   vertex 5.18957997816 -0.794203783847 5
   vertex 5.17585224577 -0.879234627345 5
  endloop
 endfacet
 facet normal 0.987217236687 -0.159380449206 0
  outer loop
   vertex 5.18957997816 -0.794203783847 -5
   vertex 5.17585224577 -0.879234627345 5
   vertex 5.17585224577 -0.879234627345 -5
  endloop
 endfacet
 facet normal -0.987217236687 0.159380449206 0
  outer loop
   vertex 4.69533426595 -0.718565328243 -5
   vertex 4.68291393665 -0.79549799617 -5
   vertex 4.68291393665 -0.79549799617 5
  endloop
 endfacet
 facet normal -0.987217236687 0.159380449206 0
  outer loop
   vertex 4.69533426595 -0.718565328243 -5
   vertex 4.68291393665 -0.79549799617 5
   vertex 4.69533426595 -0.718565328243 5
  endloop
 endfacet
 facet normal 0 0 1
  outer loop
   vertex 4.69533426595 -0.718565328243 5
   vertex 4.68291393665 -0.79549799617 5
   vertex 5.17585224577 -0.879234627345 5
  endloop
 endfacet
 facet normal 0 0 1
  outer loop
   vertex 4.69533426595 -0.718565328243 5
   vertex 5.17585224577 -0.879234627345 5
   vertex 5.18957997816 -0.794203783847 5
  endloop
 endfacet
 facet normal 0 0 -1
  outer loop
   vertex 4.69533426595 -0.718565328243 -5
   vertex 5.18957997816 -0.794203783847 -5
   vertex 5.17585224577 -0.879234627345 -5
  endloop
 endfacet
 facet normal 0 -0 -1
  outer loop
   vertex 4.69533426595 -0.718565328243 -5
   vertex 5.17585224577 -0.879234627345 -5
   vertex 4.68291393665 -0.79549799617 -5
  endloop
 endfacet
 facet normal 0.984469659291 -0.175554806074 0
  outer loop
   vertex 5.17585224577 -0.879234627345 -5
   vertex 5.17585224577 -0.879234627345 5
   vertex 5.16073138616 -0.964028816929 5
  endloop
 endfacet
 facet normal 0.984469659291 -0.175554806074 0
  outer loop
   vertex 5.17585224577 -0.879234627345 -5
   vertex 5.16073138616 -0.964028816929 5
   vertex 5.16073138616 -0.964028816929 -5
  endloop
 endfacet
 facet normal -0.984469659291 0.175554806074 0
  outer loop
   vertex 4.68291393665 -0.79549799617 -5
   vertex 4.66923315891 -0.87221654865 -5
   vertex 4.66923315891 -0.87221654865 5
  endloop
 endfacet
 facet normal -0.984469659291 0.175554806074 0
  outer loop
   vertex 4.68291393665 -0.79549799617 -5
   vertex 4.66923315891 -0.87221654865 5
   vertex 4.68291393665 -0.79549799617 5
  endloop
 endfacet
 facet normal 0 0 1
  outer loop
   vertex 4.68291393665 -0.79549799617 5
   vertex 4.66923315891 -0.87221654865 5
   vertex 5.16073138616 -0.964028816929 5
  endloop
 endfacet
 facet normal 0 0 1
  outer loop
   vertex 4.68291393665 -0.79549799617 5
   vertex 5.16073138616 -0.964028816929 5
   vertex 5.17585224577 -0.879234627345 5
  endloop
 endfacet
 facet normal 0 0 -1
  outer loop
   vertex 4.68291393665 -0.79549799617 -5
   vertex 5.17585224577 -0.879234627345 -5
   vertex 5.16073138616 -0.964028816929 -5
  endloop
 endfacet
 facet normal 0 -0 -1
  outer loop
   vertex 4.68291393665 -0.79549799617 -5
   vertex 5.16073138616 -0.964028816929 -5
   vertex 4.66923315891 -0.87221654865 -5
  endloop
 endfacet
 facet normal 0.981457103025 -0.191681910785 0
  outer loop
   vertex 5.16073138616 -0.964028816929 -5
   vertex 5.16073138616 -0.964028816929 5
   vertex 5.14422146925 -1.04856352948 5
  endloop
 endfacet
 facet normal 0.981457103025 -0.191681910785 0
  outer loop
   vertex 5.16073138616 -0.964028816929 -5
   vertex 5.14422146925 -1.04856352948 5
   vertex 5.14422146925 -1.04856352948 -5
  endloop
 endfacet
 facet normal -0.981457103025 0.191681910785 0
  outer loop
   vertex 4.66923315891 -0.87221654865 -5
   vertex 4.65429561503 -0.948700336195 -5
   vertex 4.65429561503 -0.948700336195 5
  endloop
 endfacet
 facet normal -0.981457103025 0.191681910785 0
  outer loop
   vertex 4.66923315891 -0.87221654865 -5
   vertex 4.65429561503 -0.948700336195 5
   vertex 4.66923315891 -0.87221654865 5
  endloop
 endfacet
 facet normal 0 0 1
  outer loop
   vertex 4.66923315891 -0.87221654865 5
   vertex 4.65429561503 -0.948700336195 5
   vertex 5.14422146925 -1.04856352948 5
  endloop
 endfacet
 facet normal 0 0 1
  outer loop
   vertex 4.66923315891 -0.87221654865 5
   vertex 5.14422146925 -1.04856352948 5
   vertex 5.16073138616 -0.964028816929 5
  endloop
 endfacet
 facet normal 0 0 -1
  outer loop
   vertex 4.66923315891 -0.87221654865 -5
   vertex 5.16073138616 -0.964028816929 -5
   vertex 5.14422146925 -1.04856352948 -5
  endloop
 endfacet
 facet normal 0 -0 -1
  outer loop
   vertex 4.66923315891 -0.87221654865 -5
   vertex 5.14422146925 -1.04856352948 -5
   vertex 4.65429561503 -0.948700336195 -5
  endloop
 endfacet
 facet normal 0.978180378745 -0.207757422585 0
  outer loop
   vertex 5.14422146925 -1.04856352948 -5
   vertex 5.14422146925 -1.04856352948 5
   vertex 5.12632693881 -1.13281601172 5
  endloop
 endfacet
 facet normal 0.978180378745 -0.207757422585 0
  outer loop
   vertex 5.14422146925 -1.04856352948 -5
   vertex 5.12632693881 -1.13281601172 5
   vertex 5.12632693881 -1.13281601172 -5
  endloop
 endfacet
 facet normal -0.978180378745 0.207757422585 0
  outer loop
   vertex 4.65429561503 -0.948700336195 -5
   vertex 4.63810532559 -1.0249287725 -5
   vertex 4.63810532559 -1.0249287725 5
  endloop
 endfacet
 facet normal -0.978180378745 0.207757422585 0
  outer loop
   vertex 4.65429561503 -0.948700336195 -5
   vertex 4.63810532559 -1.0249287725 5
   vertex 4.65429561503 -0.948700336195 5
  endloop
 endfacet
 facet normal 0 0 1
  outer loop
   vertex 4.65429561503 -0.948700336195 5
   vertex 4.63810532559 -1.0249287725 5
   vertex 5.12632693881 -1.13281601172 5
  endloop
 endfacet
 facet normal 0 0 1
  outer loop
   vertex 4.65429561503 -0.948700336195 5
   vertex 5.12632693881 -1.13281601172 5
   vertex 5.14422146925 -1.04856352948 5
  endloop
 endfacet
 facet normal 0 0 -1
  outer loop
   vertex 4.65429561503 -0.948700336195 -5
   vertex 5.14422146925 -1.04856352948 -5
   vertex 5.12632693881 -1.13281601172 -5
  endloop
 endfacet
 facet normal 0 -0 -1
  outer loop
   vertex 4.65429561503 -0.948700336195 -5
   vertex 5.12632693881 -1.13281601172 -5
   vertex 4.63810532559 -1.0249287725 -5
  endloop
 endfacet
 facet normal 0.97464036841 -0.223777014604 0
  outer loop
   vertex 5.12632693881 -1.13281601172 -5
   vertex 5.12632693881 -1.13281601172 5
   vertex 5.10705261134 -1.21676358633 5
  endloop
 endfacet
 facet normal 0.97464036841 -0.223777014604 0
  outer loop
   vertex 5.12632693881 -1.13281601172 -5
   vertex 5.10705261134 -1.21676358633 5
   vertex 5.10705261134 -1.21676358633 -5
  endloop
 endfacet
 facet normal -0.97464036841 0.223777014604 0
  outer loop
   vertex 4.63810532559 -1.0249287725 -5
   vertex 4.62066664835 -1.10088134001 -5
   vertex 4.62066664835 -1.10088134001 5
  endloop
 endfacet
 facet normal -0.97464036841 0.223777014604 0
  outer loop
   vertex 4.63810532559 -1.0249287725 -5
   vertex 4.62066664835 -1.10088134001 5
   vertex 4.63810532559 -1.0249287725 5
  endloop
 endfacet
 facet normal 0 0 1
  outer loop
   vertex 4.63810532559 -1.0249287725 5
   vertex 4.62066664835 -1.10088134001 5
   vertex 5.10705261134 -1.21676358633 5
  endloop
 endfacet
 facet normal 0 0 1
  outer loop
   vertex 4.63810532559 -1.0249287725 5
   vertex 5.10705261134 -1.21676358633 5
   vertex 5.12632693881 -1.13281601172 5
  endloop
 endfacet
 facet normal 0 0 -1
  outer loop
   vertex 4.63810532559 -1.0249287725 -5
   vertex 5.12632693881 -1.13281601172 -5
   vertex 5.10705261134 -1.21676358633 -5
  endloop
 endfacet
 facet normal 0 -0 -1
  outer loop
   vertex 4.63810532559 -1.0249287725 -5
   vertex 5.10705261134 -1.21676358633 -5
   vertex 4.62066664835 -1.10088134001 -5
  endloop
 endfacet
 facet normal 0.970838024847 -0.239736375026 0
  outer loop
   vertex 5.10705261134 -1.21676358633 -5
   vertex 5.10705261134 -1.21676358633 5
   vertex 5.08640367468 -1.30038365806 5
  endloop
 endfacet
 facet normal 0.970838024847 -0.239736375026 0
  outer loop
   vertex 5.10705261134 -1.21676358633 -5
   vertex 5.08640367468 -1.30038365806 5
   vertex 5.08640367468 -1.30038365806 -5
  endloop
 endfacet
 facet normal -0.970838024847 0.239736375026 0
  outer loop
   vertex 4.62066664835 -1.10088134001 -5
   vertex 4.6019842771 -1.17653759539 -5
   vertex 4.6019842771 -1.17653759539 5
  endloop
 endfacet
 facet normal -0.970838024847 0.239736375026 0
  outer loop
   vertex 4.62066664835 -1.10088134001 -5
   vertex 4.6019842771 -1.17653759539 5
   vertex 4.62066664835 -1.10088134001 5
  endloop
 endfacet
 facet normal 0 0 1
  outer loop
   vertex 4.62066664835 -1.10088134001 5
   vertex 4.6019842771 -1.17653759539 5
   vertex 5.08640367468 -1.30038365806 5
  endloop
 endfacet
 facet normal 0 0 1
  outer loop
   vertex 4.62066664835 -1.10088134001 5
   vertex 5.08640367468 -1.30038365806 5
   vertex 5.10705261134 -1.21676358633 5
  endloop
 endfacet
 facet normal 0 0 -1
  outer loop
   vertex 4.62066664835 -1.10088134001 -5
   vertex 5.10705261134 -1.21676358633 -5
   vertex 5.08640367468 -1.30038365806 -5
  endloop
 endfacet
 facet normal 0 -0 -1
  outer loop
   vertex 4.62066664835 -1.10088134001 -5
   vertex 5.08640367468 -1.30038365806 -5
   vertex 4.6019842771 -1.17653759539 -5
  endloop
 endfacet
 facet normal 0.966774371491 -0.255631208244 0
  outer loop
   vertex 5.08640367468 -1.30038365806 -5
   vertex 5.08640367468 -1.30038365806 5
   vertex 5.06438568669 -1.38365371983 5
  endloop
 endfacet
 facet normal 0.966774371491 -0.255631208244 0
  outer loop
   vertex 5.08640367468 -1.30038365806 -5
   vertex 5.06438568669 -1.38365371983 5
   vertex 5.06438568669 -1.38365371983 -5
  endloop
 endfacet
 facet normal -0.966774371491 0.255631208244 0
  outer loop
   vertex 4.6019842771 -1.17653759539 -5
   vertex 4.58206324034 -1.25187717509 -5
   vertex 4.58206324034 -1.25187717509 5
  endloop
 endfacet
 facet normal -0.966774371491 0.255631208244 0
  outer loop
   vertex 4.6019842771 -1.17653759539 -5
   vertex 4.58206324034 -1.25187717509 5
   vertex 4.6019842771 -1.17653759539 5
  endloop
 endfacet
 facet normal 0 0 1
  outer loop
   vertex 4.6019842771 -1.17653759539 5
   vertex 4.58206324034 -1.25187717509 5
   vertex 5.06438568669 -1.38365371983 5
  endloop
 endfacet
 facet normal 0 0 1
  outer loop
   vertex 4.6019842771 -1.17653759539 5
   vertex 5.06438568669 -1.38365371983 5
   vertex 5.08640367468 -1.30038365806 5
  endloop
 endfacet
 facet normal 0 0 -1
  outer loop
   vertex 4.6019842771 -1.17653759539 -5
   vertex 5.08640367468 -1.30038365806 -5
   vertex 5.06438568669 -1.38365371983 -5
  endloop
 endfacet
 facet normal 0 -0 -1
  outer loop
   vertex 4.6019842771 -1.17653759539 -5
   vertex 5.06438568669 -1.38365371983 -5
   vertex 4.58206324034 -1.25187717509 -5
  endloop
 endfacet
 facet normal 0.96245050211 -0.271457236021 0
  outer loop
   vertex 5.06438568669 -1.38365371983 -5
   vertex 5.06438568669 -1.38365371983 5
   vertex 5.04100457371 -1.46655135875 5
  endloop
 endfacet
 facet normal 0.96245050211 -0.271457236021 0
  outer loop
   vertex 5.06438568669 -1.38365371983 -5
   vertex 5.04100457371 -1.46655135875 5
   vertex 5.04100457371 -1.46655135875 -5
  endloop
 endfacet
 facet normal -0.96245050211 0.271457236021 0
  outer loop
   vertex 4.58206324034 -1.25187717509 -5
   vertex 4.56090890002 -1.32687980078 -5
   vertex 4.56090890002 -1.32687980078 5
  endloop
 endfacet
 facet normal -0.96245050211 0.271457236021 0
  outer loop
   vertex 4.58206324034 -1.25187717509 -5
   vertex 4.56090890002 -1.32687980078 5
   vertex 4.58206324034 -1.25187717509 5
  endloop
 endfacet
 facet normal 0 0 1
  outer loop
   vertex 4.58206324034 -1.25187717509 5
   vertex 4.56090890002 -1.32687980078 5
   vertex 5.04100457371 -1.46655135875 5
  endloop
 endfacet
 facet normal 0 0 1
  outer loop
   vertex 4.58206324034 -1.25187717509 5
   vertex 5.04100457371 -1.46655135875 5
   vertex 5.06438568669 -1.38365371983 5
  endloop
 endfacet
 facet normal 0 0 -1
  outer loop
   vertex 4.58206324034 -1.25187717509 -5
   vertex 5.06438568669 -1.38365371983 -5
   vertex 5.04100457371 -1.46655135875 -5
  endloop
 endfacet
 facet normal 0 -0 -1
  outer loop
   vertex 4.58206324034 -1.25187717509 -5
   vertex 5.04100457371 -1.46655135875 -5
   vertex 4.56090890002 -1.32687980078 -5
  endloop
 endfacet
 facet normal 0.957867580513 -0.28721019864 0
  outer loop
   vertex 5.04100457371 -1.46655135875 -5
   vertex 5.04100457371 -1.46655135875 5
   vertex 5.01626662896 -1.54905426217 5
  endloop
 endfacet
 facet normal 0.957867580513 -0.28721019864 0
  outer loop
   vertex 5.04100457371 -1.46655135875 -5
   vertex 5.01626662896 -1.54905426217 5
   vertex 5.01626662896 -1.54905426217 -5
  endloop
 endfacet
 facet normal -0.957867580513 0.28721019864 0
  outer loop
   vertex 4.56090890002 -1.32687980078 -5
   vertex 4.53852695001 -1.40152528482 -5
   vertex 4.53852695001 -1.40152528482 5
  endloop
 endfacet
 facet normal -0.957867580513 0.28721019864 0
  outer loop
   vertex 4.56090890002 -1.32687980078 -5
   vertex 4.53852695001 -1.40152528482 5
   vertex 4.56090890002 -1.32687980078 5
  endloop
 endfacet
 facet normal 0 0 1
  outer loop
   vertex 4.56090890002 -1.32687980078 5
   vertex 4.53852695001 -1.40152528482 5
   vertex 5.01626662896 -1.54905426217 5
  endloop
 endfacet
 facet normal 0 0 1
  outer loop
   vertex 4.56090890002 -1.32687980078 5
   vertex 5.01626662896 -1.54905426217 5
   vertex 5.04100457371 -1.46655135875 5
  endloop
 endfacet
 facet normal 0 0 -1
  outer loop
   vertex 4.56090890002 -1.32687980078 -5
   vertex 5.04100457371 -1.46655135875 -5
   vertex 5.01626662896 -1.54905426217 -5
  endloop
 endfacet
 facet normal 0 -0 -1
  outer loop
   vertex 4.56090890002 -1.32687980078 -5
   vertex 5.01626662896 -1.54905426217 -5
   vertex 4.53852695001 -1.40152528482 -5
  endloop
 endfacet
 facet normal 0.953026840234 -0.302885856048 0
  outer loop
   vertex 5.01626662896 -1.54905426217 -5
   vertex 5.01626662896 -1.54905426217 5
   vertex 4.9901785109 -1.63114022369 5
  endloop
 endfacet
 facet normal 0.953026840234 -0.302885856048 0
  outer loop
   vertex 5.01626662896 -1.54905426217 -5
   vertex 4.9901785109 -1.63114022369 5
   vertex 4.9901785109 -1.63114022369 -5
  endloop
 endfacet
 facet normal -0.953026840234 0.302885856048 0
  outer loop
   vertex 4.53852695001 -1.40152528482 -5
   vertex 4.51492341463 -1.47579353572 -5
   vertex 4.51492341463 -1.47579353572 5
  endloop
 endfacet
 facet normal -0.953026840234 0.302885856048 0
  outer loop
   vertex 4.53852695001 -1.40152528482 -5
   vertex 4.51492341463 -1.47579353572 5
   vertex 4.53852695001 -1.40152528482 5
  endloop
 endfacet
 facet normal 0 0 1
  outer loop
   vertex 4.53852695001 -1.40152528482 5
   vertex 4.51492341463 -1.47579353572 5
   vertex 4.9901785109 -1.63114022369 5
  endloop
 endfacet
 facet normal 0 0 1
  outer loop
   vertex 4.53852695001 -1.40152528482 5
   vertex 4.9901785109 -1.63114022369 5
   vertex 5.01626662896 -1.54905426217 5
  endloop
 endfacet
 facet normal 0 0 -1
  outer loop
   vertex 4.53852695001 -1.40152528482 -5
   vertex 5.01626662896 -1.54905426217 -5
   vertex 4.9901785109 -1.63114022369 -5
  endloop
 endfacet
 facet normal 0 -0 -1
  outer loop
   vertex 4.53852695001 -1.40152528482 -5
   vertex 4.9901785109 -1.63114022369 -5
   vertex 4.51492341463 -1.47579353572 -5
  endloop
 endfacet
 facet normal 0.947929584202 -0.318479989002 0
  outer loop
   vertex 4.9901785109 -1.63114022369 -5
   vertex 4.9901785109 -1.63114022369 5
   vertex 4.96274724137 -1.71278714913 5
  endloop
 endfacet
 facet normal 0.947929584202 -0.318479989002 0
  outer loop
   vertex 4.9901785109 -1.63114022369 -5
   vertex 4.96274724137 -1.71278714913 5
   vertex 4.96274724137 -1.71278714913 -5
  endloop
 endfacet
 facet normal -0.947929584202 0.318479989002 0
  outer loop
   vertex 4.51492341463 -1.47579353572 -5
   vertex 4.49010464696 -1.5496645635 -5
   vertex 4.49010464696 -1.5496645635 5
  endloop
 endfacet
 facet normal -0.947929584202 0.318479989002 0
  outer loop
   vertex 4.51492341463 -1.47579353572 -5
   vertex 4.49010464696 -1.5496645635 5
   vertex 4.51492341463 -1.47579353572 5
  endloop
 endfacet
 facet normal 0 0 1
  outer loop
   vertex 4.51492341463 -1.47579353572 5
   vertex 4.49010464696 -1.5496645635 5
   vertex 4.96274724137 -1.71278714913 5
  endloop
 endfacet
 facet normal 0 0 1
  outer loop
   vertex 4.51492341463 -1.47579353572 5
   vertex 4.96274724137 -1.71278714913 5
   vertex 4.9901785109 -1.63114022369 5
  endloop
 endfacet
 facet normal 0 0 -1
  outer loop
   vertex 4.51492341463 -1.47579353572 -5
   vertex 4.9901785109 -1.63114022369 -5
   vertex 4.96274724137 -1.71278714913 -5
  endloop
 endfacet
 facet normal 0 -0 -1
  outer loop
   vertex 4.51492341463 -1.47579353572 -5
   vertex 4.96274724137 -1.71278714913 -5
   vertex 4.49010464696 -1.5496645635 -5
  endloop
 endfacet
 facet normal 0.94257718439 -0.3339884002 0
  outer loop
   vertex 4.96274724137 -1.71278714913 -5
   vertex 4.96274724137 -1.71278714913 5
   vertex 4.93398020375 -1.7939730625 5
  endloop
 endfacet
 facet normal 0.94257718439 -0.3339884002 0
  outer loop
   vertex 4.96274724137 -1.71278714913 -5
   vertex 4.93398020375 -1.7939730625 5
   vertex 4.93398020375 -1.7939730625 -5
  endloop
 endfacet
 facet normal -0.94257718439 0.3339884002 0
  outer loop
   vertex 4.49010464696 -1.5496645635 -5
   vertex 4.46407732721 -1.62311848512 -5
   vertex 4.46407732721 -1.62311848512 5
  endloop
 endfacet
 facet normal -0.94257718439 0.3339884002 0
  outer loop
   vertex 4.49010464696 -1.5496645635 -5
   vertex 4.46407732721 -1.62311848512 5
   vertex 4.49010464696 -1.5496645635 5
  endloop
 endfacet
 facet normal 0 0 1
  outer loop
   vertex 4.49010464696 -1.5496645635 5
   vertex 4.46407732721 -1.62311848512 5
   vertex 4.93398020375 -1.7939730625 5
  endloop
 endfacet
 facet normal 0 0 1
  outer loop
   vertex 4.49010464696 -1.5496645635 5
   vertex 4.93398020375 -1.7939730625 5
   vertex 4.96274724137 -1.71278714913 5
  endloop
 endfacet
 facet normal 0 0 -1
  outer loop
   vertex 4.49010464696 -1.5496645635 -5
   vertex 4.96274724137 -1.71278714913 -5
   vertex 4.93398020375 -1.7939730625 -5
  endloop
 endfacet
 facet normal 0 -0 -1
  outer loop
   vertex 4.49010464696 -1.5496645635 -5
   vertex 4.93398020375 -1.7939730625 -5
   vertex 4.46407732721 -1.62311848512 -5
  endloop
 endfacet
 facet normal 0.936971081444 -0.349406915413 0
  outer loop
   vertex 4.93398020375 -1.7939730625 -5
   vertex 4.93398020375 -1.7939730625 5
   vertex 4.90388514095 -1.87467611187 5
  endloop
 endfacet
 facet normal 0.936971081444 -0.349406915413 0
  outer loop
   vertex 4.93398020375 -1.7939730625 -5
   vertex 4.90388514095 -1.87467611187 5
   vertex 4.90388514095 -1.87467611187 -5
  endloop
 endfacet
 facet normal -0.936971081444 0.349406915413 0
  outer loop
   vertex 4.46407732721 -1.62311848512 -5
   vertex 4.43684846086 -1.69613552978 -5
   vertex 4.43684846086 -1.69613552978 5
  endloop
 endfacet
 facet normal -0.936971081444 0.349406915413 0
  outer loop
   vertex 4.46407732721 -1.62311848512 -5
   vertex 4.43684846086 -1.69613552978 5
   vertex 4.46407732721 -1.62311848512 5
  endloop
 endfacet
 facet normal 0 0 1
  outer loop
   vertex 4.46407732721 -1.62311848512 5
   vertex 4.43684846086 -1.69613552978 5
   vertex 4.90388514095 -1.87467611187 5
  endloop
 endfacet
 facet normal 0 0 1
  outer loop
   vertex 4.46407732721 -1.62311848512 5
   vertex 4.90388514095 -1.87467611187 5
   vertex 4.93398020375 -1.7939730625 5
  endloop
 endfacet
 facet normal 0 0 -1
  outer loop
   vertex 4.46407732721 -1.62311848512 -5
   vertex 4.93398020375 -1.7939730625 -5
   vertex 4.90388514095 -1.87467611187 -5
  endloop
 endfacet
 facet normal 0 -0 -1
  outer loop
   vertex 4.46407732721 -1.62311848512 -5
   vertex 4.90388514095 -1.87467611187 -5
   vertex 4.43684846086 -1.69613552978 -5
  endloop
 endfacet
 facet normal 0.931112784297 -0.36473138461 0
  outer loop
   vertex 4.90388514095 -1.87467611187 -5
   vertex 4.90388514095 -1.87467611187 5
   vertex 4.87247015331 -1.95487457528 5
  endloop
 endfacet
 facet normal 0.931112784297 -0.36473138461 0
  outer loop
   vertex 4.90388514095 -1.87467611187 -5
   vertex 4.87247015331 -1.95487457528 5
   vertex 4.87247015331 -1.95487457528 -5
  endloop
 endfacet
 facet normal -0.931112784297 0.36473138461 0
  outer loop
   vertex 4.43684846086 -1.69613552978 -5
   vertex 4.40842537681 -1.7686960443 -5
   vertex 4.40842537681 -1.7686960443 5
  endloop
 endfacet
 facet normal -0.931112784297 0.36473138461 0
  outer loop
   vertex 4.43684846086 -1.69613552978 -5
   vertex 4.40842537681 -1.7686960443 5
   vertex 4.43684846086 -1.69613552978 5
  endloop
 endfacet
 facet normal 0 0 1
  outer loop
   vertex 4.43684846086 -1.69613552978 5
   vertex 4.40842537681 -1.7686960443 5
   vertex 4.87247015331 -1.95487457528 5
  endloop
 endfacet
 facet normal 0 0 1
  outer loop
   vertex 4.43684846086 -1.69613552978 5
   vertex 4.87247015331 -1.95487457528 5
   vertex 4.90388514095 -1.87467611187 5
  endloop
 endfacet
 facet normal 0 0 -1
  outer loop
   vertex 4.43684846086 -1.69613552978 -5
   vertex 4.90388514095 -1.87467611187 -5
   vertex 4.87247015331 -1.95487457528 -5
  endloop
 endfacet
 facet normal 0 -0 -1
  outer loop
   vertex 4.43684846086 -1.69613552978 -5
   vertex 4.87247015331 -1.95487457528 -5
   vertex 4.40842537681 -1.7686960443 -5
  endloop
 endfacet
 facet normal 0.925003869762 -0.379957683072 0
  outer loop
   vertex 4.87247015331 -1.95487457528 -5
   vertex 4.87247015331 -1.95487457528 5
   vertex 4.83974369648 -2.03454686661 5
  endloop
 endfacet
 facet normal 0.925003869762 -0.379957683072 0
  outer loop
   vertex 4.87247015331 -1.95487457528 -5
   vertex 4.83974369648 -2.03454686661 5
   vertex 4.83974369648 -2.03454686661 -5
  endloop
 endfacet
 facet normal -0.925003869762 0.379957683072 0
  outer loop
   vertex 4.40842537681 -1.7686960443 -5
   vertex 4.37881572538 -1.84078049836 -5
   vertex 4.37881572538 -1.84078049836 5
  endloop
 endfacet
 facet normal -0.925003869762 0.379957683072 0
  outer loop
   vertex 4.40842537681 -1.7686960443 -5
   vertex 4.37881572538 -1.84078049836 5
   vertex 4.40842537681 -1.7686960443 5
  endloop
 endfacet
 facet normal 0 0 1
  outer loop
   vertex 4.40842537681 -1.7686960443 5
   vertex 4.37881572538 -1.84078049836 5
   vertex 4.83974369648 -2.03454686661 5
  endloop
 endfacet
 facet normal 0 0 1
  outer loop
   vertex 4.40842537681 -1.7686960443 5
   vertex 4.83974369648 -2.03454686661 5
   vertex 4.87247015331 -1.95487457528 5
  endloop
 endfacet
 facet normal 0 0 -1
  outer loop
   vertex 4.40842537681 -1.7686960443 -5
   vertex 4.87247015331 -1.95487457528 -5
   vertex 4.83974369648 -2.03454686661 -5
  endloop
 endfacet
 facet normal 0 -0 -1
  outer loop
   vertex 4.40842537681 -1.7686960443 -5
   vertex 4.83974369648 -2.03454686661 -5
   vertex 4.37881572538 -1.84078049836 -5
  endloop
 endfacet
 facet normal 0.91864598211 -0.395081712503 0
  outer loop
   vertex 4.83974369648 -2.03454686661 -5
   vertex 4.83974369648 -2.03454686661 5
   vertex 4.80571457906 -2.11367154133 5
  endloop
 endfacet
 facet normal 0.91864598211 -0.395081712503 0
  outer loop
   vertex 4.83974369648 -2.03454686661 -5
   vertex 4.80571457906 -2.11367154133 5
   vertex 4.80571457906 -2.11367154133 -5
  endloop
 endfacet
 facet normal -0.91864598211 0.395081712503 0
  outer loop
   vertex 4.37881572538 -1.84078049836 -5
   vertex 4.34802747629 -1.91236948978 -5
   vertex 4.34802747629 -1.91236948978 5
  endloop
 endfacet
 facet normal -0.91864598211 0.395081712503 0
  outer loop
   vertex 4.37881572538 -1.84078049836 -5
   vertex 4.34802747629 -1.91236948978 5
   vertex 4.37881572538 -1.84078049836 5
  endloop
 endfacet
 facet normal 0 0 1
  outer loop
   vertex 4.37881572538 -1.84078049836 5
   vertex 4.34802747629 -1.91236948978 5
   vertex 4.80571457906 -2.11367154133 5
  endloop
 endfacet
 facet normal 0 0 1
  outer loop
   vertex 4.37881572538 -1.84078049836 5
   vertex 4.80571457906 -2.11367154133 5
   vertex 4.83974369648 -2.03454686661 5
  endloop
 endfacet
 facet normal 0 0 -1
  outer loop
   vertex 4.37881572538 -1.84078049836 -5
   vertex 4.83974369648 -2.03454686661 -5
   vertex 4.80571457906 -2.11367154133 -5
  endloop
 endfacet
 facet normal 0 -0 -1
  outer loop
   vertex 4.37881572538 -1.84078049836 -5
   vertex 4.80571457906 -2.11367154133 -5
   vertex 4.34802747629 -1.91236948978 -5
  endloop
 endfacet
 facet normal 0.912040832622 -0.410099402134 0
  outer loop
   vertex 4.80571457906 -2.11367154133 -5
   vertex 4.80571457906 -2.11367154133 5
   vertex 4.7703919603 -2.19222730234 5
  endloop
 endfacet
 facet normal 0.912040832622 -0.410099402134 0
  outer loop
   vertex 4.80571457906 -2.11367154133 -5
   vertex 4.7703919603 -2.19222730234 5
   vertex 4.7703919603 -2.19222730234 -5
  endloop
 endfacet
 facet normal -0.912040832622 0.410099402134 0
  outer loop
   vertex 4.34802747629 -1.91236948978 -5
   vertex 4.31606891646 -1.98344374973 -5
   vertex 4.31606891646 -1.98344374973 5
  endloop
 endfacet
 facet normal -0.912040832622 0.410099402134 0
  outer loop
   vertex 4.34802747629 -1.91236948978 -5
   vertex 4.31606891646 -1.98344374973 5
   vertex 4.34802747629 -1.91236948978 5
  endloop
 endfacet
 facet normal 0 0 1
  outer loop
   vertex 4.34802747629 -1.91236948978 5
   vertex 4.31606891646 -1.98344374973 5
   vertex 4.7703919603 -2.19222730234 5
  endloop
 endfacet
 facet normal 0 0 1
  outer loop
   vertex 4.34802747629 -1.91236948978 5
   vertex 4.7703919603 -2.19222730234 5
   vertex 4.80571457906 -2.11367154133 5
  endloop
 endfacet
 facet normal 0 0 -1
  outer loop
   vertex 4.34802747629 -1.91236948978 -5
   vertex 4.80571457906 -2.11367154133 -5
   vertex 4.7703919603 -2.19222730234 -5
  endloop
 endfacet
 facet normal 0 -0 -1
  outer loop
   vertex 4.34802747629 -1.91236948978 -5
   vertex 4.7703919603 -2.19222730234 -5
   vertex 4.31606891646 -1.98344374973 -5
  endloop
 endfacet
 facet normal 0.905190199134 -0.42500670982 0
  outer loop
   vertex 4.7703919603 -2.19222730234 -5
   vertex 4.7703919603 -2.19222730234 5
   vertex 4.73378534761 -2.27019300563 5
  endloop
 endfacet
 facet normal 0.905190199134 -0.42500670982 0
  outer loop
   vertex 4.7703919603 -2.19222730234 -5
   vertex 4.73378534761 -2.27019300563 5
   vertex 4.73378534761 -2.27019300563 -5
  endloop
 endfacet
 facet normal -0.905190199134 0.42500670982 0
  outer loop
   vertex 4.31606891646 -1.98344374973 -5
   vertex 4.28294864783 -2.05398414795 -5
   vertex 4.28294864783 -2.05398414795 5
  endloop
 endfacet
 facet normal -0.905190199134 0.42500670982 0
  outer loop
   vertex 4.31606891646 -1.98344374973 -5
   vertex 4.28294864783 -2.05398414795 5
   vertex 4.31606891646 -1.98344374973 5
  endloop
 endfacet
 facet normal 0 0 1
  outer loop
   vertex 4.31606891646 -1.98344374973 5
   vertex 4.28294864783 -2.05398414795 5
   vertex 4.73378534761 -2.27019300563 5
  endloop
 endfacet
 facet normal 0 0 1
  outer loop
   vertex 4.31606891646 -1.98344374973 5
   vertex 4.73378534761 -2.27019300563 5
   vertex 4.7703919603 -2.19222730234 5
  endloop
 endfacet
 facet normal 0 0 -1
  outer loop
   vertex 4.31606891646 -1.98344374973 -5
   vertex 4.7703919603 -2.19222730234 -5
   vertex 4.73378534761 -2.27019300563 -5
  endloop
 endfacet
 facet normal 0 -0 -1
  outer loop
   vertex 4.31606891646 -1.98344374973 -5
   vertex 4.73378534761 -2.27019300563 -5
   vertex 4.28294864783 -2.05398414795 -5
  endloop
 endfacet
 facet normal 0.898095925556 -0.439799623125 0
  outer loop
   vertex 4.73378534761 -2.27019300563 -5
   vertex 4.73378534761 -2.27019300563 5
   vertex 4.69590459397 -2.34754766603 5
  endloop
 endfacet
 facet normal 0.898095925556 -0.439799623125 0
  outer loop
   vertex 4.73378534761 -2.27019300563 -5
   vertex 4.69590459397 -2.34754766603 5
   vertex 4.69590459397 -2.34754766603 -5
  endloop
 endfacet
 facet normal -0.898095925556 0.439799623125 0
  outer loop
   vertex 4.28294864783 -2.05398414795 -5
   vertex 4.24867558502 -2.12397169784 -5
   vertex 4.24867558502 -2.12397169784 5
  endloop
 endfacet
 facet normal -0.898095925556 0.439799623125 0
  outer loop
   vertex 4.28294864783 -2.05398414795 -5
   vertex 4.24867558502 -2.12397169784 5
   vertex 4.28294864783 -2.05398414795 5
  endloop
 endfacet
 facet normal 0 0 1
  outer loop
   vertex 4.28294864783 -2.05398414795 5
   vertex 4.24867558502 -2.12397169784 5
   vertex 4.69590459397 -2.34754766603 5
  endloop
 endfacet
 facet normal 0 0 1
  outer loop
   vertex 4.28294864783 -2.05398414795 5
   vertex 4.69590459397 -2.34754766603 5
   vertex 4.73378534761 -2.27019300563 5
  endloop
 endfacet
 facet normal 0 0 -1
  outer loop
   vertex 4.28294864783 -2.05398414795 -5
   vertex 4.73378534761 -2.27019300563 -5
   vertex 4.69590459397 -2.34754766603 -5
  endloop
 endfacet
 facet normal 0 -0 -1
  outer loop
   vertex 4.28294864783 -2.05398414795 -5
   vertex 4.69590459397 -2.34754766603 -5
   vertex 4.24867558502 -2.12397169784 -5
  endloop
 endfacet
 facet normal 0.890759921375 -0.454474160402 0
  outer loop
   vertex 4.69590459397 -2.34754766603 -5
   vertex 4.69590459397 -2.34754766603 5
   vertex 4.65675989535 -2.42427046285 5
  endloop
 endfacet
 facet normal 0.890759921375 -0.454474160402 0
  outer loop
   vertex 4.69590459397 -2.34754766603 -5
   vertex 4.65675989535 -2.42427046285 5
   vertex 4.65675989535 -2.42427046285 -5
  endloop
 endfacet
 facet normal -0.890759921375 0.454474160402 0
  outer loop
   vertex 4.24867558502 -2.12397169784 -5
   vertex 4.21325895293 -2.19338756163 -5
   vertex 4.21325895293 -2.19338756163 5
  endloop
 endfacet
 facet normal -0.890759921375 0.454474160402 0
  outer loop
   vertex 4.24867558502 -2.12397169784 -5
   vertex 4.21325895293 -2.19338756163 5
   vertex 4.24867558502 -2.12397169784 5
  endloop
 endfacet
 facet normal 0 0 1
  outer loop
   vertex 4.24867558502 -2.12397169784 5
   vertex 4.21325895293 -2.19338756163 5
   vertex 4.65675989535 -2.42427046285 5
  endloop
 endfacet
 facet normal 0 0 1
  outer loop
   vertex 4.24867558502 -2.12397169784 5
   vertex 4.65675989535 -2.42427046285 5
   vertex 4.69590459397 -2.34754766603 5
  endloop
 endfacet
 facet normal 0 0 -1
  outer loop
   vertex 4.24867558502 -2.12397169784 -5
   vertex 4.69590459397 -2.34754766603 -5
   vertex 4.65675989535 -2.42427046285 -5
  endloop
 endfacet
 facet normal 0 -0 -1
  outer loop
   vertex 4.24867558502 -2.12397169784 -5
   vertex 4.65675989535 -2.42427046285 -5
   vertex 4.21325895293 -2.19338756163 -5
  endloop
 endfacet
 facet normal 0.883184161143 -0.469026371867 0
  outer loop
   vertex 4.65675989535 -2.42427046285 -5
   vertex 4.65675989535 -2.42427046285 5
   vertex 4.61636178788 -2.50034074546 5
  endloop
 endfacet
 facet normal 0.883184161143 -0.469026371867 0
  outer loop
   vertex 4.65675989535 -2.42427046285 -5
   vertex 4.61636178788 -2.50034074546 5
   vertex 4.61636178788 -2.50034074546 -5
  endloop
 endfacet
 facet normal -0.883184161143 0.469026371867 0
  outer loop
   vertex 4.21325895293 -2.19338756163 -5
   vertex 4.17670828427 -2.26221305541 -5
   vertex 4.17670828427 -2.26221305541 5
  endloop
 endfacet
 facet normal -0.883184161143 0.469026371867 0
  outer loop
   vertex 4.21325895293 -2.19338756163 -5
   vertex 4.17670828427 -2.26221305541 5
   vertex 4.21325895293 -2.19338756163 5
  endloop
 endfacet
 facet normal 0 0 1
  outer loop
   vertex 4.21325895293 -2.19338756163 5
   vertex 4.17670828427 -2.26221305541 5
   vertex 4.61636178788 -2.50034074546 5
  endloop
 endfacet
 facet normal 0 0 1
  outer loop
   vertex 4.21325895293 -2.19338756163 5
   vertex 4.61636178788 -2.50034074546 5
   vertex 4.65675989535 -2.42427046285 5
  endloop
 endfacet
 facet normal 0 0 -1
  outer loop
   vertex 4.21325895293 -2.19338756163 -5
   vertex 4.65675989535 -2.42427046285 -5
   vertex 4.61636178788 -2.50034074546 -5
  endloop
 endfacet
 facet normal 0 -0 -1
  outer loop
   vertex 4.21325895293 -2.19338756163 -5
   vertex 4.61636178788 -2.50034074546 -5
   vertex 4.17670828427 -2.26221305541 -5
  endloop
 endfacet
 facet normal 0.875370683944 -0.483452340663 0
  outer loop
   vertex 4.61636178788 -2.50034074546 -5
   vertex 4.61636178788 -2.50034074546 5
   vertex 4.57472114508 -2.57573803884 5
  endloop
 endfacet
 facet normal 0.875370683944 -0.483452340663 0
  outer loop
   vertex 4.61636178788 -2.50034074546 -5
   vertex 4.57472114508 -2.57573803884 5
   vertex 4.57472114508 -2.57573803884 -5
  endloop
 endfacet
 facet normal -0.875370683944 0.483452340663 0
  outer loop
   vertex 4.17670828427 -2.26221305541 -5
   vertex 4.13903341698 -2.33042965419 -5
   vertex 4.13903341698 -2.33042965419 5
  endloop
 endfacet
 facet normal -0.875370683944 0.483452340663 0
  outer loop
   vertex 4.17670828427 -2.26221305541 -5
   vertex 4.13903341698 -2.33042965419 5
   vertex 4.17670828427 -2.26221305541 5
  endloop
 endfacet
 facet normal 0 0 1
  outer loop
   vertex 4.17670828427 -2.26221305541 5
   vertex 4.13903341698 -2.33042965419 5
   vertex 4.57472114508 -2.57573803884 5
  endloop
 endfacet
 facet normal 0 0 1
  outer loop
   vertex 4.17670828427 -2.26221305541 5
   vertex 4.57472114508 -2.57573803884 5
   vertex 4.61636178788 -2.50034074546 5
  endloop
 endfacet
 facet normal 0 0 -1
  outer loop
   vertex 4.17670828427 -2.26221305541 -5
   vertex 4.61636178788 -2.50034074546 -5
   vertex 4.57472114508 -2.57573803884 -5
  endloop
 endfacet
 facet normal 0 -0 -1
  outer loop
   vertex 4.17670828427 -2.26221305541 -5
   vertex 4.57472114508 -2.57573803884 -5
   vertex 4.13903341698 -2.33042965419 -5
  endloop
 endfacet
 facet normal 0.867321592845 -0.497748183909 0
  outer loop
   vertex 4.57472114508 -2.57573803884 -5
   vertex 4.57472114508 -2.57573803884 5
   vertex 4.53184917491 -2.65044204915 5
  endloop
 endfacet
 facet normal 0.867321592845 -0.497748183909 0
  outer loop
   vertex 4.57472114508 -2.57573803884 -5
   vertex 4.53184917491 -2.65044204915 5
   vertex 4.53184917491 -2.65044204915 -5
  endloop
 endfacet
 facet normal -0.867321592845 0.497748183909 0
  outer loop
   vertex 4.13903341698 -2.33042965419 -5
   vertex 4.10024449158 -2.39801899685 -5
   vertex 4.10024449158 -2.39801899685 5
  endloop
 endfacet
 facet normal -0.867321592845 0.497748183909 0
  outer loop
   vertex 4.13903341698 -2.33042965419 -5
   vertex 4.10024449158 -2.39801899685 5
   vertex 4.13903341698 -2.33042965419 5
  endloop
 endfacet
 facet normal 0 0 1
  outer loop
   vertex 4.13903341698 -2.33042965419 5
   vertex 4.10024449158 -2.39801899685 5
   vertex 4.53184917491 -2.65044204915 5
  endloop
 endfacet
 facet normal 0 0 1
  outer loop
   vertex 4.13903341698 -2.33042965419 5
   vertex 4.53184917491 -2.65044204915 5
   vertex 4.57472114508 -2.57573803884 5
  endloop
 endfacet
 facet normal 0 0 -1
  outer loop
   vertex 4.13903341698 -2.33042965419 -5
   vertex 4.57472114508 -2.57573803884 -5
   vertex 4.53184917491 -2.65044204915 -5
  endloop
 endfacet
 facet normal 0 -0 -1
  outer loop
   vertex 4.13903341698 -2.33042965419 -5
   vertex 4.53184917491 -2.65044204915 -5
   vertex 4.10024449158 -2.39801899685 -5
  endloop
 endfacet
 facet normal 0.5048461046 -0.863209366649 0
  outer loop
   vertex -4.10024449158 -2.39801899685 -5
   vertex -4.10024449158 -2.39801899685 5
   vertex -4.53184917491 -2.65044204915 5
  endloop
 endfacet
 facet normal 0.5048461046 -0.863209366649 0
  outer loop
   vertex -4.10024449158 -2.39801899685 -5
   vertex -4.53184917491 -2.65044204915 5
   vertex -4.53184917491 -2.65044204915 -5
  endloop
 endfacet
 facet normal -0.5048461046 -0.863209366649 0
  outer loop
   vertex 4.10024449158 -2.39801899685 -5
   vertex 4.53184917491 -2.65044204915 -5
   vertex 4.53184917491 -2.65044204915 5
  endloop
 endfacet
 facet normal -0.5048461046 -0.863209366649 0
  outer loop
   vertex 4.10024449158 -2.39801899685 -5
   vertex 4.53184917491 -2.65044204915 5
   vertex 4.10024449158 -2.39801899685 5
  endloop
 endfacet
endsolid enlarged_free_clip_mm
