case,distance_m,x_um,height_centered_um,p_MPa,wear_um,phase_A,loaded_gap_um
uniform,0.0,0.0,0.5,2.3623837608327865,0.0,False,-2.779326858178173e-16
uniform,0.0,1.484375,0.49489518415210065,2.347822283303895,0.0,False,-2.779326858178173e-16
uniform,0.0,2.96875,0.47976606479587086,2.3047489839948527,0.0,False,-1.7205356741102976e-16
uniform,0.0,4.453125,0.45516153056683156,2.2346206546766165,0.0,False,-4.367513634279986e-16
uniform,0.0,5.9375,0.42197301539744453,2.1400382472638975,0.0,False,-1.3234889800848443e-17
uniform,0.0,7.421875000000001,0.3814003715535366,2.0242912832843243,0.0,False,9.26442286059391e-17
uniform,0.0,8.90625,0.3349059420243247,1.8915912097008296,0.0,False,9.26442286059391e-17
uniform,0.0,10.390625,0.2841585967997873,1.7465473835015626,0.0,False,2.514629062161204e-16
uniform,0.0,11.875,0.23096988312782177,1.5943591494621463,0.0,False,1.3234889800848443e-17
uniform,0.0,13.359375000000002,0.17722474277682881,1.4402429623484325,0.0,False,-1.3234889800848443e-17
uniform,0.0,14.843750000000002,0.12480945799581636,1.2896151854553501,0.0,False,-3.970466940254533e-17
uniform,0.0,16.328125000000004,0.07553959424516744,1.1474950268751485,0.0,False,-9.26442286059391e-17
uniform,0.0,17.8125,0.031090707778999593,1.018714295372429,0.0,False,-5.293955920339377e-17
uniform,0.0,19.296875,-0.007065520205475,0.9073211127993922,0.0,False,7.940933880509066e-17
uniform,0.0,20.78125,-0.037717269787137415,0.8168527608240855,0.0,False,1.1911400820763599e-16
uniform,0.0,22.265625,-0.059958538762067796,0.7497602939495953,0.0,False,-1.3234889800848443e-17
uniform,0.0,23.75,-0.07322330470336304,0.7077764899762384,0.0,False,-1.3234889800848443e-17
uniform,0.0,25.234375000000004,-0.07730658138905301,0.691371875925033,0.0,False,1.0587911840678754e-16
uniform,0.0,26.718750000000004,-0.0723715620869103,0.7002427585004884,0.0,False,-6.617444900424221e-17
uniform,0.0,28.203125000000004,-0.05894257695252797,0.7327956513988102,0.0,False,3.970466940254533e-17
uniform,0.0,29.687500000000004,-0.03788413704173633,0.7867722227447342,0.0,False,-1.3234889800848443e-17
uniform,0.0,31.171875000000004,-0.010366872206595113,0.8587427849842102,0.0,False,-6.617444900424221e-17
uniform,0.0,32.65625000000001,0.022178326115227045,0.94487818783235,0.0,False,-6.617444900424221e-17
uniform,0.0,34.14062500000001,0.05811619285353858,1.0404148273515614,0.0,False,-1.4558378780933287e-16
uniform,0.0,35.625,0.09567085809127227,1.140581072404088,0.0,False,-2.6469779601696886e-17
uniform,0.0,37.109375,0.13299504385208694,1.2399762549976618,0.0,False,-3.970466940254533e-17
uniform,0.0,38.59375,0.16824202740488794,1.3336650431918224,0.0,False,1.4558378780933287e-16
uniform,0.0,40.078125,0.1996376032307165,1.4163892230078148,0.0,False,-9.26442286059391e-17
uniform,0.0,41.5625,0.22554927580066894,1.4838632614500449,0.0,False,-1.3234889800848443e-17
uniform,0.0,43.046875,0.24455002168947665,1.531704274352919,0.0,False,3.970466940254533e-17
uniform,0.0,44.53125,0.2554741682102118,1.5570063496281563,0.0,False,-6.617444900424221e-17
uniform,0.0,46.015625,0.2574632386826621,1.5568148316547674,0.0,False,9.26442286059391e-17
uniform,0.0,47.5,0.25000000000000006,1.5301496177737117,0.0,False,3.970466940254533e-17
uniform,0.0,48.984375,0.23292940151895314,1.475721249630396,0.0,False,1.4558378780933287e-16
uniform,0.0,50.46875000000001,0.20646559804543152,1.3947796573656237,0.0,False,3.970466940254533e-17
uniform,0.0,51.95312500000001,0.1711847844617958,1.287435016452515,0.0,False,1.4558378780933287e-16
uniform,0.0,53.43750000000001,0.1280041147926049,1.157246490600388,0.0,False,-1.3234889800848443e-17
uniform,0.0,54.92187500000001,0.07814751327908463,1.0044134271661416,0.0,False,2.6469779601696886e-17
uniform,0.0,56.40625000000001,0.02309968877765684,0.8348500413394452,0.0,False,2.6469779601696886e-17
uniform,0.0,57.89062500000001,-0.03544988284402277,0.6430047381666633,0.0,False,-1.1911400820763599e-16
uniform,0.0,59.37500000000001,-0.09567085809127232,0.4381749517531529,0.0,False,6.617444900424221e-17
uniform,0.0,60.859375,-0.15566135386160224,0.11307435701081785,0.0,False,-1.9852334701272664e-16
uniform,0.0,62.34375000000001,-0.21352004229777188,0.0,0.0,False,0.014337942385639589
uniform,0.0,63.828125,-0.2674182443032058,0.0,0.0,False,0.04028213423276763
uniform,0.0,65.31250000000001,-0.3156692535515375,0.0,0.0,False,0.06934449708960143
uniform,0.0,66.796875,-0.35679222919874465,0.0,0.0,False,0.09741236519160099
uniform,0.0,68.28125000000001,-0.3895682041687332,0.0,0.0,False,0.12179076747964189
uniform,0.0,69.765625,-0.41308605881256205,0.0,0.0,False,0.14064967255788094
uniform,0.0,71.25,-0.42677669529663675,0.0,0.0,False,0.15273716876584026
uniform,0.0,72.734375,-0.4304341014395474,0.0,0.0,False,0.15740678309328385
uniform,0.0,74.21875,-0.42422249646850596,0.0,0.0,False,0.15449168570988425
uniform,0.0,75.703125,-0.4086692859457976,0.0,0.0,False,0.14435292243969963
uniform,0.0,77.1875,-0.38464409837227337,0.0,0.0,False,0.1277763684752683
uniform,0.0,78.671875,-0.3533247107549686,0.0,0.0,False,0.10602336880523713
uniform,0.0,80.15625,-0.31615117417836136,0.0,0.0,False,0.08072211561150637
uniform,0.0,81.64062500000001,-0.2747699037848928,0.0,0.0,False,0.05400255569048551
uniform,0.0,83.125,-0.23096988312782174,0.0,0.0,False,0.028404081207378796
uniform,0.0,84.60937500000001,-0.1866134357917229,0.0,0.0,False,0.007930116350994732
uniform,0.0,86.09375,-0.14356422584178014,0.15305872689184463,0.0,False,1.1911400820763599e-16
uniform,0.0,87.57812500000001,-0.10361525504373519,0.3591469770479233,0.0,False,1.9852334701272664e-16
uniform,0.0,89.0625,-0.06841962480417095,0.482747054154269,0.0,False,9.26442286059391e-17
uniform,0.0,90.54687500000001,-0.03942672441555893,0.5787482534609013,0.0,False,6.617444900424221e-17
uniform,0.0,92.03125,-0.017826298540227464,0.6465302053094443,0.0,False,1.1911400820763599e-16
uniform,0.0,93.51562500000001,-0.004502543950485486,0.6877910520589472,0.0,False,9.26442286059391e-17
uniform,0.0,95.0,2.274746684520826e-17,0.7014915975822982,0.0,False,3.970466940254533e-17
uniform,0.0,96.484375,-0.004502543950485433,0.6877910520589493,0.0,False,1.4558378780933287e-16
uniform,0.0,97.96875,-0.017826298540227544,0.6465302053094463,0.0,False,4.1028158382630173e-16
uniform,0.0,99.453125,-0.03942672441555879,0.5787482534608973,0.0,False,-1.7205356741102976e-16
uniform,0.0,100.93750000000001,-0.06841962480417077,0.48274705415426883,0.0,False,-3.970466940254533e-17
uniform,0.0,102.421875,-0.103615255043735,0.35914697704792803,0.0,False,3.5734202462290796e-16
uniform,0.0,103.90625000000001,-0.1435642258417799,0.15305872689184308,0.0,False,-1.3234889800848443e-17
uniform,0.0,105.390625,-0.18661343579172274,0.0,0.0,False,0.007930116350994627
uniform,0.0,106.87500000000001,-0.23096988312782155,0.0,0.0,False,0.028404081207378636
uniform,0.0,108.359375,-0.2747699037848926,0.0,0.0,False,0.0540025556904854
uniform,0.0,109.84375000000001,-0.31615117417836114,0.0,0.0,False,0.0807221156115062
uniform,0.0,111.328125,-0.35332471075496874,0.0,0.0,False,0.10602336880523734
uniform,0.0,112.81250000000001,-0.3846440983722732,0.0,0.0,False,0.12777636847526824
uniform,0.0,114.296875,-0.40866928594579727,0.0,0.0,False,0.14435292243969935
uniform,0.0,115.78125000000001,-0.42422249646850585,0.0,0.0,False,0.15449168570988425
uniform,0.0,117.265625,-0.4304341014395474,0.0,0.0,False,0.15740678309328385
uniform,0.0,118.75000000000001,-0.4267766952966369,0.0,0.0,False,0.15273716876584043
uniform,0.0,120.234375,-0.41308605881256216,0.0,0.0,False,0.140649672557881
uniform,0.0,121.71875,-0.38956820416873333,0.0,0.0,False,0.12179076747964189
uniform,0.0,123.203125,-0.35679222919874515,0.0,0.0,False,0.0974123651916014
uniform,0.0,124.68750000000001,-0.3156692535515374,0.0,0.0,False,0.06934449708960119
uniform,0.0,126.17187500000001,-0.2674182443032061,0.0,0.0,False,0.040282134232767816
uniform,0.0,127.65625,-0.21352004229777213,0.0,0.0,False,0.014337942385639589
uniform,0.0,129.140625,-0.1556613538616031,0.11307435701080588,0.0,False,9.26442286059391e-17
uniform,0.0,130.62500000000003,-0.09567085809127207,0.4381749517531674,0.0,False,1.852884572118782e-16
uniform,0.0,132.109375,-0.03544988284402279,0.6430047381666559,0.0,False,-2.3161057151484775e-16
uniform,0.0,133.59375,0.02309968877765681,0.8348500413394613,0.0,False,1.852884572118782e-16
uniform,0.0,135.078125,0.07814751327908341,1.0044134271661065,0.0,False,-1.1911400820763599e-16
uniform,0.0,136.56250000000003,0.12800411479260532,1.157246490600411,0.0,False,1.9852334701272664e-16
uniform,0.0,138.046875,0.17118478446179614,1.2874350164525215,0.0,False,1.1911400820763599e-16
uniform,0.0,139.53125,0.2064655980454311,1.3947796573656093,0.0,False,-1.9852334701272664e-16
uniform,0.0,141.015625,0.23292940151895314,1.4757212496304024,0.0,False,9.26442286059391e-17
uniform,0.0,142.5,0.24999999999999972,1.530149617773701,0.0,False,-6.617444900424221e-17
uniform,0.0,143.98437500000003,0.2574632386826621,1.5568148316547756,0.0,False,3.5734202462290796e-16
uniform,0.0,145.46875,0.2554741682102119,1.5570063496281537,0.0,False,-1.1911400820763599e-16
uniform,0.0,146.953125,0.24455002168947695,1.5317042743529183,0.0,False,-6.617444900424221e-17
uniform,0.0,148.4375,0.22554927580066936,1.4838632614500469,0.0,False,1.3234889800848443e-17
uniform,0.0,149.92187500000003,0.1996376032307166,1.4163892230078166,0.0,False,2.779326858178173e-16
uniform,0.0,151.40625,0.16824202740488825,1.3336650431918202,0.0,False,1.4558378780933287e-16
uniform,0.0,152.890625,0.13299504385208746,1.2399762549976672,0.0,False,1.9852334701272664e-16
uniform,0.0,154.375,0.09567085809127296,1.1405810724041043,0.0,False,9.26442286059391e-17
uniform,0.0,155.85937500000003,0.05811619285353774,1.0404148273515363,0.0,False,-5.293955920339377e-17
uniform,0.0,157.34375,0.022178326115227055,0.9448781878323563,0.0,False,1.7205356741102976e-16
uniform,0.0,158.828125,-0.010366872206594928,0.8587427849842157,0.0,False,2.514629062161204e-16
uniform,0.0,160.3125,-0.03788413704173609,0.7867722227447344,0.0,False,-1.3234889800848443e-17
uniform,0.0,161.79687500000003,-0.058942576952527755,0.7327956513988103,0.0,False,-9.26442286059391e-17
uniform,0.0,163.28125000000003,-0.0723715620869103,0.7002427585004897,0.0,False,-9.26442286059391e-17
uniform,0.0,164.765625,-0.07730658138905301,0.6913718759250277,0.0,False,-1.4558378780933287e-16
uniform,0.0,166.25,-0.07322330470336312,0.7077764899762444,0.0,False,6.617444900424221e-17
uniform,0.0,167.734375,-0.059958538762068296,0.7497602939495853,0.0,False,-2.6469779601696886e-17
uniform,0.0,169.21875000000003,-0.037717269787137256,0.8168527608240932,0.0,False,9.26442286059391e-17
uniform,0.0,170.703125,-0.007065520205474947,0.9073211127993971,0.0,False,-2.6469779601696886e-17
uniform,0.0,172.1875,0.031090707778998666,1.0187142953724202,0.0,False,-3.970466940254533e-17
uniform,0.0,173.671875,0.0755395942451665,1.1474950268751327,0.0,False,-9.26442286059391e-17
uniform,0.0,175.15625000000003,0.12480945799581691,1.2896151854553735,0.0,False,-1.7205356741102976e-16
uniform,0.0,176.640625,0.17722474277682823,1.4402429623484245,0.0,False,-6.617444900424221e-17
uniform,0.0,178.125,0.230969883127821,1.594359149462136,0.0,False,-1.4558378780933287e-16
uniform,0.0,179.609375,0.2841585967997873,1.7465473835015684,0.0,False,-1.7205356741102976e-16
uniform,0.0,181.09375000000003,0.3349059420243245,1.8915912097008218,0.0,False,-3.8381180422460484e-16
uniform,0.0,182.57812500000003,0.3814003715535363,2.0242912832843194,0.0,False,-6.617444900424221e-17
uniform,0.0,184.0625,0.4219730153974448,2.1400382472639143,0.0,False,3.970466940254533e-17
uniform,0.0,185.546875,0.4551615305668312,2.2346206546766036,0.0,False,-5.426304818347862e-16
uniform,0.0,187.03125000000003,0.479766064795871,2.304748983994854,0.0,False,-3.8381180422460484e-16
uniform,0.0,188.51562500000003,0.49489518415210065,2.3478222833039,0.0,False,-6.617444900424221e-17
uniform,40.0,0.0,0.14551312773944947,1.3262950033680077,0.7025857812455691,False,-2.1175823681357508e-16
uniform,40.0,1.484375,0.1438600503885158,1.3215876971483531,0.6991340427486035,False,0.0
uniform,40.0,2.96875,0.13896165567328947,1.3076370597052192,0.6889033181076002,False,-1.0587911840678754e-16
uniform,40.0,4.453125,0.13099812533500682,1.284950420879166,0.6722623142168435,False,-1.0587911840678754e-16
uniform,40.0,5.9375,0.12026207898905289,1.2543516826301624,0.6498098453934106,False,-1.0587911840678754e-16
uniform,40.0,7.421875000000001,0.10714736198577918,1.2169498137858525,0.6223519185527758,False,-5.293955920339377e-17
uniform,40.0,8.90625,0.09213395320269843,1.1740963400801543,0.5908708978066449,False,-1.0587911840678754e-16
uniform,40.0,10.390625,0.07576957799849446,1.1273336500688576,0.5564879277863114,False,-5.293955920339377e-17
uniform,40.0,11.875,0.058648727495253336,1.0783359141521724,0.5204200646175869,False,-1.0587911840678754e-16
uniform,40.0,13.359375000000002,0.041389895771785895,1.0288450770625175,0.48393375599006166,False,-1.0587911840678754e-16
uniform,40.0,14.843750000000002,0.02461190415912867,0.9806041901804288,0.4482964628217062,False,-1.0587911840678754e-16
uniform,40.0,16.328125000000004,0.008910227904274926,0.9352908401786045,0.41472827532591117,False,-1.0587911840678754e-16
uniform,40.0,17.8125,-0.005165770780860345,0.894453033318427,0.38435538754487863,False,-1.0587911840678754e-16
uniform,40.0,19.296875,-0.017133822763124477,0.859450200269485,0.3581672115426681,False,0.0
uniform,40.0,20.78125,-0.02659714481135571,0.8314013824286615,0.3369787840092368,False,5.293955920339377e-17
uniform,40.0,22.265625,-0.03325953252533335,0.8111428004584276,0.32139990274828417,False,-2.1175823681357508e-16
uniform,40.0,23.75,-0.03693657954621014,0.7991962204643421,0.31181218382786574,False,-2.1175823681357508e-16
uniform,40.0,25.234375000000004,-0.03756258573417939,0.7957495542474505,0.308354913330145,False,-2.1175823681357508e-16
uniform,40.0,26.718750000000004,-0.03519289534304962,0.800650212859632,0.31092024224115794,False,-1.5881867761018131e-16
uniform,40.0,28.203125000000004,-0.030001568781448933,0.8134117040976053,0.31915790081393963,False,-1.0587911840678754e-16
uniform,40.0,29.687500000000004,-0.022274484360807038,0.8332329806278889,0.3324892563040893,False,0.0
uniform,40.0,31.171875000000004,-0.012398128119228798,0.8590300490434435,0.3501301648976523,False,5.293955920339377e-17
uniform,40.0,32.65625000000001,-0.0008445100304469181,0.8894783692086713,0.3711217451306926,False,1.5881867761018131e-16
uniform,40.0,34.14062500000001,0.011847221225882902,0.923064692653655,0.3943678806126744,False,-5.293955920339377e-17
uniform,40.0,35.625,0.025091750023870995,0.9581460730505624,0.41867801705241986,False,0.0
uniform,40.0,37.109375,0.03828035401445431,0.9930140918200308,0.44281359882265114,False,-1.0587911840678754e-16
uniform,40.0,38.59375,0.05080456830678327,1.0259615348046491,0.4655363680831234,False,-1.0587911840678754e-16
uniform,40.0,40.078125,0.06207985192037496,1.0553493143232644,0.48565666029536003,False,0.0
uniform,40.0,41.5625,0.07156833417755953,1.079670747959212,0.502079850608128,False,0.0
uniform,40.0,43.046875,0.0787997724375757,1.0976111482937014,0.5138491582369198,False,-5.293955920339377e-17
uniform,40.0,44.53125,0.08338989546670997,1.1081000996902133,0.5201831817285204,False,-1.0587911840678754e-16
uniform,40.0,46.015625,0.08505542377108662,1.1103549373635269,0.520506723896594,False,5.293955920339377e-17
uniform,40.0,47.5,0.08362514781563257,1.1039134027697433,0.5144737611693861,False,-5.293955920339377e-17
uniform,40.0,48.984375,0.07904660124355248,1.0886548489951173,0.5019817092604193,False,-1.0587911840678754e-16
uniform,40.0,50.46875000000001,0.07138796395296049,1.0648086672324413,0.4831765430774895,False,2.1175823681357508e-16
uniform,40.0,51.95312500000001,0.06083497322924495,1.0329499944669145,0.4584487202175695,False,1.0587911840678754e-16
uniform,40.0,53.43750000000001,0.04768265120776357,0.9939810824146578,0.42842037256985976,False,1.0587911840678754e-16
uniform,40.0,54.92187500000001,0.032321704069207625,0.949096553309128,0.3939247181948955,False,-1.0587911840678754e-16
uniform,40.0,56.40625000000001,0.015219371535042278,0.8997248109597261,0.35597922622763317,False,-5.293955920339377e-17
uniform,40.0,57.89062500000001,-0.0031052857135979695,0.8474320322055311,0.31575431185459385,False,0.0
uniform,40.0,59.37500000000001,-0.022110670081706942,0.7937664273513888,0.27453872097545323,False,-1.0587911840678754e-16
uniform,40.0,60.859375,-0.041261992259114644,0.7400434178551107,0.23369954738253113,False,-5.293955920339377e-17
uniform,40.0,62.34375000000001,-0.0600498610728526,0.6871612712910932,0.19462872776009948,False,0.0
uniform,40.0,63.828125,-0.07798379296112945,0.6356625178013785,0.15866445764294237,False,-5.293955920339377e-17
uniform,40.0,65.31250000000001,-0.09455861505042364,0.5861544133197027,0.1269882704839048,False,0.0
uniform,40.0,66.796875,-0.10921571460731525,0.5398764956288462,0.10052239439358926,False,-1.0587911840678754e-16
uniform,40.0,68.28125000000001,-0.12133302469620263,0.49904578142072115,0.07986372951248805,False,-1.0587911840678754e-16
uniform,40.0,69.765625,-0.1302673028984455,0.46674826668877467,0.06528015307090221,False,-1.0587911840678754e-16
uniform,40.0,71.25,-0.13545189889633658,0.44627920434278956,0.05677411258471859,False,0.0
uniform,40.0,72.734375,-0.13652455511015288,0.4400629752759567,0.05418936265562417,False,1.0587911840678754e-16
uniform,40.0,74.21875,-0.13343084521861942,0.44873161919491306,0.0573072577351321,False,1.0587911840678754e-16
uniform,40.0,75.703125,-0.12645504301921048,0.47084950348743554,0.06588466605843167,False,-5.293955920339377e-17
uniform,40.0,77.1875,-0.11616450628279708,0.5034513429151274,0.07961931689554233,False,0.0
uniform,40.0,78.671875,-0.10329931362973753,0.542979097611471,0.09807351185978755,False,-1.5881867761018131e-16
uniform,40.0,80.15625,-0.08865525321302342,0.5861335508925676,0.12060298801968072,False,-1.5881867761018131e-16
uniform,40.0,81.64062500000001,-0.07299692380749306,0.630329906853755,0.1463259290076187,False,-1.0587911840678754e-16
uniform,40.0,83.125,-0.05701200807268679,0.6737942365081836,0.17414103392988364,False,0.0
uniform,40.0,84.60937500000001,-0.04130225854883761,0.7154091989119387,0.20278773174213327,False,-2.6469779601696886e-16
uniform,40.0,86.09375,-0.02639969446414618,0.7543912140057635,0.2309343776073847,False,-4.2351647362715017e-16
uniform,40.0,87.57812500000001,-0.012789941749554432,0.7899518464598834,0.25727359569083796,False,0.0
uniform,40.0,89.0625,-0.0009243874822434018,0.8211253641815931,0.28060367166309114,False,0.0
uniform,40.0,90.54687500000001,0.008786713429249778,0.8468280725903266,0.2998854711402099,False,-1.0587911840678754e-16
uniform,40.0,92.03125,0.015993829487323245,0.8660286744057407,0.31427878095746786,False,0.0
uniform,40.0,93.51562500000001,0.020429884749572365,0.8779010483702451,0.32316648028496076,False,1.5881867761018131e-16
uniform,40.0,95.0,0.021927553589640283,0.8819185266933341,0.32617135539537834,False,1.0587911840678754e-16
uniform,40.0,96.484375,0.02042988474957268,0.8779010483702453,0.3231664802849604,False,-1.0587911840678754e-16
uniform,40.0,97.96875,0.01599382948732309,0.8660286744057408,0.3142787809574679,False,1.5881867761018131e-16
uniform,40.0,99.453125,0.008786713429249724,0.8468280725903254,0.2998854711402101,False,0.0
uniform,40.0,100.93750000000001,-0.0009243874822431901,0.8211253641815942,0.2806036716630911,False,-5.293955920339377e-17
uniform,40.0,102.421875,-0.012789941749554485,0.789951846459883,0.2572735956908381,False,1.5881867761018131e-16
uniform,40.0,103.90625000000001,-0.02639969446414629,0.7543912140057648,0.23093437760738506,False,-1.0587911840678754e-16
uniform,40.0,105.390625,-0.041302258548837664,0.7154091989119382,0.2027877317421333,False,-5.293955920339377e-17
uniform,40.0,106.87500000000001,-0.057012008072686686,0.6737942365081843,0.17414103392988395,False,1.0587911840678754e-16
uniform,40.0,108.359375,-0.07299692380749312,0.6303299068537566,0.14632592900761926,False,1.5881867761018131e-16
uniform,40.0,109.84375000000001,-0.08865525321302353,0.5861335508925688,0.12060298801968107,False,1.0587911840678754e-16
uniform,40.0,111.328125,-0.103299313629738,0.5429790976114705,0.09807351185978787,False,4.2351647362715017e-16
uniform,40.0,112.81250000000001,-0.11616450628279676,0.5034513429151282,0.07961931689554219,False,-2.1175823681357508e-16
uniform,40.0,114.296875,-0.1264550430192104,0.4708495034874357,0.0658846660584319,False,-1.0587911840678754e-16
uniform,40.0,115.78125000000001,-0.13343084521861942,0.4487316191949117,0.05730725773513217,False,5.293955920339377e-17
uniform,40.0,117.265625,-0.13652455511015227,0.44006297527595684,0.05418936265562352,False,-5.823351512373315e-16
uniform,40.0,118.75000000000001,-0.1354518988963367,0.44627920434278906,0.056774112584718525,False,5.293955920339377e-17
uniform,40.0,120.234375,-0.1302673028984457,0.4667482666887741,0.06528015307090232,False,0.0
uniform,40.0,121.71875,-0.12133302469620295,0.4990457814207216,0.07986372951248827,False,1.5881867761018131e-16
uniform,40.0,123.203125,-0.10921571460731573,0.539876495628846,0.10052239439358918,False,2.1175823681357508e-16
uniform,40.0,124.68750000000001,-0.09455861505042358,0.5861544133197022,0.12698827048390485,False,-1.5881867761018131e-16
uniform,40.0,126.17187500000001,-0.07798379296112956,0.6356625178013784,0.158664457642942,False,-5.293955920339377e-17
uniform,40.0,127.65625,-0.06004986107285281,0.6871612712910926,0.19462872776009935,False,1.0587911840678754e-16
uniform,40.0,129.140625,-0.04126199225911507,0.7400434178551102,0.23369954738253065,False,2.6469779601696886e-16
uniform,40.0,130.62500000000003,-0.022110670081707046,0.7937664273513892,0.27453872097545373,False,-1.0587911840678754e-16
uniform,40.0,132.109375,-0.003105285713597387,0.8474320322055311,0.31575431185459335,False,-6.88214269644119e-16
uniform,40.0,133.59375,0.01521937153504212,0.8997248109597263,0.35597922622763334,False,0.0
uniform,40.0,135.078125,0.032321704069207674,0.949096553309127,0.3939247181948943,False,-3.1763735522036263e-16
uniform,40.0,136.56250000000003,0.047682651207763944,0.9939810824146573,0.42842037256986,False,-4.2351647362715017e-16
uniform,40.0,138.046875,0.06083497322924479,1.0329499944669145,0.45844872021757,False,2.1175823681357508e-16
uniform,40.0,139.53125,0.07138796395296064,1.064808667232441,0.48317654307748903,False,0.0
uniform,40.0,141.015625,0.079046601243552,1.088654848995118,0.5019817092604199,False,4.2351647362715017e-16
uniform,40.0,142.5,0.08362514781563248,1.1039134027697433,0.5144737611693858,False,1.0587911840678754e-16
uniform,40.0,143.98437500000003,0.08505542377108671,1.1103549373635264,0.5205067238965937,False,-1.0587911840678754e-16
uniform,40.0,145.46875,0.08338989546671012,1.1081000996902137,0.5201831817285205,False,-1.0587911840678754e-16
uniform,40.0,146.953125,0.07879977243757574,1.097611148293702,0.51384915823692,False,5.293955920339377e-17
uniform,40.0,148.4375,0.0715683341775597,1.0796707479592125,0.5020798506081282,False,0.0
uniform,40.0,149.92187500000003,0.06207985192037512,1.055349314323265,0.4856566602953599,False,5.293955920339377e-17
uniform,40.0,151.40625,0.05080456830678306,1.0259615348046494,0.4655363680831238,False,2.6469779601696886e-16
uniform,40.0,152.890625,0.038280354014454364,0.993014091820031,0.44281359882265153,False,0.0
uniform,40.0,154.375,0.02509175002387115,0.9581460730505632,0.41867801705242036,False,0.0
uniform,40.0,155.85937500000003,0.011847221225883008,0.923064692653655,0.3943678806126734,False,-5.293955920339377e-17
uniform,40.0,157.34375,-0.0008445100304471829,0.889478369208671,0.3711217451306929,False,4.764560328305439e-16
uniform,40.0,158.828125,-0.01239812811922848,0.8590300490434445,0.35013016489765214,False,-1.5881867761018131e-16
uniform,40.0,160.3125,-0.022274484360806934,0.8332329806278885,0.3324892563040895,False,-5.293955920339377e-17
uniform,40.0,161.79687500000003,-0.030001568781448988,0.8134117040976059,0.31915790081393974,False,1.0587911840678754e-16
uniform,40.0,163.28125000000003,-0.03519289534304978,0.8006502128596322,0.31092024224115805,False,5.293955920339377e-17
uniform,40.0,164.765625,-0.03756258573417966,0.7957495542474516,0.30835491333014525,False,5.293955920339377e-17
uniform,40.0,166.25,-0.0369365795462104,0.7991962204643416,0.31181218382786585,False,0.0
uniform,40.0,167.734375,-0.03325953252533324,0.8111428004584273,0.3213999027482836,False,-3.705769144237564e-16
uniform,40.0,169.21875000000003,-0.026597144811355816,0.8314013824286614,0.3369787840092372,False,5.293955920339377e-17
uniform,40.0,170.703125,-0.01713382276312458,0.8594502002694835,0.3581672115426683,False,-1.5881867761018131e-16
uniform,40.0,172.1875,-0.005165770780859975,0.8944530333184256,0.3843553875448772,False,-6.352747104407253e-16
uniform,40.0,173.671875,0.008910227904274714,0.9352908401786051,0.4147282753259105,False,0.0
uniform,40.0,175.15625000000003,0.024611904159128513,0.9806041901804287,0.448296462821707,False,-5.293955920339377e-17
uniform,40.0,176.640625,0.04138989577178579,1.0288450770625175,0.483933755990061,False,-1.0587911840678754e-16
uniform,40.0,178.125,0.058648727495253336,1.078335914152172,0.5204200646175862,False,-2.1175823681357508e-16
uniform,40.0,179.609375,0.07576957799849446,1.1273336500688576,0.5564879277863114,False,-1.0587911840678754e-16
uniform,40.0,181.09375000000003,0.09213395320269849,1.174096340080155,0.5908708978066445,False,-2.1175823681357508e-16
uniform,40.0,182.57812500000003,0.10714736198577897,1.2169498137858519,0.6223519185527758,False,5.293955920339377e-17
uniform,40.0,184.0625,0.1202620789890527,1.2543516826301628,0.6498098453934109,False,1.0587911840678754e-16
uniform,40.0,185.546875,0.13099812533500652,1.284950420879166,0.6722623142168433,False,1.0587911840678754e-16
uniform,40.0,187.03125000000003,0.1389616556732899,1.3076370597052187,0.6889033181076,False,-6.88214269644119e-16
uniform,40.0,188.51562500000003,0.14386005038851604,1.321587697148352,0.6991340427486035,False,-3.705769144237564e-16
uniform,160.0,0.0,0.0038474170505655627,0.8817975615694982,1.8885482188895073,False,-6.352747104407253e-16
uniform,160.0,1.484375,0.0037903602041059743,0.8816361281993952,1.8835004598880674,False,-4.2351647362715017e-16
uniform,160.0,2.96875,0.0036213462897066433,0.8811578948508512,1.8685403544462371,False,-4.2351647362715017e-16
uniform,160.0,4.453125,0.0033467624561435943,0.880380829132999,1.8442104040507603,False,-6.352747104407253e-16
uniform,160.0,5.9375,0.002976981373936086,0.8793341104141938,1.8113916699635821,False,-4.2351647362715017e-16
uniform,160.0,7.421875000000001,0.0025259633645035064,0.8780570107991833,1.7712700441291052,False,-6.352747104407253e-16
uniform,160.0,8.90625,0.0020107209365220514,0.8765973891668875,1.7252908570278755,False,-4.2351647362715017e-16
uniform,160.0,10.390625,0.0014506662868922664,0.8750098561288358,1.6751035664529683,False,-2.1175823681357508e-16
uniform,160.0,11.875,0.0008668668145097878,0.8733536804064653,1.6224986522533849,False,-4.2351647362715017e-16
uniform,160.0,13.359375000000002,0.0002812372225670526,0.8716905170516841,1.5693391414943343,False,-4.2351647362715017e-16
uniform,160.0,14.843750000000002,-0.00028430078624862624,0.870082044766884,1.517489394722138,False,-4.2351647362715017e-16
uniform,160.0,16.328125000000004,-0.0008086589808611032,0.8685876030546694,1.4687438891661013,False,-2.1175823681357508e-16
uniform,160.0,17.8125,-0.0012723910015782361,0.8672619199097431,1.42475873472065,False,-4.2351647362715017e-16
uniform,160.0,19.296875,-0.0016584376933229613,0.8661530172561989,1.38698855342792,False,0.0
uniform,160.0,20.78125,-0.00195278081068863,0.8653003744669,1.3566311469636232,False,-4.2351647362715017e-16
uniform,160.0,22.265625,-0.002144980063897893,0.8647334203421173,1.3345820772419017,False,-2.1175823681357508e-16
uniform,160.0,23.75,-0.0022285729661292164,0.8644704112543534,1.3214009042028385,False,-4.2351647362715017e-16
uniform,160.0,25.234375000000004,-0.002201322221264578,0.8645177382747579,1.317290376772284,False,-2.1175823681357508e-16
uniform,160.0,26.718750000000004,-0.002065301252778738,0.8648696895552499,1.3220893751059408,False,-4.2351647362715017e-16
uniform,160.0,28.203125000000004,-0.001826814692508509,0.8655086766916826,1.3352798736800533,False,-2.1175823681357508e-16
uniform,160.0,29.687500000000004,-0.001496156981642509,0.8664059159121842,1.3560076558799785,False,-4.2351647362715017e-16
uniform,160.0,31.171875000000004,-0.0010872184399574741,0.8675225374187644,1.3831159821734347,False,-2.1175823681357508e-16
uniform,160.0,32.65625000000001,-0.0006169539922802774,0.8688110797387842,1.4151909160475795,False,-4.2351647362715017e-16
uniform,160.0,34.14062500000001,-0.00010473497668259067,0.8702173111643169,1.4506165637702932,False,-4.2351647362715017e-16
uniform,160.0,35.625,0.0004283911067947589,0.8716823078535323,1.48763810292455,False,-2.1175823681357508e-16
uniform,160.0,37.109375,0.0009605045877241388,0.873144708442699,1.5244301752044356,False,-4.2351647362715017e-16
uniform,160.0,38.59375,0.0014696506860176223,0.874543058464526,1.5591680126589431,False,-4.2351647362715017e-16
uniform,160.0,40.078125,0.0019346778174986455,0.875818154769092,1.59009856135329,False,-6.352747104407253e-16
uniform,160.0,41.5625,0.002336045407489505,0.8769153006382446,1.615608866333251,False,-2.1175823681357508e-16
uniform,160.0,43.046875,0.0026565707941306545,0.8777863863707237,1.6342890868354187,False,-4.2351647362715017e-16
uniform,160.0,44.53125,0.00288208729051275,0.8783917176350788,1.6449877168597717,False,-4.2351647362715017e-16
uniform,160.0,46.015625,0.0030019890169507464,0.8787015245162193,1.6468568856057837,False,-2.1175823681357508e-16
uniform,160.0,47.5,0.003009642549278046,0.8786970974295994,1.639385993390794,False,-2.1175823681357508e-16
uniform,160.0,48.984375,0.002902650550936153,0.8783715112834727,1.622422386908089,False,-2.1175823681357508e-16
uniform,160.0,50.46875000000001,0.00268295812823317,0.8777299156224901,1.5961782758572707,False,-4.2351647362715017e-16
uniform,160.0,51.95312500000001,0.0023567984133372097,0.8767893850497117,1.5612236219885307,False,-2.1175823681357508e-16
uniform,160.0,53.43750000000001,0.0019344795830419604,0.875578340012757,1.5184652711496351,False,-4.2351647362715017e-16
uniform,160.0,54.92187500000001,0.0014300209320099923,0.8741355621260614,1.4691131282871466,False,-2.1175823681357508e-16
uniform,160.0,56.40625000000001,0.0008606505560888274,0.8725088398690188,1.41463467416164,False,-4.2351647362715017e-16
uniform,160.0,57.89062500000001,0.00024618155687051763,0.8707532894382407,1.356699571539179,False,-2.1175823681357508e-16
uniform,160.0,59.37500000000001,-0.00039171256819990044,0.868929401983133,1.2971164904169998,False,-6.352747104407253e-16
uniform,160.0,60.859375,-0.0010302994753773125,0.867100873295199,1.237764581553847,False,-4.2351647362715017e-16
uniform,160.0,62.34375000000001,-0.001646639812692328,0.8653322766324522,1.1805222334549925,False,-2.1175823681357508e-16
uniform,160.0,63.828125,-0.002218460255004988,0.8636866452724468,1.127195851891872,False,-4.2351647362715017e-16
uniform,160.0,65.31250000000001,-0.0027250165281994736,0.862223039690789,1.0794513989167343,False,-4.2351647362715017e-16
uniform,160.0,66.796875,-0.0031479135673821326,0.860994184955341,1.0387513203087093,False,-2.1175823681357508e-16
uniform,160.0,68.28125000000001,-0.0034718491104398625,0.8600442754360021,1.006299280881778,False,-2.1175823681357508e-16
uniform,160.0,69.765625,-0.0036852474817415373,0.8594070530951995,0.9829948246092516,False,-4.2351647362715017e-16
uniform,160.0,71.25,-0.003780752614934193,0.8591042683180625,0.9693996932583693,False,-2.1175823681357508e-16
uniform,160.0,72.734375,-0.003755553928226446,0.8591446245489728,0.9657170884287518,False,-4.2351647362715017e-16
uniform,160.0,74.21875,-0.0036115256397314176,0.8595232876212953,0.9717846651112965,False,-4.2351647362715017e-16
uniform,160.0,75.703125,-0.0033551692198397222,0.8602220080166773,0.9870815192141147,False,-4.2351647362715017e-16
uniform,160.0,77.1875,-0.0029973592147894126,0.8612098628213736,1.010748896782588,False,-6.352747104407253e-16
uniform,160.0,78.671875,-0.002552903605649232,0.8624445796893897,1.0416238287907538,False,-4.2351647362715017e-16
uniform,160.0,80.15625,-0.002039940033266985,0.8638743644061633,1.0782844017949778,False,-6.352747104407253e-16
uniform,160.0,81.64062500000001,-0.0014791975872957296,0.8654401225376048,1.119104929742475,False,-4.2351647362715017e-16
uniform,160.0,83.125,-0.000893159718695519,0.8670779476959277,1.1623189125309452,False,-4.2351647362715017e-16
uniform,160.0,84.60937500000001,-0.0003051669188635862,0.8687217447389272,1.206087367067212,False,-2.1175823681357508e-16
uniform,160.0,86.09375,0.0002615017310360425,0.8703058636299532,1.248569908367256,False,-4.2351647362715017e-16
uniform,160.0,87.57812500000001,0.0007845307315858034,0.8717676349153473,1.2879958501647515,False,-6.352747104407253e-16
uniform,160.0,89.0625,0.0012434198795462452,0.8730497165978873,1.3227325912563552,False,-6.352747104407253e-16
uniform,160.0,90.54687500000001,0.0016202555060291384,0.8741021810717693,1.3513486560184844,False,-4.2351647362715017e-16
uniform,160.0,92.03125,0.0019003758200086996,0.8748842875381828,1.3726689615798362,False,-2.1175823681357508e-16
uniform,160.0,93.51562500000001,0.0020729096665897655,0.8753658991538193,1.385820182322997,False,-4.2351647362715017e-16
uniform,160.0,95.0,0.0021311727085781555,0.8755285153554635,1.390264463231494,False,-2.1175823681357508e-16
uniform,160.0,96.484375,0.002072909666589977,0.875365899153829,1.3858201823229965,False,-2.1175823681357508e-16
uniform,160.0,97.96875,0.0019003758200086996,0.8748842875381753,1.372668961579836,False,-4.2351647362715017e-16
uniform,160.0,99.453125,0.0016202555060291384,0.8741021810717646,1.3513486560184846,False,-6.352747104407253e-16
uniform,160.0,100.93750000000001,0.0012434198795462452,0.873049716597894,1.322732591256355,False,-2.1175823681357508e-16
uniform,160.0,102.421875,0.0007845307315858034,0.8717676349153525,1.2879958501647515,False,-4.2351647362715017e-16
uniform,160.0,103.90625000000001,0.00026150173103583075,0.870305863629948,1.2485699083672563,False,-4.2351647362715017e-16
uniform,160.0,105.390625,-0.0003051669188635862,0.8687217447389205,1.2060873670672125,False,-6.352747104407253e-16
uniform,160.0,106.87500000000001,-0.0008931597186957308,0.8670779476959413,1.1623189125309459,False,2.1175823681357508e-16
uniform,160.0,108.359375,-0.0014791975872959415,0.8654401225375918,1.1191049297424756,False,-6.352747104407253e-16
uniform,160.0,109.84375000000001,-0.002039940033267197,0.8638743644061707,1.0782844017949784,False,-4.2351647362715017e-16
uniform,160.0,111.328125,-0.0025529036056496555,0.8624445796893776,1.0416238287907535,False,-4.2351647362715017e-16
uniform,160.0,112.81250000000001,-0.0029973592147894126,0.8612098628213837,1.0107488967825884,False,-2.1175823681357508e-16
uniform,160.0,114.296875,-0.00335516921983951,0.8602220080166723,0.9870815192141151,False,-6.352747104407253e-16
uniform,160.0,115.78125000000001,-0.003611525639731206,0.8595232876212924,0.9717846651112971,False,-4.2351647362715017e-16
uniform,160.0,117.265625,-0.0037555539282258105,0.8591446245489923,0.965717088428751,False,0.0
uniform,160.0,118.75000000000001,-0.003780752614934193,0.8591042683180599,0.9693996932583688,False,-2.1175823681357508e-16
uniform,160.0,120.234375,-0.003685247481741749,0.8594070530951856,0.9829948246092518,False,-8.470329472543003e-16
uniform,160.0,121.71875,-0.003471849110440074,0.860044275436009,1.0062992808817788,False,-2.1175823681357508e-16
uniform,160.0,123.203125,-0.0031479135673825563,0.8609941849553322,1.0387513203087089,False,-2.1175823681357508e-16
uniform,160.0,124.68750000000001,-0.002725016528199262,0.8622230396907953,1.0794513989167343,False,-4.2351647362715017e-16
uniform,160.0,126.17187500000001,-0.002218460255004988,0.8636866452724475,1.1271958518918712,False,-4.2351647362715017e-16
uniform,160.0,127.65625,-0.001646639812692328,0.8653322766324469,1.1805222334549925,False,-6.352747104407253e-16
uniform,160.0,129.140625,-0.0010302994753775244,0.8671008732952046,1.2377645815538467,False,0.0
uniform,160.0,130.62500000000003,-0.0003917125681996887,0.868929401983126,1.2971164904169996,False,-1.0587911840678754e-15
uniform,160.0,132.109375,0.0002461815568711529,0.8707532894382455,1.3566995715391785,False,-8.470329472543003e-16
uniform,160.0,133.59375,0.0008606505560888274,0.8725088398690201,1.4146346741616402,False,-4.2351647362715017e-16
uniform,160.0,135.078125,0.001430020932010416,0.8741355621260564,1.4691131282871448,False,-8.470329472543003e-16
uniform,160.0,136.56250000000003,0.001934479583042384,0.8755783400127621,1.5184652711496354,False,-6.352747104407253e-16
uniform,160.0,138.046875,0.002356798413336998,0.8767893850497088,1.5612236219885312,False,0.0
uniform,160.0,139.53125,0.0026829581282333814,0.8777299156224948,1.5961782758572702,False,-4.2351647362715017e-16
uniform,160.0,141.015625,0.00290265055093573,0.8783715112834696,1.6224223869080896,False,0.0
uniform,160.0,142.5,0.003009642549278046,0.8786970974295955,1.6393859933907935,False,-4.2351647362715017e-16
uniform,160.0,143.98437500000003,0.003001989016950958,0.878701524516223,1.646856885605783,False,-4.2351647362715017e-16
uniform,160.0,145.46875,0.0028820872905129615,0.8783917176350751,1.644987716859772,False,-8.470329472543003e-16
uniform,160.0,146.953125,0.002656570794130443,0.8777863863707251,1.6342890868354194,False,-2.1175823681357508e-16
uniform,160.0,148.4375,0.0023360454074897166,0.8769153006382422,1.6156088663332513,False,-4.2351647362715017e-16
uniform,160.0,149.92187500000003,0.0019346778174986455,0.8758181547690973,1.59009856135329,False,-4.2351647362715017e-16
uniform,160.0,151.40625,0.0014696506860174105,0.8745430584645199,1.5591680126589431,False,-4.2351647362715017e-16
uniform,160.0,152.890625,0.0009605045877241388,0.8731447084427043,1.5244301752044356,False,-2.1175823681357508e-16
uniform,160.0,154.375,0.0004283911067947589,0.8716823078535322,1.4876381029245505,False,-2.1175823681357508e-16
uniform,160.0,155.85937500000003,-0.00010473497668259067,0.8702173111643207,1.4506165637702921,False,-4.2351647362715017e-16
uniform,160.0,157.34375,-0.0006169539922804892,0.8688110797387745,1.4151909160475797,False,-6.352747104407253e-16
uniform,160.0,158.828125,-0.0010872184399574741,0.8675225374187708,1.3831159821734347,False,-4.2351647362715017e-16
uniform,160.0,160.3125,-0.0014961569816427209,0.8664059159121767,1.3560076558799792,False,-8.470329472543003e-16
uniform,160.0,161.79687500000003,-0.0018268146925089325,0.8655086766916811,1.3352798736800537,False,-4.2351647362715017e-16
uniform,160.0,163.28125000000003,-0.002065301252779161,0.8648696895552436,1.3220893751059413,False,-6.352747104407253e-16
uniform,160.0,164.765625,-0.0022013222212650015,0.8645177382747612,1.3172903767722843,False,0.0
uniform,160.0,166.25,-0.0022285729661296397,0.8644704112543532,1.321400904202839,False,-2.1175823681357508e-16
uniform,160.0,167.734375,-0.002144980063897893,0.8647334203421159,1.3345820772419017,False,-4.2351647362715017e-16
uniform,160.0,169.21875000000003,-0.00195278081068863,0.8653003744669027,1.3566311469636236,False,-4.2351647362715017e-16
uniform,160.0,170.703125,-0.0016584376933227495,0.8661530172561934,1.3869885534279198,False,-4.2351647362715017e-16
uniform,160.0,172.1875,-0.0012723910015778126,0.8672619199097515,1.4247587347206485,False,-4.2351647362715017e-16
uniform,160.0,173.671875,-0.000808658980861315,0.868587603054671,1.4687438891661004,False,0.0
uniform,160.0,175.15625000000003,-0.00028430078624862624,0.8700820447668778,1.517489394722138,False,-6.352747104407253e-16
uniform,160.0,176.640625,0.0002812372225670526,0.8716905170516829,1.5693391414943338,False,-4.2351647362715017e-16
uniform,160.0,178.125,0.0008668668145097878,0.8733536804064755,1.6224986522533837,False,-2.1175823681357508e-16
uniform,160.0,179.609375,0.00145066628689269,0.8750098561288201,1.6751035664529677,False,-1.0587911840678754e-15
uniform,160.0,181.09375000000003,0.0020107209365220514,0.8765973891669033,1.725290857027875,False,0.0
uniform,160.0,182.57812500000003,0.0025259633645035064,0.8780570107991723,1.7712700441291056,False,-8.470329472543003e-16
uniform,160.0,184.0625,0.002976981373936086,0.8793341104142028,1.8113916699635817,False,-2.1175823681357508e-16
uniform,160.0,185.546875,0.0033467624561431706,0.8803808291329924,1.8442104040507603,False,-4.2351647362715017e-16
uniform,160.0,187.03125000000003,0.0036213462897070666,0.8811578948508465,1.8685403544462371,False,-1.0587911840678754e-15
uniform,160.0,188.51562500000003,0.003790360204106186,0.8816361281994064,1.8835004598880676,False,0.0
A12_ratio10,0.0,0.0,0.5,2.3623837608327865,0.0,True,-2.779326858178173e-16
A12_ratio10,0.0,1.484375,0.49489518415210065,2.347822283303895,0.0,True,-2.779326858178173e-16
A12_ratio10,0.0,2.96875,0.47976606479587086,2.3047489839948527,0.0,False,-1.7205356741102976e-16
A12_ratio10,0.0,4.453125,0.45516153056683156,2.2346206546766165,0.0,False,-4.367513634279986e-16
A12_ratio10,0.0,5.9375,0.42197301539744453,2.1400382472638975,0.0,False,-1.3234889800848443e-17
A12_ratio10,0.0,7.421875000000001,0.3814003715535366,2.0242912832843243,0.0,False,9.26442286059391e-17
A12_ratio10,0.0,8.90625,0.3349059420243247,1.8915912097008296,0.0,False,9.26442286059391e-17
A12_ratio10,0.0,10.390625,0.2841585967997873,1.7465473835015626,0.0,False,2.514629062161204e-16
A12_ratio10,0.0,11.875,0.23096988312782177,1.5943591494621463,0.0,False,1.3234889800848443e-17
A12_ratio10,0.0,13.359375000000002,0.17722474277682881,1.4402429623484325,0.0,False,-1.3234889800848443e-17
A12_ratio10,0.0,14.843750000000002,0.12480945799581636,1.2896151854553501,0.0,False,-3.970466940254533e-17
A12_ratio10,0.0,16.328125000000004,0.07553959424516744,1.1474950268751485,0.0,False,-9.26442286059391e-17
A12_ratio10,0.0,17.8125,0.031090707778999593,1.018714295372429,0.0,False,-5.293955920339377e-17
A12_ratio10,0.0,19.296875,-0.007065520205475,0.9073211127993922,0.0,False,7.940933880509066e-17
A12_ratio10,0.0,20.78125,-0.037717269787137415,0.8168527608240855,0.0,False,1.1911400820763599e-16
A12_ratio10,0.0,22.265625,-0.059958538762067796,0.7497602939495953,0.0,False,-1.3234889800848443e-17
A12_ratio10,0.0,23.75,-0.07322330470336304,0.7077764899762384,0.0,False,-1.3234889800848443e-17
A12_ratio10,0.0,25.234375000000004,-0.07730658138905301,0.691371875925033,0.0,False,1.0587911840678754e-16
A12_ratio10,0.0,26.718750000000004,-0.0723715620869103,0.7002427585004884,0.0,False,-6.617444900424221e-17
A12_ratio10,0.0,28.203125000000004,-0.05894257695252797,0.7327956513988102,0.0,False,3.970466940254533e-17
A12_ratio10,0.0,29.687500000000004,-0.03788413704173633,0.7867722227447342,0.0,False,-1.3234889800848443e-17
A12_ratio10,0.0,31.171875000000004,-0.010366872206595113,0.8587427849842102,0.0,False,-6.617444900424221e-17
A12_ratio10,0.0,32.65625000000001,0.022178326115227045,0.94487818783235,0.0,False,-6.617444900424221e-17
A12_ratio10,0.0,34.14062500000001,0.05811619285353858,1.0404148273515614,0.0,False,-1.4558378780933287e-16
A12_ratio10,0.0,35.625,0.09567085809127227,1.140581072404088,0.0,False,-2.6469779601696886e-17
A12_ratio10,0.0,37.109375,0.13299504385208694,1.2399762549976618,0.0,False,-3.970466940254533e-17
A12_ratio10,0.0,38.59375,0.16824202740488794,1.3336650431918224,0.0,False,1.4558378780933287e-16
A12_ratio10,0.0,40.078125,0.1996376032307165,1.4163892230078148,0.0,False,-9.26442286059391e-17
A12_ratio10,0.0,41.5625,0.22554927580066894,1.4838632614500449,0.0,False,-1.3234889800848443e-17
A12_ratio10,0.0,43.046875,0.24455002168947665,1.531704274352919,0.0,False,3.970466940254533e-17
A12_ratio10,0.0,44.53125,0.2554741682102118,1.5570063496281563,0.0,True,-6.617444900424221e-17
A12_ratio10,0.0,46.015625,0.2574632386826621,1.5568148316547674,0.0,True,9.26442286059391e-17
A12_ratio10,0.0,47.5,0.25000000000000006,1.5301496177737117,0.0,True,3.970466940254533e-17
A12_ratio10,0.0,48.984375,0.23292940151895314,1.475721249630396,0.0,True,1.4558378780933287e-16
A12_ratio10,0.0,50.46875000000001,0.20646559804543152,1.3947796573656237,0.0,False,3.970466940254533e-17
A12_ratio10,0.0,51.95312500000001,0.1711847844617958,1.287435016452515,0.0,False,1.4558378780933287e-16
A12_ratio10,0.0,53.43750000000001,0.1280041147926049,1.157246490600388,0.0,False,-1.3234889800848443e-17
A12_ratio10,0.0,54.92187500000001,0.07814751327908463,1.0044134271661416,0.0,False,2.6469779601696886e-17
A12_ratio10,0.0,56.40625000000001,0.02309968877765684,0.8348500413394452,0.0,False,2.6469779601696886e-17
A12_ratio10,0.0,57.89062500000001,-0.03544988284402277,0.6430047381666633,0.0,False,-1.1911400820763599e-16
A12_ratio10,0.0,59.37500000000001,-0.09567085809127232,0.4381749517531529,0.0,False,6.617444900424221e-17
A12_ratio10,0.0,60.859375,-0.15566135386160224,0.11307435701081785,0.0,False,-1.9852334701272664e-16
A12_ratio10,0.0,62.34375000000001,-0.21352004229777188,0.0,0.0,False,0.014337942385639589
A12_ratio10,0.0,63.828125,-0.2674182443032058,0.0,0.0,False,0.04028213423276763
A12_ratio10,0.0,65.31250000000001,-0.3156692535515375,0.0,0.0,False,0.06934449708960143
A12_ratio10,0.0,66.796875,-0.35679222919874465,0.0,0.0,False,0.09741236519160099
A12_ratio10,0.0,68.28125000000001,-0.3895682041687332,0.0,0.0,False,0.12179076747964189
A12_ratio10,0.0,69.765625,-0.41308605881256205,0.0,0.0,False,0.14064967255788094
A12_ratio10,0.0,71.25,-0.42677669529663675,0.0,0.0,False,0.15273716876584026
A12_ratio10,0.0,72.734375,-0.4304341014395474,0.0,0.0,False,0.15740678309328385
A12_ratio10,0.0,74.21875,-0.42422249646850596,0.0,0.0,False,0.15449168570988425
A12_ratio10,0.0,75.703125,-0.4086692859457976,0.0,0.0,False,0.14435292243969963
A12_ratio10,0.0,77.1875,-0.38464409837227337,0.0,0.0,False,0.1277763684752683
A12_ratio10,0.0,78.671875,-0.3533247107549686,0.0,0.0,False,0.10602336880523713
A12_ratio10,0.0,80.15625,-0.31615117417836136,0.0,0.0,False,0.08072211561150637
A12_ratio10,0.0,81.64062500000001,-0.2747699037848928,0.0,0.0,False,0.05400255569048551
A12_ratio10,0.0,83.125,-0.23096988312782174,0.0,0.0,False,0.028404081207378796
A12_ratio10,0.0,84.60937500000001,-0.1866134357917229,0.0,0.0,False,0.007930116350994732
A12_ratio10,0.0,86.09375,-0.14356422584178014,0.15305872689184463,0.0,False,1.1911400820763599e-16
A12_ratio10,0.0,87.57812500000001,-0.10361525504373519,0.3591469770479233,0.0,False,1.9852334701272664e-16
A12_ratio10,0.0,89.0625,-0.06841962480417095,0.482747054154269,0.0,False,9.26442286059391e-17
A12_ratio10,0.0,90.54687500000001,-0.03942672441555893,0.5787482534609013,0.0,False,6.617444900424221e-17
A12_ratio10,0.0,92.03125,-0.017826298540227464,0.6465302053094443,0.0,True,1.1911400820763599e-16
A12_ratio10,0.0,93.51562500000001,-0.004502543950485486,0.6877910520589472,0.0,True,9.26442286059391e-17
A12_ratio10,0.0,95.0,2.274746684520826e-17,0.7014915975822982,0.0,True,3.970466940254533e-17
A12_ratio10,0.0,96.484375,-0.004502543950485433,0.6877910520589493,0.0,True,1.4558378780933287e-16
A12_ratio10,0.0,97.96875,-0.017826298540227544,0.6465302053094463,0.0,False,4.1028158382630173e-16
A12_ratio10,0.0,99.453125,-0.03942672441555879,0.5787482534608973,0.0,False,-1.7205356741102976e-16
A12_ratio10,0.0,100.93750000000001,-0.06841962480417077,0.48274705415426883,0.0,False,-3.970466940254533e-17
A12_ratio10,0.0,102.421875,-0.103615255043735,0.35914697704792803,0.0,False,3.5734202462290796e-16
A12_ratio10,0.0,103.90625000000001,-0.1435642258417799,0.15305872689184308,0.0,False,-1.3234889800848443e-17
A12_ratio10,0.0,105.390625,-0.18661343579172274,0.0,0.0,False,0.007930116350994627
A12_ratio10,0.0,106.87500000000001,-0.23096988312782155,0.0,0.0,False,0.028404081207378636
A12_ratio10,0.0,108.359375,-0.2747699037848926,0.0,0.0,False,0.0540025556904854
A12_ratio10,0.0,109.84375000000001,-0.31615117417836114,0.0,0.0,False,0.0807221156115062
A12_ratio10,0.0,111.328125,-0.35332471075496874,0.0,0.0,False,0.10602336880523734
A12_ratio10,0.0,112.81250000000001,-0.3846440983722732,0.0,0.0,False,0.12777636847526824
A12_ratio10,0.0,114.296875,-0.40866928594579727,0.0,0.0,False,0.14435292243969935
A12_ratio10,0.0,115.78125000000001,-0.42422249646850585,0.0,0.0,False,0.15449168570988425
A12_ratio10,0.0,117.265625,-0.4304341014395474,0.0,0.0,False,0.15740678309328385
A12_ratio10,0.0,118.75000000000001,-0.4267766952966369,0.0,0.0,False,0.15273716876584043
A12_ratio10,0.0,120.234375,-0.41308605881256216,0.0,0.0,False,0.140649672557881
A12_ratio10,0.0,121.71875,-0.38956820416873333,0.0,0.0,False,0.12179076747964189
A12_ratio10,0.0,123.203125,-0.35679222919874515,0.0,0.0,False,0.0974123651916014
A12_ratio10,0.0,124.68750000000001,-0.3156692535515374,0.0,0.0,False,0.06934449708960119
A12_ratio10,0.0,126.17187500000001,-0.2674182443032061,0.0,0.0,False,0.040282134232767816
A12_ratio10,0.0,127.65625,-0.21352004229777213,0.0,0.0,False,0.014337942385639589
A12_ratio10,0.0,129.140625,-0.1556613538616031,0.11307435701080588,0.0,False,9.26442286059391e-17
A12_ratio10,0.0,130.62500000000003,-0.09567085809127207,0.4381749517531674,0.0,False,1.852884572118782e-16
A12_ratio10,0.0,132.109375,-0.03544988284402279,0.6430047381666559,0.0,False,-2.3161057151484775e-16
A12_ratio10,0.0,133.59375,0.02309968877765681,0.8348500413394613,0.0,False,1.852884572118782e-16
A12_ratio10,0.0,135.078125,0.07814751327908341,1.0044134271661065,0.0,False,-1.1911400820763599e-16
A12_ratio10,0.0,136.56250000000003,0.12800411479260532,1.157246490600411,0.0,False,1.9852334701272664e-16
A12_ratio10,0.0,138.046875,0.17118478446179614,1.2874350164525215,0.0,False,1.1911400820763599e-16
A12_ratio10,0.0,139.53125,0.2064655980454311,1.3947796573656093,0.0,True,-1.9852334701272664e-16
A12_ratio10,0.0,141.015625,0.23292940151895314,1.4757212496304024,0.0,True,9.26442286059391e-17
A12_ratio10,0.0,142.5,0.24999999999999972,1.530149617773701,0.0,True,-6.617444900424221e-17
A12_ratio10,0.0,143.98437500000003,0.2574632386826621,1.5568148316547756,0.0,True,3.5734202462290796e-16
A12_ratio10,0.0,145.46875,0.2554741682102119,1.5570063496281537,0.0,False,-1.1911400820763599e-16
A12_ratio10,0.0,146.953125,0.24455002168947695,1.5317042743529183,0.0,False,-6.617444900424221e-17
A12_ratio10,0.0,148.4375,0.22554927580066936,1.4838632614500469,0.0,False,1.3234889800848443e-17
A12_ratio10,0.0,149.92187500000003,0.1996376032307166,1.4163892230078166,0.0,False,2.779326858178173e-16
A12_ratio10,0.0,151.40625,0.16824202740488825,1.3336650431918202,0.0,False,1.4558378780933287e-16
A12_ratio10,0.0,152.890625,0.13299504385208746,1.2399762549976672,0.0,False,1.9852334701272664e-16
A12_ratio10,0.0,154.375,0.09567085809127296,1.1405810724041043,0.0,False,9.26442286059391e-17
A12_ratio10,0.0,155.85937500000003,0.05811619285353774,1.0404148273515363,0.0,False,-5.293955920339377e-17
A12_ratio10,0.0,157.34375,0.022178326115227055,0.9448781878323563,0.0,False,1.7205356741102976e-16
A12_ratio10,0.0,158.828125,-0.010366872206594928,0.8587427849842157,0.0,False,2.514629062161204e-16
A12_ratio10,0.0,160.3125,-0.03788413704173609,0.7867722227447344,0.0,False,-1.3234889800848443e-17
A12_ratio10,0.0,161.79687500000003,-0.058942576952527755,0.7327956513988103,0.0,False,-9.26442286059391e-17
A12_ratio10,0.0,163.28125000000003,-0.0723715620869103,0.7002427585004897,0.0,False,-9.26442286059391e-17
A12_ratio10,0.0,164.765625,-0.07730658138905301,0.6913718759250277,0.0,False,-1.4558378780933287e-16
A12_ratio10,0.0,166.25,-0.07322330470336312,0.7077764899762444,0.0,False,6.617444900424221e-17
A12_ratio10,0.0,167.734375,-0.059958538762068296,0.7497602939495853,0.0,False,-2.6469779601696886e-17
A12_ratio10,0.0,169.21875000000003,-0.037717269787137256,0.8168527608240932,0.0,False,9.26442286059391e-17
A12_ratio10,0.0,170.703125,-0.007065520205474947,0.9073211127993971,0.0,False,-2.6469779601696886e-17
A12_ratio10,0.0,172.1875,0.031090707778998666,1.0187142953724202,0.0,False,-3.970466940254533e-17
A12_ratio10,0.0,173.671875,0.0755395942451665,1.1474950268751327,0.0,False,-9.26442286059391e-17
A12_ratio10,0.0,175.15625000000003,0.12480945799581691,1.2896151854553735,0.0,False,-1.7205356741102976e-16
A12_ratio10,0.0,176.640625,0.17722474277682823,1.4402429623484245,0.0,False,-6.617444900424221e-17
A12_ratio10,0.0,178.125,0.230969883127821,1.594359149462136,0.0,False,-1.4558378780933287e-16
A12_ratio10,0.0,179.609375,0.2841585967997873,1.7465473835015684,0.0,False,-1.7205356741102976e-16
A12_ratio10,0.0,181.09375000000003,0.3349059420243245,1.8915912097008218,0.0,False,-3.8381180422460484e-16
A12_ratio10,0.0,182.57812500000003,0.3814003715535363,2.0242912832843194,0.0,False,-6.617444900424221e-17
A12_ratio10,0.0,184.0625,0.4219730153974448,2.1400382472639143,0.0,False,3.970466940254533e-17
A12_ratio10,0.0,185.546875,0.4551615305668312,2.2346206546766036,0.0,False,-5.426304818347862e-16
A12_ratio10,0.0,187.03125000000003,0.479766064795871,2.304748983994854,0.0,True,-3.8381180422460484e-16
A12_ratio10,0.0,188.51562500000003,0.49489518415210065,2.3478222833039,0.0,True,-6.617444900424221e-17
A12_ratio10,40.0,0.0,0.6166150800594338,3.497397954142883,0.12190186175788982,True,1.5881867761018131e-16
A12_ratio10,40.0,1.484375,0.5747540851182029,4.523602895573142,0.15865804085122137,True,2.6469779601696886e-16
A12_ratio10,40.0,2.96875,0.3235884699078718,0.602282106250543,0.3946945367053225,False,2.1175823681357508e-16
A12_ratio10,40.0,4.453125,0.20379862803877066,0.7165730869412944,0.48987984434538423,False,1.0587911840678754e-16
A12_ratio10,40.0,5.9375,0.13808522003296786,0.796801943435581,0.5224047371817999,False,1.0587911840678754e-16
A12_ratio10,40.0,7.421875000000001,0.08915637069067368,0.8473759975948167,0.5307609426801865,False,1.0587911840678754e-16
A12_ratio10,40.0,8.90625,0.052107887483651305,0.8717380694015705,0.5213149963579972,False,5.293955920339377e-17
A12_ratio10,40.0,10.390625,0.02046427913544692,0.8756049242076552,0.5022112594816639,False,-1.0587911840678754e-16
A12_ratio10,40.0,11.875,-0.006627925576930595,0.8641110600086832,0.4761147505220758,False,0.0
A12_ratio10,40.0,13.359375000000002,-0.03096031984562248,0.8421914089015414,0.4467020044397746,False,-5.293955920339377e-17
A12_ratio10,40.0,14.843750000000002,-0.05239214839908372,0.8139132260256084,0.41571854821222365,False,-1.0587911840678754e-16
A12_ratio10,40.0,16.328125000000004,-0.07135853193769426,0.7828322307480167,0.38541506800018516,False,-2.1175823681357508e-16
A12_ratio10,40.0,17.8125,-0.08748412097727268,0.7518206139456425,0.3570917705735957,False,-5.293955920339377e-17
A12_ratio10,40.0,19.296875,-0.10077521042292384,0.7232537731935097,0.3322266320347723,False,5.293955920339377e-17
A12_ratio10,40.0,20.78125,-0.11090024204586509,0.6989468456380574,0.3116999140760511,False,0.0
A12_ratio10,40.0,22.265625,-0.11778499196696332,0.6802147702568517,0.2963433950222189,False,0.0
A12_ratio10,40.0,23.75,-0.1212639979042377,0.6678642191105789,0.2865576350181982,False,0.0
A12_ratio10,40.0,25.234375000000004,-0.12132207352194026,0.6621748329352162,0.2825324339502106,False,1.0587911840678754e-16
A12_ratio10,40.0,26.718750000000004,-0.11800513946931086,0.6629502693068614,0.28415051919972406,False,1.5881867761018131e-16
A12_ratio10,40.0,28.203125000000004,-0.1113806487248826,0.6694323105424438,0.2909550135896782,False,5.293955920339377e-17
A12_ratio10,40.0,29.687500000000004,-0.10169134645316084,0.6804250973177461,0.30232415122874795,False,0.0
A12_ratio10,40.0,31.171875000000004,-0.08900358910352925,0.6941121577461588,0.31715365871425755,False,-1.0587911840678754e-16
A12_ratio10,40.0,32.65625000000001,-0.07367401947787673,0.7082831630746378,0.33436928741042726,False,0.0
A12_ratio10,40.0,34.14062500000001,-0.055514822477111606,0.7199654743682783,0.3521479571479737,False,-1.0587911840678754e-16
A12_ratio10,40.0,35.625,-0.03479163504737144,0.7258510862843086,0.36897943495596724,False,-5.293955920339377e-17
A12_ratio10,40.0,37.109375,-0.010370872103964923,0.7215556767464432,0.3818828577733752,False,5.293955920339377e-17
A12_ratio10,40.0,38.59375,0.018132281083192803,0.7026689050170714,0.38862668813901885,False,1.5881867761018131e-16
A12_ratio10,40.0,40.078125,0.055282431517267805,0.6631469856574137,0.3828721135307721,False,-5.293955920339377e-17
A12_ratio10,40.0,41.5625,0.10438839432809145,0.5987192162373285,0.359677823289901,False,-1.0587911840678754e-16
A12_ratio10,40.0,43.046875,0.19312911341243194,0.4976363629612464,0.2899378500943682,False,-1.0587911840678754e-16
A12_ratio10,40.0,44.53125,0.37990308192033945,3.428471456093316,0.11408802810719583,True,0.0
A12_ratio10,40.0,46.015625,0.40882046809600847,2.6318791435866644,0.08715971240397719,True,-1.0587911840678754e-16
A12_ratio10,40.0,47.5,0.40293419310390777,2.582988124860621,0.08558274871341587,True,1.0587911840678754e-16
A12_ratio10,40.0,48.984375,0.3644860937958098,3.230266060749991,0.10696024954046675,True,1.0587911840678754e-16
A12_ratio10,40.0,50.46875000000001,0.18188500235986682,0.46455445486290076,0.2630975375028881,False,0.0
A12_ratio10,40.0,51.95312500000001,0.09321497992369926,0.5492036145606821,0.3164867463554201,False,-1.0587911840678754e-16
A12_ratio10,40.0,53.43750000000001,0.04205335938207522,0.5957210243933907,0.3244676972278531,False,-2.6469779601696886e-16
A12_ratio10,40.0,54.92187500000001,0.002163882161664299,0.6166313878204478,0.3145005729347439,False,-1.0587911840678754e-16
A12_ratio10,40.0,56.40625000000001,-0.029907212838646984,0.6161711837169713,0.29152384343362725,False,-5.293955920339377e-17
A12_ratio10,40.0,57.89062500000001,-0.05851081307007328,0.600449885310964,0.261577872043374,False,-1.5881867761018131e-16
A12_ratio10,40.0,59.37500000000001,-0.08416734240089957,0.5736704562852745,0.2270134261269506,False,2.6469779601696886e-16
A12_ratio10,40.0,60.859375,-0.10801250108318577,0.5397977995951573,0.19086808903890684,False,1.0587911840678754e-16
A12_ratio10,40.0,62.34375000000001,-0.12992850378768048,0.5011857300148642,0.15492540330723206,False,1.0587911840678754e-16
A12_ratio10,40.0,63.828125,-0.15018000012637142,0.4594598782579059,0.12127869764048922,False,5.293955920339377e-17
A12_ratio10,40.0,65.31250000000001,-0.16845299990031345,0.4155185566636442,0.09130068816609946,False,1.5881867761018131e-16
A12_ratio10,40.0,66.796875,-0.18455788670354664,0.37071644953324784,0.06628259932212538,False,2.1175823681357508e-16
A12_ratio10,40.0,68.28125000000001,-0.19789061002628727,0.3274546781006563,0.04683934767487757,False,1.5881867761018131e-16
A12_ratio10,40.0,69.765625,-0.20782583535169596,0.2898782649556636,0.03325671835645742,False,0.0
A12_ratio10,40.0,71.25,-0.21356948166680848,0.2635126751999763,0.02530972818749528,False,0.0
A12_ratio10,40.0,72.734375,-0.21456211527712146,0.25334215440374963,0.022644955654897596,False,1.0587911840678754e-16
A12_ratio10,40.0,74.21875,-0.21063384907283925,0.26114190747609256,0.024928294421656717,False,1.5881867761018131e-16
A12_ratio10,40.0,75.703125,-0.2021241880577224,0.2842061832032855,0.03197184392924824,False,1.0587911840678754e-16
A12_ratio10,40.0,77.1875,-0.18980062272542284,0.3171530106020387,0.04367346617047283,False,1.0587911840678754e-16
A12_ratio10,40.0,78.671875,-0.1744722375517398,0.35411539097149247,0.059664468614094586,False,2.1175823681357508e-16
A12_ratio10,40.0,80.15625,-0.15701395087131662,0.3905854239765679,0.07937971851027856,False,1.0587911840678754e-16
A12_ratio10,40.0,81.64062500000001,-0.13786265114923865,0.42300896722869546,0.10160968918166949,False,1.0587911840678754e-16
A12_ratio10,40.0,83.125,-0.11751253106080232,0.44914207948469254,0.12505958975030396,False,0.0
A12_ratio10,40.0,84.60937500000001,-0.09557440534734464,0.46623792565352745,0.1474779113729452,False,1.0587911840678754e-16
A12_ratio10,40.0,86.09375,-0.07196308092808185,0.4720909995975878,0.16691579690362512,False,2.1175823681357508e-16
A12_ratio10,40.0,87.57812500000001,-0.04422055921224081,0.461390696824084,0.17912224598582913,False,1.0587911840678754e-16
A12_ratio10,40.0,89.0625,-0.010472350864415031,0.42978925613623686,0.1805696678775676,False,1.0587911840678754e-16
A12_ratio10,40.0,90.54687500000001,0.04553253779076773,0.3572326241843263,0.15355767961099678,False,0.0
A12_ratio10,40.0,92.03125,0.16047597152138815,2.0855992020753384,0.06021467175570785,True,1.0587911840678754e-16
A12_ratio10,40.0,93.51562500000001,0.18492804276534355,1.6744456580504716,0.049086355101494436,True,1.5881867761018131e-16
A12_ratio10,40.0,95.0,0.18867095298567116,1.6982803801182593,0.04984598883165234,True,4.764560328305439e-16
A12_ratio10,40.0,96.484375,0.17050090407719912,2.1785935111017456,0.06351349378963893,True,2.6469779601696886e-16
A12_ratio10,40.0,97.96875,0.055259808870947835,0.3732751535864728,0.16543083440614811,False,0.0
A12_ratio10,40.0,99.453125,0.0004998324739363321,0.4524410745192291,0.19859038492782835,False,-2.6469779601696886e-16
A12_ratio10,40.0,100.93750000000001,-0.03150073477501371,0.48978424894297495,0.20159805178816634,False,5.293955920339377e-17
A12_ratio10,40.0,102.421875,-0.05776915291327904,0.5051084864898547,0.19267083968686752,False,-5.293955920339377e-17
A12_ratio10,40.0,103.90625000000001,-0.08015390423692471,0.5029602525642224,0.1751066202124684,False,2.1175823681357508e-16
A12_ratio10,40.0,105.390625,-0.10128654390530689,0.48895014754241,0.15319004993090776,False,3.1763735522036263e-16
A12_ratio10,40.0,106.87500000000001,-0.12124239960977475,0.4654909749241387,0.12878945829927668,False,0.0
A12_ratio10,40.0,108.359375,-0.14055654995933628,0.4351184287313937,0.10430358799176716,False,0.0
A12_ratio10,40.0,109.84375000000001,-0.15881661317987925,0.3993931003039017,0.08118238081884156,False,-5.293955920339377e-17
A12_ratio10,40.0,111.328125,-0.17577457331067173,0.36065392122337586,0.06096680437302642,False,-1.0587911840678754e-16
A12_ratio10,40.0,112.81250000000001,-0.19065179198407478,0.321856729361695,0.044524635429125076,False,-1.0587911840678754e-16
A12_ratio10,40.0,114.296875,-0.20270139449246025,0.28751770525716175,0.03254905036398643,False,0.0
A12_ratio10,40.0,115.78125000000001,-0.21095801859032381,0.26315475592943155,0.025252463939141538,False,0.0
A12_ratio10,40.0,117.265625,-0.21469576753600286,0.254150656432555,0.02277860791377902,False,5.823351512373315e-16
A12_ratio10,40.0,118.75000000000001,-0.21351032490196825,0.263073644599618,0.025250571422654786,False,1.5881867761018131e-16
A12_ratio10,40.0,120.234375,-0.20753734697315623,0.28814712619003413,0.032968229977917554,False,3.1763735522036263e-16
A12_ratio10,40.0,121.71875,-0.1973428829518122,0.3243204498628921,0.04629162060040245,False,2.1175823681357508e-16
A12_ratio10,40.0,123.203125,-0.18361061196019882,0.36590210959579333,0.06533532457877719,False,-5.293955920339377e-17
A12_ratio10,40.0,124.68750000000001,-0.1670507502868786,0.4086244670428281,0.08989843855266487,False,2.1175823681357508e-16
A12_ratio10,40.0,126.17187500000001,-0.14802901836402663,0.4497677396135313,0.119127715878144,False,-5.293955920339377e-17
A12_ratio10,40.0,127.65625,-0.12691102031489657,0.4878776269947171,0.15190791983444796,False,-1.5881867761018131e-16
A12_ratio10,40.0,129.140625,-0.10350425133726984,0.5215103576786988,0.18635983929299021,False,5.293955920339377e-16
A12_ratio10,40.0,130.62500000000003,-0.07786099509823358,0.548951847375467,0.22070707882428492,False,0.0
A12_ratio10,40.0,132.109375,-0.04891256781475551,0.5668316810723883,0.25197962678805613,False,0.0
A12_ratio10,40.0,133.59375,-0.016091955745559914,0.5713190471903372,0.2777085863405402,False,1.5881867761018131e-16
A12_ratio10,40.0,135.078125,0.02467367717223374,0.5563083059052181,0.2919907779241731,False,0.0
A12_ratio10,40.0,136.56250000000003,0.07677114867785739,0.5173779255675287,0.28974990793207145,False,1.5881867761018131e-16
A12_ratio10,40.0,138.046875,0.16507447979936735,0.44114930959645104,0.2446272464797523,False,-4.2351647362715017e-16
A12_ratio10,40.0,139.53125,0.3438851451623494,3.0714319885653283,0.10109739470040521,True,1.0587911840678754e-16
A12_ratio10,40.0,141.015625,0.38844611006218027,2.5130528630028546,0.08300023327409627,True,-5.293955920339377e-17
A12_ratio10,40.0,142.5,0.4023216101009968,2.6133964532447984,0.08619533171632651,True,-3.705769144237564e-16
A12_ratio10,40.0,143.98437500000003,0.38071068839008126,3.4724591537607123,0.11526949210990438,True,1.0587911840678754e-16
A12_ratio10,40.0,145.46875,0.19683555615147594,0.5101327190679272,0.29715555387605963,False,2.6469779601696886e-16
A12_ratio10,40.0,146.953125,0.11093497558430847,0.6181796853911906,0.372131987922492,False,1.0587911840678754e-16
A12_ratio10,40.0,148.4375,0.06442491460807653,0.6883924264696624,0.3996413030099164,False,6.352747104407253e-16
A12_ratio10,40.0,149.92187500000003,0.029250063126860883,0.7324571714410073,0.4089044819211793,False,3.1763735522036263e-16
A12_ratio10,40.0,151.40625,0.0021703002749979303,0.7544770127867949,0.40458866894721385,False,1.0587911840678754e-16
A12_ratio10,40.0,152.890625,-0.021493275964526777,0.7603624707476023,0.3930052616339379,False,0.0
A12_ratio10,40.0,154.375,-0.04207526028147617,0.7544487460319631,0.37626306019007266,False,2.6469779601696886e-16
A12_ratio10,40.0,155.85937500000003,-0.06074949780898993,0.7410995890267172,0.35738263247985114,False,-1.0587911840678754e-16
A12_ratio10,40.0,157.34375,-0.07717918211741714,0.7236802815078901,0.3378744500499677,False,0.0
A12_ratio10,40.0,158.828125,-0.09153683327180714,0.7052760643398382,0.31968690288253565,False,0.0
A12_ratio10,40.0,160.3125,-0.10336323420247939,0.688281697147808,0.3039960389780666,False,-3.1763735522036263e-16
A12_ratio10,40.0,161.79687500000003,-0.11253335082099002,0.6747414871512178,0.29210771568578575,False,-1.0587911840678754e-16
A12_ratio10,40.0,163.28125000000003,-0.11867439293179943,0.666133731818906,0.28481977266221264,False,2.1175823681357508e-16
A12_ratio10,40.0,164.765625,-0.12163247448657695,0.6635220513502491,0.2828428349148474,False,3.1763735522036263e-16
A12_ratio10,40.0,166.25,-0.12121607837890826,0.667439373142371,0.2865097154928687,False,0.0
A12_ratio10,40.0,167.734375,-0.11734523311901728,0.6779401295766923,0.2959036361742725,False,1.0587911840678754e-16
A12_ratio10,40.0,169.21875000000003,-0.11003999344908037,0.6945573267213716,0.31083966547926667,False,2.1175823681357508e-16
A12_ratio10,40.0,170.703125,-0.09929134914694328,0.7162864769648061,0.3307427707587919,False,-2.1175823681357508e-16
A12_ratio10,40.0,172.1875,-0.08530158172622018,0.741605070312761,0.3549092313225424,False,-2.1175823681357508e-16
A12_ratio10,40.0,173.671875,-0.06801351121214873,0.7683770029017639,0.38207004727463867,False,5.293955920339377e-17
A12_ratio10,40.0,175.15625000000003,-0.047702140518479846,0.7939346787078909,0.4110285403316202,False,-3.705769144237564e-16
A12_ratio10,40.0,176.640625,-0.023933706243546828,0.8148551367263702,0.4396753908376984,False,5.293955920339377e-17
A12_ratio10,40.0,178.125,0.0032156814103265837,0.8271625131815813,0.46627114353481774,False,-3.1763735522036263e-16
A12_ratio10,40.0,179.609375,0.03545895746399528,0.825927654285587,0.4872165811531153,False,2.6469779601696886e-16
A12_ratio10,40.0,181.09375000000003,0.0736794534146133,0.8059824466972428,0.4997434304270347,False,-2.1175823681357508e-16
A12_ratio10,40.0,182.57812500000003,0.12412982412853427,0.7614626221394427,0.49578748924232546,False,3.705769144237564e-16
A12_ratio10,40.0,184.0625,0.1917085292642409,0.6887228952979585,0.4687814279505272,False,-3.1763735522036263e-16
A12_ratio10,40.0,185.546875,0.31277551699383227,0.5828908213360277,0.3809029553903225,False,0.0
A12_ratio10,40.0,187.03125000000003,0.5633947447051818,4.414769264892318,0.1548882619080125,True,2.1175823681357508e-16
A12_ratio10,40.0,188.51562500000003,0.6123749019236102,3.4698617361532937,0.12103722404581418,True,1.0587911840678754e-16
A12_ratio10,160.0,0.0,0.705784091216966,4.294555069431264,0.6066213495035588,True,-1.0587911840678754e-16
A12_ratio10,160.0,1.484375,0.6062359027279954,4.438642789491076,0.7010647221446299,True,-2.1175823681357508e-16
A12_ratio10,160.0,2.96875,0.3178607756880333,0.4457088287034292,0.9743107298283631,False,0.0
A12_ratio10,160.0,4.453125,0.16732981194506083,0.44828789680131653,1.1002371593422964,False,2.1175823681357508e-16
A12_ratio10,160.0,5.9375,0.0758125729438351,0.4514316976074407,1.1585658831741332,False,0.0
A12_ratio10,160.0,7.421875000000001,0.007185533128788338,0.4543343813726319,1.1866202791452727,False,-1.0587911840678754e-16
A12_ratio10,160.0,8.90625,-0.04388136163847338,0.45712187077569244,1.1911927443833243,False,-1.0587911840678754e-16
A12_ratio10,160.0,10.390625,-0.08415034407417525,0.4596266262232621,1.180714381594488,False,0.0
A12_ratio10,160.0,11.875,-0.11535269894411503,0.46188538155271175,1.1587280227924617,False,0.0
A12_ratio10,160.0,13.359375000000002,-0.1400875253741641,0.4638315502718456,1.1297177088715185,False,2.1175823681357508e-16
A12_ratio10,160.0,14.843750000000002,-0.15920633223185482,0.46548904555961523,1.0964212309481969,False,0.0
A12_ratio10,160.0,16.328125000000004,-0.17400593883610452,0.4668332213874425,1.0619509738017967,False,1.0587911840678754e-16
A12_ratio10,160.0,17.8125,-0.18497809437137544,0.46788692676412286,1.0284742428709002,False,1.0587911840678754e-16
A12_ratio10,160.0,19.296875,-0.19282595829169308,0.4686422280649381,0.9981658788067431,False,2.1175823681357508e-16
A12_ratio10,160.0,20.78125,-0.19782952354001357,0.46911484416522614,0.972517694473401,False,3.1763735522036263e-16
A12_ratio10,160.0,22.265625,-0.20033142111100183,0.46929524068056244,0.9527783230694593,False,2.1175823681357508e-16
A12_ratio10,160.0,23.75,-0.20044889174940428,0.46918252773238334,0.9396310277665662,False,2.1175823681357508e-16
A12_ratio10,160.0,25.234375000000004,-0.1982438677836941,0.46875287961380424,0.9333427271151662,False,2.1175823681357508e-16
A12_ratio10,160.0,26.718750000000004,-0.1936846744086173,0.46798221834105086,0.9337185530422321,False,3.1763735522036263e-16
A12_ratio10,160.0,28.203125000000004,-0.18655926200614795,0.46682621725270307,0.9400221257741451,False,3.1763735522036263e-16
A12_ratio10,160.0,29.687500000000004,-0.17667962942488713,0.4652359436148953,0.9512009331036758,False,3.1763735522036263e-16
A12_ratio10,160.0,31.171875000000004,-0.16349670395341234,0.46314564893506693,0.9655352724673424,False,2.1175823681357508e-16
A12_ratio10,160.0,32.65625000000001,-0.14662655922915246,0.4604826453196536,0.9812103260649048,False,2.1175823681357508e-16
A12_ratio10,160.0,34.14062500000001,-0.12498176568780546,0.45715837248983415,0.9955033992618691,False,0.0
A12_ratio10,160.0,35.625,-0.0978553796262919,0.45307143058816446,1.005931678438089,False,2.1175823681357508e-16
A12_ratio10,160.0,37.109375,-0.06299882839988304,0.44809075399550174,1.0083993129724949,False,1.0587911840678754e-16
A12_ratio10,160.0,38.59375,-0.018929906066089852,0.44204625807145304,0.9995773741915034,False,1.0587911840678754e-16
A12_ratio10,160.0,40.078125,0.04028315555964658,0.4346500474832269,0.9717598883915949,False,2.1175823681357508e-16
A12_ratio10,160.0,41.5625,0.1192708349002996,0.42543683449456,0.9186838816208942,False,1.0587911840678754e-16
A12_ratio10,160.0,43.046875,0.24988503615298766,0.4129461573316138,0.8070704262570138,False,2.1175823681357508e-16
A12_ratio10,160.0,44.53125,0.501515382434112,3.9270753490905537,0.5663642264966251,True,-2.1175823681357508e-16
A12_ratio10,160.0,46.015625,0.5848745109466806,3.724388665537863,0.48499416845650645,True,3.1763735522036263e-16
A12_ratio10,160.0,47.5,0.5837817340785575,3.7016785117407456,0.4786237066419671,True,0.0
A12_ratio10,160.0,48.984375,0.49995581128678945,3.8779606197397674,0.5453790309526887,True,-2.1175823681357508e-16
A12_ratio10,160.0,50.46875000000001,0.251531824054433,0.4107147303207903,0.7673392147115237,False,0.0
A12_ratio10,160.0,51.95312500000001,0.12319145089462175,0.424517132686698,0.8603987742876991,False,0.0
A12_ratio10,160.0,53.43750000000001,0.04606588297362401,0.4344007099408112,0.8943436725395055,False,-2.1175823681357508e-16
A12_ratio10,160.0,54.92187500000001,-0.011361799911082646,0.4423364103209924,0.9019147539106925,False,0.0
A12_ratio10,160.0,56.40625000000001,-0.05374290819853607,0.4487536659455979,0.8892480376967177,False,0.0
A12_ratio10,160.0,57.89062500000001,-0.08696671608757192,0.4540285746533516,0.8639222739640743,False,0.0
A12_ratio10,160.0,59.37500000000001,-0.11253814219751766,0.4583113171906525,0.8292727248267702,False,1.0587911840678754e-16
A12_ratio10,160.0,60.859375,-0.13270981555080438,0.4617676178163161,0.7894539024097271,False,1.0587911840678754e-16
A12_ratio10,160.0,62.34375000000001,-0.1482145022970351,0.4644934812811607,0.7470999007197877,False,2.1175823681357508e-16
A12_ratio10,160.0,63.828125,-0.16016917557446617,0.46659474970252407,0.7051563719917855,False,0.0
A12_ratio10,160.0,65.31250000000001,-0.16899301439790426,0.4681455664301746,0.6657292015668915,False,3.1763735522036263e-16
A12_ratio10,160.0,66.796875,-0.17528999106017612,0.4692154282041697,0.6309032025819563,False,2.1175823681357508e-16
A12_ratio10,160.0,68.28125000000001,-0.17929911727438733,0.4698529091181783,0.6021363538261785,False,2.1175823681357508e-16
A12_ratio10,160.0,69.765625,-0.18131834365461766,0.47008675997815547,0.5806377255625806,False,-1.0587911840678754e-16
A12_ratio10,160.0,71.25,-0.18145236953206256,0.4699289844153816,0.5670811149559508,False,1.0587911840678754e-16
A12_ratio10,160.0,72.734375,-0.1797653233265934,0.4693578023876874,0.5617366626075706,False,0.0
A12_ratio10,160.0,74.21875,-0.1762412927828508,0.468340106705121,0.5644242370348702,False,2.1175823681357508e-16
A12_ratio10,160.0,75.703125,-0.17071789652546274,0.46679576726873273,0.57445405130019,False,2.1175823681357508e-16
A12_ratio10,160.0,77.1875,-0.1630521961919005,0.4646439754069398,0.5908135385401521,False,0.0
A12_ratio10,160.0,78.671875,-0.15280109278445192,0.46174000214674993,0.6118818227500077,False,2.1175823681357508e-16
A12_ratio10,160.0,80.15625,-0.13965892108205746,0.4579565541360541,0.6359131876242214,False,2.1175823681357508e-16
A12_ratio10,160.0,81.64062500000001,-0.12272826430286662,0.45306817287218254,0.6603638012384989,False,0.0
A12_ratio10,160.0,83.125,-0.10142921525542764,0.44689400898358106,0.6828647728481306,False,0.0
A12_ratio10,160.0,84.60937500000001,-0.07387707682723843,0.4390590105559648,0.69966908175604,False,2.1175823681357508e-16
A12_ratio10,160.0,86.09375,-0.03883005158639584,0.42926849296714975,0.7076712664651408,False,2.1175823681357508e-16
A12_ratio10,160.0,87.57812500000001,0.00873020966543217,0.4166685026307825,0.7000599760113578,False,1.0587911840678754e-16
A12_ratio10,160.0,89.0625,0.07271871473117714,0.4004693965257575,0.6712671011851767,False,0.0
A12_ratio10,160.0,90.54687500000001,0.18017690883640392,0.37633755147266035,0.5928018074685619,False,0.0
A12_ratio10,160.0,92.03125,0.3900751248620464,3.342282452408925,0.40450401731825103,True,0.0
A12_ratio10,160.0,93.51562500000001,0.4568457288122276,3.1037706796270608,0.3510571679578119,True,1.0587911840678754e-16
A12_ratio10,160.0,95.0,0.45805611593650125,3.1173060605389686,0.35434932478402376,True,0.0
A12_ratio10,160.0,96.484375,0.3927142399770071,3.3738124850106774,0.41518865679303235,True,-1.0587911840678754e-16
A12_ratio10,160.0,97.96875,0.18191848003837538,0.3785783325006703,0.6126606621419219,False,-2.1175823681357508e-16
A12_ratio10,160.0,99.453125,0.0741453350446042,0.4024538552908861,0.6988333812603619,False,1.0587911840678754e-16
A12_ratio10,160.0,100.93750000000001,0.010090974285539034,0.4186730039840523,0.7338948416308151,False,-1.0587911840678754e-16
A12_ratio10,160.0,102.421875,-0.037517099570712,0.4312880790838154,0.746307285247502,False,-1.0587911840678754e-16
A12_ratio10,160.0,103.90625000000001,-0.07257994877656282,0.44110433180609276,0.7414211636553076,False,3.1763735522036263e-16
A12_ratio10,160.0,105.390625,-0.10016145000459063,0.4489158193914015,0.7259534549333929,False,-1.0587911840678754e-16
A12_ratio10,160.0,106.87500000000001,-0.12149085868182458,0.4550316830840368,0.7029264162745279,False,-1.0587911840678754e-16
A12_ratio10,160.0,108.359375,-0.13847297398626762,0.45980101132730017,0.6761085109219004,False,-1.0587911840678754e-16
A12_ratio10,160.0,109.84375000000001,-0.15167738270251746,0.4634192759401422,0.6479316492446813,False,2.1175823681357508e-16
A12_ratio10,160.0,111.328125,-0.16201306481374111,0.4661002226181158,0.6210937947792968,False,-1.0587911840678754e-16
A12_ratio10,160.0,112.81250000000001,-0.16977620182940947,0.4679882479024108,0.5975375441776606,False,0.0
A12_ratio10,160.0,114.296875,-0.1754175682606089,0.4692248296547019,0.5791537230353369,False,5.293955920339377e-16
A12_ratio10,160.0,115.78125000000001,-0.17907092903894245,0.4699105736038487,0.5672538732909621,False,3.1763735522036263e-16
A12_ratio10,160.0,117.265625,-0.18090480251685992,0.47012693836041963,0.5628761417978374,False,6.352747104407253e-16
A12_ratio10,160.0,118.75000000000001,-0.18092633395838714,0.4699280714176501,0.566555079382275,False,-2.1175823681357508e-16
A12_ratio10,160.0,120.234375,-0.17907785057307235,0.46933773175858334,0.5783972324810346,False,4.2351647362715017e-16
A12_ratio10,160.0,121.71875,-0.17524667301514468,0.46836397860123774,0.598083909566936,False,2.1175823681357508e-16
A12_ratio10,160.0,123.203125,-0.16914345964918945,0.4669767698155339,0.6247566711709699,False,1.0587911840678754e-16
A12_ratio10,160.0,124.68750000000001,-0.16052236529685435,0.46514470255659485,0.6572585524658417,False,0.0
A12_ratio10,160.0,126.17187500000001,-0.14879234991709417,0.4627900858594588,0.6937795463344136,False,3.1763735522036263e-16
A12_ratio10,160.0,127.65625,-0.13352870660328103,0.45985225035276317,0.7324141050260334,False,4.2351647362715017e-16
A12_ratio10,160.0,129.140625,-0.11363526738927844,0.4562062627917197,0.7703793542481998,False,4.2351647362715017e-16
A12_ratio10,160.0,130.62500000000003,-0.08837516051414568,0.451766467541004,0.8051097431433986,False,2.1175823681357508e-16
A12_ratio10,160.0,132.109375,-0.05553330803515097,0.44632925468869106,0.8324888659116532,False,-1.0587911840678754e-16
A12_ratio10,160.0,133.59375,-0.013603782338378357,0.43975307705643807,0.84910891183656,False,3.1763735522036263e-16
A12_ratio10,160.0,135.078125,0.043213532932675845,0.43157501713456486,0.8473394210669324,False,0.0
A12_ratio10,160.0,136.56250000000003,0.11954968446932666,0.42136628248897307,0.8208598710438034,False,2.1175823681357508e-16
A12_ratio10,160.0,138.046875,0.24646038915090165,0.40673672453991616,0.7371298360314193,False,2.1175823681357508e-16
A12_ratio10,160.0,139.53125,0.49198191624083876,3.8184191911751055,0.5268891225251173,True,1.0587911840678754e-16
A12_ratio10,160.0,141.015625,0.5764366059879296,3.6583833846553757,0.46889823625154853,True,0.0
A12_ratio10,160.0,142.5,0.5800589578387862,3.7099987747733714,0.4823464828817385,True,-2.1175823681357508e-16
A12_ratio10,160.0,143.98437500000003,0.4990058679693706,3.934456332537382,0.5708628114338167,True,-2.1175823681357508e-16
A12_ratio10,160.0,145.46875,0.2482716753835657,0.41361676863065844,0.819607933547171,False,4.2351647362715017e-16
A12_ratio10,160.0,146.953125,0.11831955142914859,0.42630926561476606,0.9386359109808535,False,2.1175823681357508e-16
A12_ratio10,160.0,148.4375,0.03988463511343549,0.43582583925863955,0.9980700814077589,False,4.2351647362715017e-16
A12_ratio10,160.0,149.92187500000003,-0.018912320352183435,0.44344418015542786,1.0309553643034246,False,2.1175823681357508e-16
A12_ratio10,160.0,151.40625,-0.06265168917392269,0.4496641983429199,1.0432991572993362,False,2.1175823681357508e-16
A12_ratio10,160.0,152.890625,-0.09727091548462181,0.454734546888117,1.042671400057234,False,-1.0587911840678754e-16
A12_ratio10,160.0,154.375,-0.12422629014674452,0.4588482807620494,1.0323025889585418,False,3.1763735522036263e-16
A12_ratio10,160.0,155.85937500000003,-0.14576966419505297,0.4621197746507594,1.0162912977691152,False,6.352747104407253e-16
A12_ratio10,160.0,157.34375,-0.1625898402573909,0.46467009679873006,0.9971736070931425,False,-3.1763735522036263e-16
A12_ratio10,160.0,158.828125,-0.1757759013503372,0.4665809850853891,0.9778144698642671,False,-2.1175823681357508e-16
A12_ratio10,160.0,160.3125,-0.18569661237250082,0.46794488701635556,0.9602179160512893,False,0.0
A12_ratio10,160.0,161.79687500000003,-0.19290165055382175,0.46882648239926344,0.9463645143218186,False,1.0587911840678754e-16
A12_ratio10,160.0,163.28125000000003,-0.19756519010176918,0.4692953792019717,0.9375990687353833,False,0.0
A12_ratio10,160.0,164.765625,-0.19989959395725607,0.4693978653489966,0.9349984532887283,False,2.1175823681357508e-16
A12_ratio10,160.0,166.25,-0.19992351547051024,0.4691791919866853,0.9391056514876716,False,0.0
A12_ratio10,160.0,167.734375,-0.197575949820877,0.4686656212662864,0.9500228517793338,False,-2.1175823681357508e-16
A12_ratio10,160.0,169.21875000000003,-0.19272731286937234,0.46787875655790895,0.96741548380276,False,3.1763735522036263e-16
A12_ratio10,160.0,170.703125,-0.1850375679711282,0.46682841302934064,0.9903774884861785,False,4.2351647362715017e-16
A12_ratio10,160.0,172.1875,-0.17421496445380566,0.4655181587432045,1.0177111129533294,False,0.0
A12_ratio10,160.0,173.671875,-0.15956192635368302,0.4639512298266257,1.0475069613193744,False,3.1763735522036263e-16
A12_ratio10,160.0,175.15625000000003,-0.14057519421963818,0.4621221771162384,1.0777900929359796,False,0.0
A12_ratio10,160.0,176.640625,-0.11596861983508747,0.460042449527914,1.1055988033324402,False,-1.0587911840678754e-16
A12_ratio10,160.0,178.125,-0.08487854598286666,0.45770427847143763,1.1282538698312121,False,-5.293955920339377e-16
A12_ratio10,160.0,179.609375,-0.044726534897100725,0.4551459600830514,1.1412905724174134,False,3.1763735522036263e-16
A12_ratio10,160.0,181.09375000000003,0.006233174171450371,0.45234800507729667,1.1410782085733988,False,0.0
A12_ratio10,160.0,182.57812500000003,0.07471334546435629,0.44941143822818436,1.1190924668097033,False,-2.1175823681357508e-16
A12_ratio10,160.0,184.0625,0.16605992048764648,0.4462296368288126,1.0683185356303229,False,-3.1763735522036263e-16
A12_ratio10,160.0,185.546875,0.3161381192723806,0.4432867696743808,0.9514288520149752,False,-6.352747104407253e-16
A12_ratio10,160.0,187.03125000000003,0.6034031941593931,4.403164446554607,0.6887683113570024,True,6.352747104407253e-16
A12_ratio10,160.0,188.51562500000003,0.7044625172484973,4.279177487912292,0.6028381076241284,True,2.1175823681357508e-16
A12_ratio100,0.0,0.0,0.5,2.3623837608327865,0.0,True,-2.779326858178173e-16
A12_ratio100,0.0,1.484375,0.49489518415210065,2.347822283303895,0.0,True,-2.779326858178173e-16
A12_ratio100,0.0,2.96875,0.47976606479587086,2.3047489839948527,0.0,False,-1.7205356741102976e-16
A12_ratio100,0.0,4.453125,0.45516153056683156,2.2346206546766165,0.0,False,-4.367513634279986e-16
A12_ratio100,0.0,5.9375,0.42197301539744453,2.1400382472638975,0.0,False,-1.3234889800848443e-17
A12_ratio100,0.0,7.421875000000001,0.3814003715535366,2.0242912832843243,0.0,False,9.26442286059391e-17
A12_ratio100,0.0,8.90625,0.3349059420243247,1.8915912097008296,0.0,False,9.26442286059391e-17
A12_ratio100,0.0,10.390625,0.2841585967997873,1.7465473835015626,0.0,False,2.514629062161204e-16
A12_ratio100,0.0,11.875,0.23096988312782177,1.5943591494621463,0.0,False,1.3234889800848443e-17
A12_ratio100,0.0,13.359375000000002,0.17722474277682881,1.4402429623484325,0.0,False,-1.3234889800848443e-17
A12_ratio100,0.0,14.843750000000002,0.12480945799581636,1.2896151854553501,0.0,False,-3.970466940254533e-17
A12_ratio100,0.0,16.328125000000004,0.07553959424516744,1.1474950268751485,0.0,False,-9.26442286059391e-17
A12_ratio100,0.0,17.8125,0.031090707778999593,1.018714295372429,0.0,False,-5.293955920339377e-17
A12_ratio100,0.0,19.296875,-0.007065520205475,0.9073211127993922,0.0,False,7.940933880509066e-17
A12_ratio100,0.0,20.78125,-0.037717269787137415,0.8168527608240855,0.0,False,1.1911400820763599e-16
A12_ratio100,0.0,22.265625,-0.059958538762067796,0.7497602939495953,0.0,False,-1.3234889800848443e-17
A12_ratio100,0.0,23.75,-0.07322330470336304,0.7077764899762384,0.0,False,-1.3234889800848443e-17
A12_ratio100,0.0,25.234375000000004,-0.07730658138905301,0.691371875925033,0.0,False,1.0587911840678754e-16
A12_ratio100,0.0,26.718750000000004,-0.0723715620869103,0.7002427585004884,0.0,False,-6.617444900424221e-17
A12_ratio100,0.0,28.203125000000004,-0.05894257695252797,0.7327956513988102,0.0,False,3.970466940254533e-17
A12_ratio100,0.0,29.687500000000004,-0.03788413704173633,0.7867722227447342,0.0,False,-1.3234889800848443e-17
A12_ratio100,0.0,31.171875000000004,-0.010366872206595113,0.8587427849842102,0.0,False,-6.617444900424221e-17
A12_ratio100,0.0,32.65625000000001,0.022178326115227045,0.94487818783235,0.0,False,-6.617444900424221e-17
A12_ratio100,0.0,34.14062500000001,0.05811619285353858,1.0404148273515614,0.0,False,-1.4558378780933287e-16
A12_ratio100,0.0,35.625,0.09567085809127227,1.140581072404088,0.0,False,-2.6469779601696886e-17
A12_ratio100,0.0,37.109375,0.13299504385208694,1.2399762549976618,0.0,False,-3.970466940254533e-17
A12_ratio100,0.0,38.59375,0.16824202740488794,1.3336650431918224,0.0,False,1.4558378780933287e-16
A12_ratio100,0.0,40.078125,0.1996376032307165,1.4163892230078148,0.0,False,-9.26442286059391e-17
A12_ratio100,0.0,41.5625,0.22554927580066894,1.4838632614500449,0.0,False,-1.3234889800848443e-17
A12_ratio100,0.0,43.046875,0.24455002168947665,1.531704274352919,0.0,False,3.970466940254533e-17
A12_ratio100,0.0,44.53125,0.2554741682102118,1.5570063496281563,0.0,True,-6.617444900424221e-17
A12_ratio100,0.0,46.015625,0.2574632386826621,1.5568148316547674,0.0,True,9.26442286059391e-17
A12_ratio100,0.0,47.5,0.25000000000000006,1.5301496177737117,0.0,True,3.970466940254533e-17
A12_ratio100,0.0,48.984375,0.23292940151895314,1.475721249630396,0.0,True,1.4558378780933287e-16
A12_ratio100,0.0,50.46875000000001,0.20646559804543152,1.3947796573656237,0.0,False,3.970466940254533e-17
A12_ratio100,0.0,51.95312500000001,0.1711847844617958,1.287435016452515,0.0,False,1.4558378780933287e-16
A12_ratio100,0.0,53.43750000000001,0.1280041147926049,1.157246490600388,0.0,False,-1.3234889800848443e-17
A12_ratio100,0.0,54.92187500000001,0.07814751327908463,1.0044134271661416,0.0,False,2.6469779601696886e-17
A12_ratio100,0.0,56.40625000000001,0.02309968877765684,0.8348500413394452,0.0,False,2.6469779601696886e-17
A12_ratio100,0.0,57.89062500000001,-0.03544988284402277,0.6430047381666633,0.0,False,-1.1911400820763599e-16
A12_ratio100,0.0,59.37500000000001,-0.09567085809127232,0.4381749517531529,0.0,False,6.617444900424221e-17
A12_ratio100,0.0,60.859375,-0.15566135386160224,0.11307435701081785,0.0,False,-1.9852334701272664e-16
A12_ratio100,0.0,62.34375000000001,-0.21352004229777188,0.0,0.0,False,0.014337942385639589
A12_ratio100,0.0,63.828125,-0.2674182443032058,0.0,0.0,False,0.04028213423276763
A12_ratio100,0.0,65.31250000000001,-0.3156692535515375,0.0,0.0,False,0.06934449708960143
A12_ratio100,0.0,66.796875,-0.35679222919874465,0.0,0.0,False,0.09741236519160099
A12_ratio100,0.0,68.28125000000001,-0.3895682041687332,0.0,0.0,False,0.12179076747964189
A12_ratio100,0.0,69.765625,-0.41308605881256205,0.0,0.0,False,0.14064967255788094
A12_ratio100,0.0,71.25,-0.42677669529663675,0.0,0.0,False,0.15273716876584026
A12_ratio100,0.0,72.734375,-0.4304341014395474,0.0,0.0,False,0.15740678309328385
A12_ratio100,0.0,74.21875,-0.42422249646850596,0.0,0.0,False,0.15449168570988425
A12_ratio100,0.0,75.703125,-0.4086692859457976,0.0,0.0,False,0.14435292243969963
A12_ratio100,0.0,77.1875,-0.38464409837227337,0.0,0.0,False,0.1277763684752683
A12_ratio100,0.0,78.671875,-0.3533247107549686,0.0,0.0,False,0.10602336880523713
A12_ratio100,0.0,80.15625,-0.31615117417836136,0.0,0.0,False,0.08072211561150637
A12_ratio100,0.0,81.64062500000001,-0.2747699037848928,0.0,0.0,False,0.05400255569048551
A12_ratio100,0.0,83.125,-0.23096988312782174,0.0,0.0,False,0.028404081207378796
A12_ratio100,0.0,84.60937500000001,-0.1866134357917229,0.0,0.0,False,0.007930116350994732
A12_ratio100,0.0,86.09375,-0.14356422584178014,0.15305872689184463,0.0,False,1.1911400820763599e-16
A12_ratio100,0.0,87.57812500000001,-0.10361525504373519,0.3591469770479233,0.0,False,1.9852334701272664e-16
A12_ratio100,0.0,89.0625,-0.06841962480417095,0.482747054154269,0.0,False,9.26442286059391e-17
A12_ratio100,0.0,90.54687500000001,-0.03942672441555893,0.5787482534609013,0.0,False,6.617444900424221e-17
A12_ratio100,0.0,92.03125,-0.017826298540227464,0.6465302053094443,0.0,True,1.1911400820763599e-16
A12_ratio100,0.0,93.51562500000001,-0.004502543950485486,0.6877910520589472,0.0,True,9.26442286059391e-17
A12_ratio100,0.0,95.0,2.274746684520826e-17,0.7014915975822982,0.0,True,3.970466940254533e-17
A12_ratio100,0.0,96.484375,-0.004502543950485433,0.6877910520589493,0.0,True,1.4558378780933287e-16
A12_ratio100,0.0,97.96875,-0.017826298540227544,0.6465302053094463,0.0,False,4.1028158382630173e-16
A12_ratio100,0.0,99.453125,-0.03942672441555879,0.5787482534608973,0.0,False,-1.7205356741102976e-16
A12_ratio100,0.0,100.93750000000001,-0.06841962480417077,0.48274705415426883,0.0,False,-3.970466940254533e-17
A12_ratio100,0.0,102.421875,-0.103615255043735,0.35914697704792803,0.0,False,3.5734202462290796e-16
A12_ratio100,0.0,103.90625000000001,-0.1435642258417799,0.15305872689184308,0.0,False,-1.3234889800848443e-17
A12_ratio100,0.0,105.390625,-0.18661343579172274,0.0,0.0,False,0.007930116350994627
A12_ratio100,0.0,106.87500000000001,-0.23096988312782155,0.0,0.0,False,0.028404081207378636
A12_ratio100,0.0,108.359375,-0.2747699037848926,0.0,0.0,False,0.0540025556904854
A12_ratio100,0.0,109.84375000000001,-0.31615117417836114,0.0,0.0,False,0.0807221156115062
A12_ratio100,0.0,111.328125,-0.35332471075496874,0.0,0.0,False,0.10602336880523734
A12_ratio100,0.0,112.81250000000001,-0.3846440983722732,0.0,0.0,False,0.12777636847526824
A12_ratio100,0.0,114.296875,-0.40866928594579727,0.0,0.0,False,0.14435292243969935
A12_ratio100,0.0,115.78125000000001,-0.42422249646850585,0.0,0.0,False,0.15449168570988425
A12_ratio100,0.0,117.265625,-0.4304341014395474,0.0,0.0,False,0.15740678309328385
A12_ratio100,0.0,118.75000000000001,-0.4267766952966369,0.0,0.0,False,0.15273716876584043
A12_ratio100,0.0,120.234375,-0.41308605881256216,0.0,0.0,False,0.140649672557881
A12_ratio100,0.0,121.71875,-0.38956820416873333,0.0,0.0,False,0.12179076747964189
A12_ratio100,0.0,123.203125,-0.35679222919874515,0.0,0.0,False,0.0974123651916014
A12_ratio100,0.0,124.68750000000001,-0.3156692535515374,0.0,0.0,False,0.06934449708960119
A12_ratio100,0.0,126.17187500000001,-0.2674182443032061,0.0,0.0,False,0.040282134232767816
A12_ratio100,0.0,127.65625,-0.21352004229777213,0.0,0.0,False,0.014337942385639589
A12_ratio100,0.0,129.140625,-0.1556613538616031,0.11307435701080588,0.0,False,9.26442286059391e-17
A12_ratio100,0.0,130.62500000000003,-0.09567085809127207,0.4381749517531674,0.0,False,1.852884572118782e-16
A12_ratio100,0.0,132.109375,-0.03544988284402279,0.6430047381666559,0.0,False,-2.3161057151484775e-16
A12_ratio100,0.0,133.59375,0.02309968877765681,0.8348500413394613,0.0,False,1.852884572118782e-16
A12_ratio100,0.0,135.078125,0.07814751327908341,1.0044134271661065,0.0,False,-1.1911400820763599e-16
A12_ratio100,0.0,136.56250000000003,0.12800411479260532,1.157246490600411,0.0,False,1.9852334701272664e-16
A12_ratio100,0.0,138.046875,0.17118478446179614,1.2874350164525215,0.0,False,1.1911400820763599e-16
A12_ratio100,0.0,139.53125,0.2064655980454311,1.3947796573656093,0.0,True,-1.9852334701272664e-16
A12_ratio100,0.0,141.015625,0.23292940151895314,1.4757212496304024,0.0,True,9.26442286059391e-17
A12_ratio100,0.0,142.5,0.24999999999999972,1.530149617773701,0.0,True,-6.617444900424221e-17
A12_ratio100,0.0,143.98437500000003,0.2574632386826621,1.5568148316547756,0.0,True,3.5734202462290796e-16
A12_ratio100,0.0,145.46875,0.2554741682102119,1.5570063496281537,0.0,False,-1.1911400820763599e-16
A12_ratio100,0.0,146.953125,0.24455002168947695,1.5317042743529183,0.0,False,-6.617444900424221e-17
A12_ratio100,0.0,148.4375,0.22554927580066936,1.4838632614500469,0.0,False,1.3234889800848443e-17
A12_ratio100,0.0,149.92187500000003,0.1996376032307166,1.4163892230078166,0.0,False,2.779326858178173e-16
A12_ratio100,0.0,151.40625,0.16824202740488825,1.3336650431918202,0.0,False,1.4558378780933287e-16
A12_ratio100,0.0,152.890625,0.13299504385208746,1.2399762549976672,0.0,False,1.9852334701272664e-16
A12_ratio100,0.0,154.375,0.09567085809127296,1.1405810724041043,0.0,False,9.26442286059391e-17
A12_ratio100,0.0,155.85937500000003,0.05811619285353774,1.0404148273515363,0.0,False,-5.293955920339377e-17
A12_ratio100,0.0,157.34375,0.022178326115227055,0.9448781878323563,0.0,False,1.7205356741102976e-16
A12_ratio100,0.0,158.828125,-0.010366872206594928,0.8587427849842157,0.0,False,2.514629062161204e-16
A12_ratio100,0.0,160.3125,-0.03788413704173609,0.7867722227447344,0.0,False,-1.3234889800848443e-17
A12_ratio100,0.0,161.79687500000003,-0.058942576952527755,0.7327956513988103,0.0,False,-9.26442286059391e-17
A12_ratio100,0.0,163.28125000000003,-0.0723715620869103,0.7002427585004897,0.0,False,-9.26442286059391e-17
A12_ratio100,0.0,164.765625,-0.07730658138905301,0.6913718759250277,0.0,False,-1.4558378780933287e-16
A12_ratio100,0.0,166.25,-0.07322330470336312,0.7077764899762444,0.0,False,6.617444900424221e-17
A12_ratio100,0.0,167.734375,-0.059958538762068296,0.7497602939495853,0.0,False,-2.6469779601696886e-17
A12_ratio100,0.0,169.21875000000003,-0.037717269787137256,0.8168527608240932,0.0,False,9.26442286059391e-17
A12_ratio100,0.0,170.703125,-0.007065520205474947,0.9073211127993971,0.0,False,-2.6469779601696886e-17
A12_ratio100,0.0,172.1875,0.031090707778998666,1.0187142953724202,0.0,False,-3.970466940254533e-17
A12_ratio100,0.0,173.671875,0.0755395942451665,1.1474950268751327,0.0,False,-9.26442286059391e-17
A12_ratio100,0.0,175.15625000000003,0.12480945799581691,1.2896151854553735,0.0,False,-1.7205356741102976e-16
A12_ratio100,0.0,176.640625,0.17722474277682823,1.4402429623484245,0.0,False,-6.617444900424221e-17
A12_ratio100,0.0,178.125,0.230969883127821,1.594359149462136,0.0,False,-1.4558378780933287e-16
A12_ratio100,0.0,179.609375,0.2841585967997873,1.7465473835015684,0.0,False,-1.7205356741102976e-16
A12_ratio100,0.0,181.09375000000003,0.3349059420243245,1.8915912097008218,0.0,False,-3.8381180422460484e-16
A12_ratio100,0.0,182.57812500000003,0.3814003715535363,2.0242912832843194,0.0,False,-6.617444900424221e-17
A12_ratio100,0.0,184.0625,0.4219730153974448,2.1400382472639143,0.0,False,3.970466940254533e-17
A12_ratio100,0.0,185.546875,0.4551615305668312,2.2346206546766036,0.0,False,-5.426304818347862e-16
A12_ratio100,0.0,187.03125000000003,0.479766064795871,2.304748983994854,0.0,True,-3.8381180422460484e-16
A12_ratio100,0.0,188.51562500000003,0.49489518415210065,2.3478222833039,0.0,True,-6.617444900424221e-17
A12_ratio100,40.0,0.0,0.7040708358844127,3.5778107586204566,0.012417137971643429,True,-1.5881867761018131e-16
A12_ratio100,40.0,1.484375,0.692938035924703,5.79999109900221,0.0184451220834541,True,0.0
A12_ratio100,40.0,2.96875,0.36855293966338953,0.36274551395655724,0.3277010989885378,False,-5.293955920339377e-17
A12_ratio100,40.0,4.453125,0.2191516857110147,0.556885128201468,0.45249781871187345,False,1.5881867761018131e-16
A12_ratio100,40.0,5.9375,0.14135904182441622,0.6788607557623688,0.4971019474290846,False,-1.0587911840678754e-16
A12_ratio100,40.0,7.421875000000001,0.08454291498480797,0.7592154862713945,0.513345430424785,False,1.5881867761018131e-16
A12_ratio100,40.0,8.90625,0.043084613876254334,0.8028574330459661,0.5083093020041266,False,0.0
A12_ratio100,40.0,10.390625,0.008308048840964975,0.8207945990823656,0.4923385218148785,False,5.293955920339377e-17
A12_ratio100,40.0,11.875,-0.020687450454140045,0.8187834430553325,0.46814530743801813,False,0.0
A12_ratio100,40.0,13.359375000000002,-0.04641930501654619,0.8038115518925725,0.4401320216494315,False,1.0587911840678754e-16
A12_ratio100,40.0,14.843750000000002,-0.06871118756443513,0.7802145700123962,0.4100086194163078,False,-5.293955920339377e-17
A12_ratio100,40.0,16.328125000000004,-0.08830924452906179,0.752500744549455,0.3803368126302855,False,0.0
A12_ratio100,40.0,17.8125,-0.10480105681185281,0.7236535032286485,0.3523797384469087,False,5.293955920339377e-17
A12_ratio100,40.0,19.296875,-0.11834291017227137,0.6965213870165964,0.32776536382285265,False,1.0587911840678754e-16
A12_ratio100,40.0,20.78125,-0.1285778482995814,0.6729640751938779,0.3073485523685002,False,-5.293955920339377e-17
A12_ratio100,40.0,22.265625,-0.13550148542456245,0.654516727890622,0.2920309205185509,False,-1.0587911840678754e-16
A12_ratio100,40.0,23.75,-0.13893563687640778,0.6420004405775521,0.282200306029101,False,-5.293955920339377e-17
A12_ratio100,40.0,25.234375000000004,-0.13888259397068792,0.6357454593634749,0.2780639864376912,False,5.293955920339377e-17
A12_ratio100,40.0,26.718750000000004,-0.13538789810030538,0.6355521889488447,0.27950430986945146,False,5.293955920339377e-17
A12_ratio100,40.0,28.203125000000004,-0.1284884203124685,0.6405563188181493,0.28603381721599674,False,-5.293955920339377e-17
A12_ratio100,40.0,29.687500000000004,-0.11843928915751081,0.6495396088175143,0.2970431259718307,False,2.1175823681357508e-16
A12_ratio100,40.0,31.171875000000004,-0.10521208866468398,0.6603731903790151,0.31133319031414514,False,-5.293955920339377e-17
A12_ratio100,40.0,32.65625000000001,-0.0891888871630261,0.670786467040284,0.32785518713430944,False,1.0587911840678754e-16
A12_ratio100,40.0,34.14062500000001,-0.06996729623930129,0.6771272271681384,0.3445714629488961,False,5.293955920339377e-17
A12_ratio100,40.0,35.625,-0.04784477870905319,0.6759345124069093,0.3600036106563817,False,0.0
A12_ratio100,40.0,37.109375,-0.021174088616371163,0.6613172918728552,0.3706571063245143,False,-5.293955920339377e-17
A12_ratio100,40.0,38.59375,0.010442151361318024,0.6284906128869453,0.37428784989962616,False,-5.293955920339377e-17
A12_ratio100,40.0,40.078125,0.05313433370604277,0.56745318927759,0.36299124338072997,False,-5.293955920339377e-17
A12_ratio100,40.0,41.5625,0.11066565090445013,0.47296482929626704,0.331371598752275,False,-1.5881867761018131e-16
A12_ratio100,40.0,43.046875,0.22022613672962957,0.31337962502814065,0.24081185881590328,False,-5.293955920339377e-17
A12_ratio100,40.0,44.53125,0.45877186280318805,4.325302251043325,0.013190279263080133,True,-2.1175823681357508e-16
A12_ratio100,40.0,46.015625,0.465109818950285,2.6698475838107476,0.00884139358843335,True,-1.0587911840678754e-16
A12_ratio100,40.0,47.5,0.4577866429228124,2.629181715347873,0.008701330933244081,True,-2.6469779601696886e-16
A12_ratio100,40.0,48.984375,0.4371442067414377,4.020506721488439,0.012273168633571722,True,-1.5881867761018131e-16
A12_ratio100,40.0,50.46875000000001,0.20681144007831823,0.2873585531335608,0.2161421318231697,False,-1.0587911840678754e-16
A12_ratio100,40.0,51.95312500000001,0.09891988346391316,0.42568364997697483,0.2887528748539388,False,-5.293955920339377e-17
A12_ratio100,40.0,53.43750000000001,0.039841599329306074,0.5001697327665343,0.30465048931935507,False,0.0
A12_ratio100,40.0,54.92187500000001,-0.005155933027399205,0.5408319551866815,0.2997914201625401,False,0.0
A12_ratio100,40.0,56.40625000000001,-0.04009477600618212,0.5531530234689949,0.2796824386398952,False,0.0
A12_ratio100,40.0,57.89062500000001,-0.07069921286761688,0.5466979873660051,0.2517373038796503,False,-1.5881867761018131e-16
A12_ratio100,40.0,59.37500000000001,-0.09757044534812072,0.5262021143628478,0.21838756111290458,False,-2.6469779601696886e-16
A12_ratio100,40.0,60.859375,-0.12229066917876467,0.4969424409742401,0.18311728917321862,False,-5.293955920339377e-17
A12_ratio100,40.0,62.34375000000001,-0.1447524635553363,0.46149030246319145,0.14772039511362042,False,1.5881867761018131e-16
A12_ratio100,40.0,63.828125,-0.16541960505474132,0.4220026782603507,0.11448933460759166,False,2.1175823681357508e-16
A12_ratio100,40.0,65.31250000000001,-0.18398521170151277,0.3793405657364307,0.08480393200603152,False,-5.293955920339377e-17
A12_ratio100,40.0,66.796875,-0.200367533668658,0.33492578565093234,0.06006327832596942,False,0.0
A12_ratio100,40.0,68.28125000000001,-0.213957346053798,0.2909831828610326,0.04087711574112105,False,1.5881867761018131e-16
A12_ratio100,40.0,69.765625,-0.224148972003367,0.2518038773416969,0.02755088704686132,False,-1.0587911840678754e-16
A12_ratio100,40.0,71.25,-0.23007172851394828,0.223433665473623,0.019783007073367772,False,1.5881867761018131e-16
A12_ratio100,40.0,72.734375,-0.2310897680747279,0.21198907811645176,0.01714364049123684,False,-5.293955920339377e-17
A12_ratio100,40.0,74.21875,-0.2269800054374594,0.21982272698231162,0.019245482825009694,False,1.5881867761018131e-16
A12_ratio100,40.0,75.703125,-0.21811544511639577,0.24368462431703197,0.025934133026654423,False,2.1175823681357508e-16
A12_ratio100,40.0,77.1875,-0.20534747796165723,0.2771999182209825,0.037191353445440216,False,1.0587911840678754e-16
A12_ratio100,40.0,78.671875,-0.18952346061195577,0.3137777755528738,0.05268672371304332,False,-5.293955920339377e-17
A12_ratio100,40.0,80.15625,-0.17154788321659248,0.34882779544529574,0.07188468289428725,False,1.0587911840678754e-16
A12_ratio100,40.0,81.64062500000001,-0.15177266765824976,0.3786490672153669,0.09349073772941328,False,5.293955920339377e-17
A12_ratio100,40.0,83.125,-0.13067518434708897,0.40107371422428145,0.11619327507532347,False,5.293955920339377e-17
A12_ratio100,40.0,84.60937500000001,-0.1076302456313484,0.4127518047379755,0.13750478369568184,False,5.293955920339377e-17
A12_ratio100,40.0,86.09375,-0.08249959554191058,0.4113080668646593,0.1554233435561869,False,-1.0587911840678754e-16
A12_ratio100,40.0,87.57812500000001,-0.052107361131147084,0.3894067159133192,0.16498007994346817,False,-1.0587911840678754e-16
A12_ratio100,40.0,89.0625,-0.014282189648203257,0.3420046595991115,0.1623505387000886,False,-4.764560328305439e-16
A12_ratio100,40.0,90.54687500000001,0.05171679803293248,0.2380116104696871,0.12534445140756484,False,1.5881867761018131e-16
A12_ratio100,40.0,92.03125,0.19190031282868286,2.4784196708205317,0.006761362487145938,True,1.0587911840678754e-16
A12_ratio100,40.0,93.51562500000001,0.20703991174234954,1.6760136985118421,0.0049455181632212615,True,1.0587911840678754e-16
A12_ratio100,40.0,95.0,0.211474011552144,1.696417336830343,0.0050139623039123105,True,-1.0587911840678754e-16
A12_ratio100,40.0,96.484375,0.20480193204036753,2.6186621789506743,0.00718349786520332,True,-1.0587911840678754e-16
A12_ratio100,40.0,97.96875,0.06257335715446306,0.25013545542140286,0.13608831816136566,False,1.5881867761018131e-16
A12_ratio100,40.0,99.453125,-0.002840652253170975,0.3625358794694338,0.17990190169366851,False,0.0
A12_ratio100,40.0,100.93750000000001,-0.03908061107806853,0.41625340598528815,0.18714896012995416,False,-5.293955920339377e-17
A12_ratio100,40.0,102.421875,-0.06812921340424666,0.44322567668913126,0.18100193221656788,False,-2.1175823681357508e-16
A12_ratio100,40.0,103.90625000000001,-0.09206395685746574,0.44855354482280313,0.16498770487174214,False,-5.293955920339377e-17
A12_ratio100,40.0,105.390625,-0.11433215516248631,0.4401611791792349,0.14420669322681975,False,0.0
A12_ratio100,40.0,106.87500000000001,-0.1350130865285855,0.4205767657715954,0.12053117725682033,False,-4.764560328305439e-16
A12_ratio100,40.0,108.359375,-0.1549241290257649,0.39312650922554365,0.09664219909692869,False,1.5881867761018131e-16
A12_ratio100,40.0,109.84375000000001,-0.1736401007567097,0.359273742198349,0.07397690043440491,False,-5.293955920339377e-17
A12_ratio100,40.0,111.328125,-0.19104306730256376,0.3215756991110943,0.05420633040365131,False,1.0587911840678754e-16
A12_ratio100,40.0,112.81250000000001,-0.20632935591169105,0.2828042496786337,0.03817323139547413,False,2.6469779601696886e-16
A12_ratio100,40.0,114.296875,-0.21878175597864272,0.24770424855547873,0.026600443888901665,False,1.5881867761018131e-16
A12_ratio100,40.0,115.78125000000001,-0.22734760450769909,0.22228568467485962,0.019613081895249473,False,1.0587911840678754e-16
A12_ratio100,40.0,117.265625,-0.23124146613641547,0.2129963761733957,0.017295338552924398,False,4.2351647362715017e-16
A12_ratio100,40.0,118.75000000000001,-0.23000239849301773,0.22290250776648327,0.019713677052437067,False,1.5881867761018131e-16
A12_ratio100,40.0,120.234375,-0.22381387197910327,0.24969584723965138,0.027215787022597443,False,1.5881867761018131e-16
A12_ratio100,40.0,121.71875,-0.21332115587559455,0.2872047063588097,0.040240925562917466,False,1.5881867761018131e-16
A12_ratio100,40.0,123.203125,-0.1992561811358551,0.3291140354417626,0.05895192579316629,False,5.293955920339377e-16
A12_ratio100,40.0,124.68750000000001,-0.18234403103469626,0.3710392855225262,0.08316275133921529,False,3.705769144237564e-16
A12_ratio100,40.0,126.17187500000001,-0.16288402208132133,0.41024878137053544,0.11195375163417161,False,2.6469779601696886e-16
A12_ratio100,40.0,127.65625,-0.14120837517985338,0.44535320839469583,0.14417630673813753,False,-1.5881867761018131e-16
A12_ratio100,40.0,129.140625,-0.11695872039279959,0.47455913220958323,0.17778534038725274,False,1.5881867761018131e-16
A12_ratio100,40.0,130.62500000000003,-0.09013794134595343,0.49591412718472716,0.21095505711073764,False,5.293955920339377e-17
A12_ratio100,40.0,132.109375,-0.05928962347944347,0.5049247953536026,0.24032771449147694,False,-1.5881867761018131e-16
A12_ratio100,40.0,133.59375,-0.02371737194660177,0.4971381373380429,0.26330503458031485,False,-2.6469779601696886e-16
A12_ratio100,40.0,135.078125,0.02188427185708076,0.4633497577272298,0.2727512152780589,False,-5.293955920339377e-17
A12_ratio100,40.0,136.56250000000003,0.08152811693440629,0.39774526286444145,0.2629639717142553,False,-2.6469779601696886e-16
A12_ratio100,40.0,138.046875,0.1878785893659573,0.2710028366726104,0.19979416895189514,False,-1.5881867761018131e-16
A12_ratio100,40.0,139.53125,0.41140699357284405,3.7904816683809464,0.011546578328643359,True,5.293955920339377e-17
A12_ratio100,40.0,141.015625,0.4409711970801558,2.560939496463825,0.008446178294853524,True,-4.764560328305439e-16
A12_ratio100,40.0,142.5,0.45775576005097557,2.645641618977135,0.008732213805080448,True,3.705769144237564e-16
A12_ratio100,40.0,143.98437500000003,0.46058861810176505,4.39935331821783,0.013362594436953396,True,-4.2351647362715017e-16
A12_ratio100,40.0,145.46875,0.2242032170939171,0.32455593713897596,0.2477589249723511,False,-3.705769144237564e-16
A12_ratio100,40.0,146.953125,0.11724277689492009,0.4919954641944707,0.343795218650613,False,-4.764560328305439e-16
A12_ratio100,40.0,148.4375,0.06232422762995894,0.5923299437332102,0.3797130220267669,False,-1.5881867761018131e-16
A12_ratio100,40.0,149.92187500000003,0.021587457970516016,0.6580138189139991,0.3945381191162568,False,5.293955920339377e-17
A12_ratio100,40.0,151.40625,-0.00858068287279556,0.6939288053078744,0.39331068413373993,False,-5.293955920339377e-17
A12_ratio100,40.0,152.890625,-0.0344985171523687,0.710155706687017,0.38398153486051256,False,1.5881867761018131e-16
A12_ratio100,40.0,154.375,-0.056464247267511286,0.7112826001154112,0.36862307921484055,False,-1.5881867761018131e-16
A12_ratio100,40.0,155.85937500000003,-0.07620544477617144,0.703288926252199,0.3508096114857655,False,-4.764560328305439e-16
A12_ratio100,40.0,157.34375,-0.09331995963716709,0.6896071985144552,0.33198625960845035,False,1.5881867761018131e-16
A12_ratio100,40.0,158.828125,-0.10822329350684252,0.6740766984464283,0.31434439515630397,False,2.1175823681357508e-16
A12_ratio100,40.0,160.3125,-0.12040486562164109,0.6590856308556887,0.29900870243596134,False,-5.293955920339377e-17
A12_ratio100,40.0,161.79687500000003,-0.12985765291973828,0.6470506716163587,0.28740304982326687,False,-5.293955920339377e-16
A12_ratio100,40.0,163.28125000000003,-0.13617428555183717,0.6394154795712302,0.2802906973209829,False,-1.0587911840678754e-16
A12_ratio100,40.0,164.765625,-0.13925249721899316,0.6374038536985478,0.2784338896859964,False,1.0587911840678754e-16
A12_ratio100,40.0,166.25,-0.1388804349913778,0.6414991424252482,0.28214510414407096,False,2.6469779601696886e-16
A12_ratio100,40.0,167.734375,-0.13498140515108242,0.6517586686881987,0.29151084024507046,False,2.6469779601696886e-16
A12_ratio100,40.0,169.21875000000003,-0.12756724197035804,0.6676481145565208,0.30633794603927705,False,-1.0587911840678754e-16
A12_ratio100,40.0,170.703125,-0.11658135638301628,0.6880005468918361,0.3260038100335976,False,5.293955920339377e-16
A12_ratio100,40.0,172.1875,-0.10222852109137406,0.7111917872998549,0.34980720272642907,False,1.5881867761018131e-16
A12_ratio100,40.0,173.671875,-0.08432773506286165,0.7346813114614315,0.3763553031640842,False,5.293955920339377e-17
A12_ratio100,40.0,175.15625000000003,-0.06316387746739667,0.7556237278950764,0.40446130931926977,False,4.2351647362715017e-16
A12_ratio100,40.0,176.640625,-0.03802670542335886,0.7697357586151714,0.4317394220562433,False,-1.5881867761018131e-16
A12_ratio100,40.0,178.125,-0.008992624199574984,0.7726891369249215,0.4564504811834521,False,-1.0587911840678754e-16
A12_ratio100,40.0,179.609375,0.026323049155573493,0.7576484331201386,0.4743235215002699,False,-5.293955920339377e-17
A12_ratio100,40.0,181.09375000000003,0.06890111355094215,0.7187070414811059,0.48249280232943864,False,1.5881867761018131e-16
A12_ratio100,40.0,182.57812500000003,0.12708007159265536,0.6450148891158776,0.4708082738169371,False,2.6469779601696886e-16
A12_ratio100,40.0,184.0625,0.20654634687924914,0.5312822513594879,0.4319146423742519,False,-3.705769144237564e-16
A12_ratio100,40.0,185.546875,0.3564649672486726,0.34780485610918765,0.3151845371742149,False,-5.293955920339377e-16
A12_ratio100,40.0,187.03125000000003,0.6782899008506427,5.6368710267466735,0.017964137801284478,True,-5.293955920339377e-17
A12_ratio100,40.0,188.51562500000003,0.6990440006698297,3.5542605388784727,0.012339157338327475,True,8.999725064576941e-16
A12_ratio100,160.0,0.0,1.0345636084742325,5.0215991151608375,0.06510115149059927,True,-2.1175823681357508e-16
A12_ratio100,160.0,1.484375,0.9914025528351288,7.814028380699646,0.10315739128180429,True,-2.1175823681357508e-16
A12_ratio100,160.0,2.96875,0.5091189405740035,0.14401850972000083,0.5703118841866991,False,0.0
A12_ratio100,160.0,4.453125,0.26373367251212626,0.18218425062079396,0.7910926180195377,False,0.0
A12_ratio100,160.0,5.9375,0.12158360699771847,0.20802214919131698,0.9000541683645583,False,-2.1175823681357508e-16
A12_ratio100,160.0,7.421875000000001,0.015479601664674495,0.22866160407815128,0.9655855298536938,False,-1.0587911840678754e-16
A12_ratio100,160.0,8.90625,-0.061715179652892554,0.2451534065374653,0.9962858816420493,False,0.0
A12_ratio100,160.0,10.390625,-0.12230826852609386,0.25880030965391193,1.006131625290713,False,-1.0587911840678754e-16
A12_ratio100,160.0,11.875,-0.1684939330299824,0.269945919697058,0.9991285761226364,False,-2.1175823681357508e-16
A12_ratio100,160.0,13.359375000000002,-0.20493627405046486,0.27909723659408053,0.9818257767921257,False,-2.1175823681357508e-16
A12_ratio100,160.0,14.843750000000002,-0.23270741828396932,0.2864452553537788,0.9571816362446176,False,-1.0587911840678754e-16
A12_ratio100,160.0,16.328125000000004,-0.2541038080299281,0.2922627891107083,0.9293081622399273,False,0.0
A12_ratio100,160.0,17.8125,-0.2697504752978538,0.2966821545431092,0.9005059430416853,False,0.0
A12_ratio100,160.0,19.296875,-0.28088170833744075,0.29986565007451105,0.8734809480967978,False,1.0587911840678754e-16
A12_ratio100,160.0,20.78125,-0.28785872516332195,0.3018999067401877,0.8498062153410165,False,0.0
A12_ratio100,160.0,22.265625,-0.29128659910397475,0.30286483201863384,0.8309928203067388,False,-1.0587911840678754e-16
A12_ratio100,160.0,23.75,-0.29132187629997536,0.3027962668471946,0.8177633315614441,False,-2.1175823681357508e-16
A12_ratio100,160.0,25.234375000000004,-0.28809175788551844,0.30169407510464163,0.8104499364612979,False,0.0
A12_ratio100,160.0,26.718750000000004,-0.28156596106109727,0.299537871421022,0.808859158939019,False,-2.1175823681357508e-16
A12_ratio100,160.0,28.203125000000004,-0.27141132152805936,0.29624277965601226,0.8121335045403631,False,-1.0587911840678754e-16
A12_ratio100,160.0,29.687500000000004,-0.25740548078695674,0.2917311842156738,0.8191861037100525,False,0.0
A12_ratio100,160.0,31.171875000000004,-0.23864781551306907,0.2858215586300964,0.8279457032713059,False,-1.0587911840678754e-16
A12_ratio100,160.0,32.65625000000001,-0.21468309532656848,0.2783790846941333,0.8365261814066276,False,-1.0587911840678754e-16
A12_ratio100,160.0,34.14062500000001,-0.18369509076161297,0.26908635310166906,0.8414760435799834,False,-1.0587911840678754e-16
A12_ratio100,160.0,35.625,-0.1448524682800902,0.2577360416254918,0.8401880863361946,False,-2.1175823681357508e-16
A12_ratio100,160.0,37.109375,-0.09434630280289695,0.24373093643129726,0.8270061066198159,False,-1.0587911840678754e-16
A12_ratio100,160.0,38.59375,-0.030422861032119893,0.2266983587937834,0.7983296484018397,False,0.0
A12_ratio100,160.0,40.078125,0.05709445665616832,0.2051239562010309,0.7422079065393804,False,1.0587911840678754e-16
A12_ratio100,160.0,41.5625,0.17401612953577597,0.17790649506217815,0.6511979062297251,False,-1.0587911840678754e-16
A12_ratio100,160.0,43.046875,0.3760962089706105,0.13684112840015622,0.46811857268369816,False,2.1175823681357508e-16
A12_ratio100,160.0,44.53125,0.7741099801242165,6.494951794673266,0.08102894805082748,True,-1.0587911840678754e-16
A12_ratio100,160.0,46.015625,0.8063127123628984,4.132133202313282,0.05081528628459581,True,-1.0587911840678754e-16
A12_ratio100,160.0,47.5,0.799595437794094,4.0744368265136,0.05006932217073827,True,2.1175823681357508e-16
A12_ratio100,160.0,48.984375,0.756376414352595,6.184973624027191,0.07621774713119027,True,1.0587911840678754e-16
A12_ratio100,160.0,50.46875000000001,0.3716442822164317,0.13469185671843167,0.43448607579383197,False,0.0
A12_ratio100,160.0,51.95312500000001,0.17673382660836748,0.17592806494855898,0.59411571781826,False,0.0
A12_ratio100,160.0,53.43750000000001,0.0641246648854578,0.2028595587781831,0.6635442098719785,False,-1.0587911840678754e-16
A12_ratio100,160.0,54.92187500000001,-0.019417694677743774,0.2240762997386091,0.6972299679216607,False,-2.1175823681357508e-16
A12_ratio100,160.0,56.40625000000001,-0.07993918747740494,0.24061863990719637,0.7027036362198938,False,0.0
A12_ratio100,160.0,57.89062500000001,-0.12716333385423284,0.25408729123797236,0.6913782109750419,False,1.0587911840678754e-16
A12_ratio100,160.0,59.37500000000001,-0.16299601980291115,0.26483315355957265,0.6669899216764706,False,-3.1763735522036263e-16
A12_ratio100,160.0,60.859375,-0.1911049679109516,0.2734999461420127,0.6351083740141809,False,-1.0587911840678754e-16
A12_ratio100,160.0,62.34375000000001,-0.21242418486977444,0.280297539068873,0.5985689025368344,False,-1.0587911840678754e-16
A12_ratio100,160.0,63.828125,-0.22875434554678595,0.28557982260264336,0.5610008612084116,False,-1.0587911840678754e-16
A12_ratio100,160.0,65.31250000000001,-0.24063723457488034,0.28949951904847493,0.5246327409881748,False,0.0
A12_ratio100,160.0,66.796875,-0.24904488378616838,0.29226913270826604,0.4919174145522557,False,-1.0587911840678754e-16
A12_ratio100,160.0,68.28125000000001,-0.2542915368176056,0.2939915210422553,0.46438809261370423,False,-1.0587911840678754e-16
A12_ratio100,160.0,69.765625,-0.25686708958633436,0.294772960892316,0.44344579073860474,False,1.0587911840678754e-16
A12_ratio100,160.0,71.25,-0.25691472129182885,0.2946575700084314,0.4298027859600239,False,-2.1175823681357508e-16
A12_ratio100,160.0,72.734375,-0.25456584458614134,0.29364867976404807,0.42379650311142647,False,-2.1175823681357508e-16
A12_ratio100,160.0,74.21875,-0.2498108567353285,0.29172375221641966,0.42525312023165346,False,1.0587911840678754e-16
A12_ratio100,160.0,75.703125,-0.24244123466398582,0.2887768489823125,0.43343670868301964,False,-3.1763735522036263e-16
A12_ratio100,160.0,77.1875,-0.23229028812303906,0.2847172651186254,0.4473109497155977,False,1.0587911840678754e-16
A12_ratio100,160.0,78.671875,-0.21873247736066184,0.27931461796489704,0.4650725265705252,False,-3.1763735522036263e-16
A12_ratio100,160.0,80.15625,-0.2014073348377461,0.2724125278892807,0.4849209206242164,False,-2.1175823681357508e-16
A12_ratio100,160.0,81.64062500000001,-0.1790143226733703,0.2636095571145771,0.5039091788533092,False,-3.1763735522036263e-16
A12_ratio100,160.0,83.125,-0.15087687987744577,0.25267480113189056,0.5195717567144568,False,0.0
A12_ratio100,160.0,84.60937500000001,-0.11421923270854899,0.2388680806232984,0.5272705568816579,False,1.0587911840678754e-16
A12_ratio100,160.0,86.09375,-0.06760470053526055,0.22180293093837744,0.5237052346583123,False,2.1175823681357508e-16
A12_ratio100,160.0,87.57812500000001,-0.0035337728465171608,0.19965708309714067,0.49958327776761374,False,0.0
A12_ratio100,160.0,89.0625,0.08263753741565079,0.17133229318434,0.44860759774501063,False,0.0
A12_ratio100,160.0,90.54687500000001,0.2322047963936148,0.12712620161184007,0.3280332391556583,False,0.0
A12_ratio100,160.0,92.03125,0.528737711645505,4.808171765198682,0.05310074977909959,True,-2.1175823681357508e-16
A12_ratio100,160.0,93.51562500000001,0.5600779834548473,3.141923505633993,0.03508423255949923,True,1.0587911840678754e-16
A12_ratio100,160.0,95.0,0.564198706347356,3.171769533498445,0.03546605361747598,True,1.0587911840678754e-16
A12_ratio100,160.0,96.484375,0.539756014405844,4.961408688349892,0.05540620160850265,True,0.0
A12_ratio100,160.0,97.96875,0.23814516163879806,0.12832590614391026,0.3436932997858065,False,3.1763735522036263e-16
A12_ratio100,160.0,99.453125,0.08650697399425557,0.17251102386962258,0.4737310615550178,False,0.0
A12_ratio100,160.0,100.93750000000001,-0.00031922288261243624,0.20097093555426948,0.5315643580432738,False,-3.1763735522036263e-16
A12_ratio100,160.0,102.421875,-0.06491531748021102,0.22321623294741505,0.5609648224013082,False,-4.2351647362715017e-16
A12_ratio100,160.0,103.90625000000001,-0.11178106637500622,0.24037068321996394,0.5678816004980584,False,2.1175823681357508e-16
A12_ratio100,160.0,105.390625,-0.14868854696616116,0.2542063720215712,0.5617398711392707,False,-4.2351647362715017e-16
A12_ratio100,160.0,106.87500000000001,-0.17697207005836668,0.2651266310965115,0.5456669468953773,False,-2.1175823681357508e-16
A12_ratio100,160.0,108.359375,-0.19953647123846338,0.2738480999312036,0.524431327418403,False,0.0
A12_ratio100,160.0,109.84375000000001,-0.21698403196142357,0.2806177524724402,0.5004976177478944,False,2.1175823681357508e-16
A12_ratio100,160.0,111.328125,-0.2306981930684775,0.2858265837030195,0.47703824227834063,False,-2.1175823681357508e-16
A12_ratio100,160.0,112.81250000000001,-0.24097976606560775,0.28964962065279154,0.45600042765816673,False,-2.1175823681357508e-16
A12_ratio100,160.0,114.296875,-0.24851786290174613,0.29231528718784117,0.4395133369207812,False,0.0
A12_ratio100,160.0,115.78125000000001,-0.2534270810432015,0.29393596242527864,0.4288693445395275,False,0.0
A12_ratio100,160.0,117.265625,-0.255971817148804,0.2946204879291268,0.42520247567408886,False,4.2351647362715017e-16
A12_ratio100,160.0,118.75000000000001,-0.25611321609416005,0.29441465022075114,0.42900128076235455,False,0.0
A12_ratio100,160.0,120.234375,-0.253775415193201,0.2933189615155281,0.44035411634547084,False,-3.1763735522036263e-16
A12_ratio100,160.0,121.71875,-0.24876770580171798,0.29131183384347836,0.4588642615978165,False,0.0
A12_ratio100,160.0,123.203125,-0.24066213601492753,0.28828783710242745,0.4835346667810152,False,1.0587911840678754e-16
A12_ratio100,160.0,124.68750000000001,-0.22909511292759382,0.2841639883690454,0.5130906193408883,False,1.0587911840678754e-16
A12_ratio100,160.0,126.17187500000001,-0.21317163911562007,0.2787221438787505,0.5454181547772462,False,-1.0587911840678754e-16
A12_ratio100,160.0,127.65625,-0.19229487569191622,0.27182616328869474,0.5784395933589758,False,-3.1763735522036263e-16
A12_ratio100,160.0,129.140625,-0.16477211864874566,0.2631066730753541,0.6087755247519747,False,-2.1175823681357508e-16
A12_ratio100,160.0,130.62500000000003,-0.12960239817639196,0.2523683570925921,0.633596300049952,False,2.1175823681357508e-16
A12_ratio100,160.0,132.109375,-0.08329700820516786,0.2389366277944338,0.6475118853259771,False,-4.2351647362715017e-16
A12_ratio100,160.0,133.59375,-0.023862518464602633,0.22247716141963983,0.6466269672070915,False,-1.0587911840678754e-16
A12_ratio100,160.0,135.078125,0.058022832750820104,0.20132405074666107,0.619789440493095,False,3.1763735522036263e-16
A12_ratio100,160.0,136.56250000000003,0.16849401867482877,0.1744636679232572,0.5591748560826082,False,-2.1175823681357508e-16
A12_ratio100,160.0,138.046875,0.35880152904560203,0.1330406459044525,0.41204801538102576,False,-1.0587911840678754e-16
A12_ratio100,160.0,139.53125,0.7335654076452888,5.950303213036786,0.07256495036497453,True,0.0
A12_ratio100,160.0,141.015625,0.7836617970365356,3.997036095083572,0.04893236444724948,True,2.1175823681357508e-16
A12_ratio100,160.0,142.5,0.7991663579454955,4.118859599569484,0.050498402019336405,True,1.0587911840678754e-16
A12_ratio100,160.0,143.98437500000003,0.7747820163118805,6.5902426561852705,0.0823459823356139,True,5.293955920339377e-16
A12_ratio100,160.0,145.46875,0.3756393679278286,0.13770548676089236,0.47949956024721535,False,1.0587911840678754e-16
A12_ratio100,160.0,146.953125,0.1735416903701808,0.17886360241499452,0.6706730912841278,False,2.1175823681357508e-16
A12_ratio100,160.0,148.4375,0.05718761474478996,0.20626849053844365,0.768026421020712,False,4.2351647362715017e-16
A12_ratio100,160.0,149.92187500000003,-0.029958146575084478,0.22797397498316826,0.8292605097706329,False,-4.2351647362715017e-16
A12_ratio100,160.0,151.40625,-0.09348688389287521,0.24511234957625755,0.8613936712625958,False,-2.1175823681357508e-16
A12_ratio100,160.0,152.890625,-0.1437550876611717,0.25915609738944706,0.8764148914780913,False,-3.1763735522036263e-16
A12_ratio100,160.0,154.375,-0.18238616226934232,0.27049846765127844,0.8777217803254475,False,0.0
A12_ratio100,160.0,155.85937500000003,-0.2132818502372885,0.2797168748013,0.8710628030556585,False,-8.470329472543003e-16
A12_ratio100,160.0,157.34375,-0.2371830564512824,0.28703693391111784,0.8590261425313415,False,-4.2351647362715017e-16
A12_ratio100,160.0,158.828125,-0.2559692217316203,0.29276692837256907,0.8452671094898575,False,-1.0587911840678754e-16
A12_ratio100,160.0,160.3125,-0.2700244247790499,0.29706073198968963,0.831805047702146,False,-4.2351647362715017e-16
A12_ratio100,160.0,161.79687500000003,-0.28029970931251036,0.3000972016575152,0.8210218923248148,False,2.1175823681357508e-16
A12_ratio100,160.0,163.28125000000003,-0.28695604754153364,0.3019744162053104,0.8142492454194552,False,2.1175823681357508e-16
A12_ratio100,160.0,164.765625,-0.2903721063479725,0.3027781450913982,0.8127302849237515,False,-2.1175823681357508e-16
A12_ratio100,160.0,166.25,-0.2905213080418894,0.30255011469276927,0.8169627633033582,False,-1.0587911840678754e-16
A12_ratio100,160.0,167.734375,-0.2873223487611896,0.3012922157418483,0.8270285699639536,False,2.1175823681357508e-16
A12_ratio100,160.0,169.21875000000003,-0.28056263669273435,0.2989897792165011,0.842510126870429,False,-1.0587911840678754e-16
A12_ratio100,160.0,170.703125,-0.26968845791812696,0.2955627639673275,0.8622876976774841,False,2.1175823681357508e-16
A12_ratio100,160.0,172.1875,-0.2542796720428164,0.2909445068114053,0.885035139786647,False,-1.0587911840678754e-16
A12_ratio100,160.0,173.671875,-0.23316555635571926,0.2849678106862059,0.9083699105657178,False,-1.0587911840678754e-16
A12_ratio100,160.0,175.15625000000003,-0.2056542234158546,0.27751865943592846,0.9301284413765034,False,0.0
A12_ratio100,160.0,176.640625,-0.1695372337189479,0.2683112241870786,0.946426736460608,False,0.0
A12_ratio100,160.0,178.125,-0.12365914646402276,0.25717200384316913,0.9542937895566757,False,-1.0587911840678754e-16
A12_ratio100,160.0,179.609375,-0.06349849079610925,0.24356736705548704,0.9473218475607287,False,-3.1763735522036263e-16
A12_ratio100,160.0,181.09375000000003,0.01325454348060883,0.22717394795978665,0.9213161585085482,False,-2.1175823681357508e-16
A12_ratio100,160.0,182.57812500000003,0.11859840518738682,0.20663209310554662,0.8624667263309819,False,-2.1175823681357508e-16
A12_ratio100,160.0,184.0625,0.25983381030615244,0.18092261928927889,0.761803965056125,False,-6.352747104407253e-16
A12_ratio100,160.0,185.546875,0.502670974080804,0.1426918782403216,0.552155316450859,False,-6.352747104407253e-16
A12_ratio100,160.0,187.03125000000003,0.9789374544486998,7.637319673526317,0.10049337031200312,True,2.1175823681357508e-16
A12_ratio100,160.0,188.51562500000003,1.0298971266125572,4.9873245946727005,0.06466281750437593,True,6.352747104407253e-16
A50_ratio10,0.0,0.0,0.5,2.3623837608327865,0.0,True,-2.779326858178173e-16
A50_ratio10,0.0,1.484375,0.49489518415210065,2.347822283303895,0.0,True,-2.779326858178173e-16
A50_ratio10,0.0,2.96875,0.47976606479587086,2.3047489839948527,0.0,True,-1.7205356741102976e-16
A50_ratio10,0.0,4.453125,0.45516153056683156,2.2346206546766165,0.0,True,-4.367513634279986e-16
A50_ratio10,0.0,5.9375,0.42197301539744453,2.1400382472638975,0.0,True,-1.3234889800848443e-17
A50_ratio10,0.0,7.421875000000001,0.3814003715535366,2.0242912832843243,0.0,True,9.26442286059391e-17
A50_ratio10,0.0,8.90625,0.3349059420243247,1.8915912097008296,0.0,True,9.26442286059391e-17
A50_ratio10,0.0,10.390625,0.2841585967997873,1.7465473835015626,0.0,True,2.514629062161204e-16
A50_ratio10,0.0,11.875,0.23096988312782177,1.5943591494621463,0.0,False,1.3234889800848443e-17
A50_ratio10,0.0,13.359375000000002,0.17722474277682881,1.4402429623484325,0.0,False,-1.3234889800848443e-17
A50_ratio10,0.0,14.843750000000002,0.12480945799581636,1.2896151854553501,0.0,False,-3.970466940254533e-17
A50_ratio10,0.0,16.328125000000004,0.07553959424516744,1.1474950268751485,0.0,False,-9.26442286059391e-17
A50_ratio10,0.0,17.8125,0.031090707778999593,1.018714295372429,0.0,False,-5.293955920339377e-17
A50_ratio10,0.0,19.296875,-0.007065520205475,0.9073211127993922,0.0,False,7.940933880509066e-17
A50_ratio10,0.0,20.78125,-0.037717269787137415,0.8168527608240855,0.0,False,1.1911400820763599e-16
A50_ratio10,0.0,22.265625,-0.059958538762067796,0.7497602939495953,0.0,False,-1.3234889800848443e-17
A50_ratio10,0.0,23.75,-0.07322330470336304,0.7077764899762384,0.0,False,-1.3234889800848443e-17
A50_ratio10,0.0,25.234375000000004,-0.07730658138905301,0.691371875925033,0.0,False,1.0587911840678754e-16
A50_ratio10,0.0,26.718750000000004,-0.0723715620869103,0.7002427585004884,0.0,False,-6.617444900424221e-17
A50_ratio10,0.0,28.203125000000004,-0.05894257695252797,0.7327956513988102,0.0,False,3.970466940254533e-17
A50_ratio10,0.0,29.687500000000004,-0.03788413704173633,0.7867722227447342,0.0,False,-1.3234889800848443e-17
A50_ratio10,0.0,31.171875000000004,-0.010366872206595113,0.8587427849842102,0.0,False,-6.617444900424221e-17
A50_ratio10,0.0,32.65625000000001,0.022178326115227045,0.94487818783235,0.0,False,-6.617444900424221e-17
A50_ratio10,0.0,34.14062500000001,0.05811619285353858,1.0404148273515614,0.0,False,-1.4558378780933287e-16
A50_ratio10,0.0,35.625,0.09567085809127227,1.140581072404088,0.0,True,-2.6469779601696886e-17
A50_ratio10,0.0,37.109375,0.13299504385208694,1.2399762549976618,0.0,True,-3.970466940254533e-17
A50_ratio10,0.0,38.59375,0.16824202740488794,1.3336650431918224,0.0,True,1.4558378780933287e-16
A50_ratio10,0.0,40.078125,0.1996376032307165,1.4163892230078148,0.0,True,-9.26442286059391e-17
A50_ratio10,0.0,41.5625,0.22554927580066894,1.4838632614500449,0.0,True,-1.3234889800848443e-17
A50_ratio10,0.0,43.046875,0.24455002168947665,1.531704274352919,0.0,True,3.970466940254533e-17
A50_ratio10,0.0,44.53125,0.2554741682102118,1.5570063496281563,0.0,True,-6.617444900424221e-17
A50_ratio10,0.0,46.015625,0.2574632386826621,1.5568148316547674,0.0,True,9.26442286059391e-17
A50_ratio10,0.0,47.5,0.25000000000000006,1.5301496177737117,0.0,True,3.970466940254533e-17
A50_ratio10,0.0,48.984375,0.23292940151895314,1.475721249630396,0.0,True,1.4558378780933287e-16
A50_ratio10,0.0,50.46875000000001,0.20646559804543152,1.3947796573656237,0.0,True,3.970466940254533e-17
A50_ratio10,0.0,51.95312500000001,0.1711847844617958,1.287435016452515,0.0,True,1.4558378780933287e-16
A50_ratio10,0.0,53.43750000000001,0.1280041147926049,1.157246490600388,0.0,True,-1.3234889800848443e-17
A50_ratio10,0.0,54.92187500000001,0.07814751327908463,1.0044134271661416,0.0,True,2.6469779601696886e-17
A50_ratio10,0.0,56.40625000000001,0.02309968877765684,0.8348500413394452,0.0,True,2.6469779601696886e-17
A50_ratio10,0.0,57.89062500000001,-0.03544988284402277,0.6430047381666633,0.0,True,-1.1911400820763599e-16
A50_ratio10,0.0,59.37500000000001,-0.09567085809127232,0.4381749517531529,0.0,False,6.617444900424221e-17
A50_ratio10,0.0,60.859375,-0.15566135386160224,0.11307435701081785,0.0,False,-1.9852334701272664e-16
A50_ratio10,0.0,62.34375000000001,-0.21352004229777188,0.0,0.0,False,0.014337942385639589
A50_ratio10,0.0,63.828125,-0.2674182443032058,0.0,0.0,False,0.04028213423276763
A50_ratio10,0.0,65.31250000000001,-0.3156692535515375,0.0,0.0,False,0.06934449708960143
A50_ratio10,0.0,66.796875,-0.35679222919874465,0.0,0.0,False,0.09741236519160099
A50_ratio10,0.0,68.28125000000001,-0.3895682041687332,0.0,0.0,False,0.12179076747964189
A50_ratio10,0.0,69.765625,-0.41308605881256205,0.0,0.0,False,0.14064967255788094
A50_ratio10,0.0,71.25,-0.42677669529663675,0.0,0.0,False,0.15273716876584026
A50_ratio10,0.0,72.734375,-0.4304341014395474,0.0,0.0,False,0.15740678309328385
A50_ratio10,0.0,74.21875,-0.42422249646850596,0.0,0.0,False,0.15449168570988425
A50_ratio10,0.0,75.703125,-0.4086692859457976,0.0,0.0,False,0.14435292243969963
A50_ratio10,0.0,77.1875,-0.38464409837227337,0.0,0.0,False,0.1277763684752683
A50_ratio10,0.0,78.671875,-0.3533247107549686,0.0,0.0,False,0.10602336880523713
A50_ratio10,0.0,80.15625,-0.31615117417836136,0.0,0.0,False,0.08072211561150637
A50_ratio10,0.0,81.64062500000001,-0.2747699037848928,0.0,0.0,False,0.05400255569048551
A50_ratio10,0.0,83.125,-0.23096988312782174,0.0,0.0,True,0.028404081207378796
A50_ratio10,0.0,84.60937500000001,-0.1866134357917229,0.0,0.0,True,0.007930116350994732
A50_ratio10,0.0,86.09375,-0.14356422584178014,0.15305872689184463,0.0,True,1.1911400820763599e-16
A50_ratio10,0.0,87.57812500000001,-0.10361525504373519,0.3591469770479233,0.0,True,1.9852334701272664e-16
A50_ratio10,0.0,89.0625,-0.06841962480417095,0.482747054154269,0.0,True,9.26442286059391e-17
A50_ratio10,0.0,90.54687500000001,-0.03942672441555893,0.5787482534609013,0.0,True,6.617444900424221e-17
A50_ratio10,0.0,92.03125,-0.017826298540227464,0.6465302053094443,0.0,True,1.1911400820763599e-16
A50_ratio10,0.0,93.51562500000001,-0.004502543950485486,0.6877910520589472,0.0,True,9.26442286059391e-17
A50_ratio10,0.0,95.0,2.274746684520826e-17,0.7014915975822982,0.0,True,3.970466940254533e-17
A50_ratio10,0.0,96.484375,-0.004502543950485433,0.6877910520589493,0.0,True,1.4558378780933287e-16
A50_ratio10,0.0,97.96875,-0.017826298540227544,0.6465302053094463,0.0,True,4.1028158382630173e-16
A50_ratio10,0.0,99.453125,-0.03942672441555879,0.5787482534608973,0.0,True,-1.7205356741102976e-16
A50_ratio10,0.0,100.93750000000001,-0.06841962480417077,0.48274705415426883,0.0,True,-3.970466940254533e-17
A50_ratio10,0.0,102.421875,-0.103615255043735,0.35914697704792803,0.0,True,3.5734202462290796e-16
A50_ratio10,0.0,103.90625000000001,-0.1435642258417799,0.15305872689184308,0.0,True,-1.3234889800848443e-17
A50_ratio10,0.0,105.390625,-0.18661343579172274,0.0,0.0,True,0.007930116350994627
A50_ratio10,0.0,106.87500000000001,-0.23096988312782155,0.0,0.0,False,0.028404081207378636
A50_ratio10,0.0,108.359375,-0.2747699037848926,0.0,0.0,False,0.0540025556904854
A50_ratio10,0.0,109.84375000000001,-0.31615117417836114,0.0,0.0,False,0.0807221156115062
A50_ratio10,0.0,111.328125,-0.35332471075496874,0.0,0.0,False,0.10602336880523734
A50_ratio10,0.0,112.81250000000001,-0.3846440983722732,0.0,0.0,False,0.12777636847526824
A50_ratio10,0.0,114.296875,-0.40866928594579727,0.0,0.0,False,0.14435292243969935
A50_ratio10,0.0,115.78125000000001,-0.42422249646850585,0.0,0.0,False,0.15449168570988425
A50_ratio10,0.0,117.265625,-0.4304341014395474,0.0,0.0,False,0.15740678309328385
A50_ratio10,0.0,118.75000000000001,-0.4267766952966369,0.0,0.0,False,0.15273716876584043
A50_ratio10,0.0,120.234375,-0.41308605881256216,0.0,0.0,False,0.140649672557881
A50_ratio10,0.0,121.71875,-0.38956820416873333,0.0,0.0,False,0.12179076747964189
A50_ratio10,0.0,123.203125,-0.35679222919874515,0.0,0.0,False,0.0974123651916014
A50_ratio10,0.0,124.68750000000001,-0.3156692535515374,0.0,0.0,False,0.06934449708960119
A50_ratio10,0.0,126.17187500000001,-0.2674182443032061,0.0,0.0,False,0.040282134232767816
A50_ratio10,0.0,127.65625,-0.21352004229777213,0.0,0.0,False,0.014337942385639589
A50_ratio10,0.0,129.140625,-0.1556613538616031,0.11307435701080588,0.0,False,9.26442286059391e-17
A50_ratio10,0.0,130.62500000000003,-0.09567085809127207,0.4381749517531674,0.0,True,1.852884572118782e-16
A50_ratio10,0.0,132.109375,-0.03544988284402279,0.6430047381666559,0.0,True,-2.3161057151484775e-16
A50_ratio10,0.0,133.59375,0.02309968877765681,0.8348500413394613,0.0,True,1.852884572118782e-16
A50_ratio10,0.0,135.078125,0.07814751327908341,1.0044134271661065,0.0,True,-1.1911400820763599e-16
A50_ratio10,0.0,136.56250000000003,0.12800411479260532,1.157246490600411,0.0,True,1.9852334701272664e-16
A50_ratio10,0.0,138.046875,0.17118478446179614,1.2874350164525215,0.0,True,1.1911400820763599e-16
A50_ratio10,0.0,139.53125,0.2064655980454311,1.3947796573656093,0.0,True,-1.9852334701272664e-16
A50_ratio10,0.0,141.015625,0.23292940151895314,1.4757212496304024,0.0,True,9.26442286059391e-17
A50_ratio10,0.0,142.5,0.24999999999999972,1.530149617773701,0.0,True,-6.617444900424221e-17
A50_ratio10,0.0,143.98437500000003,0.2574632386826621,1.5568148316547756,0.0,True,3.5734202462290796e-16
A50_ratio10,0.0,145.46875,0.2554741682102119,1.5570063496281537,0.0,True,-1.1911400820763599e-16
A50_ratio10,0.0,146.953125,0.24455002168947695,1.5317042743529183,0.0,True,-6.617444900424221e-17
A50_ratio10,0.0,148.4375,0.22554927580066936,1.4838632614500469,0.0,True,1.3234889800848443e-17
A50_ratio10,0.0,149.92187500000003,0.1996376032307166,1.4163892230078166,0.0,True,2.779326858178173e-16
A50_ratio10,0.0,151.40625,0.16824202740488825,1.3336650431918202,0.0,True,1.4558378780933287e-16
A50_ratio10,0.0,152.890625,0.13299504385208746,1.2399762549976672,0.0,True,1.9852334701272664e-16
A50_ratio10,0.0,154.375,0.09567085809127296,1.1405810724041043,0.0,False,9.26442286059391e-17
A50_ratio10,0.0,155.85937500000003,0.05811619285353774,1.0404148273515363,0.0,False,-5.293955920339377e-17
A50_ratio10,0.0,157.34375,0.022178326115227055,0.9448781878323563,0.0,False,1.7205356741102976e-16
A50_ratio10,0.0,158.828125,-0.010366872206594928,0.8587427849842157,0.0,False,2.514629062161204e-16
A50_ratio10,0.0,160.3125,-0.03788413704173609,0.7867722227447344,0.0,False,-1.3234889800848443e-17
A50_ratio10,0.0,161.79687500000003,-0.058942576952527755,0.7327956513988103,0.0,False,-9.26442286059391e-17
A50_ratio10,0.0,163.28125000000003,-0.0723715620869103,0.7002427585004897,0.0,False,-9.26442286059391e-17
A50_ratio10,0.0,164.765625,-0.07730658138905301,0.6913718759250277,0.0,False,-1.4558378780933287e-16
A50_ratio10,0.0,166.25,-0.07322330470336312,0.7077764899762444,0.0,False,6.617444900424221e-17
A50_ratio10,0.0,167.734375,-0.059958538762068296,0.7497602939495853,0.0,False,-2.6469779601696886e-17
A50_ratio10,0.0,169.21875000000003,-0.037717269787137256,0.8168527608240932,0.0,False,9.26442286059391e-17
A50_ratio10,0.0,170.703125,-0.007065520205474947,0.9073211127993971,0.0,False,-2.6469779601696886e-17
A50_ratio10,0.0,172.1875,0.031090707778998666,1.0187142953724202,0.0,False,-3.970466940254533e-17
A50_ratio10,0.0,173.671875,0.0755395942451665,1.1474950268751327,0.0,False,-9.26442286059391e-17
A50_ratio10,0.0,175.15625000000003,0.12480945799581691,1.2896151854553735,0.0,False,-1.7205356741102976e-16
A50_ratio10,0.0,176.640625,0.17722474277682823,1.4402429623484245,0.0,False,-6.617444900424221e-17
A50_ratio10,0.0,178.125,0.230969883127821,1.594359149462136,0.0,True,-1.4558378780933287e-16
A50_ratio10,0.0,179.609375,0.2841585967997873,1.7465473835015684,0.0,True,-1.7205356741102976e-16
A50_ratio10,0.0,181.09375000000003,0.3349059420243245,1.8915912097008218,0.0,True,-3.8381180422460484e-16
A50_ratio10,0.0,182.57812500000003,0.3814003715535363,2.0242912832843194,0.0,True,-6.617444900424221e-17
A50_ratio10,0.0,184.0625,0.4219730153974448,2.1400382472639143,0.0,True,3.970466940254533e-17
A50_ratio10,0.0,185.546875,0.4551615305668312,2.2346206546766036,0.0,True,-5.426304818347862e-16
A50_ratio10,0.0,187.03125000000003,0.479766064795871,2.304748983994854,0.0,True,-3.8381180422460484e-16
A50_ratio10,0.0,188.51562500000003,0.49489518415210065,2.3478222833039,0.0,True,-6.617444900424221e-17
A50_ratio10,40.0,0.0,0.5006589794416559,2.2777530090907927,0.09294827543864351,True,-7.940933880509066e-17
A50_ratio10,40.0,1.484375,0.49586618085051937,2.272856831264156,0.09263625818188044,True,2.6469779601696886e-17
A50_ratio10,40.0,2.96875,0.4820846760168123,2.2491975169174796,0.09128864365935802,True,-7.940933880509066e-17
A50_ratio10,40.0,4.453125,0.4592179703949036,2.218024949712567,0.08955081505222734,True,1.852884572118782e-16
A50_ratio10,40.0,5.9375,0.42866808079865437,2.181346366845922,0.08691218947908927,True,1.852884572118782e-16
A50_ratio10,40.0,7.421875000000001,0.38935323085381307,2.183494740598137,0.08565439558002283,True,7.940933880509066e-17
A50_ratio10,40.0,8.90625,0.34369029410527696,2.268645250145394,0.08482290279934714,True,7.940933880509066e-17
A50_ratio10,40.0,10.390625,0.27205753088164397,2.860332402372119,0.10570832079844249,True,1.5881867761018131e-16
A50_ratio10,40.0,11.875,0.0782496945351493,0.34644336287532396,0.24632744347297186,False,2.6469779601696886e-17
A50_ratio10,40.0,13.359375000000002,-0.024701966588667516,0.4019929426320532,0.2955339642457957,False,1.3234889800848443e-16
A50_ratio10,40.0,14.843750000000002,-0.0859467268024936,0.44316924568683136,0.3043634396786091,False,7.940933880509066e-17
A50_ratio10,40.0,16.328125000000004,-0.13084311739185614,0.46810552141377065,0.29998996651732296,False,5.293955920339377e-17
A50_ratio10,40.0,17.8125,-0.16268583767784364,0.4796279187659532,0.28738380033714256,False,7.940933880509066e-17
A50_ratio10,40.0,19.296875,-0.18631674137864118,0.4812430742616124,0.2728584760534655,False,1.0587911840678754e-16
A50_ratio10,40.0,20.78125,-0.20241602040731957,0.4766150736781625,0.25830600550048144,False,7.940933880509066e-17
A50_ratio10,40.0,22.265625,-0.2124297269001989,0.468382593984778,0.24607844301843032,False,1.0587911840678754e-16
A50_ratio10,40.0,23.75,-0.2164628456378584,0.4583456919478492,0.2368467958147947,False,2.6469779601696886e-17
A50_ratio10,40.0,25.234375000000004,-0.21475244068018054,0.44711436001020827,0.2310531141714268,False,-2.6469779601696886e-17
A50_ratio10,40.0,26.718750000000004,-0.20724077877346808,0.4343522658433908,0.22847647156685716,False,0.0
A50_ratio10,40.0,28.203125000000004,-0.1931585266320162,0.4185925012798661,0.22782320455978763,False,2.9116757561866574e-16
A50_ratio10,40.0,29.687500000000004,-0.17209543905553654,0.3976011405212442,0.22781855689409944,False,1.852884572118782e-16
A50_ratio10,40.0,31.171875000000004,-0.14084901415931023,0.3683549967987537,0.2240893968330144,False,-1.0587911840678754e-16
A50_ratio10,40.0,32.65625000000001,-0.09724448456816993,0.32835377168026414,0.2130300655636963,False,-1.0587911840678754e-16
A50_ratio10,40.0,34.14062500000001,-0.023390535998855922,0.27471365921149987,0.17511398373269374,False,-2.6469779601696886e-17
A50_ratio10,40.0,35.625,0.11607439203117285,2.0676985001763546,0.07320372094039865,True,0.0
A50_ratio10,40.0,37.109375,0.16807711756444887,1.6233476326202816,0.058525181167937354,True,2.9116757561866574e-16
A50_ratio10,40.0,38.59375,0.2026550779543482,1.5638102011580648,0.059194204330839016,True,1.5881867761018131e-16
A50_ratio10,40.0,40.078125,0.23303213559326516,1.563806716212237,0.06021272251775066,True,1.5881867761018131e-16
A50_ratio10,40.0,41.5625,0.25696788238756757,1.5933568303064585,0.06218864829340067,True,-5.293955920339377e-17
A50_ratio10,40.0,43.046875,0.27471737963764314,1.6167270317266087,0.06343989693213282,True,-5.293955920339377e-17
A50_ratio10,40.0,44.53125,0.284801513144939,1.6320073389180276,0.0642799099455721,True,1.3234889800848443e-16
A50_ratio10,40.0,46.015625,0.2869100030001686,1.6285875864290593,0.06416049056279285,True,-1.0587911840678754e-16
A50_ratio10,40.0,47.5,0.2804091799665258,1.6061097176995718,0.06319807491377345,True,-7.940933880509066e-17
A50_ratio10,40.0,48.984375,0.2652875936080182,1.5622649409623615,0.061249062791234266,True,-1.0587911840678754e-16
A50_ratio10,40.0,50.46875000000001,0.2417395322246634,1.4969763661500393,0.0583333207010674,True,1.0587911840678754e-16
A50_ratio10,40.0,51.95312500000001,0.2101690453331754,1.414613545490981,0.05462299400891971,True,7.940933880509066e-17
A50_ratio10,40.0,53.43750000000001,0.17159986194943033,1.3150871709081078,0.05001150772347389,True,-5.293955920339377e-17
A50_ratio10,40.0,54.92187500000001,0.12649742140147074,1.2168566306005306,0.04525734675791317,True,1.3234889800848443e-16
A50_ratio10,40.0,56.40625000000001,0.0767347520635419,1.1275788694956979,0.039972191594414216,True,7.940933880509066e-17
A50_ratio10,40.0,57.89062500000001,0.0173479869480208,1.2156524395080437,0.04080938508825578,True,-5.293955920339377e-17
A50_ratio10,40.0,59.37500000000001,-0.083521697107513,0.16425751104943676,0.08145809389654003,False,-1.5881867761018131e-16
A50_ratio10,40.0,60.859375,-0.1422264017620216,0.18456659304527212,0.08017230278071871,False,-2.9116757561866574e-16
A50_ratio10,40.0,62.34375000000001,-0.18200034237884605,0.1883563058183317,0.06208755496137345,False,-7.940933880509066e-17
A50_ratio10,40.0,63.828125,-0.21416162723469784,0.18303310340114287,0.04035063781179132,False,-7.940933880509066e-17
A50_ratio10,40.0,65.31250000000001,-0.24118072963989845,0.15829848305171493,0.01911873096866035,False,2.6469779601696886e-16
A50_ratio10,40.0,66.796875,-0.2658098719486569,0.09507787620549184,0.0026248976302116,False,-2.6469779601696886e-17
A50_ratio10,40.0,68.28125000000001,-0.2959609492884339,0.0,0.0,False,0.00971646148658047
A50_ratio10,40.0,69.765625,-0.31947880393226274,0.0,0.0,False,0.021994771310276766
A50_ratio10,40.0,71.25,-0.33316944041633745,0.0,0.0,False,0.030711690787482513
A50_ratio10,40.0,72.734375,-0.33682684655924805,0.0,0.0,False,0.034237706501657944
A50_ratio10,40.0,74.21875,-0.33061524158820665,0.0,0.0,False,0.03240607504263407
A50_ratio10,40.0,75.703125,-0.3150620310654983,0.0,0.0,False,0.025730062963603625
A50_ratio10,40.0,77.1875,-0.29103684349197406,0.0,0.0,False,0.015306768878731248
A50_ratio10,40.0,78.671875,-0.25971745587466927,0.0,0.0,False,0.0038944318099215455
A50_ratio10,40.0,80.15625,-0.22689636255876486,0.09994951763222615,0.004352443260702807,False,7.940933880509066e-17
A50_ratio10,40.0,81.64062500000001,-0.19326959220093928,0.09306113963098044,0.012106943296345804,False,-7.940933880509066e-17
A50_ratio10,40.0,83.125,-0.14432251939299912,0.44231818971168146,0.006959891145476659,True,-2.6469779601696886e-17
A50_ratio10,40.0,84.60937500000001,-0.10465981620763389,0.48444533800780576,0.011653635296210257,True,-2.6469779601696886e-17
A50_ratio10,40.0,86.09375,-0.06711630904834344,0.5814623858174609,0.01715933808686268,True,-5.293955920339377e-17
A50_ratio10,40.0,87.57812500000001,-0.03190591718285378,0.6744729402760525,0.021897917019417852,True,-7.940933880509066e-17
A50_ratio10,40.0,89.0625,-0.0007320362723189297,0.7635626825302866,0.025919666348447223,True,2.6469779601696886e-16
A50_ratio10,40.0,90.54687500000001,0.025028648413201227,0.8350756092896365,0.029151882051539138,True,7.940933880509066e-17
A50_ratio10,40.0,92.03125,0.044246950780590495,0.8899241081521948,0.03153400555948134,True,1.852884572118782e-16
A50_ratio10,40.0,93.51562500000001,0.05610270585295674,0.9232440717269645,0.03300200507685707,True,-3.441071348220595e-16
A50_ratio10,40.0,95.0,0.06011557741882222,0.9349894871002837,0.03349167746147708,True,-1.852884572118782e-16
A50_ratio10,40.0,96.484375,0.05608474107399384,0.9244316581901552,0.03301996985582002,True,-2.6469779601696886e-17
A50_ratio10,40.0,97.96875,0.04422517645637363,0.8915109790954459,0.03155577988369812,True,1.0587911840678754e-16
A50_ratio10,40.0,99.453125,0.024959675123177084,0.8397873447357056,0.029220855341563393,True,0.0
A50_ratio10,40.0,100.93750000000001,-0.0007932469592029446,0.7684636979254795,0.025980877035331442,True,0.0
A50_ratio10,40.0,102.421875,-0.032122700712706224,0.6899839471572167,0.022114700549270488,True,5.293955920339377e-17
A50_ratio10,40.0,103.90625000000001,-0.06733285330948721,0.6010676036194279,0.017375882348006577,True,2.1175823681357508e-16
A50_ratio10,40.0,105.390625,-0.10647110598367067,0.6132242614517115,0.013464925072247176,True,-3.441071348220595e-16
A50_ratio10,40.0,106.87500000000001,-0.16359832820988807,0.11701844643742154,0.026235699962365855,False,1.0587911840678754e-16
A50_ratio10,40.0,108.359375,-0.2003259164297148,0.1315094457848589,0.019163267525121472,False,-7.940933880509066e-17
A50_ratio10,40.0,109.84375000000001,-0.22953362664042964,0.12850154230580085,0.006989707342367819,False,2.3822801641527197e-16
A50_ratio10,40.0,111.328125,-0.25971745587466943,0.0,0.0,False,0.0013078734324506762
A50_ratio10,40.0,112.81250000000001,-0.2910368434919739,0.0,0.0,False,0.013500313141584792
A50_ratio10,40.0,114.296875,-0.31506203106549796,0.0,0.0,False,0.024544327193017558
A50_ratio10,40.0,115.78125000000001,-0.33061524158820654,0.0,0.0,False,0.03188983580779458
A50_ratio10,40.0,117.265625,-0.33682684655924805,0.0,0.0,False,0.03436724038495734
A50_ratio10,40.0,118.75000000000001,-0.3331694404163376,0.0,0.0,False,0.03144619763234507
A50_ratio10,40.0,120.234375,-0.31947880393226286,0.0,0.0,False,0.02343369242075675
A50_ratio10,40.0,121.71875,-0.295960949288434,0.0,0.0,False,0.011492825541462698
A50_ratio10,40.0,123.203125,-0.26414138051228797,0.057794445250399576,0.0009564061938421317,False,1.3234889800848443e-16
A50_ratio10,40.0,124.68750000000001,-0.23703754468948857,0.14688726645109826,0.01497554601825057,False,7.940933880509066e-17
A50_ratio10,40.0,126.17187500000001,-0.20675147053376952,0.1622584682589315,0.03294048111086252,False,-1.5881867761018131e-16
A50_ratio10,40.0,127.65625,-0.17061897782794677,0.16004086702550072,0.05070619041047396,False,-1.852884572118782e-16
A50_ratio10,40.0,129.140625,-0.11885970256478963,0.14174768458801992,0.05680560358348583,False,-5.293955920339377e-17
A50_ratio10,40.0,130.62500000000003,-0.03216732780049753,0.9632159439840763,0.030103724589524723,True,-1.3234889800848443e-16
A50_ratio10,40.0,132.109375,0.02578086829161708,0.9380768060568322,0.032376503744659425,True,-2.3822801641527197e-16
A50_ratio10,40.0,133.59375,0.07816187026451053,1.0556186071978364,0.038545073393445574,True,-7.940933880509066e-17
A50_ratio10,40.0,135.078125,0.12753591239254025,1.1761250860259775,0.044218855766842424,True,-1.3234889800848443e-16
A50_ratio10,40.0,136.56250000000003,0.1719579017419151,1.2969577866279283,0.04965346793098939,True,7.940933880509066e-17
A50_ratio10,40.0,138.046875,0.21046621850140562,1.4021724292239512,0.054325820840689716,True,1.0587911840678754e-16
A50_ratio10,40.0,139.53125,0.24185750888096866,1.4913415287857534,0.05821534404476168,True,7.940933880509066e-17
A50_ratio10,40.0,141.015625,0.2653135869996388,1.5602451878373584,0.06122306939961366,True,-7.940933880509066e-17
A50_ratio10,40.0,142.5,0.2803858884271185,1.6078549247989906,0.06322136645318063,True,2.6469779601696886e-17
A50_ratio10,40.0,143.98437500000003,0.2866782484434603,1.6362160339425476,0.06439224511950101,True,-1.852884572118782e-16
A50_ratio10,40.0,145.46875,0.2845646190322152,1.644508395902969,0.06451680405829617,True,5.293955920339377e-17
A50_ratio10,40.0,146.953125,0.27396594286812964,1.6433307187255306,0.06419133370164656,True,-2.3822801641527197e-16
A50_ratio10,40.0,148.4375,0.25616320326708497,1.6336657414947555,0.06299332741388364,True,-3.970466940254533e-16
A50_ratio10,40.0,149.92187500000003,0.23050463948015923,1.65289385151814,0.06274021863085656,True,2.1175823681357508e-16
A50_ratio10,40.0,151.40625,0.19914535947321998,1.7328878061914126,0.06270392281196764,True,-7.940933880509066e-17
A50_ratio10,40.0,152.890625,0.14746984225420828,2.219939329917283,0.0791324564781785,True,1.0587911840678754e-16
A50_ratio10,40.0,154.375,4.699574408564356e-05,0.29063468682809923,0.18923111722748656,False,-2.3822801641527197e-16
A50_ratio10,40.0,155.85937500000003,-0.07810808082288925,0.3452211424535565,0.22983152855672634,False,1.852884572118782e-16
A50_ratio10,40.0,157.34375,-0.12469796520597795,0.38497302046608667,0.2404835462015043,False,1.852884572118782e-16
A50_ratio10,40.0,158.828125,-0.15890358697753262,0.41223168224616147,0.24214396965123708,False,-1.852884572118782e-16
A50_ratio10,40.0,160.3125,-0.18293916250888367,0.42960569629263723,0.23866228034744683,False,-4.2351647362715017e-16
A50_ratio10,40.0,161.79687500000003,-0.20022275475218815,0.4403946676878968,0.23488743267995962,False,-3.441071348220595e-16
A50_ratio10,40.0,163.28125000000003,-0.21106438948660203,0.447206886711836,0.23230008227999088,False,2.6469779601696886e-17
A50_ratio10,40.0,164.765625,-0.2162749458007496,0.4519534715209708,0.2325756192919959,False,5.293955920339377e-17
A50_ratio10,40.0,166.25,-0.21577289425177743,0.4554193922748934,0.23615684442871346,False,-2.1175823681357508e-16
A50_ratio10,40.0,167.734375,-0.20933575705445734,0.4574759219256456,0.24298447317268826,False,-2.6469779601696886e-17
A50_ratio10,40.0,169.21875000000003,-0.1967237377130465,0.45679836911737287,0.25261372280620864,False,-2.6469779601696886e-17
A50_ratio10,40.0,170.703125,-0.1765757236289864,0.45120425222818794,0.2631174583038107,False,-1.852884572118782e-16
A50_ratio10,40.0,172.1875,-0.14813259347122731,0.4374738502098357,0.27283055613052537,False,1.852884572118782e-16
A50_ratio10,40.0,173.671875,-0.10691202109156163,0.41235029048680527,0.2760588702170276,False,-1.3234889800848443e-16
A50_ratio10,40.0,175.15625000000003,-0.04974428604737591,0.37313965852104936,0.268160998923492,False,-3.1763735522036263e-16
A50_ratio10,40.0,176.640625,0.046716366289565964,0.32077393706367474,0.22411563136756152,False,1.5881867761018131e-16
A50_ratio10,40.0,178.125,0.2279642971716971,2.6259599975157735,0.09661284083642313,True,2.6469779601696886e-16
A50_ratio10,40.0,179.609375,0.29932643095920375,2.1022708604133897,0.07843942072088274,True,1.3234889800848443e-16
A50_ratio10,40.0,181.09375000000003,0.3484004162679503,2.046043747384911,0.08011278063667347,True,4.499862532288471e-16
A50_ratio10,40.0,182.57812500000003,0.3927053415461788,2.0680391172855646,0.08230228488765685,True,5.029258124322408e-16
A50_ratio10,40.0,184.0625,0.4297684448452079,2.1275851323493007,0.08581182543253621,True,-7.940933880509066e-17
A50_ratio10,40.0,185.546875,0.4601992938532268,2.183429767273984,0.08856949159390376,True,-2.3822801641527197e-16
A50_ratio10,40.0,187.03125000000003,0.48241796535672016,2.2326061853613752,0.09095535431945007,True,-3.441071348220595e-16
A50_ratio10,40.0,188.51562500000003,0.496106580850327,2.26434525673091,0.09239585818207288,True,-3.441071348220595e-16
A50_ratio10,160.0,0.0,0.4487248389805278,2.0424997328689405,0.35025733761946987,True,-3.705769144237564e-16
A50_ratio10,160.0,1.484375,0.44394696707353165,2.0457667942278004,0.3499303936785668,True,0.0
A50_ratio10,160.0,2.96875,0.4312369889664569,2.045190230966794,0.3475112524294121,True,5.293955920339377e-17
A50_ratio10,160.0,4.453125,0.40985275859528003,2.0449451058906583,0.3442909485715497,True,-1.0587911840678754e-16
A50_ratio10,160.0,5.9375,0.37953632475998333,2.0562047903536462,0.34141886723745923,True,2.6469779601696886e-16
A50_ratio10,160.0,7.421875000000001,0.3367389065557316,2.087896096015491,0.3436436415978032,True,0.0
A50_ratio10,160.0,8.90625,0.27743318663856675,2.152127879942667,0.356454931985756,True,-1.0587911840678754e-16
A50_ratio10,160.0,10.390625,0.17809334911302396,2.16711148184813,0.40504742428676116,True,5.293955920339377e-17
A50_ratio10,160.0,11.875,-0.0015455370704461097,0.19554492789589306,0.5314975967982661,False,-5.293955920339377e-17
A50_ratio10,160.0,13.359375000000002,-0.10505515343523068,0.18482482169219694,0.5812620728120579,False,1.5881867761018131e-16
A50_ratio10,160.0,14.843750000000002,-0.17206031703497981,0.17902250955921656,0.5958519516307939,False,5.293955920339377e-17
A50_ratio10,160.0,16.328125000000004,-0.22179083095490887,0.17491817107594165,0.5963126018000746,False,-5.293955920339377e-17
A50_ratio10,160.0,17.8125,-0.257390271271067,0.17224379471332033,0.5874631556500649,False,-1.5881867761018131e-16
A50_ratio10,160.0,19.296875,-0.2828499054119115,0.17033840391910182,0.5747665618064346,False,5.293955920339377e-17
A50_ratio10,160.0,20.78125,-0.2992413033574202,0.16909633802947044,0.5605062101702809,False,1.5881867761018131e-16
A50_ratio10,160.0,22.265625,-0.3079728183275684,0.16825434544110984,0.5469964561654986,False,5.293955920339377e-17
A50_ratio10,160.0,23.75,-0.3094360322404212,0.1677498872800912,0.5351949041370561,False,-1.0587911840678754e-16
A50_ratio10,160.0,25.234375000000004,-0.3038731897285231,0.16748425517272356,0.5255487849394681,False,1.5881867761018131e-16
A50_ratio10,160.0,26.718750000000004,-0.2912145375453507,0.16741957980996447,0.5178251520584386,False,0.0
A50_ratio10,160.0,28.203125000000004,-0.2706101998101412,0.16758558667782136,0.5106497994576111,False,-2.6469779601696886e-16
A50_ratio10,160.0,29.687500000000004,-0.24139058594906185,0.16795955576231567,0.5024886255073235,False,-5.293955920339377e-17
A50_ratio10,160.0,31.171875000000004,-0.20049398008854374,0.16878758073545613,0.4891092844819466,False,-1.0587911840678754e-16
A50_ratio10,160.0,32.65625000000001,-0.14554108701696367,0.17007655465657606,0.4667015897321887,False,-3.705769144237564e-16
A50_ratio10,160.0,34.14062500000001,-0.06077563455687989,0.17333637922023096,0.4178740040104162,False,0.0
A50_ratio10,160.0,35.625,0.08636988774162971,1.8087037593092483,0.3082831469496406,True,-5.293955920339377e-17
A50_ratio10,160.0,37.109375,0.1646432450237423,1.746444790147871,0.26733397542834253,True,5.293955920339377e-17
A50_ratio10,160.0,38.59375,0.21078392804733517,1.675927639867909,0.2564402759575506,True,-5.293955920339377e-17
A50_ratio10,160.0,40.078125,0.24432057950059355,1.6419908862956853,0.2542992003301208,True,-1.0587911840678754e-16
A50_ratio10,160.0,41.5625,0.2681448365869303,1.6291868217513072,0.25638661581373656,True,-2.1175823681357508e-16
A50_ratio10,160.0,43.046875,0.28486379996939604,1.6266956373882944,0.2586683983200783,True,-5.293955920339377e-17
A50_ratio10,160.0,44.53125,0.2943984074878528,1.6239527236345148,0.26005793732235716,True,-1.5881867761018131e-16
A50_ratio10,160.0,46.015625,0.2971508607719689,1.6161236718884935,0.25929455451069117,True,-5.293955920339377e-17
A50_ratio10,160.0,47.5,0.2929542128370039,1.5993529483865891,0.25602796376299375,True,-1.0587911840678754e-16
A50_ratio10,160.0,48.984375,0.28188961068524193,1.5730462936810248,0.250021967433709,True,1.5881867761018131e-16
A50_ratio10,160.0,50.46875000000001,0.26415574846540235,1.5376883569650444,0.24129202618002726,True,-5.293955920339377e-17
A50_ratio10,160.0,51.95312500000001,0.2397002479308152,1.4968400345827317,0.23046671313097847,True,1.0587911840678754e-16
A50_ratio10,160.0,53.43750000000001,0.20898749230545685,1.456501273713132,0.21799879908714592,True,-1.0587911840678754e-16
A50_ratio10,160.0,54.92187500000001,0.17076138395581364,1.4283195490656209,0.2063683059232689,True,5.293955920339377e-17
A50_ratio10,160.0,56.40625000000001,0.12420133459066234,1.4295460894070977,0.19788053078699247,True,0.0
A50_ratio10,160.0,57.89062500000001,0.05596473112202726,1.4776805762532021,0.20756756263394815,True,-2.1175823681357508e-16
A50_ratio10,160.0,59.37500000000001,-0.06542429546888275,0.15577547204770364,0.2687356139776085,False,-1.5881867761018131e-16
A50_ratio10,160.0,60.859375,-0.1346713422130996,0.16052022262719862,0.2779921649514951,False,-5.293955920339377e-17
A50_ratio10,160.0,62.34375000000001,-0.1790104835319961,0.16371682378091326,0.26447261783422216,False,1.5881867761018131e-16
A50_ratio10,160.0,63.828125,-0.21168120901415427,0.16608976860824848,0.24324514131094624,False,-2.1175823681357508e-16
A50_ratio10,160.0,65.31250000000001,-0.2349166710339064,0.16775186634689798,0.21822959408236664,False,5.293955920339377e-17
A50_ratio10,160.0,66.796875,-0.2515343195237741,0.16881274533001986,0.193724266925027,False,-1.5881867761018131e-16
A50_ratio10,160.0,68.28125000000001,-0.2623286994319356,0.16929993505089325,0.1717426718632002,False,-1.5881867761018131e-16
A50_ratio10,160.0,69.765625,-0.26833976907262025,0.16921257690883174,0.1542358868600563,False,-1.5881867761018131e-16
A50_ratio10,160.0,71.25,-0.2698877819309827,0.16854134357179298,0.1420932632343439,False,5.293955920339377e-17
A50_ratio10,160.0,72.734375,-0.2672232620087876,0.1671992934802754,0.1357713371692381,False,-5.293955920339377e-17
A50_ratio10,160.0,74.21875,-0.2603541231606145,0.1651277652886009,0.13511380329210637,False,5.293955920339377e-17
A50_ratio10,160.0,75.703125,-0.24882119929385424,0.16210485225862745,0.13913408994805468,False,-1.5881867761018131e-16
A50_ratio10,160.0,77.1875,-0.2322445546639054,0.1579888223855271,0.1465826328916299,False,2.6469779601696886e-16
A50_ratio10,160.0,78.671875,-0.20878234452890168,0.15223045827354179,0.15443981037393092,False,0.0
A50_ratio10,160.0,80.15625,-0.17699646119449125,0.14444532880531263,0.1598274636161278,False,1.0587911840678754e-16
A50_ratio10,160.0,81.64062500000001,-0.12730511906257733,0.13206488942133857,0.15151739187768254,False,1.5881867761018131e-16
A50_ratio10,160.0,83.125,-0.03986060288780472,1.0997221467439002,0.10787289635998093,True,5.293955920339377e-17
A50_ratio10,160.0,84.60937500000001,0.006720873927397991,1.0086224628248304,0.10564786688087724,True,-1.5881867761018131e-16
A50_ratio10,160.0,86.09375,0.03966502624700534,1.001831963299039,0.11575292451121248,True,5.293955920339377e-17
A50_ratio10,160.0,87.57812500000001,0.06811840411245904,1.0264771022702914,0.1272485174438036,True,-1.5881867761018131e-16
A50_ratio10,160.0,89.0625,0.09184476196688873,1.0639628532414536,0.1387177898289382,True,0.0
A50_ratio10,160.0,90.54687500000001,0.11116413068471838,1.1007955766928854,0.1483913214997207,True,-1.0587911840678754e-16
A50_ratio10,160.0,92.03125,0.12528909683447906,1.1316174786553332,0.1558667812252914,True,1.0587911840678754e-16
A50_ratio10,160.0,93.51562500000001,0.13393131668566088,1.152115636899476,0.16054831596385158,True,1.5881867761018131e-16
A50_ratio10,160.0,95.0,0.13672050789217877,1.1608802036383696,0.1622616687078192,True,0.0
A50_ratio10,160.0,96.484375,0.13350670661844946,1.1575045296733644,0.160972926031063,True,-5.293955920339377e-17
A50_ratio10,160.0,97.96875,0.1244394298012616,1.1432010970239521,0.15671644825850872,True,5.293955920339377e-17
A50_ratio10,160.0,99.453125,0.1095017390089249,1.1215001137546572,0.15005371317551416,True,-1.5881867761018131e-16
A50_ratio10,160.0,100.93750000000001,0.0892693488161549,1.0978565303788723,0.14129320297967235,True,5.293955920339377e-16
A50_ratio10,160.0,102.421875,0.06304427433362686,1.0849799072259343,0.1323226472226358,True,1.5881867761018131e-16
A50_ratio10,160.0,103.90625000000001,0.030761733298405293,1.1023486088268202,0.12465621745981267,True,3.1763735522036263e-16
A50_ratio10,160.0,105.390625,-0.017955535464128248,1.194569656089657,0.13032427627240334,True,1.5881867761018131e-16
A50_ratio10,160.0,106.87500000000001,-0.11181413180509063,0.13868054279572858,0.17982642527726694,False,-1.0587911840678754e-16
A50_ratio10,160.0,108.359375,-0.16507563182922452,0.14951054272240302,0.18928790464432974,False,-1.0587911840678754e-16
A50_ratio10,160.0,109.84375000000001,-0.19920938101266925,0.1563082195777594,0.18204038343430606,False,1.5881867761018131e-16
A50_ratio10,160.0,111.328125,-0.2246146840878831,0.16120492073137713,0.17027214993291284,False,-1.5881867761018131e-16
A50_ratio10,160.0,112.81250000000001,-0.24282384951893796,0.16456519831442662,0.15716192774666252,False,-5.293955920339377e-17
A50_ratio10,160.0,114.296875,-0.2558630939202092,0.16684857123846042,0.14617598457441033,False,-5.293955920339377e-17
A50_ratio10,160.0,115.78125000000001,-0.2641400411878351,0.16820721019584473,0.13889972131932746,False,-2.6469779601696886e-16
A50_ratio10,160.0,117.265625,-0.2682150184289013,0.16882426238432813,0.13676309358935188,False,-3.705769144237564e-16
A50_ratio10,160.0,118.75000000000001,-0.2680977174613404,0.16877489207633653,0.14030319876470182,False,-5.293955920339377e-17
A50_ratio10,160.0,120.234375,-0.2636281978407752,0.16811295421215436,0.14952431562821078,False,2.6469779601696886e-16
A50_ratio10,160.0,121.71875,-0.2545082421503888,0.16685856910171074,0.1639222145816531,False,-2.1175823681357508e-16
A50_ratio10,160.0,123.203125,-0.23981741136698959,0.16495763915373027,0.18200735876824217,False,3.1763735522036263e-16
A50_ratio10,160.0,124.68750000000001,-0.21880469868908928,0.16237829900934003,0.2021176217375497,False,-3.705769144237564e-16
A50_ratio10,160.0,126.17187500000001,-0.1888927308237982,0.15888393711505408,0.22045666312058967,False,-1.0587911840678754e-16
A50_ratio10,160.0,127.65625,-0.1479903257285567,0.15431429159293367,0.23345246003078274,False,1.5881867761018131e-16
A50_ratio10,160.0,129.140625,-0.08395005294777697,0.14734816632193123,0.2272708756861719,False,-4.764560328305439e-16
A50_ratio10,160.0,130.62500000000003,0.028254824962875007,1.3518844581892464,0.17505649354585098,True,-4.764560328305439e-16
A50_ratio10,160.0,132.109375,0.09267920365086295,1.3004856448571072,0.17085309010511215,True,4.2351647362715017e-16
A50_ratio10,160.0,133.59375,0.13913917051567862,1.3117068499285582,0.1829426948619761,True,-5.293955920339377e-17
A50_ratio10,160.0,135.078125,0.17932037319655791,1.3547836405543736,0.19780931668252325,True,2.6469779601696886e-16
A50_ratio10,160.0,136.56250000000003,0.2135271699502178,1.411680420003132,0.2134591214423854,True,1.5881867761018131e-16
A50_ratio10,160.0,138.046875,0.2425074661354287,1.4697904275330576,0.22765949492636534,True,-1.5881867761018131e-16
A50_ratio10,160.0,139.53125,0.26553901426686016,1.523414703901161,0.2399087603785691,True,-4.764560328305439e-16
A50_ratio10,160.0,141.015625,0.28233650987042774,1.568333579022408,0.2495750682485235,True,1.5881867761018131e-16
A50_ratio10,160.0,142.5,0.2924674567330024,1.6039580395539321,0.2565147198669953,True,5.293955920339377e-17
A50_ratio10,160.0,143.98437500000003,0.2955417842258962,1.6301442687214527,0.2609036310567638,True,5.293955920339377e-17
A50_ratio10,160.0,145.46875,0.29149987617895723,1.6505634472270219,0.2629564686312527,True,-6.88214269644119e-16
A50_ratio10,160.0,146.953125,0.27963651343579765,1.6693621867482222,0.26389568485367726,True,-1.5881867761018131e-16
A50_ratio10,160.0,148.4375,0.2598114286197533,1.6971399466998827,0.2647200237809139,True,-1.0587911840678754e-16
A50_ratio10,160.0,149.92187500000003,0.22904479288632648,1.7439305583187126,0.26957498694438786,True,1.5881867761018131e-16
A50_ratio10,160.0,151.40625,0.18410935694883224,1.82465439821363,0.2831148470560542,True,2.6469779601696886e-16
A50_ratio10,160.0,152.890625,0.10444941409246201,1.8866805294408298,0.3275278063596233,True,-1.0587911840678754e-16
A50_ratio10,160.0,154.375,-0.0477046162233385,0.17887527171477843,0.4423576509146093,False,-5.293955920339377e-17
A50_ratio10,160.0,155.85937500000003,-0.13523536345641635,0.17438582857091325,0.4923337329099517,False,5.293955920339377e-17
A50_ratio10,160.0,157.34375,-0.19202932732034086,0.1722974681200739,0.5131898300355661,False,5.293955920339377e-17
A50_ratio10,160.0,158.828125,-0.2344995301706345,0.17076990345362159,0.5231148345640377,False,-1.5881867761018131e-16
A50_ratio10,160.0,160.3125,-0.2650885774994159,0.16978203295822164,0.5261866170576773,False,-1.0587911840678754e-16
A50_ratio10,160.0,161.79687500000003,-0.28700092250780485,0.16901761424771014,0.527040522155275,False,-2.1175823681357508e-16
A50_ratio10,160.0,163.28125000000003,-0.300918279190741,0.16850465751518307,0.527528893703828,False,-5.293955920339377e-17
A50_ratio10,160.0,164.765625,-0.3077685157369937,0.1681762879925117,0.5294441109479385,False,-4.2351647362715017e-16
A50_ratio10,160.0,166.25,-0.30762699815210737,0.16807812284162973,0.533385870048742,False,-5.293955920339377e-16
A50_ratio10,160.0,167.734375,-0.300322661826468,0.16827467230098905,0.5393462996643976,False,1.0587911840678754e-16
A50_ratio10,160.0,169.21875000000003,-0.2854731224440495,0.16883472184409457,0.5467380292569102,False,-1.0587911840678754e-16
A50_ratio10,160.0,170.703125,-0.26176635487849736,0.1699724096383645,0.5536830112730203,False,5.293955920339377e-17
A50_ratio10,160.0,172.1875,-0.2281566439521805,0.17179327060969454,0.5582295283311771,False,5.293955920339377e-17
A50_ratio10,160.0,173.671875,-0.18085355674453574,0.1748506786179998,0.5553753275897002,False,1.0587911840678754e-16
A50_ratio10,160.0,175.15625000000003,-0.11682208975228799,0.17938027955771926,0.5406137243481026,False,5.293955920339377e-17
A50_ratio10,160.0,176.640625,-0.017785702916272836,0.1880749631579258,0.4939926222930993,False,-2.1175823681357508e-16
A50_ratio10,160.0,178.125,0.15394727932990618,2.0550310779486836,0.3760047803979125,True,1.5881867761018131e-16
A50_ratio10,160.0,179.609375,0.25034116680406365,2.0380165775314008,0.3327996065957216,True,-2.1175823681357508e-16
A50_ratio10,160.0,181.09375000000003,0.31020624108975087,1.9870874761497865,0.32368187753457145,True,-2.1175823681357508e-16
A50_ratio10,160.0,182.57812500000003,0.3555344252344707,1.9711881063568393,0.3248481229190635,True,-5.293955920339377e-16
A50_ratio10,160.0,184.0625,0.38985718869373986,1.9774290760519142,0.3310980033037026,True,5.293955920339377e-17
A50_ratio10,160.0,185.546875,0.4162370269645142,1.9959593747628834,0.337906680202315,True,-4.764560328305439e-16
A50_ratio10,160.0,187.03125000000003,0.4346766249068344,2.015902273793857,0.34407161648903484,True,1.5881867761018131e-16
A50_ratio10,160.0,188.51562500000003,0.44558134223158297,2.0324235264950525,0.34829601852051556,True,1.0587911840678754e-16
A87_ratio10,0.0,0.0,0.5,2.3623837608327865,0.0,True,-2.779326858178173e-16
A87_ratio10,0.0,1.484375,0.49489518415210065,2.347822283303895,0.0,True,-2.779326858178173e-16
A87_ratio10,0.0,2.96875,0.47976606479587086,2.3047489839948527,0.0,True,-1.7205356741102976e-16
A87_ratio10,0.0,4.453125,0.45516153056683156,2.2346206546766165,0.0,True,-4.367513634279986e-16
A87_ratio10,0.0,5.9375,0.42197301539744453,2.1400382472638975,0.0,True,-1.3234889800848443e-17
A87_ratio10,0.0,7.421875000000001,0.3814003715535366,2.0242912832843243,0.0,True,9.26442286059391e-17
A87_ratio10,0.0,8.90625,0.3349059420243247,1.8915912097008296,0.0,True,9.26442286059391e-17
A87_ratio10,0.0,10.390625,0.2841585967997873,1.7465473835015626,0.0,True,2.514629062161204e-16
A87_ratio10,0.0,11.875,0.23096988312782177,1.5943591494621463,0.0,True,1.3234889800848443e-17
A87_ratio10,0.0,13.359375000000002,0.17722474277682881,1.4402429623484325,0.0,True,-1.3234889800848443e-17
A87_ratio10,0.0,14.843750000000002,0.12480945799581636,1.2896151854553501,0.0,True,-3.970466940254533e-17
A87_ratio10,0.0,16.328125000000004,0.07553959424516744,1.1474950268751485,0.0,True,-9.26442286059391e-17
A87_ratio10,0.0,17.8125,0.031090707778999593,1.018714295372429,0.0,True,-5.293955920339377e-17
A87_ratio10,0.0,19.296875,-0.007065520205475,0.9073211127993922,0.0,True,7.940933880509066e-17
A87_ratio10,0.0,20.78125,-0.037717269787137415,0.8168527608240855,0.0,False,1.1911400820763599e-16
A87_ratio10,0.0,22.265625,-0.059958538762067796,0.7497602939495953,0.0,False,-1.3234889800848443e-17
A87_ratio10,0.0,23.75,-0.07322330470336304,0.7077764899762384,0.0,False,-1.3234889800848443e-17
A87_ratio10,0.0,25.234375000000004,-0.07730658138905301,0.691371875925033,0.0,False,1.0587911840678754e-16
A87_ratio10,0.0,26.718750000000004,-0.0723715620869103,0.7002427585004884,0.0,True,-6.617444900424221e-17
A87_ratio10,0.0,28.203125000000004,-0.05894257695252797,0.7327956513988102,0.0,True,3.970466940254533e-17
A87_ratio10,0.0,29.687500000000004,-0.03788413704173633,0.7867722227447342,0.0,True,-1.3234889800848443e-17
A87_ratio10,0.0,31.171875000000004,-0.010366872206595113,0.8587427849842102,0.0,True,-6.617444900424221e-17
A87_ratio10,0.0,32.65625000000001,0.022178326115227045,0.94487818783235,0.0,True,-6.617444900424221e-17
A87_ratio10,0.0,34.14062500000001,0.05811619285353858,1.0404148273515614,0.0,True,-1.4558378780933287e-16
A87_ratio10,0.0,35.625,0.09567085809127227,1.140581072404088,0.0,True,-2.6469779601696886e-17
A87_ratio10,0.0,37.109375,0.13299504385208694,1.2399762549976618,0.0,True,-3.970466940254533e-17
A87_ratio10,0.0,38.59375,0.16824202740488794,1.3336650431918224,0.0,True,1.4558378780933287e-16
A87_ratio10,0.0,40.078125,0.1996376032307165,1.4163892230078148,0.0,True,-9.26442286059391e-17
A87_ratio10,0.0,41.5625,0.22554927580066894,1.4838632614500449,0.0,True,-1.3234889800848443e-17
A87_ratio10,0.0,43.046875,0.24455002168947665,1.531704274352919,0.0,True,3.970466940254533e-17
A87_ratio10,0.0,44.53125,0.2554741682102118,1.5570063496281563,0.0,True,-6.617444900424221e-17
A87_ratio10,0.0,46.015625,0.2574632386826621,1.5568148316547674,0.0,True,9.26442286059391e-17
A87_ratio10,0.0,47.5,0.25000000000000006,1.5301496177737117,0.0,True,3.970466940254533e-17
A87_ratio10,0.0,48.984375,0.23292940151895314,1.475721249630396,0.0,True,1.4558378780933287e-16
A87_ratio10,0.0,50.46875000000001,0.20646559804543152,1.3947796573656237,0.0,True,3.970466940254533e-17
A87_ratio10,0.0,51.95312500000001,0.1711847844617958,1.287435016452515,0.0,True,1.4558378780933287e-16
A87_ratio10,0.0,53.43750000000001,0.1280041147926049,1.157246490600388,0.0,True,-1.3234889800848443e-17
A87_ratio10,0.0,54.92187500000001,0.07814751327908463,1.0044134271661416,0.0,True,2.6469779601696886e-17
A87_ratio10,0.0,56.40625000000001,0.02309968877765684,0.8348500413394452,0.0,True,2.6469779601696886e-17
A87_ratio10,0.0,57.89062500000001,-0.03544988284402277,0.6430047381666633,0.0,True,-1.1911400820763599e-16
A87_ratio10,0.0,59.37500000000001,-0.09567085809127232,0.4381749517531529,0.0,True,6.617444900424221e-17
A87_ratio10,0.0,60.859375,-0.15566135386160224,0.11307435701081785,0.0,True,-1.9852334701272664e-16
A87_ratio10,0.0,62.34375000000001,-0.21352004229777188,0.0,0.0,True,0.014337942385639589
A87_ratio10,0.0,63.828125,-0.2674182443032058,0.0,0.0,True,0.04028213423276763
A87_ratio10,0.0,65.31250000000001,-0.3156692535515375,0.0,0.0,True,0.06934449708960143
A87_ratio10,0.0,66.796875,-0.35679222919874465,0.0,0.0,True,0.09741236519160099
A87_ratio10,0.0,68.28125000000001,-0.3895682041687332,0.0,0.0,False,0.12179076747964189
A87_ratio10,0.0,69.765625,-0.41308605881256205,0.0,0.0,False,0.14064967255788094
A87_ratio10,0.0,71.25,-0.42677669529663675,0.0,0.0,False,0.15273716876584026
A87_ratio10,0.0,72.734375,-0.4304341014395474,0.0,0.0,False,0.15740678309328385
A87_ratio10,0.0,74.21875,-0.42422249646850596,0.0,0.0,True,0.15449168570988425
A87_ratio10,0.0,75.703125,-0.4086692859457976,0.0,0.0,True,0.14435292243969963
A87_ratio10,0.0,77.1875,-0.38464409837227337,0.0,0.0,True,0.1277763684752683
A87_ratio10,0.0,78.671875,-0.3533247107549686,0.0,0.0,True,0.10602336880523713
A87_ratio10,0.0,80.15625,-0.31615117417836136,0.0,0.0,True,0.08072211561150637
A87_ratio10,0.0,81.64062500000001,-0.2747699037848928,0.0,0.0,True,0.05400255569048551
A87_ratio10,0.0,83.125,-0.23096988312782174,0.0,0.0,True,0.028404081207378796
A87_ratio10,0.0,84.60937500000001,-0.1866134357917229,0.0,0.0,True,0.007930116350994732
A87_ratio10,0.0,86.09375,-0.14356422584178014,0.15305872689184463,0.0,True,1.1911400820763599e-16
A87_ratio10,0.0,87.57812500000001,-0.10361525504373519,0.3591469770479233,0.0,True,1.9852334701272664e-16
A87_ratio10,0.0,89.0625,-0.06841962480417095,0.482747054154269,0.0,True,9.26442286059391e-17
A87_ratio10,0.0,90.54687500000001,-0.03942672441555893,0.5787482534609013,0.0,True,6.617444900424221e-17
A87_ratio10,0.0,92.03125,-0.017826298540227464,0.6465302053094443,0.0,True,1.1911400820763599e-16
A87_ratio10,0.0,93.51562500000001,-0.004502543950485486,0.6877910520589472,0.0,True,9.26442286059391e-17
A87_ratio10,0.0,95.0,2.274746684520826e-17,0.7014915975822982,0.0,True,3.970466940254533e-17
A87_ratio10,0.0,96.484375,-0.004502543950485433,0.6877910520589493,0.0,True,1.4558378780933287e-16
A87_ratio10,0.0,97.96875,-0.017826298540227544,0.6465302053094463,0.0,True,4.1028158382630173e-16
A87_ratio10,0.0,99.453125,-0.03942672441555879,0.5787482534608973,0.0,True,-1.7205356741102976e-16
A87_ratio10,0.0,100.93750000000001,-0.06841962480417077,0.48274705415426883,0.0,True,-3.970466940254533e-17
A87_ratio10,0.0,102.421875,-0.103615255043735,0.35914697704792803,0.0,True,3.5734202462290796e-16
A87_ratio10,0.0,103.90625000000001,-0.1435642258417799,0.15305872689184308,0.0,True,-1.3234889800848443e-17
A87_ratio10,0.0,105.390625,-0.18661343579172274,0.0,0.0,True,0.007930116350994627
A87_ratio10,0.0,106.87500000000001,-0.23096988312782155,0.0,0.0,True,0.028404081207378636
A87_ratio10,0.0,108.359375,-0.2747699037848926,0.0,0.0,True,0.0540025556904854
A87_ratio10,0.0,109.84375000000001,-0.31615117417836114,0.0,0.0,True,0.0807221156115062
A87_ratio10,0.0,111.328125,-0.35332471075496874,0.0,0.0,True,0.10602336880523734
A87_ratio10,0.0,112.81250000000001,-0.3846440983722732,0.0,0.0,True,0.12777636847526824
A87_ratio10,0.0,114.296875,-0.40866928594579727,0.0,0.0,True,0.14435292243969935
A87_ratio10,0.0,115.78125000000001,-0.42422249646850585,0.0,0.0,False,0.15449168570988425
A87_ratio10,0.0,117.265625,-0.4304341014395474,0.0,0.0,False,0.15740678309328385
A87_ratio10,0.0,118.75000000000001,-0.4267766952966369,0.0,0.0,False,0.15273716876584043
A87_ratio10,0.0,120.234375,-0.41308605881256216,0.0,0.0,False,0.140649672557881
A87_ratio10,0.0,121.71875,-0.38956820416873333,0.0,0.0,True,0.12179076747964189
A87_ratio10,0.0,123.203125,-0.35679222919874515,0.0,0.0,True,0.0974123651916014
A87_ratio10,0.0,124.68750000000001,-0.3156692535515374,0.0,0.0,True,0.06934449708960119
A87_ratio10,0.0,126.17187500000001,-0.2674182443032061,0.0,0.0,True,0.040282134232767816
A87_ratio10,0.0,127.65625,-0.21352004229777213,0.0,0.0,True,0.014337942385639589
A87_ratio10,0.0,129.140625,-0.1556613538616031,0.11307435701080588,0.0,True,9.26442286059391e-17
A87_ratio10,0.0,130.62500000000003,-0.09567085809127207,0.4381749517531674,0.0,True,1.852884572118782e-16
A87_ratio10,0.0,132.109375,-0.03544988284402279,0.6430047381666559,0.0,True,-2.3161057151484775e-16
A87_ratio10,0.0,133.59375,0.02309968877765681,0.8348500413394613,0.0,True,1.852884572118782e-16
A87_ratio10,0.0,135.078125,0.07814751327908341,1.0044134271661065,0.0,True,-1.1911400820763599e-16
A87_ratio10,0.0,136.56250000000003,0.12800411479260532,1.157246490600411,0.0,True,1.9852334701272664e-16
A87_ratio10,0.0,138.046875,0.17118478446179614,1.2874350164525215,0.0,True,1.1911400820763599e-16
A87_ratio10,0.0,139.53125,0.2064655980454311,1.3947796573656093,0.0,True,-1.9852334701272664e-16
A87_ratio10,0.0,141.015625,0.23292940151895314,1.4757212496304024,0.0,True,9.26442286059391e-17
A87_ratio10,0.0,142.5,0.24999999999999972,1.530149617773701,0.0,True,-6.617444900424221e-17
A87_ratio10,0.0,143.98437500000003,0.2574632386826621,1.5568148316547756,0.0,True,3.5734202462290796e-16
A87_ratio10,0.0,145.46875,0.2554741682102119,1.5570063496281537,0.0,True,-1.1911400820763599e-16
A87_ratio10,0.0,146.953125,0.24455002168947695,1.5317042743529183,0.0,True,-6.617444900424221e-17
A87_ratio10,0.0,148.4375,0.22554927580066936,1.4838632614500469,0.0,True,1.3234889800848443e-17
A87_ratio10,0.0,149.92187500000003,0.1996376032307166,1.4163892230078166,0.0,True,2.779326858178173e-16
A87_ratio10,0.0,151.40625,0.16824202740488825,1.3336650431918202,0.0,True,1.4558378780933287e-16
A87_ratio10,0.0,152.890625,0.13299504385208746,1.2399762549976672,0.0,True,1.9852334701272664e-16
A87_ratio10,0.0,154.375,0.09567085809127296,1.1405810724041043,0.0,True,9.26442286059391e-17
A87_ratio10,0.0,155.85937500000003,0.05811619285353774,1.0404148273515363,0.0,True,-5.293955920339377e-17
A87_ratio10,0.0,157.34375,0.022178326115227055,0.9448781878323563,0.0,True,1.7205356741102976e-16
A87_ratio10,0.0,158.828125,-0.010366872206594928,0.8587427849842157,0.0,True,2.514629062161204e-16
A87_ratio10,0.0,160.3125,-0.03788413704173609,0.7867722227447344,0.0,True,-1.3234889800848443e-17
A87_ratio10,0.0,161.79687500000003,-0.058942576952527755,0.7327956513988103,0.0,True,-9.26442286059391e-17
A87_ratio10,0.0,163.28125000000003,-0.0723715620869103,0.7002427585004897,0.0,False,-9.26442286059391e-17
A87_ratio10,0.0,164.765625,-0.07730658138905301,0.6913718759250277,0.0,False,-1.4558378780933287e-16
A87_ratio10,0.0,166.25,-0.07322330470336312,0.7077764899762444,0.0,False,6.617444900424221e-17
A87_ratio10,0.0,167.734375,-0.059958538762068296,0.7497602939495853,0.0,False,-2.6469779601696886e-17
A87_ratio10,0.0,169.21875000000003,-0.037717269787137256,0.8168527608240932,0.0,True,9.26442286059391e-17
A87_ratio10,0.0,170.703125,-0.007065520205474947,0.9073211127993971,0.0,True,-2.6469779601696886e-17
A87_ratio10,0.0,172.1875,0.031090707778998666,1.0187142953724202,0.0,True,-3.970466940254533e-17
A87_ratio10,0.0,173.671875,0.0755395942451665,1.1474950268751327,0.0,True,-9.26442286059391e-17
A87_ratio10,0.0,175.15625000000003,0.12480945799581691,1.2896151854553735,0.0,True,-1.7205356741102976e-16
A87_ratio10,0.0,176.640625,0.17722474277682823,1.4402429623484245,0.0,True,-6.617444900424221e-17
A87_ratio10,0.0,178.125,0.230969883127821,1.594359149462136,0.0,True,-1.4558378780933287e-16
A87_ratio10,0.0,179.609375,0.2841585967997873,1.7465473835015684,0.0,True,-1.7205356741102976e-16
A87_ratio10,0.0,181.09375000000003,0.3349059420243245,1.8915912097008218,0.0,True,-3.8381180422460484e-16
A87_ratio10,0.0,182.57812500000003,0.3814003715535363,2.0242912832843194,0.0,True,-6.617444900424221e-17
A87_ratio10,0.0,184.0625,0.4219730153974448,2.1400382472639143,0.0,True,3.970466940254533e-17
A87_ratio10,0.0,185.546875,0.4551615305668312,2.2346206546766036,0.0,True,-5.426304818347862e-16
A87_ratio10,0.0,187.03125000000003,0.479766064795871,2.304748983994854,0.0,True,-3.8381180422460484e-16
A87_ratio10,0.0,188.51562500000003,0.49489518415210065,2.3478222833039,0.0,True,-6.617444900424221e-17
A87_ratio10,40.0,0.0,0.45005788580384715,2.2218700711791937,0.09163399528247754,True,1.0587911840678754e-16
A87_ratio10,40.0,1.484375,0.4454936631909591,2.2090891068090586,0.09109340204746627,True,3.1763735522036263e-16
A87_ratio10,40.0,2.96875,0.4319885896530608,2.1710051082566677,0.08946935622913488,True,0.0
A87_ratio10,40.0,4.453125,0.4100031984414222,2.1092427680677437,0.08685021321173414,True,0.0
A87_ratio10,40.0,5.9375,0.38037173670216357,2.0258891459120156,0.08329315978160588,True,-1.5881867761018131e-16
A87_ratio10,40.0,7.421875000000001,0.34410207397290304,1.9246522722324606,0.07899017866695834,True,-2.1175823681357508e-16
A87_ratio10,40.0,8.90625,0.302573088021192,1.808873826851458,0.07402473508945753,True,0.0
A87_ratio10,40.0,10.390625,0.25714637776049903,1.6843591740256991,0.06870410012561311,True,-2.1175823681357508e-16
A87_ratio10,40.0,11.875,0.209577482490772,1.5551920150447576,0.06308428172337442,True,1.0587911840678754e-16
A87_ratio10,40.0,13.359375000000002,0.16125407341735193,1.4303726482680204,0.05766255044580168,True,0.0
A87_ratio10,40.0,14.843750000000002,0.11413878577101569,1.3151608775012538,0.052362553311125395,True,1.3234889800848443e-17
A87_ratio10,40.0,16.328125000000004,0.06888332587051639,1.2310318291349185,0.04834814946097575,True,-3.970466940254533e-17
A87_ratio10,40.0,17.8125,0.02744348411794336,1.2033290766801972,0.04533910474738095,True,-6.617444900424221e-17
A87_ratio10,40.0,19.296875,-0.018957073196752473,1.4194014956100491,0.05358343407760221,True,1.0587911840678754e-16
A87_ratio10,40.0,20.78125,-0.11525085480442608,0.15214764224050822,0.1192254661036134,False,1.3234889800848443e-17
A87_ratio10,40.0,22.265625,-0.15575872482380484,0.15900589470241436,0.13749206714806184,False,1.3234889800848443e-16
A87_ratio10,40.0,23.75,-0.16454497003795968,0.15573729914896411,0.13301354642092128,False,2.6469779601696886e-17
A87_ratio10,40.0,25.234375000000004,-0.1439425010197794,0.1414020372476685,0.10832780071705102,False,-1.3234889800848443e-17
A87_ratio10,40.0,26.718750000000004,-0.07526663001345596,1.2111721605027388,0.04458694901287034,True,-1.0587911840678754e-16
A87_ratio10,40.0,28.203125000000004,-0.051663992020284474,0.9427272550589004,0.03441329615408129,True,-2.6469779601696886e-17
A87_ratio10,40.0,29.687500000000004,-0.03086176126098991,0.9088425746986821,0.034669505305578274,True,3.970466940254533e-17
A87_ratio10,40.0,31.171875000000004,-0.004827598614033625,0.9329870520713718,0.03615260749376323,True,9.26442286059391e-17
A87_ratio10,40.0,32.65625000000001,0.02484301311068089,0.9920034152020153,0.03902719409087087,True,7.940933880509066e-17
A87_ratio10,40.0,34.14062500000001,0.057522644153143614,1.0656850749320175,0.042285429786719696,True,5.293955920339377e-17
A87_ratio10,40.0,35.625,0.09141501906692716,1.1492506500013235,0.04594772011066986,True,2.1175823681357508e-16
A87_ratio10,40.0,37.109375,0.12511132096485214,1.233789614764936,0.04957560397355953,True,-7.940933880509066e-17
A87_ratio10,40.0,38.59375,0.1568591619293627,1.3153930175699806,0.05307474656184996,True,-1.5881867761018131e-16
A87_ratio10,40.0,40.078125,0.1851755121809716,1.387725087354185,0.05615397213606964,True,-1.3234889800848443e-16
A87_ratio10,40.0,41.5625,0.20854759748179857,1.4474017774137653,0.058693559405195106,True,-5.293955920339377e-17
A87_ratio10,40.0,43.046875,0.2257524564116332,1.4896816405843156,0.0604894463641681,True,-5.293955920339377e-17
A87_ratio10,40.0,44.53125,0.23571880003764945,1.5123112332892044,0.061447249258887296,True,7.940933880509066e-17
A87_ratio10,40.0,46.015625,0.2377095568385027,1.5121909872779098,0.061445562930483935,True,-7.940933880509066e-17
A87_ratio10,40.0,47.5,0.23124760198513075,1.488726536960191,0.060444279101193966,True,-1.3234889800848443e-16
A87_ratio10,40.0,48.984375,0.21621406017701833,1.4405396148906153,0.058407222428259596,True,-3.1763735522036263e-16
A87_ratio10,40.0,50.46875000000001,0.19279731091567268,1.3690029482562356,0.05536016821608359,True,-1.0587911840678754e-16
A87_ratio10,40.0,51.95312500000001,0.16152874235927747,1.274267881033389,0.05134792318884294,True,-2.6469779601696886e-17
A87_ratio10,40.0,53.43750000000001,0.12324053052287011,1.1597659331168848,0.04645546535605946,True,1.3234889800848443e-17
A87_ratio10,40.0,54.92187500000001,0.07904936934827501,1.0264726991239548,0.040790025017134364,True,-2.6469779601696886e-17
A87_ratio10,40.0,56.40625000000001,0.030331617513695924,0.8799066680966486,0.03445995235028563,True,1.0587911840678754e-16
A87_ratio10,40.0,57.89062500000001,-0.02133829989535866,0.7199921182819776,0.027580298137660626,True,-2.6469779601696886e-17
A87_ratio10,40.0,59.37500000000001,-0.07410019209809059,0.5555055146465732,0.020121215093143,True,2.9116757561866574e-16
A87_ratio10,40.0,60.859375,-0.1258729269016452,0.3856771597065377,0.011903454126367575,True,1.3234889800848443e-16
A87_ratio10,40.0,62.34375000000001,-0.17458727923625453,0.22849392930205414,0.0027591180248073602,True,2.6469779601696886e-17
A87_ratio10,40.0,63.828125,-0.22572636321688105,0.0,0.0,True,0.0071077612374208935
A87_ratio10,40.0,65.31250000000001,-0.2739773724652128,0.0,0.0,True,0.028086608084989976
A87_ratio10,40.0,66.796875,-0.3151003481124199,0.0,0.0,True,0.05134097213615913
A87_ratio10,40.0,68.28125000000001,-0.3478763230824085,0.0,0.0,False,0.07227568132812495
A87_ratio10,40.0,69.765625,-0.37139417772623734,0.0,0.0,False,0.08877369331874858
A87_ratio10,40.0,71.25,-0.38508481421031204,0.0,0.0,False,0.09930323547940284
A87_ratio10,40.0,72.734375,-0.38874222035322265,0.0,0.0,False,0.10316427395021927
A87_ratio10,40.0,74.21875,-0.38253061538218125,0.0,0.0,True,0.10015949001421265
A87_ratio10,40.0,75.703125,-0.3669774048594729,0.0,0.0,True,0.09067612920652733
A87_ratio10,40.0,77.1875,-0.34295221728594866,0.0,0.0,True,0.07561423233868504
A87_ratio10,40.0,78.671875,-0.31163282966864386,0.0,0.0,True,0.056369058261041625
A87_ratio10,40.0,80.15625,-0.27445929309203665,0.0,0.0,True,0.03497868060387405
A87_ratio10,40.0,81.64062500000001,-0.23307802269856806,0.0,0.0,True,0.014275261445839531
A87_ratio10,40.0,83.125,-0.18945153604358148,0.05720397029437627,0.00017353400208443658,True,2.6469779601696886e-17
A87_ratio10,40.0,84.60937500000001,-0.15010236260145857,0.2776288577932666,0.005180807896060373,True,-1.3234889800848443e-16
A87_ratio10,40.0,86.09375,-0.1136844289809841,0.37112674986432204,0.01181208422552875,True,-1.3234889800848443e-16
A87_ratio10,40.0,87.57812500000001,-0.0791088819824905,0.4820628204835818,0.01718550802508009,True,7.940933880509066e-17
A87_ratio10,40.0,89.0625,-0.04819523755660223,0.5757801222401759,0.021467493838755992,True,1.3234889800848443e-17
A87_ratio10,40.0,90.54687500000001,-0.022600038397187477,0.6531910572912386,0.024865195067953257,True,-2.6469779601696886e-17
A87_ratio10,40.0,92.03125,-0.0034573180983050403,0.7094439206246254,0.02732290064440229,True,3.970466940254533e-17
A87_ratio10,40.0,93.51562500000001,0.008357009000629015,0.7443914601877725,0.028832328135210222,True,9.26442286059391e-17
A87_ratio10,40.0,95.0,0.01236076305550392,0.7558627510805703,0.02933111803082082,True,5.293955920339377e-17
A87_ratio10,40.0,96.484375,0.008357239478772642,0.7443826276119948,0.028832097657066638,True,1.4558378780933287e-16
A87_ratio10,40.0,97.96875,-0.0034567520425084174,0.7094233172283717,0.027322334588605574,True,5.293955920339377e-17
A87_ratio10,40.0,99.453125,-0.022599275793399907,0.653162947673501,0.02486443246416583,True,0.0
A87_ratio10,40.0,100.93750000000001,-0.048193939362009344,0.5757338214725121,0.021466195644163286,True,-1.3234889800848443e-16
A87_ratio10,40.0,102.421875,-0.07910724567426103,0.48200997670431206,0.017183871716850773,True,-7.940933880509066e-17
A87_ratio10,40.0,103.90625000000001,-0.11368168089136192,0.37103759019176596,0.011809336135906704,True,2.6469779601696886e-17
A87_ratio10,40.0,105.390625,-0.15009797823349433,0.27757877750913523,0.005176423528096323,True,-5.293955920339377e-17
A87_ratio10,40.0,106.87500000000001,-0.18944972481136016,0.056882041275753845,0.0001717227698633406,True,2.1175823681357508e-16
A87_ratio10,40.0,108.359375,-0.23307802269856784,0.0,0.0,True,0.014296769976846539
A87_ratio10,40.0,109.84375000000001,-0.2744592930920364,0.0,0.0,True,0.03501365960844625
A87_ratio10,40.0,111.328125,-0.31163282966864403,0.0,0.0,True,0.05641248799011313
A87_ratio10,40.0,112.81250000000001,-0.3429522172859485,0.0,0.0,True,0.07566679149675602
A87_ratio10,40.0,114.296875,-0.36697740485947256,0.0,0.0,True,0.09073491721143183
A87_ratio10,40.0,115.78125000000001,-0.38253061538218114,0.0,0.0,False,0.10022583330943455
A87_ratio10,40.0,117.265625,-0.38874222035322265,0.0,0.0,False,0.1032348874699072
A87_ratio10,40.0,118.75000000000001,-0.3850848142103122,0.0,0.0,False,0.09937965578368892
A87_ratio10,40.0,120.234375,-0.37139417772623745,0.0,0.0,False,0.08885146828323558
A87_ratio10,40.0,121.71875,-0.34787632308240857,0.0,0.0,True,0.072356164161866
A87_ratio10,40.0,123.203125,-0.31510034811242044,0.0,0.0,True,0.051417294132541966
A87_ratio10,40.0,124.68750000000001,-0.2739773724652127,0.0,0.0,True,0.028158758863188676
A87_ratio10,40.0,126.17187500000001,-0.22572636321688136,0.0,0.0,True,0.007160316668909278
A87_ratio10,40.0,127.65625,-0.1745722026744339,0.2277726498891586,0.00274404146298647,True,-3.705769144237564e-16
A87_ratio10,40.0,129.140625,-0.12586138789885148,0.3852718744530205,0.0118919151235731,True,1.3234889800848443e-16
A87_ratio10,40.0,130.62500000000003,-0.07408696983572803,0.5550449679375441,0.020107992830780665,True,5.293955920339377e-17
A87_ratio10,40.0,132.109375,-0.021328426841106092,0.7195738571627942,0.02757042508340799,True,1.3234889800848443e-17
A87_ratio10,40.0,133.59375,0.03034524232029521,0.8794330985759159,0.03444632754368632,True,3.3087224502121107e-16
A87_ratio10,40.0,135.078125,0.07905916227753566,1.026040531673771,0.040780232087872445,True,-1.5881867761018131e-16
A87_ratio10,40.0,136.56250000000003,0.12325514477239849,1.1592731830284948,0.04644085110653153,True,-1.1911400820763599e-16
A87_ratio10,40.0,138.046875,0.16153769159598594,1.273849007270185,0.05133897395213497,True,1.3234889800848443e-16
A87_ratio10,40.0,139.53125,0.192812140841011,1.3685324341670628,0.05534533829074473,True,5.293955920339377e-17
A87_ratio10,40.0,141.015625,0.21621990640933145,1.4402110009676439,0.058401376195946486,True,1.5881867761018131e-16
A87_ratio10,40.0,142.5,0.23126057229418615,1.488375691881637,0.060431308792138344,True,1.5881867761018131e-16
A87_ratio10,40.0,143.98437500000003,0.23770773026427844,1.512108396781275,0.06144738950470834,True,-2.1175823681357508e-16
A87_ratio10,40.0,145.46875,0.23572572293711486,1.5122726016573929,0.061440326359421836,True,2.6469779601696886e-17
A87_ratio10,40.0,146.953125,0.22573401065758084,1.4901485803006769,0.06050789211822099,True,7.940933880509066e-17
A87_ratio10,40.0,148.4375,0.2085402141507299,1.4480563644966977,0.05870094273626406,True,7.940933880509066e-17
A87_ratio10,40.0,149.92187500000003,0.1851218652476588,1.389366367544604,0.0562076190693825,True,3.705769144237564e-16
A87_ratio10,40.0,151.40625,0.15681979610365243,1.3175666076199504,0.05311411238756058,True,-1.3234889800848443e-16
A87_ratio10,40.0,152.890625,0.1249780644225154,1.2380811704127717,0.049708860515896736,True,-1.4558378780933287e-16
A87_ratio10,40.0,154.375,0.09129809578040303,1.1550974441882755,0.04606464339719468,True,3.970466940254533e-16
A87_ratio10,40.0,155.85937500000003,0.05717426144164114,1.0770604134479351,0.04263381249822133,True,-5.293955920339377e-17
A87_ratio10,40.0,157.34375,0.02448574223153372,1.0092310791164778,0.03938446497001805,True,1.1911400820763599e-16
A87_ratio10,40.0,158.828125,-0.006030075494711561,0.9716467939492904,0.03735508437444133,True,1.3234889800848443e-16
A87_ratio10,40.0,160.3125,-0.0325577674402056,0.9878362087752466,0.036365511484794215,True,1.9852334701272664e-16
A87_ratio10,40.0,161.79687500000003,-0.06287162857128704,1.2324668718513625,0.04562093270508399,True,-1.9852334701272664e-16
A87_ratio10,40.0,163.28125000000003,-0.13840299214373455,0.14079770378166354,0.10772331114314905,False,3.970466940254533e-16
A87_ratio10,40.0,164.765625,-0.165258598277709,0.1526646774638048,0.12964389797498077,False,3.441071348220595e-16
A87_ratio10,40.0,166.25,-0.16290521611334108,0.1538948394041058,0.13137379249630265,False,-2.3822801641527197e-16
A87_ratio10,40.0,167.734375,-0.13023871349536142,0.14485473519632336,0.11197205581961789,False,1.7205356741102976e-16
A87_ratio10,40.0,169.21875000000003,-0.0452479233604552,1.3152483922047244,0.04922253465964265,True,-2.6469779601696886e-16
A87_ratio10,40.0,170.703125,-0.00630363448515087,1.0957737125534774,0.04092999536600064,True,1.1911400820763599e-16
A87_ratio10,40.0,172.1875,0.02942010273745873,1.1122616248963055,0.043362486127864655,True,0.0
A87_ratio10,40.0,173.671875,0.07027935569063684,1.1864420384226373,0.04695211964085433,True,3.441071348220595e-16
A87_ratio10,40.0,175.15625000000003,0.11456180674071433,1.2948804644421947,0.051939532341427286,True,-2.9116757561866574e-16
A87_ratio10,40.0,176.640625,0.1616620310336454,1.417117881961157,0.057254592829507525,True,5.293955920339377e-17
A87_ratio10,40.0,178.125,0.20971597367584677,1.548244629325678,0.062945790538299,True,0.0
A87_ratio10,40.0,179.609375,0.25730250667001103,1.6793183106695426,0.06854797121610098,True,2.9116757561866574e-16
A87_ratio10,40.0,181.09375000000003,0.30262227964415434,1.806181285165985,0.07397554346649485,True,-5.823351512373315e-16
A87_ratio10,40.0,182.57812500000003,0.34416660306151065,1.9226095483471966,0.07892564957835033,True,1.0587911840678754e-16
A87_ratio10,40.0,184.0625,0.3803877784883567,2.0248565367509577,0.08327711799541294,True,-2.1175823681357508e-16
A87_ratio10,40.0,185.546875,0.41002878789136765,2.1084561012074716,0.08682462376178836,True,0.0
A87_ratio10,40.0,187.03125000000003,0.43199268030533855,2.170665873377475,0.08946526557685727,True,-7.411538288475128e-16
A87_ratio10,40.0,188.51562500000003,0.44550038389809854,2.2088876803093416,0.09108668134032723,True,5.293955920339377e-16
A87_ratio10,160.0,0.0,0.3192503400403015,1.838020161034528,0.33441479199112323,True,0.0
A87_ratio10,160.0,1.484375,0.31596435048519994,1.8292700989290778,0.33259596569832517,True,5.293955920339377e-17
A87_ratio10,160.0,2.96875,0.30627545576317117,1.8029429216960318,0.32715574106412454,True,7.940933880509066e-17
A87_ratio10,160.0,4.453125,0.2904964388629495,1.7601471762367806,0.3183302237353069,True,7.940933880509066e-17
A87_ratio10,160.0,5.9375,0.2692006032647844,1.7027423129687889,0.3064375441640848,True,1.852884572118782e-16
A87_ratio10,160.0,7.421875000000001,0.24306505049547114,1.6331629688523353,0.2920004530894904,True,1.3234889800848443e-16
A87_ratio10,160.0,8.90625,0.21301879680271987,1.5546700129005924,0.2755522772530297,True,-5.293955920339377e-17
A87_ratio10,160.0,10.390625,0.17992897400188806,1.470908836654578,0.25789475482932417,True,-2.6469779601696886e-17
A87_ratio10,160.0,11.875,0.1448964697456511,1.3866659954594511,0.23973854541359535,True,0.0
A87_ratio10,160.0,13.359375000000002,0.10860693974588824,1.306970404836676,0.2222829350623655,True,-7.940933880509066e-17
A87_ratio10,160.0,14.843750000000002,0.07193013848354932,1.2390683645351626,0.20654445154369183,True,1.852884572118782e-16
A87_ratio10,160.0,16.328125000000004,0.03416469029905507,1.189372028226011,0.1950400359775371,True,-5.293955920339377e-17
A87_ratio10,160.0,17.8125,-0.005745533021954701,1.164136500829763,0.19050137283237903,True,-1.0587911840678754e-16
A87_ratio10,160.0,19.296875,-0.05813634599089471,1.1331114941948188,0.2047359578168446,True,-2.6469779601696886e-17
A87_ratio10,160.0,20.78125,-0.14283697030011278,0.10271210860430059,0.25878483254440005,False,5.293955920339377e-17
A87_ratio10,160.0,22.265625,-0.17805489271246439,0.09773812623836708,0.2717614859818214,False,-2.6469779601696886e-17
A87_ratio10,160.0,23.75,-0.18386364276290615,0.09581088931437122,0.264305470090968,False,7.940933880509066e-17
A87_ratio10,160.0,25.234375000000004,-0.16173535797261998,0.0964151216665617,0.23809390861499186,False,0.0
A87_ratio10,160.0,26.718750000000004,-0.09512420376383707,1.0081040640060488,0.1764177737083516,True,1.3234889800848443e-16
A87_ratio10,160.0,28.203125000000004,-0.05882814258037717,0.9882428213787996,0.15355069765927398,True,7.940933880509066e-17
A87_ratio10,160.0,29.687500000000004,-0.03333562875586653,0.9691960610824898,0.14911662374555507,True,0.0
A87_ratio10,160.0,31.171875000000004,-0.008783592686928484,0.9776549351907089,0.15208185251175813,True,2.6469779601696886e-17
A87_ratio10,160.0,32.65625000000001,0.016014042989163587,1.0076470983214747,0.15982941515748836,True,2.6469779601696886e-17
A87_ratio10,160.0,34.14062500000001,0.0417419054427417,1.052964202167515,0.17003941944222184,True,-2.6469779601696886e-17
A87_ratio10,160.0,35.625,0.06761820393306757,1.1066422490229606,0.18171778618962967,True,-1.3234889800848443e-16
A87_ratio10,160.0,37.109375,0.09293551763749362,1.1638319707878941,0.19372465824601806,True,-2.6469779601696886e-17
A87_ratio10,160.0,38.59375,0.11658545870345483,1.2196038475984157,0.20532170073285783,True,1.3234889800848443e-16
A87_ratio10,160.0,40.078125,0.1376136765779294,1.270289597608191,0.21568905868421195,True,1.852884572118782e-16
A87_ratio10,160.0,41.5625,0.15499261034293904,1.312135109786553,0.22422179748915472,True,2.6469779601696886e-17
A87_ratio10,160.0,43.046875,0.16789403476689155,1.3425119531153051,0.2303211189540098,True,2.1175823681357508e-16
A87_ratio10,160.0,44.53125,0.17557694292609596,1.358784586329155,0.23356235731554106,True,1.0587911840678754e-16
A87_ratio10,160.0,46.015625,0.1775371971021052,1.3595564091470942,0.23359117361198145,True,-2.6469779601696886e-17
A87_ratio10,160.0,47.5,0.17344765687628544,1.3434436206124991,0.2302174751551394,True,-1.3234889800848443e-16
A87_ratio10,160.0,48.984375,0.16323546841557798,1.3104753652593488,0.22335906513479986,True,2.6469779601696886e-17
A87_ratio10,160.0,50.46875000000001,0.14704530586112144,1.2605782770592007,0.21308542421573506,True,5.293955920339377e-17
A87_ratio10,160.0,51.95312500000001,0.12526406761921868,1.195291630651603,0.1995858488740018,True,5.293955920339377e-17
A87_ratio10,160.0,53.43750000000001,0.09849579475525808,1.1157576055354506,0.1831734520687715,True,5.293955920339377e-17
A87_ratio10,160.0,54.92187500000001,0.06754255224476167,1.0250364591914907,0.16427009306574775,True,7.940933880509066e-17
A87_ratio10,160.0,56.40625000000001,0.03339077591607673,0.9253138998599801,0.14337404489300498,True,1.5881867761018131e-16
A87_ratio10,160.0,57.89062500000001,-0.0028539077869050035,0.821458028895143,0.12106915697430713,True,5.293955920339377e-17
A87_ratio10,160.0,59.37500000000001,-0.03997962126401566,0.7168959365070602,0.09797389520416798,True,1.3234889800848443e-16
A87_ratio10,160.0,60.859375,-0.07687796363607836,0.6190181495309471,0.07488174180590093,True,1.5881867761018131e-16
A87_ratio10,160.0,62.34375000000001,-0.11271354465417276,0.5276659025838109,0.052858634387825475,True,2.9116757561866574e-16
A87_ratio10,160.0,63.828125,-0.14725995789981083,0.4425606945488522,0.03350684562802987,True,-5.293955920339377e-17
A87_ratio10,160.0,65.31250000000001,-0.18019373314566692,0.35115123630294526,0.018189611625554165,True,-2.1175823681357508e-16
A87_ratio10,160.0,66.796875,-0.21140341833910326,0.2884594504641435,0.008276321171783193,True,-3.1763735522036263e-16
A87_ratio10,160.0,68.28125000000001,-0.24434802926636928,0.041427499101607895,0.00844495712906082,False,1.852884572118782e-16
A87_ratio10,160.0,69.765625,-0.26258412654494556,0.04288309669726045,0.003163199763808313,False,2.6469779601696886e-17
A87_ratio10,160.0,71.25,-0.27312787764005086,0.002039296854864314,1.631437483890895e-05,False,0.0
A87_ratio10,160.0,72.734375,-0.27676896940812257,0.0,0.0,False,0.0013932418086016517
A87_ratio10,160.0,74.21875,-0.27055736443708117,0.0,0.0,True,0.0007582387589245824
A87_ratio10,160.0,75.703125,-0.25522796467008557,0.051917456954362694,0.0002238107557128323,True,2.6469779601696886e-17
A87_ratio10,160.0,77.1875,-0.23302608029505215,0.13996436369614568,0.002047113954203571,True,5.293955920339377e-17
A87_ratio10,160.0,78.671875,-0.20638982879606455,0.23071572477775223,0.006730250072520896,True,-5.293955920339377e-17
A87_ratio10,160.0,80.15625,-0.17737268876088552,0.31832680970783317,0.014886646613948914,True,2.6469779601696886e-17
A87_ratio10,160.0,81.64062500000001,-0.1475564823347286,0.39972514768847195,0.02645171058126071,True,1.5881867761018131e-16
A87_ratio10,160.0,83.125,-0.1180202237635811,0.4731280144758092,0.04071547266718418,True,5.293955920339377e-17
A87_ratio10,160.0,84.60937500000001,-0.08947281147099585,0.541051070562506,0.05652450771069772,True,-7.940933880509066e-17
A87_ratio10,160.0,86.09375,-0.06240513676912331,0.6061268421545083,0.07250604295876803,True,-2.6469779601696886e-17
A87_ratio10,160.0,87.57812500000001,-0.03742189081578082,0.6698856656377722,0.0874717678034705,True,1.3234889800848443e-16
A87_ratio10,160.0,89.0625,-0.015357640246261663,0.7285759592133885,0.10060314747351548,True,-3.441071348220595e-16
A87_ratio10,160.0,90.54687500000001,0.0028760543912323315,0.7783640973075058,0.1113623532246336,True,5.293955920339377e-17
A87_ratio10,160.0,92.03125,0.01649742706871206,0.8158456785624921,0.11934140642248516,True,-1.3234889800848443e-16
A87_ratio10,160.0,93.51562500000001,0.024911579787387575,0.8392189824774434,0.1242510082935517,True,5.293955920339377e-17
A87_ratio10,160.0,95.0,0.027758823290802977,0.847083620455216,0.12590630874062184,True,2.3822801641527197e-16
A87_ratio10,160.0,96.484375,0.02491321861539432,0.8392336303930712,0.12424936946554496,True,-7.940933880509066e-17
A87_ratio10,160.0,97.96875,0.016500427650911344,0.8159053785015739,0.11933840584028588,True,-2.3822801641527197e-16
A87_ratio10,160.0,99.453125,0.0028813026532015754,0.7783988716616194,0.11135710496266443,True,2.3822801641527197e-16
A87_ratio10,160.0,100.93750000000001,-0.015351003300839184,0.7286819432885948,0.1005965105280931,True,-1.3234889800848443e-16
A87_ratio10,160.0,102.421875,-0.03741188854681097,0.6699102144678258,0.087461765534501,True,0.0
A87_ratio10,160.0,103.90625000000001,-0.06239335740552607,0.6062495285657065,0.07249426359517103,True,-4.499862532288471e-16
A87_ratio10,160.0,105.390625,-0.08945594143342671,0.5410025679617912,0.05650763767312874,True,-2.6469779601696886e-17
A87_ratio10,160.0,106.87500000000001,-0.11800153390395782,0.4732022294489569,0.04069678280756107,True,2.6469779601696886e-17
A87_ratio10,160.0,108.359375,-0.14753142019910506,0.3994363057163664,0.02642664844563733,True,2.6469779601696886e-17
A87_ratio10,160.0,109.84375000000001,-0.177347670000878,0.31814731817026737,0.014861627853941626,True,0.0
A87_ratio10,160.0,111.328125,-0.20635633464071065,0.22962620931014202,0.006696755917166698,True,1.3234889800848443e-16
A87_ratio10,160.0,112.81250000000001,-0.23298834439702135,0.13905185924614488,0.002009378056173071,True,2.6469779601696886e-16
A87_ratio10,160.0,114.296875,-0.25518807088154444,0.04596531132211835,0.00018391696717199926,True,-7.940933880509066e-17
A87_ratio10,160.0,115.78125000000001,-0.27055736443708106,0.0,0.0,False,0.0012208849823711677
A87_ratio10,160.0,117.265625,-0.27676896940812257,0.0,0.0,False,0.0023019151075228906
A87_ratio10,160.0,118.75000000000001,-0.2731115632652121,0.0,0.0,False,0.0011344363230757655
A87_ratio10,160.0,120.234375,-0.2604130873978728,0.024953013064600765,0.0009921606167354125,False,2.1175823681357508e-16
A87_ratio10,160.0,121.71875,-0.23801163353319554,0.15004570702766895,0.0021085613958870173,True,7.940933880509066e-17
A87_ratio10,160.0,123.203125,-0.21082312884041438,0.24528508101197957,0.0076960316730940136,True,-2.3822801641527197e-16
A87_ratio10,160.0,124.68750000000001,-0.18008656215848493,0.34542327598188016,0.018082440638372558,True,-2.9116757561866574e-16
A87_ratio10,160.0,126.17187500000001,-0.1471368667358532,0.4374795058572762,0.03338375446407171,True,2.6469779601696886e-16
A87_ratio10,160.0,127.65625,-0.11263189507841102,0.5263129661882346,0.05277698481206358,True,-5.029258124322408e-16
A87_ratio10,160.0,129.140625,-0.07678653519787168,0.6172801787950009,0.07479031336769325,True,-7.940933880509066e-17
A87_ratio10,160.0,130.62500000000003,-0.039898659814789884,0.7163181277797122,0.09789293375494279,True,-2.6469779601696886e-17
A87_ratio10,160.0,132.109375,-0.002767393804059482,0.8205639729861111,0.12098264299146155,True,1.0587911840678754e-16
A87_ratio10,160.0,133.59375,0.03347559760765979,0.924949335422497,0.14328922320142168,True,3.1763735522036263e-16
A87_ratio10,160.0,135.078125,0.06762907453387595,1.0244457997748715,0.16418357077663226,True,-7.940933880509066e-17
A87_ratio10,160.0,136.56250000000003,0.09858228515230752,1.115477017467615,0.18308696167172264,True,-1.0587911840678754e-16
A87_ratio10,160.0,138.046875,0.1253456645587675,1.1948746623405957,0.19950425193445342,True,1.852884572118782e-16
A87_ratio10,160.0,139.53125,0.1471234919987177,1.2604160316478537,0.2130072380781381,True,-3.441071348220595e-16
A87_ratio10,160.0,141.015625,0.16329700361893884,1.3102929244990702,0.22329752993143925,True,1.5881867761018131e-16
A87_ratio10,160.0,142.5,0.17349621778943658,1.3435732058362508,0.23016891424198793,True,7.940933880509066e-17
A87_ratio10,160.0,143.98437500000003,0.17754798535035404,1.359844389174674,0.23358038536373263,True,-1.852884572118782e-16
A87_ratio10,160.0,145.46875,0.17555497244604296,1.3595712198837073,0.2335843277955938,True,3.970466940254533e-16
A87_ratio10,160.0,146.953125,0.16779505470679143,1.3437624829118524,0.23042009901411056,True,3.1763735522036263e-16
A87_ratio10,160.0,148.4375,0.15482078691921602,1.3142862269165538,0.2243936209128779,True,-2.1175823681357508e-16
A87_ratio10,160.0,149.92187500000003,0.1372859999601141,1.2734828927609352,0.2160167353020273,True,-2.1175823681357508e-16
A87_ratio10,160.0,151.40625,0.1160963900042524,1.2245562260014469,0.20581076943206067,True,2.6469779601696886e-16
A87_ratio10,160.0,152.890625,0.09210873960356318,1.1710636119992728,0.1945514362799491,True,-3.441071348220595e-16
A87_ratio10,160.0,154.375,0.06639818642720961,1.1176435990395222,0.18293780369548823,True,2.6469779601696886e-17
A87_ratio10,160.0,155.85937500000003,0.03966585417972298,1.0692507555002404,0.17211547070523972,True,2.6469779601696886e-17
A87_ratio10,160.0,157.34375,0.01276257823540443,1.0328275750860052,0.16308087991124737,True,1.5881867761018131e-16
A87_ratio10,160.0,158.828125,-0.014905728587857893,1.0149342104002113,0.15820398841268776,True,3.705769144237564e-16
A87_ratio10,160.0,160.3125,-0.04433382034035543,1.0219153925516349,0.16011481533004407,True,-2.6469779601696886e-17
A87_ratio10,160.0,161.79687500000003,-0.0852049339239276,1.0284872960114604,0.1799274890028247,True,2.6469779601696886e-16
A87_ratio10,160.0,163.28125000000003,-0.1567812436252735,0.09727696173817403,0.23807481356978819,False,7.940933880509066e-17
A87_ratio10,160.0,164.765625,-0.18331688462807974,0.095491179946232,0.2596754352704515,False,-2.6469779601696886e-17
A87_ratio10,160.0,166.25,-0.1820030328407312,0.09609092014738506,0.26244486016879287,False,2.1175823681357508e-16
A87_ratio10,160.0,167.734375,-0.1521723685932684,0.09939113885218845,0.2458789618626249,False,7.940933880509066e-17
A87_ratio10,160.0,169.21875000000003,-0.07504361610183975,1.0743845942278036,0.19099147834612734,True,-1.5881867761018131e-16
A87_ratio10,160.0,170.703125,-0.028579157336537805,1.0899056670840663,0.17517876916248765,True,7.940933880509066e-17
A87_ratio10,160.0,172.1875,0.006819468677313836,1.1049804662189258,0.17793637113310962,True,0.0
A87_ratio10,160.0,173.671875,0.0412111388885257,1.1471466591220552,0.18799358738806554,True,7.940933880509066e-17
A87_ratio10,160.0,175.15625000000003,0.0757160853644772,1.2103123772864472,0.2027585046627645,True,-7.940933880509066e-17
A87_ratio10,160.0,176.640625,0.11103533429813076,1.2882596054330588,0.21985454051012226,True,6.88214269644119e-16
A87_ratio10,160.0,178.125,0.146342283823239,1.3739664647441086,0.23829273133600692,True,6.352747104407253e-16
A87_ratio10,160.0,179.609375,0.18091998401148618,1.4624648382078391,0.25690374481972594,True,-3.1763735522036263e-16
A87_ratio10,160.0,181.09375000000003,0.21362743025445857,1.5488506286195642,0.27494364380129077,True,1.852884572118782e-16
A87_ratio10,160.0,182.57812500000003,0.24349089468223006,1.629282618191576,0.291574608902731,True,2.6469779601696886e-17
A87_ratio10,160.0,184.0625,0.2694569219705948,1.70010475175937,0.30618122545827475,True,1.852884572118782e-16
A87_ratio10,160.0,185.546875,0.2906704767563538,1.758469728476995,0.3181561858419021,True,5.293955920339377e-17
A87_ratio10,160.0,187.03125000000003,0.3063684244647194,1.8019244256838243,0.3270627723625763,True,-2.6469779601696886e-16
A87_ratio10,160.0,188.51562500000003,0.3160109630095436,1.8288037854452084,0.33254935317398254,True,-2.1175823681357508e-16
A50_ratio1,0.0,0.0,0.5,2.3623837608327865,0.0,True,-2.779326858178173e-16
A50_ratio1,0.0,1.484375,0.49489518415210065,2.347822283303895,0.0,True,-2.779326858178173e-16
A50_ratio1,0.0,2.96875,0.47976606479587086,2.3047489839948527,0.0,True,-1.7205356741102976e-16
A50_ratio1,0.0,4.453125,0.45516153056683156,2.2346206546766165,0.0,True,-4.367513634279986e-16
A50_ratio1,0.0,5.9375,0.42197301539744453,2.1400382472638975,0.0,True,-1.3234889800848443e-17
A50_ratio1,0.0,7.421875000000001,0.3814003715535366,2.0242912832843243,0.0,True,9.26442286059391e-17
A50_ratio1,0.0,8.90625,0.3349059420243247,1.8915912097008296,0.0,True,9.26442286059391e-17
A50_ratio1,0.0,10.390625,0.2841585967997873,1.7465473835015626,0.0,True,2.514629062161204e-16
A50_ratio1,0.0,11.875,0.23096988312782177,1.5943591494621463,0.0,False,1.3234889800848443e-17
A50_ratio1,0.0,13.359375000000002,0.17722474277682881,1.4402429623484325,0.0,False,-1.3234889800848443e-17
A50_ratio1,0.0,14.843750000000002,0.12480945799581636,1.2896151854553501,0.0,False,-3.970466940254533e-17
A50_ratio1,0.0,16.328125000000004,0.07553959424516744,1.1474950268751485,0.0,False,-9.26442286059391e-17
A50_ratio1,0.0,17.8125,0.031090707778999593,1.018714295372429,0.0,False,-5.293955920339377e-17
A50_ratio1,0.0,19.296875,-0.007065520205475,0.9073211127993922,0.0,False,7.940933880509066e-17
A50_ratio1,0.0,20.78125,-0.037717269787137415,0.8168527608240855,0.0,False,1.1911400820763599e-16
A50_ratio1,0.0,22.265625,-0.059958538762067796,0.7497602939495953,0.0,False,-1.3234889800848443e-17
A50_ratio1,0.0,23.75,-0.07322330470336304,0.7077764899762384,0.0,False,-1.3234889800848443e-17
A50_ratio1,0.0,25.234375000000004,-0.07730658138905301,0.691371875925033,0.0,False,1.0587911840678754e-16
A50_ratio1,0.0,26.718750000000004,-0.0723715620869103,0.7002427585004884,0.0,False,-6.617444900424221e-17
A50_ratio1,0.0,28.203125000000004,-0.05894257695252797,0.7327956513988102,0.0,False,3.970466940254533e-17
A50_ratio1,0.0,29.687500000000004,-0.03788413704173633,0.7867722227447342,0.0,False,-1.3234889800848443e-17
A50_ratio1,0.0,31.171875000000004,-0.010366872206595113,0.8587427849842102,0.0,False,-6.617444900424221e-17
A50_ratio1,0.0,32.65625000000001,0.022178326115227045,0.94487818783235,0.0,False,-6.617444900424221e-17
A50_ratio1,0.0,34.14062500000001,0.05811619285353858,1.0404148273515614,0.0,False,-1.4558378780933287e-16
A50_ratio1,0.0,35.625,0.09567085809127227,1.140581072404088,0.0,True,-2.6469779601696886e-17
A50_ratio1,0.0,37.109375,0.13299504385208694,1.2399762549976618,0.0,True,-3.970466940254533e-17
A50_ratio1,0.0,38.59375,0.16824202740488794,1.3336650431918224,0.0,True,1.4558378780933287e-16
A50_ratio1,0.0,40.078125,0.1996376032307165,1.4163892230078148,0.0,True,-9.26442286059391e-17
A50_ratio1,0.0,41.5625,0.22554927580066894,1.4838632614500449,0.0,True,-1.3234889800848443e-17
A50_ratio1,0.0,43.046875,0.24455002168947665,1.531704274352919,0.0,True,3.970466940254533e-17
A50_ratio1,0.0,44.53125,0.2554741682102118,1.5570063496281563,0.0,True,-6.617444900424221e-17
A50_ratio1,0.0,46.015625,0.2574632386826621,1.5568148316547674,0.0,True,9.26442286059391e-17
A50_ratio1,0.0,47.5,0.25000000000000006,1.5301496177737117,0.0,True,3.970466940254533e-17
A50_ratio1,0.0,48.984375,0.23292940151895314,1.475721249630396,0.0,True,1.4558378780933287e-16
A50_ratio1,0.0,50.46875000000001,0.20646559804543152,1.3947796573656237,0.0,True,3.970466940254533e-17
A50_ratio1,0.0,51.95312500000001,0.1711847844617958,1.287435016452515,0.0,True,1.4558378780933287e-16
A50_ratio1,0.0,53.43750000000001,0.1280041147926049,1.157246490600388,0.0,True,-1.3234889800848443e-17
A50_ratio1,0.0,54.92187500000001,0.07814751327908463,1.0044134271661416,0.0,True,2.6469779601696886e-17
A50_ratio1,0.0,56.40625000000001,0.02309968877765684,0.8348500413394452,0.0,True,2.6469779601696886e-17
A50_ratio1,0.0,57.89062500000001,-0.03544988284402277,0.6430047381666633,0.0,True,-1.1911400820763599e-16
A50_ratio1,0.0,59.37500000000001,-0.09567085809127232,0.4381749517531529,0.0,False,6.617444900424221e-17
A50_ratio1,0.0,60.859375,-0.15566135386160224,0.11307435701081785,0.0,False,-1.9852334701272664e-16
A50_ratio1,0.0,62.34375000000001,-0.21352004229777188,0.0,0.0,False,0.014337942385639589
A50_ratio1,0.0,63.828125,-0.2674182443032058,0.0,0.0,False,0.04028213423276763
A50_ratio1,0.0,65.31250000000001,-0.3156692535515375,0.0,0.0,False,0.06934449708960143
A50_ratio1,0.0,66.796875,-0.35679222919874465,0.0,0.0,False,0.09741236519160099
A50_ratio1,0.0,68.28125000000001,-0.3895682041687332,0.0,0.0,False,0.12179076747964189
A50_ratio1,0.0,69.765625,-0.41308605881256205,0.0,0.0,False,0.14064967255788094
A50_ratio1,0.0,71.25,-0.42677669529663675,0.0,0.0,False,0.15273716876584026
A50_ratio1,0.0,72.734375,-0.4304341014395474,0.0,0.0,False,0.15740678309328385
A50_ratio1,0.0,74.21875,-0.42422249646850596,0.0,0.0,False,0.15449168570988425
A50_ratio1,0.0,75.703125,-0.4086692859457976,0.0,0.0,False,0.14435292243969963
A50_ratio1,0.0,77.1875,-0.38464409837227337,0.0,0.0,False,0.1277763684752683
A50_ratio1,0.0,78.671875,-0.3533247107549686,0.0,0.0,False,0.10602336880523713
A50_ratio1,0.0,80.15625,-0.31615117417836136,0.0,0.0,False,0.08072211561150637
A50_ratio1,0.0,81.64062500000001,-0.2747699037848928,0.0,0.0,False,0.05400255569048551
A50_ratio1,0.0,83.125,-0.23096988312782174,0.0,0.0,True,0.028404081207378796
A50_ratio1,0.0,84.60937500000001,-0.1866134357917229,0.0,0.0,True,0.007930116350994732
A50_ratio1,0.0,86.09375,-0.14356422584178014,0.15305872689184463,0.0,True,1.1911400820763599e-16
A50_ratio1,0.0,87.57812500000001,-0.10361525504373519,0.3591469770479233,0.0,True,1.9852334701272664e-16
A50_ratio1,0.0,89.0625,-0.06841962480417095,0.482747054154269,0.0,True,9.26442286059391e-17
A50_ratio1,0.0,90.54687500000001,-0.03942672441555893,0.5787482534609013,0.0,True,6.617444900424221e-17
A50_ratio1,0.0,92.03125,-0.017826298540227464,0.6465302053094443,0.0,True,1.1911400820763599e-16
A50_ratio1,0.0,93.51562500000001,-0.004502543950485486,0.6877910520589472,0.0,True,9.26442286059391e-17
A50_ratio1,0.0,95.0,2.274746684520826e-17,0.7014915975822982,0.0,True,3.970466940254533e-17
A50_ratio1,0.0,96.484375,-0.004502543950485433,0.6877910520589493,0.0,True,1.4558378780933287e-16
A50_ratio1,0.0,97.96875,-0.017826298540227544,0.6465302053094463,0.0,True,4.1028158382630173e-16
A50_ratio1,0.0,99.453125,-0.03942672441555879,0.5787482534608973,0.0,True,-1.7205356741102976e-16
A50_ratio1,0.0,100.93750000000001,-0.06841962480417077,0.48274705415426883,0.0,True,-3.970466940254533e-17
A50_ratio1,0.0,102.421875,-0.103615255043735,0.35914697704792803,0.0,True,3.5734202462290796e-16
A50_ratio1,0.0,103.90625000000001,-0.1435642258417799,0.15305872689184308,0.0,True,-1.3234889800848443e-17
A50_ratio1,0.0,105.390625,-0.18661343579172274,0.0,0.0,True,0.007930116350994627
A50_ratio1,0.0,106.87500000000001,-0.23096988312782155,0.0,0.0,False,0.028404081207378636
A50_ratio1,0.0,108.359375,-0.2747699037848926,0.0,0.0,False,0.0540025556904854
A50_ratio1,0.0,109.84375000000001,-0.31615117417836114,0.0,0.0,False,0.0807221156115062
A50_ratio1,0.0,111.328125,-0.35332471075496874,0.0,0.0,False,0.10602336880523734
A50_ratio1,0.0,112.81250000000001,-0.3846440983722732,0.0,0.0,False,0.12777636847526824
A50_ratio1,0.0,114.296875,-0.40866928594579727,0.0,0.0,False,0.14435292243969935
A50_ratio1,0.0,115.78125000000001,-0.42422249646850585,0.0,0.0,False,0.15449168570988425
A50_ratio1,0.0,117.265625,-0.4304341014395474,0.0,0.0,False,0.15740678309328385
A50_ratio1,0.0,118.75000000000001,-0.4267766952966369,0.0,0.0,False,0.15273716876584043
A50_ratio1,0.0,120.234375,-0.41308605881256216,0.0,0.0,False,0.140649672557881
A50_ratio1,0.0,121.71875,-0.38956820416873333,0.0,0.0,False,0.12179076747964189
A50_ratio1,0.0,123.203125,-0.35679222919874515,0.0,0.0,False,0.0974123651916014
A50_ratio1,0.0,124.68750000000001,-0.3156692535515374,0.0,0.0,False,0.06934449708960119
A50_ratio1,0.0,126.17187500000001,-0.2674182443032061,0.0,0.0,False,0.040282134232767816
A50_ratio1,0.0,127.65625,-0.21352004229777213,0.0,0.0,False,0.014337942385639589
A50_ratio1,0.0,129.140625,-0.1556613538616031,0.11307435701080588,0.0,False,9.26442286059391e-17
A50_ratio1,0.0,130.62500000000003,-0.09567085809127207,0.4381749517531674,0.0,True,1.852884572118782e-16
A50_ratio1,0.0,132.109375,-0.03544988284402279,0.6430047381666559,0.0,True,-2.3161057151484775e-16
A50_ratio1,0.0,133.59375,0.02309968877765681,0.8348500413394613,0.0,True,1.852884572118782e-16
A50_ratio1,0.0,135.078125,0.07814751327908341,1.0044134271661065,0.0,True,-1.1911400820763599e-16
A50_ratio1,0.0,136.56250000000003,0.12800411479260532,1.157246490600411,0.0,True,1.9852334701272664e-16
A50_ratio1,0.0,138.046875,0.17118478446179614,1.2874350164525215,0.0,True,1.1911400820763599e-16
A50_ratio1,0.0,139.53125,0.2064655980454311,1.3947796573656093,0.0,True,-1.9852334701272664e-16
A50_ratio1,0.0,141.015625,0.23292940151895314,1.4757212496304024,0.0,True,9.26442286059391e-17
A50_ratio1,0.0,142.5,0.24999999999999972,1.530149617773701,0.0,True,-6.617444900424221e-17
A50_ratio1,0.0,143.98437500000003,0.2574632386826621,1.5568148316547756,0.0,True,3.5734202462290796e-16
A50_ratio1,0.0,145.46875,0.2554741682102119,1.5570063496281537,0.0,True,-1.1911400820763599e-16
A50_ratio1,0.0,146.953125,0.24455002168947695,1.5317042743529183,0.0,True,-6.617444900424221e-17
A50_ratio1,0.0,148.4375,0.22554927580066936,1.4838632614500469,0.0,True,1.3234889800848443e-17
A50_ratio1,0.0,149.92187500000003,0.1996376032307166,1.4163892230078166,0.0,True,2.779326858178173e-16
A50_ratio1,0.0,151.40625,0.16824202740488825,1.3336650431918202,0.0,True,1.4558378780933287e-16
A50_ratio1,0.0,152.890625,0.13299504385208746,1.2399762549976672,0.0,True,1.9852334701272664e-16
A50_ratio1,0.0,154.375,0.09567085809127296,1.1405810724041043,0.0,False,9.26442286059391e-17
A50_ratio1,0.0,155.85937500000003,0.05811619285353774,1.0404148273515363,0.0,False,-5.293955920339377e-17
A50_ratio1,0.0,157.34375,0.022178326115227055,0.9448781878323563,0.0,False,1.7205356741102976e-16
A50_ratio1,0.0,158.828125,-0.010366872206594928,0.8587427849842157,0.0,False,2.514629062161204e-16
A50_ratio1,0.0,160.3125,-0.03788413704173609,0.7867722227447344,0.0,False,-1.3234889800848443e-17
A50_ratio1,0.0,161.79687500000003,-0.058942576952527755,0.7327956513988103,0.0,False,-9.26442286059391e-17
A50_ratio1,0.0,163.28125000000003,-0.0723715620869103,0.7002427585004897,0.0,False,-9.26442286059391e-17
A50_ratio1,0.0,164.765625,-0.07730658138905301,0.6913718759250277,0.0,False,-1.4558378780933287e-16
A50_ratio1,0.0,166.25,-0.07322330470336312,0.7077764899762444,0.0,False,6.617444900424221e-17
A50_ratio1,0.0,167.734375,-0.059958538762068296,0.7497602939495853,0.0,False,-2.6469779601696886e-17
A50_ratio1,0.0,169.21875000000003,-0.037717269787137256,0.8168527608240932,0.0,False,9.26442286059391e-17
A50_ratio1,0.0,170.703125,-0.007065520205474947,0.9073211127993971,0.0,False,-2.6469779601696886e-17
A50_ratio1,0.0,172.1875,0.031090707778998666,1.0187142953724202,0.0,False,-3.970466940254533e-17
A50_ratio1,0.0,173.671875,0.0755395942451665,1.1474950268751327,0.0,False,-9.26442286059391e-17
A50_ratio1,0.0,175.15625000000003,0.12480945799581691,1.2896151854553735,0.0,False,-1.7205356741102976e-16
A50_ratio1,0.0,176.640625,0.17722474277682823,1.4402429623484245,0.0,False,-6.617444900424221e-17
A50_ratio1,0.0,178.125,0.230969883127821,1.594359149462136,0.0,True,-1.4558378780933287e-16
A50_ratio1,0.0,179.609375,0.2841585967997873,1.7465473835015684,0.0,True,-1.7205356741102976e-16
A50_ratio1,0.0,181.09375000000003,0.3349059420243245,1.8915912097008218,0.0,True,-3.8381180422460484e-16
A50_ratio1,0.0,182.57812500000003,0.3814003715535363,2.0242912832843194,0.0,True,-6.617444900424221e-17
A50_ratio1,0.0,184.0625,0.4219730153974448,2.1400382472639143,0.0,True,3.970466940254533e-17
A50_ratio1,0.0,185.546875,0.4551615305668312,2.2346206546766036,0.0,True,-5.426304818347862e-16
A50_ratio1,0.0,187.03125000000003,0.479766064795871,2.304748983994854,0.0,True,-3.8381180422460484e-16
A50_ratio1,0.0,188.51562500000003,0.49489518415210065,2.3478222833039,0.0,True,-6.617444900424221e-17
A50_ratio1,40.0,0.0,0.14551312773944947,1.3262950033680077,0.7025857812455691,True,-2.1175823681357508e-16
A50_ratio1,40.0,1.484375,0.1438600503885158,1.3215876971483531,0.6991340427486035,True,0.0
A50_ratio1,40.0,2.96875,0.13896165567328947,1.3076370597052192,0.6889033181076002,True,-1.0587911840678754e-16
A50_ratio1,40.0,4.453125,0.13099812533500682,1.284950420879166,0.6722623142168435,True,-1.0587911840678754e-16
A50_ratio1,40.0,5.9375,0.12026207898905289,1.2543516826301624,0.6498098453934106,True,-1.0587911840678754e-16
A50_ratio1,40.0,7.421875000000001,0.10714736198577918,1.2169498137858525,0.6223519185527758,True,-5.293955920339377e-17
A50_ratio1,40.0,8.90625,0.09213395320269843,1.1740963400801543,0.5908708978066449,True,-1.0587911840678754e-16
A50_ratio1,40.0,10.390625,0.07576957799849446,1.1273336500688576,0.5564879277863114,True,-5.293955920339377e-17
A50_ratio1,40.0,11.875,0.058648727495253336,1.0783359141521724,0.5204200646175869,False,-1.0587911840678754e-16
A50_ratio1,40.0,13.359375000000002,0.041389895771785895,1.0288450770625175,0.48393375599006166,False,-1.0587911840678754e-16
A50_ratio1,40.0,14.843750000000002,0.02461190415912867,0.9806041901804288,0.4482964628217062,False,-1.0587911840678754e-16
A50_ratio1,40.0,16.328125000000004,0.008910227904274926,0.9352908401786045,0.41472827532591117,False,-1.0587911840678754e-16
A50_ratio1,40.0,17.8125,-0.005165770780860345,0.894453033318427,0.38435538754487863,False,-1.0587911840678754e-16
A50_ratio1,40.0,19.296875,-0.017133822763124477,0.859450200269485,0.3581672115426681,False,0.0
A50_ratio1,40.0,20.78125,-0.02659714481135571,0.8314013824286615,0.3369787840092368,False,5.293955920339377e-17
A50_ratio1,40.0,22.265625,-0.03325953252533335,0.8111428004584276,0.32139990274828417,False,-2.1175823681357508e-16
A50_ratio1,40.0,23.75,-0.03693657954621014,0.7991962204643421,0.31181218382786574,False,-2.1175823681357508e-16
A50_ratio1,40.0,25.234375000000004,-0.03756258573417939,0.7957495542474505,0.308354913330145,False,-2.1175823681357508e-16
A50_ratio1,40.0,26.718750000000004,-0.03519289534304962,0.800650212859632,0.31092024224115794,False,-1.5881867761018131e-16
A50_ratio1,40.0,28.203125000000004,-0.030001568781448933,0.8134117040976053,0.31915790081393963,False,-1.0587911840678754e-16
A50_ratio1,40.0,29.687500000000004,-0.022274484360807038,0.8332329806278889,0.3324892563040893,False,0.0
A50_ratio1,40.0,31.171875000000004,-0.012398128119228798,0.8590300490434435,0.3501301648976523,False,5.293955920339377e-17
A50_ratio1,40.0,32.65625000000001,-0.0008445100304469181,0.8894783692086713,0.3711217451306926,False,1.5881867761018131e-16
A50_ratio1,40.0,34.14062500000001,0.011847221225882902,0.923064692653655,0.3943678806126744,False,-5.293955920339377e-17
A50_ratio1,40.0,35.625,0.025091750023870995,0.9581460730505624,0.41867801705241986,True,0.0
A50_ratio1,40.0,37.109375,0.03828035401445431,0.9930140918200308,0.44281359882265114,True,-1.0587911840678754e-16
A50_ratio1,40.0,38.59375,0.05080456830678327,1.0259615348046491,0.4655363680831234,True,-1.0587911840678754e-16
A50_ratio1,40.0,40.078125,0.06207985192037496,1.0553493143232644,0.48565666029536003,True,0.0
A50_ratio1,40.0,41.5625,0.07156833417755953,1.079670747959212,0.502079850608128,True,0.0
A50_ratio1,40.0,43.046875,0.0787997724375757,1.0976111482937014,0.5138491582369198,True,-5.293955920339377e-17
A50_ratio1,40.0,44.53125,0.08338989546670997,1.1081000996902133,0.5201831817285204,True,-1.0587911840678754e-16
A50_ratio1,40.0,46.015625,0.08505542377108662,1.1103549373635269,0.520506723896594,True,5.293955920339377e-17
A50_ratio1,40.0,47.5,0.08362514781563257,1.1039134027697433,0.5144737611693861,True,-5.293955920339377e-17
A50_ratio1,40.0,48.984375,0.07904660124355248,1.0886548489951173,0.5019817092604193,True,-1.0587911840678754e-16
A50_ratio1,40.0,50.46875000000001,0.07138796395296049,1.0648086672324413,0.4831765430774895,True,2.1175823681357508e-16
A50_ratio1,40.0,51.95312500000001,0.06083497322924495,1.0329499944669145,0.4584487202175695,True,1.0587911840678754e-16
A50_ratio1,40.0,53.43750000000001,0.04768265120776357,0.9939810824146578,0.42842037256985976,True,1.0587911840678754e-16
A50_ratio1,40.0,54.92187500000001,0.032321704069207625,0.949096553309128,0.3939247181948955,True,-1.0587911840678754e-16
A50_ratio1,40.0,56.40625000000001,0.015219371535042278,0.8997248109597261,0.35597922622763317,True,-5.293955920339377e-17
A50_ratio1,40.0,57.89062500000001,-0.0031052857135979695,0.8474320322055311,0.31575431185459385,True,0.0
A50_ratio1,40.0,59.37500000000001,-0.022110670081706942,0.7937664273513888,0.27453872097545323,False,-1.0587911840678754e-16
A50_ratio1,40.0,60.859375,-0.041261992259114644,0.7400434178551107,0.23369954738253113,False,-5.293955920339377e-17
A50_ratio1,40.0,62.34375000000001,-0.0600498610728526,0.6871612712910932,0.19462872776009948,False,0.0
A50_ratio1,40.0,63.828125,-0.07798379296112945,0.6356625178013785,0.15866445764294237,False,-5.293955920339377e-17
A50_ratio1,40.0,65.31250000000001,-0.09455861505042364,0.5861544133197027,0.1269882704839048,False,0.0
A50_ratio1,40.0,66.796875,-0.10921571460731525,0.5398764956288462,0.10052239439358926,False,-1.0587911840678754e-16
A50_ratio1,40.0,68.28125000000001,-0.12133302469620263,0.49904578142072115,0.07986372951248805,False,-1.0587911840678754e-16
A50_ratio1,40.0,69.765625,-0.1302673028984455,0.46674826668877467,0.06528015307090221,False,-1.0587911840678754e-16
A50_ratio1,40.0,71.25,-0.13545189889633658,0.44627920434278956,0.05677411258471859,False,0.0
A50_ratio1,40.0,72.734375,-0.13652455511015288,0.4400629752759567,0.05418936265562417,False,1.0587911840678754e-16
A50_ratio1,40.0,74.21875,-0.13343084521861942,0.44873161919491306,0.0573072577351321,False,1.0587911840678754e-16
A50_ratio1,40.0,75.703125,-0.12645504301921048,0.47084950348743554,0.06588466605843167,False,-5.293955920339377e-17
A50_ratio1,40.0,77.1875,-0.11616450628279708,0.5034513429151274,0.07961931689554233,False,0.0
A50_ratio1,40.0,78.671875,-0.10329931362973753,0.542979097611471,0.09807351185978755,False,-1.5881867761018131e-16
A50_ratio1,40.0,80.15625,-0.08865525321302342,0.5861335508925676,0.12060298801968072,False,-1.5881867761018131e-16
A50_ratio1,40.0,81.64062500000001,-0.07299692380749306,0.630329906853755,0.1463259290076187,False,-1.0587911840678754e-16
A50_ratio1,40.0,83.125,-0.05701200807268679,0.6737942365081836,0.17414103392988364,True,0.0
A50_ratio1,40.0,84.60937500000001,-0.04130225854883761,0.7154091989119387,0.20278773174213327,True,-2.6469779601696886e-16
A50_ratio1,40.0,86.09375,-0.02639969446414618,0.7543912140057635,0.2309343776073847,True,-4.2351647362715017e-16
A50_ratio1,40.0,87.57812500000001,-0.012789941749554432,0.7899518464598834,0.25727359569083796,True,0.0
A50_ratio1,40.0,89.0625,-0.0009243874822434018,0.8211253641815931,0.28060367166309114,True,0.0
A50_ratio1,40.0,90.54687500000001,0.008786713429249778,0.8468280725903266,0.2998854711402099,True,-1.0587911840678754e-16
A50_ratio1,40.0,92.03125,0.015993829487323245,0.8660286744057407,0.31427878095746786,True,0.0
A50_ratio1,40.0,93.51562500000001,0.020429884749572365,0.8779010483702451,0.32316648028496076,True,1.5881867761018131e-16
A50_ratio1,40.0,95.0,0.021927553589640283,0.8819185266933341,0.32617135539537834,True,1.0587911840678754e-16
A50_ratio1,40.0,96.484375,0.02042988474957268,0.8779010483702453,0.3231664802849604,True,-1.0587911840678754e-16
A50_ratio1,40.0,97.96875,0.01599382948732309,0.8660286744057408,0.3142787809574679,True,1.5881867761018131e-16
A50_ratio1,40.0,99.453125,0.008786713429249724,0.8468280725903254,0.2998854711402101,True,0.0
A50_ratio1,40.0,100.93750000000001,-0.0009243874822431901,0.8211253641815942,0.2806036716630911,True,-5.293955920339377e-17
A50_ratio1,40.0,102.421875,-0.012789941749554485,0.789951846459883,0.2572735956908381,True,1.5881867761018131e-16
A50_ratio1,40.0,103.90625000000001,-0.02639969446414629,0.7543912140057648,0.23093437760738506,True,-1.0587911840678754e-16
A50_ratio1,40.0,105.390625,-0.041302258548837664,0.7154091989119382,0.2027877317421333,True,-5.293955920339377e-17
A50_ratio1,40.0,106.87500000000001,-0.057012008072686686,0.6737942365081843,0.17414103392988395,False,1.0587911840678754e-16
A50_ratio1,40.0,108.359375,-0.07299692380749312,0.6303299068537566,0.14632592900761926,False,1.5881867761018131e-16
A50_ratio1,40.0,109.84375000000001,-0.08865525321302353,0.5861335508925688,0.12060298801968107,False,1.0587911840678754e-16
A50_ratio1,40.0,111.328125,-0.103299313629738,0.5429790976114705,0.09807351185978787,False,4.2351647362715017e-16
A50_ratio1,40.0,112.81250000000001,-0.11616450628279676,0.5034513429151282,0.07961931689554219,False,-2.1175823681357508e-16
A50_ratio1,40.0,114.296875,-0.1264550430192104,0.4708495034874357,0.0658846660584319,False,-1.0587911840678754e-16
A50_ratio1,40.0,115.78125000000001,-0.13343084521861942,0.4487316191949117,0.05730725773513217,False,5.293955920339377e-17
A50_ratio1,40.0,117.265625,-0.13652455511015227,0.44006297527595684,0.05418936265562352,False,-5.823351512373315e-16
A50_ratio1,40.0,118.75000000000001,-0.1354518988963367,0.44627920434278906,0.056774112584718525,False,5.293955920339377e-17
A50_ratio1,40.0,120.234375,-0.1302673028984457,0.4667482666887741,0.06528015307090232,False,0.0
A50_ratio1,40.0,121.71875,-0.12133302469620295,0.4990457814207216,0.07986372951248827,False,1.5881867761018131e-16
A50_ratio1,40.0,123.203125,-0.10921571460731573,0.539876495628846,0.10052239439358918,False,2.1175823681357508e-16
A50_ratio1,40.0,124.68750000000001,-0.09455861505042358,0.5861544133197022,0.12698827048390485,False,-1.5881867761018131e-16
A50_ratio1,40.0,126.17187500000001,-0.07798379296112956,0.6356625178013784,0.158664457642942,False,-5.293955920339377e-17
A50_ratio1,40.0,127.65625,-0.06004986107285281,0.6871612712910926,0.19462872776009935,False,1.0587911840678754e-16
A50_ratio1,40.0,129.140625,-0.04126199225911507,0.7400434178551102,0.23369954738253065,False,2.6469779601696886e-16
A50_ratio1,40.0,130.62500000000003,-0.022110670081707046,0.7937664273513892,0.27453872097545373,True,-1.0587911840678754e-16
A50_ratio1,40.0,132.109375,-0.003105285713597387,0.8474320322055311,0.31575431185459335,True,-6.88214269644119e-16
A50_ratio1,40.0,133.59375,0.01521937153504212,0.8997248109597263,0.35597922622763334,True,0.0
A50_ratio1,40.0,135.078125,0.032321704069207674,0.949096553309127,0.3939247181948943,True,-3.1763735522036263e-16
A50_ratio1,40.0,136.56250000000003,0.047682651207763944,0.9939810824146573,0.42842037256986,True,-4.2351647362715017e-16
A50_ratio1,40.0,138.046875,0.06083497322924479,1.0329499944669145,0.45844872021757,True,2.1175823681357508e-16
A50_ratio1,40.0,139.53125,0.07138796395296064,1.064808667232441,0.48317654307748903,True,0.0
A50_ratio1,40.0,141.015625,0.079046601243552,1.088654848995118,0.5019817092604199,True,4.2351647362715017e-16
A50_ratio1,40.0,142.5,0.08362514781563248,1.1039134027697433,0.5144737611693858,True,1.0587911840678754e-16
A50_ratio1,40.0,143.98437500000003,0.08505542377108671,1.1103549373635264,0.5205067238965937,True,-1.0587911840678754e-16
A50_ratio1,40.0,145.46875,0.08338989546671012,1.1081000996902137,0.5201831817285205,True,-1.0587911840678754e-16
A50_ratio1,40.0,146.953125,0.07879977243757574,1.097611148293702,0.51384915823692,True,5.293955920339377e-17
A50_ratio1,40.0,148.4375,0.0715683341775597,1.0796707479592125,0.5020798506081282,True,0.0
A50_ratio1,40.0,149.92187500000003,0.06207985192037512,1.055349314323265,0.4856566602953599,True,5.293955920339377e-17
A50_ratio1,40.0,151.40625,0.05080456830678306,1.0259615348046494,0.4655363680831238,True,2.6469779601696886e-16
A50_ratio1,40.0,152.890625,0.038280354014454364,0.993014091820031,0.44281359882265153,True,0.0
A50_ratio1,40.0,154.375,0.02509175002387115,0.9581460730505632,0.41867801705242036,False,0.0
A50_ratio1,40.0,155.85937500000003,0.011847221225883008,0.923064692653655,0.3943678806126734,False,-5.293955920339377e-17
A50_ratio1,40.0,157.34375,-0.0008445100304471829,0.889478369208671,0.3711217451306929,False,4.764560328305439e-16
A50_ratio1,40.0,158.828125,-0.01239812811922848,0.8590300490434445,0.35013016489765214,False,-1.5881867761018131e-16
A50_ratio1,40.0,160.3125,-0.022274484360806934,0.8332329806278885,0.3324892563040895,False,-5.293955920339377e-17
A50_ratio1,40.0,161.79687500000003,-0.030001568781448988,0.8134117040976059,0.31915790081393974,False,1.0587911840678754e-16
A50_ratio1,40.0,163.28125000000003,-0.03519289534304978,0.8006502128596322,0.31092024224115805,False,5.293955920339377e-17
A50_ratio1,40.0,164.765625,-0.03756258573417966,0.7957495542474516,0.30835491333014525,False,5.293955920339377e-17
A50_ratio1,40.0,166.25,-0.0369365795462104,0.7991962204643416,0.31181218382786585,False,0.0
A50_ratio1,40.0,167.734375,-0.03325953252533324,0.8111428004584273,0.3213999027482836,False,-3.705769144237564e-16
A50_ratio1,40.0,169.21875000000003,-0.026597144811355816,0.8314013824286614,0.3369787840092372,False,5.293955920339377e-17
A50_ratio1,40.0,170.703125,-0.01713382276312458,0.8594502002694835,0.3581672115426683,False,-1.5881867761018131e-16
A50_ratio1,40.0,172.1875,-0.005165770780859975,0.8944530333184256,0.3843553875448772,False,-6.352747104407253e-16
A50_ratio1,40.0,173.671875,0.008910227904274714,0.9352908401786051,0.4147282753259105,False,0.0
A50_ratio1,40.0,175.15625000000003,0.024611904159128513,0.9806041901804287,0.448296462821707,False,-5.293955920339377e-17
A50_ratio1,40.0,176.640625,0.04138989577178579,1.0288450770625175,0.483933755990061,False,-1.0587911840678754e-16
A50_ratio1,40.0,178.125,0.058648727495253336,1.078335914152172,0.5204200646175862,True,-2.1175823681357508e-16
A50_ratio1,40.0,179.609375,0.07576957799849446,1.1273336500688576,0.5564879277863114,True,-1.0587911840678754e-16
A50_ratio1,40.0,181.09375000000003,0.09213395320269849,1.174096340080155,0.5908708978066445,True,-2.1175823681357508e-16
A50_ratio1,40.0,182.57812500000003,0.10714736198577897,1.2169498137858519,0.6223519185527758,True,5.293955920339377e-17
A50_ratio1,40.0,184.0625,0.1202620789890527,1.2543516826301628,0.6498098453934109,True,1.0587911840678754e-16
A50_ratio1,40.0,185.546875,0.13099812533500652,1.284950420879166,0.6722623142168433,True,1.0587911840678754e-16
A50_ratio1,40.0,187.03125000000003,0.1389616556732899,1.3076370597052187,0.6889033181076,True,-6.88214269644119e-16
A50_ratio1,40.0,188.51562500000003,0.14386005038851604,1.321587697148352,0.6991340427486035,True,-3.705769144237564e-16
A50_ratio1,160.0,0.0,0.0038474170505655627,0.8817975615694982,1.8885482188895073,True,-6.352747104407253e-16
A50_ratio1,160.0,1.484375,0.0037903602041059743,0.8816361281993952,1.8835004598880674,True,-4.2351647362715017e-16
A50_ratio1,160.0,2.96875,0.0036213462897066433,0.8811578948508512,1.8685403544462371,True,-4.2351647362715017e-16
A50_ratio1,160.0,4.453125,0.0033467624561435943,0.880380829132999,1.8442104040507603,True,-6.352747104407253e-16
A50_ratio1,160.0,5.9375,0.002976981373936086,0.8793341104141938,1.8113916699635821,True,-4.2351647362715017e-16
A50_ratio1,160.0,7.421875000000001,0.0025259633645035064,0.8780570107991833,1.7712700441291052,True,-6.352747104407253e-16
A50_ratio1,160.0,8.90625,0.0020107209365220514,0.8765973891668875,1.7252908570278755,True,-4.2351647362715017e-16
A50_ratio1,160.0,10.390625,0.0014506662868922664,0.8750098561288358,1.6751035664529683,True,-2.1175823681357508e-16
A50_ratio1,160.0,11.875,0.0008668668145097878,0.8733536804064653,1.6224986522533849,False,-4.2351647362715017e-16
A50_ratio1,160.0,13.359375000000002,0.0002812372225670526,0.8716905170516841,1.5693391414943343,False,-4.2351647362715017e-16
A50_ratio1,160.0,14.843750000000002,-0.00028430078624862624,0.870082044766884,1.517489394722138,False,-4.2351647362715017e-16
A50_ratio1,160.0,16.328125000000004,-0.0008086589808611032,0.8685876030546694,1.4687438891661013,False,-2.1175823681357508e-16
A50_ratio1,160.0,17.8125,-0.0012723910015782361,0.8672619199097431,1.42475873472065,False,-4.2351647362715017e-16
A50_ratio1,160.0,19.296875,-0.0016584376933229613,0.8661530172561989,1.38698855342792,False,0.0
A50_ratio1,160.0,20.78125,-0.00195278081068863,0.8653003744669,1.3566311469636232,False,-4.2351647362715017e-16
A50_ratio1,160.0,22.265625,-0.002144980063897893,0.8647334203421173,1.3345820772419017,False,-2.1175823681357508e-16
A50_ratio1,160.0,23.75,-0.0022285729661292164,0.8644704112543534,1.3214009042028385,False,-4.2351647362715017e-16
A50_ratio1,160.0,25.234375000000004,-0.002201322221264578,0.8645177382747579,1.317290376772284,False,-2.1175823681357508e-16
A50_ratio1,160.0,26.718750000000004,-0.002065301252778738,0.8648696895552499,1.3220893751059408,False,-4.2351647362715017e-16
A50_ratio1,160.0,28.203125000000004,-0.001826814692508509,0.8655086766916826,1.3352798736800533,False,-2.1175823681357508e-16
A50_ratio1,160.0,29.687500000000004,-0.001496156981642509,0.8664059159121842,1.3560076558799785,False,-4.2351647362715017e-16
A50_ratio1,160.0,31.171875000000004,-0.0010872184399574741,0.8675225374187644,1.3831159821734347,False,-2.1175823681357508e-16
A50_ratio1,160.0,32.65625000000001,-0.0006169539922802774,0.8688110797387842,1.4151909160475795,False,-4.2351647362715017e-16
A50_ratio1,160.0,34.14062500000001,-0.00010473497668259067,0.8702173111643169,1.4506165637702932,False,-4.2351647362715017e-16
A50_ratio1,160.0,35.625,0.0004283911067947589,0.8716823078535323,1.48763810292455,True,-2.1175823681357508e-16
A50_ratio1,160.0,37.109375,0.0009605045877241388,0.873144708442699,1.5244301752044356,True,-4.2351647362715017e-16
A50_ratio1,160.0,38.59375,0.0014696506860176223,0.874543058464526,1.5591680126589431,True,-4.2351647362715017e-16
A50_ratio1,160.0,40.078125,0.0019346778174986455,0.875818154769092,1.59009856135329,True,-6.352747104407253e-16
A50_ratio1,160.0,41.5625,0.002336045407489505,0.8769153006382446,1.615608866333251,True,-2.1175823681357508e-16
A50_ratio1,160.0,43.046875,0.0026565707941306545,0.8777863863707237,1.6342890868354187,True,-4.2351647362715017e-16
A50_ratio1,160.0,44.53125,0.00288208729051275,0.8783917176350788,1.6449877168597717,True,-4.2351647362715017e-16
A50_ratio1,160.0,46.015625,0.0030019890169507464,0.8787015245162193,1.6468568856057837,True,-2.1175823681357508e-16
A50_ratio1,160.0,47.5,0.003009642549278046,0.8786970974295994,1.639385993390794,True,-2.1175823681357508e-16
A50_ratio1,160.0,48.984375,0.002902650550936153,0.8783715112834727,1.622422386908089,True,-2.1175823681357508e-16
A50_ratio1,160.0,50.46875000000001,0.00268295812823317,0.8777299156224901,1.5961782758572707,True,-4.2351647362715017e-16
A50_ratio1,160.0,51.95312500000001,0.0023567984133372097,0.8767893850497117,1.5612236219885307,True,-2.1175823681357508e-16
A50_ratio1,160.0,53.43750000000001,0.0019344795830419604,0.875578340012757,1.5184652711496351,True,-4.2351647362715017e-16
A50_ratio1,160.0,54.92187500000001,0.0014300209320099923,0.8741355621260614,1.4691131282871466,True,-2.1175823681357508e-16
A50_ratio1,160.0,56.40625000000001,0.0008606505560888274,0.8725088398690188,1.41463467416164,True,-4.2351647362715017e-16
A50_ratio1,160.0,57.89062500000001,0.00024618155687051763,0.8707532894382407,1.356699571539179,True,-2.1175823681357508e-16
A50_ratio1,160.0,59.37500000000001,-0.00039171256819990044,0.868929401983133,1.2971164904169998,False,-6.352747104407253e-16
A50_ratio1,160.0,60.859375,-0.0010302994753773125,0.867100873295199,1.237764581553847,False,-4.2351647362715017e-16
A50_ratio1,160.0,62.34375000000001,-0.001646639812692328,0.8653322766324522,1.1805222334549925,False,-2.1175823681357508e-16
A50_ratio1,160.0,63.828125,-0.002218460255004988,0.8636866452724468,1.127195851891872,False,-4.2351647362715017e-16
A50_ratio1,160.0,65.31250000000001,-0.0027250165281994736,0.862223039690789,1.0794513989167343,False,-4.2351647362715017e-16
A50_ratio1,160.0,66.796875,-0.0031479135673821326,0.860994184955341,1.0387513203087093,False,-2.1175823681357508e-16
A50_ratio1,160.0,68.28125000000001,-0.0034718491104398625,0.8600442754360021,1.006299280881778,False,-2.1175823681357508e-16
A50_ratio1,160.0,69.765625,-0.0036852474817415373,0.8594070530951995,0.9829948246092516,False,-4.2351647362715017e-16
A50_ratio1,160.0,71.25,-0.003780752614934193,0.8591042683180625,0.9693996932583693,False,-2.1175823681357508e-16
A50_ratio1,160.0,72.734375,-0.003755553928226446,0.8591446245489728,0.9657170884287518,False,-4.2351647362715017e-16
A50_ratio1,160.0,74.21875,-0.0036115256397314176,0.8595232876212953,0.9717846651112965,False,-4.2351647362715017e-16
A50_ratio1,160.0,75.703125,-0.0033551692198397222,0.8602220080166773,0.9870815192141147,False,-4.2351647362715017e-16
A50_ratio1,160.0,77.1875,-0.0029973592147894126,0.8612098628213736,1.010748896782588,False,-6.352747104407253e-16
A50_ratio1,160.0,78.671875,-0.002552903605649232,0.8624445796893897,1.0416238287907538,False,-4.2351647362715017e-16
A50_ratio1,160.0,80.15625,-0.002039940033266985,0.8638743644061633,1.0782844017949778,False,-6.352747104407253e-16
A50_ratio1,160.0,81.64062500000001,-0.0014791975872957296,0.8654401225376048,1.119104929742475,False,-4.2351647362715017e-16
A50_ratio1,160.0,83.125,-0.000893159718695519,0.8670779476959277,1.1623189125309452,True,-4.2351647362715017e-16
A50_ratio1,160.0,84.60937500000001,-0.0003051669188635862,0.8687217447389272,1.206087367067212,True,-2.1175823681357508e-16
A50_ratio1,160.0,86.09375,0.0002615017310360425,0.8703058636299532,1.248569908367256,True,-4.2351647362715017e-16
A50_ratio1,160.0,87.57812500000001,0.0007845307315858034,0.8717676349153473,1.2879958501647515,True,-6.352747104407253e-16
A50_ratio1,160.0,89.0625,0.0012434198795462452,0.8730497165978873,1.3227325912563552,True,-6.352747104407253e-16
A50_ratio1,160.0,90.54687500000001,0.0016202555060291384,0.8741021810717693,1.3513486560184844,True,-4.2351647362715017e-16
A50_ratio1,160.0,92.03125,0.0019003758200086996,0.8748842875381828,1.3726689615798362,True,-2.1175823681357508e-16
A50_ratio1,160.0,93.51562500000001,0.0020729096665897655,0.8753658991538193,1.385820182322997,True,-4.2351647362715017e-16
A50_ratio1,160.0,95.0,0.0021311727085781555,0.8755285153554635,1.390264463231494,True,-2.1175823681357508e-16
A50_ratio1,160.0,96.484375,0.002072909666589977,0.875365899153829,1.3858201823229965,True,-2.1175823681357508e-16
A50_ratio1,160.0,97.96875,0.0019003758200086996,0.8748842875381753,1.372668961579836,True,-4.2351647362715017e-16
A50_ratio1,160.0,99.453125,0.0016202555060291384,0.8741021810717646,1.3513486560184846,True,-6.352747104407253e-16
A50_ratio1,160.0,100.93750000000001,0.0012434198795462452,0.873049716597894,1.322732591256355,True,-2.1175823681357508e-16
A50_ratio1,160.0,102.421875,0.0007845307315858034,0.8717676349153525,1.2879958501647515,True,-4.2351647362715017e-16
A50_ratio1,160.0,103.90625000000001,0.00026150173103583075,0.870305863629948,1.2485699083672563,True,-4.2351647362715017e-16
A50_ratio1,160.0,105.390625,-0.0003051669188635862,0.8687217447389205,1.2060873670672125,True,-6.352747104407253e-16
A50_ratio1,160.0,106.87500000000001,-0.0008931597186957308,0.8670779476959413,1.1623189125309459,False,2.1175823681357508e-16
A50_ratio1,160.0,108.359375,-0.0014791975872959415,0.8654401225375918,1.1191049297424756,False,-6.352747104407253e-16
A50_ratio1,160.0,109.84375000000001,-0.002039940033267197,0.8638743644061707,1.0782844017949784,False,-4.2351647362715017e-16
A50_ratio1,160.0,111.328125,-0.0025529036056496555,0.8624445796893776,1.0416238287907535,False,-4.2351647362715017e-16
A50_ratio1,160.0,112.81250000000001,-0.0029973592147894126,0.8612098628213837,1.0107488967825884,False,-2.1175823681357508e-16
A50_ratio1,160.0,114.296875,-0.00335516921983951,0.8602220080166723,0.9870815192141151,False,-6.352747104407253e-16
A50_ratio1,160.0,115.78125000000001,-0.003611525639731206,0.8595232876212924,0.9717846651112971,False,-4.2351647362715017e-16
A50_ratio1,160.0,117.265625,-0.0037555539282258105,0.8591446245489923,0.965717088428751,False,0.0
A50_ratio1,160.0,118.75000000000001,-0.003780752614934193,0.8591042683180599,0.9693996932583688,False,-2.1175823681357508e-16
A50_ratio1,160.0,120.234375,-0.003685247481741749,0.8594070530951856,0.9829948246092518,False,-8.470329472543003e-16
A50_ratio1,160.0,121.71875,-0.003471849110440074,0.860044275436009,1.0062992808817788,False,-2.1175823681357508e-16
A50_ratio1,160.0,123.203125,-0.0031479135673825563,0.8609941849553322,1.0387513203087089,False,-2.1175823681357508e-16
A50_ratio1,160.0,124.68750000000001,-0.002725016528199262,0.8622230396907953,1.0794513989167343,False,-4.2351647362715017e-16
A50_ratio1,160.0,126.17187500000001,-0.002218460255004988,0.8636866452724475,1.1271958518918712,False,-4.2351647362715017e-16
A50_ratio1,160.0,127.65625,-0.001646639812692328,0.8653322766324469,1.1805222334549925,False,-6.352747104407253e-16
A50_ratio1,160.0,129.140625,-0.0010302994753775244,0.8671008732952046,1.2377645815538467,False,0.0
A50_ratio1,160.0,130.62500000000003,-0.0003917125681996887,0.868929401983126,1.2971164904169996,True,-1.0587911840678754e-15
A50_ratio1,160.0,132.109375,0.0002461815568711529,0.8707532894382455,1.3566995715391785,True,-8.470329472543003e-16
A50_ratio1,160.0,133.59375,0.0008606505560888274,0.8725088398690201,1.4146346741616402,True,-4.2351647362715017e-16
A50_ratio1,160.0,135.078125,0.001430020932010416,0.8741355621260564,1.4691131282871448,True,-8.470329472543003e-16
A50_ratio1,160.0,136.56250000000003,0.001934479583042384,0.8755783400127621,1.5184652711496354,True,-6.352747104407253e-16
A50_ratio1,160.0,138.046875,0.002356798413336998,0.8767893850497088,1.5612236219885312,True,0.0
A50_ratio1,160.0,139.53125,0.0026829581282333814,0.8777299156224948,1.5961782758572702,True,-4.2351647362715017e-16
A50_ratio1,160.0,141.015625,0.00290265055093573,0.8783715112834696,1.6224223869080896,True,0.0
A50_ratio1,160.0,142.5,0.003009642549278046,0.8786970974295955,1.6393859933907935,True,-4.2351647362715017e-16
A50_ratio1,160.0,143.98437500000003,0.003001989016950958,0.878701524516223,1.646856885605783,True,-4.2351647362715017e-16
A50_ratio1,160.0,145.46875,0.0028820872905129615,0.8783917176350751,1.644987716859772,True,-8.470329472543003e-16
A50_ratio1,160.0,146.953125,0.002656570794130443,0.8777863863707251,1.6342890868354194,True,-2.1175823681357508e-16
A50_ratio1,160.0,148.4375,0.0023360454074897166,0.8769153006382422,1.6156088663332513,True,-4.2351647362715017e-16
A50_ratio1,160.0,149.92187500000003,0.0019346778174986455,0.8758181547690973,1.59009856135329,True,-4.2351647362715017e-16
A50_ratio1,160.0,151.40625,0.0014696506860174105,0.8745430584645199,1.5591680126589431,True,-4.2351647362715017e-16
A50_ratio1,160.0,152.890625,0.0009605045877241388,0.8731447084427043,1.5244301752044356,True,-2.1175823681357508e-16
A50_ratio1,160.0,154.375,0.0004283911067947589,0.8716823078535322,1.4876381029245505,False,-2.1175823681357508e-16
A50_ratio1,160.0,155.85937500000003,-0.00010473497668259067,0.8702173111643207,1.4506165637702921,False,-4.2351647362715017e-16
A50_ratio1,160.0,157.34375,-0.0006169539922804892,0.8688110797387745,1.4151909160475797,False,-6.352747104407253e-16
A50_ratio1,160.0,158.828125,-0.0010872184399574741,0.8675225374187708,1.3831159821734347,False,-4.2351647362715017e-16
A50_ratio1,160.0,160.3125,-0.0014961569816427209,0.8664059159121767,1.3560076558799792,False,-8.470329472543003e-16
A50_ratio1,160.0,161.79687500000003,-0.0018268146925089325,0.8655086766916811,1.3352798736800537,False,-4.2351647362715017e-16
A50_ratio1,160.0,163.28125000000003,-0.002065301252779161,0.8648696895552436,1.3220893751059413,False,-6.352747104407253e-16
A50_ratio1,160.0,164.765625,-0.0022013222212650015,0.8645177382747612,1.3172903767722843,False,0.0
A50_ratio1,160.0,166.25,-0.0022285729661296397,0.8644704112543532,1.321400904202839,False,-2.1175823681357508e-16
A50_ratio1,160.0,167.734375,-0.002144980063897893,0.8647334203421159,1.3345820772419017,False,-4.2351647362715017e-16
A50_ratio1,160.0,169.21875000000003,-0.00195278081068863,0.8653003744669027,1.3566311469636236,False,-4.2351647362715017e-16
A50_ratio1,160.0,170.703125,-0.0016584376933227495,0.8661530172561934,1.3869885534279198,False,-4.2351647362715017e-16
A50_ratio1,160.0,172.1875,-0.0012723910015778126,0.8672619199097515,1.4247587347206485,False,-4.2351647362715017e-16
A50_ratio1,160.0,173.671875,-0.000808658980861315,0.868587603054671,1.4687438891661004,False,0.0
A50_ratio1,160.0,175.15625000000003,-0.00028430078624862624,0.8700820447668778,1.517489394722138,False,-6.352747104407253e-16
A50_ratio1,160.0,176.640625,0.0002812372225670526,0.8716905170516829,1.5693391414943338,False,-4.2351647362715017e-16
A50_ratio1,160.0,178.125,0.0008668668145097878,0.8733536804064755,1.6224986522533837,True,-2.1175823681357508e-16
A50_ratio1,160.0,179.609375,0.00145066628689269,0.8750098561288201,1.6751035664529677,True,-1.0587911840678754e-15
A50_ratio1,160.0,181.09375000000003,0.0020107209365220514,0.8765973891669033,1.725290857027875,True,0.0
A50_ratio1,160.0,182.57812500000003,0.0025259633645035064,0.8780570107991723,1.7712700441291056,True,-8.470329472543003e-16
A50_ratio1,160.0,184.0625,0.002976981373936086,0.8793341104142028,1.8113916699635817,True,-2.1175823681357508e-16
A50_ratio1,160.0,185.546875,0.0033467624561431706,0.8803808291329924,1.8442104040507603,True,-4.2351647362715017e-16
A50_ratio1,160.0,187.03125000000003,0.0036213462897070666,0.8811578948508465,1.8685403544462371,True,-1.0587911840678754e-15
A50_ratio1,160.0,188.51562500000003,0.003790360204106186,0.8816361281994064,1.8835004598880676,True,0.0
A50_ratio0p1,0.0,0.0,0.5,2.3623837608327865,0.0,True,-2.779326858178173e-16
A50_ratio0p1,0.0,1.484375,0.49489518415210065,2.347822283303895,0.0,True,-2.779326858178173e-16
A50_ratio0p1,0.0,2.96875,0.47976606479587086,2.3047489839948527,0.0,True,-1.7205356741102976e-16
A50_ratio0p1,0.0,4.453125,0.45516153056683156,2.2346206546766165,0.0,True,-4.367513634279986e-16
A50_ratio0p1,0.0,5.9375,0.42197301539744453,2.1400382472638975,0.0,True,-1.3234889800848443e-17
A50_ratio0p1,0.0,7.421875000000001,0.3814003715535366,2.0242912832843243,0.0,True,9.26442286059391e-17
A50_ratio0p1,0.0,8.90625,0.3349059420243247,1.8915912097008296,0.0,True,9.26442286059391e-17
A50_ratio0p1,0.0,10.390625,0.2841585967997873,1.7465473835015626,0.0,True,2.514629062161204e-16
A50_ratio0p1,0.0,11.875,0.23096988312782177,1.5943591494621463,0.0,False,1.3234889800848443e-17
A50_ratio0p1,0.0,13.359375000000002,0.17722474277682881,1.4402429623484325,0.0,False,-1.3234889800848443e-17
A50_ratio0p1,0.0,14.843750000000002,0.12480945799581636,1.2896151854553501,0.0,False,-3.970466940254533e-17
A50_ratio0p1,0.0,16.328125000000004,0.07553959424516744,1.1474950268751485,0.0,False,-9.26442286059391e-17
A50_ratio0p1,0.0,17.8125,0.031090707778999593,1.018714295372429,0.0,False,-5.293955920339377e-17
A50_ratio0p1,0.0,19.296875,-0.007065520205475,0.9073211127993922,0.0,False,7.940933880509066e-17
A50_ratio0p1,0.0,20.78125,-0.037717269787137415,0.8168527608240855,0.0,False,1.1911400820763599e-16
A50_ratio0p1,0.0,22.265625,-0.059958538762067796,0.7497602939495953,0.0,False,-1.3234889800848443e-17
A50_ratio0p1,0.0,23.75,-0.07322330470336304,0.7077764899762384,0.0,False,-1.3234889800848443e-17
A50_ratio0p1,0.0,25.234375000000004,-0.07730658138905301,0.691371875925033,0.0,False,1.0587911840678754e-16
A50_ratio0p1,0.0,26.718750000000004,-0.0723715620869103,0.7002427585004884,0.0,False,-6.617444900424221e-17
A50_ratio0p1,0.0,28.203125000000004,-0.05894257695252797,0.7327956513988102,0.0,False,3.970466940254533e-17
A50_ratio0p1,0.0,29.687500000000004,-0.03788413704173633,0.7867722227447342,0.0,False,-1.3234889800848443e-17
A50_ratio0p1,0.0,31.171875000000004,-0.010366872206595113,0.8587427849842102,0.0,False,-6.617444900424221e-17
A50_ratio0p1,0.0,32.65625000000001,0.022178326115227045,0.94487818783235,0.0,False,-6.617444900424221e-17
A50_ratio0p1,0.0,34.14062500000001,0.05811619285353858,1.0404148273515614,0.0,False,-1.4558378780933287e-16
A50_ratio0p1,0.0,35.625,0.09567085809127227,1.140581072404088,0.0,True,-2.6469779601696886e-17
A50_ratio0p1,0.0,37.109375,0.13299504385208694,1.2399762549976618,0.0,True,-3.970466940254533e-17
A50_ratio0p1,0.0,38.59375,0.16824202740488794,1.3336650431918224,0.0,True,1.4558378780933287e-16
A50_ratio0p1,0.0,40.078125,0.1996376032307165,1.4163892230078148,0.0,True,-9.26442286059391e-17
A50_ratio0p1,0.0,41.5625,0.22554927580066894,1.4838632614500449,0.0,True,-1.3234889800848443e-17
A50_ratio0p1,0.0,43.046875,0.24455002168947665,1.531704274352919,0.0,True,3.970466940254533e-17
A50_ratio0p1,0.0,44.53125,0.2554741682102118,1.5570063496281563,0.0,True,-6.617444900424221e-17
A50_ratio0p1,0.0,46.015625,0.2574632386826621,1.5568148316547674,0.0,True,9.26442286059391e-17
A50_ratio0p1,0.0,47.5,0.25000000000000006,1.5301496177737117,0.0,True,3.970466940254533e-17
A50_ratio0p1,0.0,48.984375,0.23292940151895314,1.475721249630396,0.0,True,1.4558378780933287e-16
A50_ratio0p1,0.0,50.46875000000001,0.20646559804543152,1.3947796573656237,0.0,True,3.970466940254533e-17
A50_ratio0p1,0.0,51.95312500000001,0.1711847844617958,1.287435016452515,0.0,True,1.4558378780933287e-16
A50_ratio0p1,0.0,53.43750000000001,0.1280041147926049,1.157246490600388,0.0,True,-1.3234889800848443e-17
A50_ratio0p1,0.0,54.92187500000001,0.07814751327908463,1.0044134271661416,0.0,True,2.6469779601696886e-17
A50_ratio0p1,0.0,56.40625000000001,0.02309968877765684,0.8348500413394452,0.0,True,2.6469779601696886e-17
A50_ratio0p1,0.0,57.89062500000001,-0.03544988284402277,0.6430047381666633,0.0,True,-1.1911400820763599e-16
A50_ratio0p1,0.0,59.37500000000001,-0.09567085809127232,0.4381749517531529,0.0,False,6.617444900424221e-17
A50_ratio0p1,0.0,60.859375,-0.15566135386160224,0.11307435701081785,0.0,False,-1.9852334701272664e-16
A50_ratio0p1,0.0,62.34375000000001,-0.21352004229777188,0.0,0.0,False,0.014337942385639589
A50_ratio0p1,0.0,63.828125,-0.2674182443032058,0.0,0.0,False,0.04028213423276763
A50_ratio0p1,0.0,65.31250000000001,-0.3156692535515375,0.0,0.0,False,0.06934449708960143
A50_ratio0p1,0.0,66.796875,-0.35679222919874465,0.0,0.0,False,0.09741236519160099
A50_ratio0p1,0.0,68.28125000000001,-0.3895682041687332,0.0,0.0,False,0.12179076747964189
A50_ratio0p1,0.0,69.765625,-0.41308605881256205,0.0,0.0,False,0.14064967255788094
A50_ratio0p1,0.0,71.25,-0.42677669529663675,0.0,0.0,False,0.15273716876584026
A50_ratio0p1,0.0,72.734375,-0.4304341014395474,0.0,0.0,False,0.15740678309328385
A50_ratio0p1,0.0,74.21875,-0.42422249646850596,0.0,0.0,False,0.15449168570988425
A50_ratio0p1,0.0,75.703125,-0.4086692859457976,0.0,0.0,False,0.14435292243969963
A50_ratio0p1,0.0,77.1875,-0.38464409837227337,0.0,0.0,False,0.1277763684752683
A50_ratio0p1,0.0,78.671875,-0.3533247107549686,0.0,0.0,False,0.10602336880523713
A50_ratio0p1,0.0,80.15625,-0.31615117417836136,0.0,0.0,False,0.08072211561150637
A50_ratio0p1,0.0,81.64062500000001,-0.2747699037848928,0.0,0.0,False,0.05400255569048551
A50_ratio0p1,0.0,83.125,-0.23096988312782174,0.0,0.0,True,0.028404081207378796
A50_ratio0p1,0.0,84.60937500000001,-0.1866134357917229,0.0,0.0,True,0.007930116350994732
A50_ratio0p1,0.0,86.09375,-0.14356422584178014,0.15305872689184463,0.0,True,1.1911400820763599e-16
A50_ratio0p1,0.0,87.57812500000001,-0.10361525504373519,0.3591469770479233,0.0,True,1.9852334701272664e-16
A50_ratio0p1,0.0,89.0625,-0.06841962480417095,0.482747054154269,0.0,True,9.26442286059391e-17
A50_ratio0p1,0.0,90.54687500000001,-0.03942672441555893,0.5787482534609013,0.0,True,6.617444900424221e-17
A50_ratio0p1,0.0,92.03125,-0.017826298540227464,0.6465302053094443,0.0,True,1.1911400820763599e-16
A50_ratio0p1,0.0,93.51562500000001,-0.004502543950485486,0.6877910520589472,0.0,True,9.26442286059391e-17
A50_ratio0p1,0.0,95.0,2.274746684520826e-17,0.7014915975822982,0.0,True,3.970466940254533e-17
A50_ratio0p1,0.0,96.484375,-0.004502543950485433,0.6877910520589493,0.0,True,1.4558378780933287e-16
A50_ratio0p1,0.0,97.96875,-0.017826298540227544,0.6465302053094463,0.0,True,4.1028158382630173e-16
A50_ratio0p1,0.0,99.453125,-0.03942672441555879,0.5787482534608973,0.0,True,-1.7205356741102976e-16
A50_ratio0p1,0.0,100.93750000000001,-0.06841962480417077,0.48274705415426883,0.0,True,-3.970466940254533e-17
A50_ratio0p1,0.0,102.421875,-0.103615255043735,0.35914697704792803,0.0,True,3.5734202462290796e-16
A50_ratio0p1,0.0,103.90625000000001,-0.1435642258417799,0.15305872689184308,0.0,True,-1.3234889800848443e-17
A50_ratio0p1,0.0,105.390625,-0.18661343579172274,0.0,0.0,True,0.007930116350994627
A50_ratio0p1,0.0,106.87500000000001,-0.23096988312782155,0.0,0.0,False,0.028404081207378636
A50_ratio0p1,0.0,108.359375,-0.2747699037848926,0.0,0.0,False,0.0540025556904854
A50_ratio0p1,0.0,109.84375000000001,-0.31615117417836114,0.0,0.0,False,0.0807221156115062
A50_ratio0p1,0.0,111.328125,-0.35332471075496874,0.0,0.0,False,0.10602336880523734
A50_ratio0p1,0.0,112.81250000000001,-0.3846440983722732,0.0,0.0,False,0.12777636847526824
A50_ratio0p1,0.0,114.296875,-0.40866928594579727,0.0,0.0,False,0.14435292243969935
A50_ratio0p1,0.0,115.78125000000001,-0.42422249646850585,0.0,0.0,False,0.15449168570988425
A50_ratio0p1,0.0,117.265625,-0.4304341014395474,0.0,0.0,False,0.15740678309328385
A50_ratio0p1,0.0,118.75000000000001,-0.4267766952966369,0.0,0.0,False,0.15273716876584043
A50_ratio0p1,0.0,120.234375,-0.41308605881256216,0.0,0.0,False,0.140649672557881
A50_ratio0p1,0.0,121.71875,-0.38956820416873333,0.0,0.0,False,0.12179076747964189
A50_ratio0p1,0.0,123.203125,-0.35679222919874515,0.0,0.0,False,0.0974123651916014
A50_ratio0p1,0.0,124.68750000000001,-0.3156692535515374,0.0,0.0,False,0.06934449708960119
A50_ratio0p1,0.0,126.17187500000001,-0.2674182443032061,0.0,0.0,False,0.040282134232767816
A50_ratio0p1,0.0,127.65625,-0.21352004229777213,0.0,0.0,False,0.014337942385639589
A50_ratio0p1,0.0,129.140625,-0.1556613538616031,0.11307435701080588,0.0,False,9.26442286059391e-17
A50_ratio0p1,0.0,130.62500000000003,-0.09567085809127207,0.4381749517531674,0.0,True,1.852884572118782e-16
A50_ratio0p1,0.0,132.109375,-0.03544988284402279,0.6430047381666559,0.0,True,-2.3161057151484775e-16
A50_ratio0p1,0.0,133.59375,0.02309968877765681,0.8348500413394613,0.0,True,1.852884572118782e-16
A50_ratio0p1,0.0,135.078125,0.07814751327908341,1.0044134271661065,0.0,True,-1.1911400820763599e-16
A50_ratio0p1,0.0,136.56250000000003,0.12800411479260532,1.157246490600411,0.0,True,1.9852334701272664e-16
A50_ratio0p1,0.0,138.046875,0.17118478446179614,1.2874350164525215,0.0,True,1.1911400820763599e-16
A50_ratio0p1,0.0,139.53125,0.2064655980454311,1.3947796573656093,0.0,True,-1.9852334701272664e-16
A50_ratio0p1,0.0,141.015625,0.23292940151895314,1.4757212496304024,0.0,True,9.26442286059391e-17
A50_ratio0p1,0.0,142.5,0.24999999999999972,1.530149617773701,0.0,True,-6.617444900424221e-17
A50_ratio0p1,0.0,143.98437500000003,0.2574632386826621,1.5568148316547756,0.0,True,3.5734202462290796e-16
A50_ratio0p1,0.0,145.46875,0.2554741682102119,1.5570063496281537,0.0,True,-1.1911400820763599e-16
A50_ratio0p1,0.0,146.953125,0.24455002168947695,1.5317042743529183,0.0,True,-6.617444900424221e-17
A50_ratio0p1,0.0,148.4375,0.22554927580066936,1.4838632614500469,0.0,True,1.3234889800848443e-17
A50_ratio0p1,0.0,149.92187500000003,0.1996376032307166,1.4163892230078166,0.0,True,2.779326858178173e-16
A50_ratio0p1,0.0,151.40625,0.16824202740488825,1.3336650431918202,0.0,True,1.4558378780933287e-16
A50_ratio0p1,0.0,152.890625,0.13299504385208746,1.2399762549976672,0.0,True,1.9852334701272664e-16
A50_ratio0p1,0.0,154.375,0.09567085809127296,1.1405810724041043,0.0,False,9.26442286059391e-17
A50_ratio0p1,0.0,155.85937500000003,0.05811619285353774,1.0404148273515363,0.0,False,-5.293955920339377e-17
A50_ratio0p1,0.0,157.34375,0.022178326115227055,0.9448781878323563,0.0,False,1.7205356741102976e-16
A50_ratio0p1,0.0,158.828125,-0.010366872206594928,0.8587427849842157,0.0,False,2.514629062161204e-16
A50_ratio0p1,0.0,160.3125,-0.03788413704173609,0.7867722227447344,0.0,False,-1.3234889800848443e-17
A50_ratio0p1,0.0,161.79687500000003,-0.058942576952527755,0.7327956513988103,0.0,False,-9.26442286059391e-17
A50_ratio0p1,0.0,163.28125000000003,-0.0723715620869103,0.7002427585004897,0.0,False,-9.26442286059391e-17
A50_ratio0p1,0.0,164.765625,-0.07730658138905301,0.6913718759250277,0.0,False,-1.4558378780933287e-16
A50_ratio0p1,0.0,166.25,-0.07322330470336312,0.7077764899762444,0.0,False,6.617444900424221e-17
A50_ratio0p1,0.0,167.734375,-0.059958538762068296,0.7497602939495853,0.0,False,-2.6469779601696886e-17
A50_ratio0p1,0.0,169.21875000000003,-0.037717269787137256,0.8168527608240932,0.0,False,9.26442286059391e-17
A50_ratio0p1,0.0,170.703125,-0.007065520205474947,0.9073211127993971,0.0,False,-2.6469779601696886e-17
A50_ratio0p1,0.0,172.1875,0.031090707778998666,1.0187142953724202,0.0,False,-3.970466940254533e-17
A50_ratio0p1,0.0,173.671875,0.0755395942451665,1.1474950268751327,0.0,False,-9.26442286059391e-17
A50_ratio0p1,0.0,175.15625000000003,0.12480945799581691,1.2896151854553735,0.0,False,-1.7205356741102976e-16
A50_ratio0p1,0.0,176.640625,0.17722474277682823,1.4402429623484245,0.0,False,-6.617444900424221e-17
A50_ratio0p1,0.0,178.125,0.230969883127821,1.594359149462136,0.0,True,-1.4558378780933287e-16
A50_ratio0p1,0.0,179.609375,0.2841585967997873,1.7465473835015684,0.0,True,-1.7205356741102976e-16
A50_ratio0p1,0.0,181.09375000000003,0.3349059420243245,1.8915912097008218,0.0,True,-3.8381180422460484e-16
A50_ratio0p1,0.0,182.57812500000003,0.3814003715535363,2.0242912832843194,0.0,True,-6.617444900424221e-17
A50_ratio0p1,0.0,184.0625,0.4219730153974448,2.1400382472639143,0.0,True,3.970466940254533e-17
A50_ratio0p1,0.0,185.546875,0.4551615305668312,2.2346206546766036,0.0,True,-5.426304818347862e-16
A50_ratio0p1,0.0,187.03125000000003,0.479766064795871,2.304748983994854,0.0,True,-3.8381180422460484e-16
A50_ratio0p1,0.0,188.51562500000003,0.49489518415210065,2.3478222833039,0.0,True,-6.617444900424221e-17
A50_ratio0p1,40.0,0.0,-0.3005476301966259,0.16293324238027188,1.7344343180489166,True,0.0
A50_ratio0p1,40.0,1.484375,-0.29357924527592183,0.1633766543602986,1.7223611172803126,True,-2.1175823681357508e-16
A50_ratio0p1,40.0,2.96875,-0.2796959084995743,0.16416506626473942,1.6933486611477364,True,-4.2351647362715017e-16
A50_ratio0p1,40.0,4.453125,-0.2578246648489445,0.1653721587864691,1.6468728832680668,True,-2.1175823681357508e-16
A50_ratio0p1,40.0,5.9375,-0.22712977742528978,0.16702862126577003,1.5829894806750249,True,-2.1175823681357508e-16
A50_ratio0p1,40.0,7.421875000000001,-0.18427392256175767,0.1693739669596358,1.4995609819675848,True,-4.2351647362715017e-16
A50_ratio0p1,40.0,8.90625,-0.12658702899176838,0.17254574766754466,1.3953796588683844,True,-2.1175823681357508e-16
A50_ratio0p1,40.0,10.390625,-0.037481085732847565,0.17789914911483248,1.2555263703849255,True,-2.1175823681357508e-16
A50_ratio0p1,40.0,11.875,0.11771146196184892,1.8820653176401618,1.0471451090182635,False,0.0
A50_ratio0p1,40.0,13.359375000000002,0.2042628871666217,1.902031822759442,0.9068485434624977,False,-2.1175823681357508e-16
A50_ratio0p1,40.0,14.843750000000002,0.25413669405151196,1.8654474284174836,0.8045594517965947,False,-2.1175823681357508e-16
A50_ratio0p1,40.0,16.328125000000004,0.2854016618232724,1.8053029212469238,0.7240246202741856,False,-2.1175823681357508e-16
A50_ratio0p1,40.0,17.8125,0.3029920548106625,1.739248133638599,0.6619853408206274,False,-2.1175823681357508e-16
A50_ratio0p1,40.0,19.296875,0.3123000180279446,1.6799021888371986,0.6145211496188708,False,-2.1175823681357508e-16
A50_ratio0p1,40.0,20.78125,0.31573025191004006,1.6329916686503747,0.580439166155113,False,-2.1175823681357508e-16
A50_ratio0p1,40.0,22.265625,0.31544299077286203,1.6020560238610306,0.5584851583173607,False,-2.1175823681357508e-16
A50_ratio0p1,40.0,23.75,0.31228966474286163,1.5883956807952375,0.5483737184060656,False,-2.1175823681357508e-16
A50_ratio0p1,40.0,25.234375000000004,0.30651054961574786,1.5925186401739544,0.5500695568474895,False,-2.1175823681357508e-16
A50_ratio0p1,40.0,26.718750000000004,0.2977009623129735,1.6139765478887416,0.5638141634524064,False,0.0
A50_ratio0p1,40.0,28.203125000000004,0.2842212006613877,1.6507898912406633,0.5907229102383746,False,0.0
A50_ratio0p1,40.0,29.687500000000004,0.26416311006726834,1.6991657486027105,0.6318394407432856,False,-2.1175823681357508e-16
A50_ratio0p1,40.0,31.171875000000004,0.2327307014565157,1.7501417250289895,0.6907891141891795,False,0.0
A50_ratio0p1,40.0,32.65625000000001,0.18540169068287884,1.7902207763007991,0.7706633232846386,False,0.0
A50_ratio0p1,40.0,34.14062500000001,0.10462047038726956,1.7930729550930211,0.8873824103185595,False,-2.1175823681357508e-16
A50_ratio0p1,40.0,35.625,-0.041790624252136345,0.17344468833546567,1.0713481701956986,True,-2.1175823681357508e-16
A50_ratio0p1,40.0,37.109375,-0.1253401345263543,0.1707549154549442,1.1922218662307316,True,-2.1175823681357508e-16
A50_ratio0p1,40.0,38.59375,-0.17899493538062108,0.1694295124186676,1.2811236506377999,True,-2.1175823681357508e-16
A50_ratio0p1,40.0,40.078125,-0.21860049270558332,0.16855354425195596,1.35212478378859,True,0.0
A50_ratio0p1,40.0,41.5625,-0.246744708020774,0.16803633524374106,1.4061806716737337,True,-2.1175823681357508e-16
A50_ratio0p1,40.0,43.046875,-0.2666700650527122,0.1677048348166659,1.4451067745944792,True,-2.1175823681357508e-16
A50_ratio0p1,40.0,44.53125,-0.2792372039296462,0.16752461938779328,1.4685980599921487,True,-2.1175823681357508e-16
A50_ratio0p1,40.0,46.015625,-0.28554505732565383,0.16742551755828639,1.476894983860606,True,-4.2351647362715017e-16
A50_ratio0p1,40.0,47.5,-0.2858879390094405,0.16737834621988829,1.469774626861731,True,-2.1175823681357508e-16
A50_ratio0p1,40.0,48.984375,-0.2803820853885387,0.16734723783343755,1.447198174759782,True,-2.1175823681357508e-16
A50_ratio0p1,40.0,50.46875000000001,-0.26893266575454783,0.16729895241297832,1.4092849516522699,True,-2.1175823681357508e-16
A50_ratio0p1,40.0,51.95312500000001,-0.2507012394489236,0.16722301637099188,1.3557727117630098,True,-2.1175823681357508e-16
A50_ratio0p1,40.0,53.43750000000001,-0.22506615369938462,0.16707926598561967,1.28695695634428,True,-2.1175823681357508e-16
A50_ratio0p1,40.0,54.92187500000001,-0.18917914656494597,0.1669173597937805,1.2012133476963207,True,-2.1175823681357508e-16
A50_ratio0p1,40.0,56.40625000000001,-0.14084904030269613,0.1667045213795641,1.0978354169326432,True,-2.1175823681357508e-16
A50_ratio0p1,40.0,57.89062500000001,-0.06545285613613104,0.1669623970937075,0.9638896611443987,True,-2.1175823681357508e-16
A50_ratio0p1,40.0,59.37500000000001,0.06746604766241562,1.6869193374454046,0.7707497820986023,False,0.0
A50_ratio0p1,40.0,60.859375,0.13594538544995124,1.6484513740877687,0.6422799485407368,False,-2.1175823681357508e-16
A50_ratio0p1,40.0,62.34375000000001,0.17173984059071631,1.5770505999367326,0.5486268049638021,False,0.0
A50_ratio0p1,40.0,63.828125,0.19206910721697054,1.4966078005772057,0.474399336332114,False,0.0
A50_ratio0p1,40.0,65.31250000000001,0.20156067798138336,1.4195021253858968,0.4166567563193696,False,-2.1175823681357508e-16
A50_ratio0p1,40.0,66.796875,0.20507911610153998,1.3538048247375112,0.3720153425520058,False,0.0
A50_ratio0p1,40.0,68.28125000000001,0.20474595634890386,1.3031454576227988,0.3395725273346534,False,-2.1175823681357508e-16
A50_ratio0p1,40.0,69.765625,0.20249559481325632,1.2698559928808688,0.3183050342264723,False,0.0
A50_ratio0p1,40.0,71.25,0.19911559706787027,1.2549930160813163,0.3079943954877834,False,0.0
A50_ratio0p1,40.0,72.734375,0.19487990416677506,1.259259969888837,0.308572682245968,False,0.0
A50_ratio0p1,40.0,74.21875,0.18950697242138823,1.2827881064331121,0.32015721896239613,False,0.0
A50_ratio0p1,40.0,75.703125,0.18162480871976738,1.3250138154185218,0.34359259318672547,False,-2.1175823681357508e-16
A50_ratio0p1,40.0,77.1875,0.16962396339710265,1.3842681999050874,0.37961862608291463,False,-2.1175823681357508e-16
A50_ratio0p1,40.0,78.671875,0.14923105921685906,1.4560352710485653,0.43133091788046296,False,-2.1175823681357508e-16
A50_ratio0p1,40.0,80.15625,0.11620666629171929,1.5319170830683557,0.5015288473822098,False,0.0
A50_ratio0p1,40.0,81.64062500000001,0.053824919901344054,1.5946126720870288,0.6052918641660539,False,2.1175823681357508e-16
A50_ratio0p1,40.0,83.125,-0.06991082425280593,0.16235511543734402,0.7728276289772745,True,-2.1175823681357508e-16
A50_ratio0p1,40.0,84.60937500000001,-0.13948754897527377,0.16487530151555302,0.886760801035841,True,2.1175823681357508e-16
A50_ratio0p1,40.0,86.09375,-0.18359118188521095,0.1670175670772223,0.9739136438957219,True,-2.1175823681357508e-16
A50_ratio0p1,40.0,87.57812500000001,-0.21607326538933555,0.1687144846603321,1.0463446981978903,True,-2.1175823681357508e-16
A50_ratio0p1,40.0,89.0625,-0.23903885940643352,0.17004782288618672,1.1045059224545526,True,0.0
A50_ratio0p1,40.0,90.54687500000001,-0.25523843584567885,0.17103624889493083,1.1496983992824108,True,-4.2351647362715017e-16
A50_ratio0p1,40.0,92.03125,-0.26531983649293484,0.17171603716753284,1.181380225804998,True,-2.1175823681357508e-16
A50_ratio0p1,40.0,93.51562500000001,-0.2701499729766313,0.17210064928118576,1.1995341168784364,True,-2.1175823681357508e-16
A50_ratio0p1,40.0,95.0,-0.2698975107769393,0.17220110189687282,1.2037841986292297,True,2.1175823681357508e-16
A50_ratio0p1,40.0,96.484375,-0.2645504861258487,0.1720224131521703,1.1939346300276537,True,-2.1175823681357508e-16
A50_ratio0p1,40.0,97.96875,-0.2539362622166946,0.1715551166483931,1.1699966515287574,True,0.0
A50_ratio0p1,40.0,99.453125,-0.237158593958543,0.17079802749672995,1.1316185573952746,True,-2.1175823681357508e-16
A50_ratio0p1,40.0,100.93750000000001,-0.21356108222998618,0.1697182341030993,1.0790281452781059,True,-2.1175823681357508e-16
A50_ratio0p1,40.0,102.421875,-0.18033514532435402,0.16832127383564552,1.0106065781329097,True,-2.1175823681357508e-16
A50_ratio0p1,40.0,103.90625000000001,-0.1353414641172307,0.16653903505440934,0.9256639261277411,True,0.0
A50_ratio0p1,40.0,105.390625,-0.06445669434511193,0.1645521506278787,0.8117299464056795,True,-2.1175823681357508e-16
A50_ratio0p1,40.0,106.87500000000001,0.0615772200392276,1.626006341786195,0.6413395846852415,False,-2.1175823681357508e-16
A50_ratio0p1,40.0,108.359375,0.12499175138598276,1.5672101380989778,0.5341250326814151,False,2.1175823681357508e-16
A50_ratio0p1,40.0,109.84375000000001,0.15797571926287735,1.4907122989955435,0.4597597944110519,False,-2.1175823681357508e-16
A50_ratio0p1,40.0,111.328125,0.17748184107095624,1.4151253713264556,0.4030801360263654,False,-2.1175823681357508e-16
A50_ratio0p1,40.0,112.81250000000001,0.18785196830137324,1.349476422112013,0.36139062117864396,False,2.1175823681357508e-16
A50_ratio0p1,40.0,114.296875,0.19353680248042376,1.299040707308427,0.3316805994260694,False,0.0
A50_ratio0p1,40.0,115.78125000000001,0.19629998829817158,1.2660085149639573,0.31336420308561314,False,-6.352747104407253e-16
A50_ratio0p1,40.0,117.265625,0.19770802870641482,1.251565727443612,0.30574455770632825,False,-4.2351647362715017e-16
A50_ratio0p1,40.0,118.75000000000001,0.19821853728513816,1.256089579909548,0.3088914552705155,False,-2.1175823681357508e-16
A50_ratio0p1,40.0,120.234375,0.1977583933568181,1.2794757605525702,0.3230422356829099,False,0.0
A50_ratio0p1,40.0,121.71875,0.19571252879239193,1.3211395783919755,0.3486059548911648,False,0.0
A50_ratio0p1,40.0,123.203125,0.19033874719087354,1.379332152218185,0.3867557114626715,False,2.1175823681357508e-16
A50_ratio0p1,40.0,124.68750000000001,0.17966761362722578,1.4509206123407195,0.43854982067352744,False,-2.1175823681357508e-16
A50_ratio0p1,40.0,126.17187500000001,0.15902471929236386,1.5287144438708313,0.5074437242567201,False,-2.1175823681357508e-16
A50_ratio0p1,40.0,127.65625,0.12389591950613957,1.601215399954866,0.5964707260483783,False,-6.352747104407253e-16
A50_ratio0p1,40.0,129.140625,0.057331688523202966,1.6463659681736253,0.7208936454674844,False,-2.1175823681357508e-16
A50_ratio0p1,40.0,130.62500000000003,-0.07221840216593393,0.16425840650729667,0.9104342319269525,True,-2.1175823681357508e-16
A50_ratio0p1,40.0,132.109375,-0.14564407372468965,0.16477803290351395,1.0440808787329572,True,0.0
A50_ratio0p1,40.0,133.59375,-0.19263083523553998,0.1655134200221572,1.1496172118654868,True,0.0
A50_ratio0p1,40.0,135.078125,-0.22743692978899208,0.16609550535306233,1.239471130920366,True,-2.1175823681357508e-16
A50_ratio0p1,40.0,136.56250000000003,-0.25219628253102966,0.16657874710872123,1.3140870851759254,True,2.1175823681357508e-16
A50_ratio0p1,40.0,138.046875,-0.2696758256693991,0.16694667128227378,1.3747472979834856,True,-1.0587911840678754e-15
A50_ratio0p1,40.0,139.53125,-0.28047838009792087,0.16724613792888288,1.420830665995642,True,-2.1175823681357508e-16
A50_ratio0p1,40.0,141.015625,-0.2854020265425735,0.1675038404101523,1.4522181159138172,True,-4.2351647362715017e-16
A50_ratio0p1,40.0,142.5,-0.2845315097086386,0.16775647078752154,1.4684181975609285,True,-4.2351647362715017e-16
A50_ratio0p1,40.0,143.98437500000003,-0.27772057604551026,0.16805186285984505,1.4690705025804627,True,0.0
A50_ratio0p1,40.0,145.46875,-0.26466713910838685,0.16842185829697306,1.454027995170889,True,-2.1175823681357508e-16
A50_ratio0p1,40.0,146.953125,-0.24424027630471706,0.16894932517769046,1.4226769858464847,True,0.0
A50_ratio0p1,40.0,148.4375,-0.21556912354835453,0.16967232849676614,1.3750050872013144,True,-2.1175823681357508e-16
A50_ratio0p1,40.0,149.92187500000003,-0.17535538656480432,0.17078596099767096,1.3088796776478115,True,-6.352747104407253e-16
A50_ratio0p1,40.0,151.40625,-0.12097972028145666,0.1723926575940134,1.223108435538635,True,-4.2351647362715017e-16
A50_ratio0p1,40.0,152.890625,-0.03635122606389496,0.1755041385694306,1.1032329577682727,True,4.2351647362715017e-16
A50_ratio0p1,40.0,154.375,0.11200575976986674,1.8212735267348747,0.9175517861736966,False,-2.1175823681357508e-16
A50_ratio0p1,40.0,155.85937500000003,0.1935616732874904,1.8212140174027132,0.7984412074183378,False,4.2351647362715017e-16
A50_ratio0p1,40.0,157.34375,0.240710032066776,1.7801135073289818,0.7153549819007414,False,-6.352747104407253e-16
A50_ratio0p1,40.0,158.828125,0.2712295806480975,1.7254783536601759,0.652290234997598,False,0.0
A50_ratio0p1,40.0,160.3125,0.28973915543483547,1.671360710032076,0.6062633953757188,False,2.1175823681357508e-16
A50_ratio0p1,40.0,161.79687500000003,0.30119241528674723,1.6273679028525827,0.5737516956130154,False,-2.1175823681357508e-16
A50_ratio0p1,40.0,163.28125000000003,0.3076266962265458,1.5976990585485373,0.5538884295388341,False,0.0
A50_ratio0p1,40.0,164.765625,0.3108440580914912,1.5848050586884415,0.5457360483717463,False,0.0
A50_ratio0p1,40.0,166.25,0.311392255183338,1.5894882696733739,0.5492711279655892,False,2.1175823681357508e-16
A50_ratio0p1,40.0,167.734375,0.3092001560308648,1.6116933582963908,0.5647279930593574,False,-2.1175823681357508e-16
A50_ratio0p1,40.0,169.21875000000003,0.3035647041603785,1.6504990869797254,0.5926047139047745,False,0.0
A50_ratio0p1,40.0,170.703125,0.29250136340228,1.702910074758058,0.6343198042445355,False,0.0
A50_ratio0p1,40.0,172.1875,0.2737502824445141,1.763718114554929,0.691227113186775,False,2.1175823681357508e-16
A50_ratio0p1,40.0,173.671875,0.24210404346787193,1.8211770204403814,0.767322238629585,False,2.1175823681357508e-16
A50_ratio0p1,40.0,175.15625000000003,0.19274031921993498,1.8584511245515332,0.8659558266281724,False,-2.1175823681357508e-16
A50_ratio0p1,40.0,176.640625,0.10785530132741065,1.8441756710958672,1.003256129301708,False,-2.1175823681357508e-16
A50_ratio0p1,40.0,178.125,-0.044289166421921114,0.17529775817403517,1.209145737402032,True,-4.2351647362715017e-16
A50_ratio0p1,40.0,179.609375,-0.1316379811163912,0.1706196482994346,1.3496832657684692,True,2.1175823681357508e-16
A50_ratio0p1,40.0,181.09375000000003,-0.1881412333771267,0.16789767355169935,1.4569338632537414,True,-2.1175823681357508e-16
A50_ratio0p1,40.0,182.57812500000003,-0.23004424924883818,0.1659149574697603,1.5453313086546645,True,-2.1175823681357508e-16
A50_ratio0p1,40.0,184.0625,-0.2599621537556661,0.1645541150950661,1.615821857005401,True,0.0
A50_ratio0p1,40.0,185.546875,-0.2811524496460788,0.16360708118260978,1.6702006680652002,True,-2.1175823681357508e-16
A50_ratio0p1,40.0,187.03125000000003,-0.29443027968455543,0.16305025343918494,1.708083032332717,True,-2.1175823681357508e-16
A50_ratio0p1,40.0,188.51562500000003,-0.30082524898541,0.16282678277914453,1.7296071209898014,True,-6.352747104407253e-16
A50_ratio0p1,160.0,0.0,-0.2929667442315573,0.15811488008910976,3.632638276340644,True,0.0
A50_ratio0p1,160.0,1.484375,-0.2871436458110455,0.15812060325385005,3.621710362072231,True,4.2351647362715017e-16
A50_ratio0p1,160.0,2.96875,-0.2753040484880879,0.15813091654248893,3.5947416453930447,True,4.2351647362715017e-16
A50_ratio0p1,160.0,4.453125,-0.2565262516387891,0.158146347439744,3.5513593143147073,True,8.470329472543003e-16
A50_ratio0p1,160.0,5.9375,-0.23006840949122256,0.15816747347410676,3.4917129569977536,True,4.2351647362715017e-16
A50_ratio0p1,160.0,7.421875000000001,-0.1930631353062076,0.15819568975375078,3.4141350389688285,True,4.2351647362715017e-16
A50_ratio0p1,160.0,8.90625,-0.14318318225899213,0.15823253307568622,3.317760656392404,True,0.0
A50_ratio0p1,160.0,10.390625,-0.06634775913845202,0.1582837731495681,3.190177888047325,True,4.2351647362715017e-16
A50_ratio0p1,160.0,11.875,0.06680666808398118,1.5836210375567914,3.003834747152927,False,4.2351647362715017e-16
A50_ratio0p1,160.0,13.359375000000002,0.14371501970773495,1.5843479992523848,2.8731812551781806,False,0.0
A50_ratio0p1,160.0,14.843750000000002,0.19369740663661392,1.5849964228534736,2.7707835834682886,False,4.2351647362715017e-16
A50_ratio0p1,160.0,16.328125000000004,0.2308130425341941,1.5855570326592652,2.6843980838200596,False,0.0
A50_ratio0p1,160.0,17.8125,0.2573763603056121,1.5860115207013519,2.6133858795824727,False,8.470329472543003e-16
A50_ratio0p1,160.0,19.296875,0.27624594027890065,1.5863560020310283,2.55636007162471,False,0.0
A50_ratio0p1,160.0,20.78125,0.28815829081448885,1.5865903724466972,2.5137959715074594,False,4.2351647362715017e-16
A50_ratio0p1,160.0,22.265625,0.2940319187730531,1.5867203272698716,2.4856810745739644,False,0.0
A50_ratio0p1,160.0,23.75,0.29406284954793765,1.586752488953592,2.472385377857785,False,4.2351647362715017e-16
A50_ratio0p1,160.0,25.234375000000004,0.2882512356586766,1.5866926973993085,2.4741137150613564,False,4.2351647362715017e-16
A50_ratio0p1,160.0,26.718750000000004,0.2764016921219268,1.5865458946054627,2.4908982779002478,False,0.0
A50_ratio0p1,160.0,28.203125000000004,0.2575949080448174,1.5863131389353138,2.52313404711174,False,0.0
A50_ratio0p1,160.0,29.687500000000004,0.23109312784701977,1.5859970864244541,2.5706942672203295,False,4.2351647362715017e-16
A50_ratio0p1,160.0,31.171875000000004,0.1940336951795817,1.5855945654783739,2.635270964722909,False,0.0
A50_ratio0p1,160.0,32.65625000000001,0.14409754531060603,1.585110710034226,2.7177523129137064,False,4.2351647362715017e-16
A50_ratio0p1,160.0,34.14062500000001,0.06721217642881984,1.584519359876819,2.8305755485338047,False,4.2351647362715017e-16
A50_ratio0p1,160.0,35.625,-0.06596428273179465,0.15837810566533053,3.001306672932153,True,8.470329472543003e-16
A50_ratio0p1,160.0,37.109375,-0.1427983817702368,0.1583338240663014,3.115464957731409,True,4.2351647362715017e-16
A50_ratio0p1,160.0,38.59375,-0.19266879992048117,0.15830435153255248,3.2005823594344553,True,4.2351647362715017e-16
A50_ratio0p1,160.0,40.078125,-0.22966457091123307,0.1582825896565516,3.2689737062510353,True,4.2351647362715017e-16
A50_ratio0p1,160.0,41.5625,-0.25611464075237633,0.15826666457988803,3.321335448662132,True,4.2351647362715017e-16
A50_ratio0p1,160.0,43.046875,-0.2748892420783436,0.15825455245423667,3.3591107958769055,True,4.2351647362715017e-16
A50_ratio0p1,160.0,44.53125,-0.2867318601456199,0.1582452253150194,3.3818775604649174,True,4.2351647362715017e-16
A50_ratio0p1,160.0,46.015625,-0.2925668428215624,0.15823744497370681,3.389701613613311,True,8.470329472543003e-16
A50_ratio0p1,160.0,47.5,-0.2925934528350825,0.15823038114177415,3.3822649849441686,True,4.2351647362715017e-16
A50_ratio0p1,160.0,48.984375,-0.28681528128928696,0.1582229773664809,3.359416214917326,True,4.2351647362715017e-16
A50_ratio0p1,160.0,50.46875000000001,-0.27503853753703733,0.15821440890318228,3.321175667691555,True,8.470329472543003e-16
A50_ratio0p1,160.0,51.95312500000001,-0.25634702916152685,0.15820352382074468,3.2672033457324097,True,4.2351647362715017e-16
A50_ratio0p1,160.0,53.43750000000001,-0.2300040071022218,0.15818932619086673,3.197679654003912,True,4.2351647362715017e-16
A50_ratio0p1,160.0,54.92187500000001,-0.19315216410703598,0.1581700999441735,3.110971209495206,True,4.2351647362715017e-16
A50_ratio0p1,160.0,56.40625000000001,-0.14347466074781443,0.15814415185445838,3.006245881634557,True,0.0
A50_ratio0p1,160.0,57.89062500000001,-0.06692619049454662,0.15810622835755547,2.8711478397596095,True,4.2351647362715017e-16
A50_ratio0p1,160.0,59.37500000000001,0.06578122371165256,1.5804550919079696,2.678219450306161,False,4.2351647362715017e-16
A50_ratio0p1,160.0,60.859375,0.1422719727618268,1.5798820706894985,2.541738205485657,False,4.2351647362715017e-16
A50_ratio0p1,160.0,62.34375000000001,0.19186688164574386,1.5793253129284082,2.43428460816557,False,4.2351647362715017e-16
A50_ratio0p1,160.0,63.828125,0.22862964001296063,1.5787900167700453,2.343623647792918,False,0.0
A50_ratio0p1,160.0,65.31250000000001,0.25489127019326513,1.5783089418037701,2.269111008364285,False,0.0
A50_ratio0p1,160.0,66.796875,0.27352203563221694,1.577913478577686,2.2093572672781234,False,0.0
A50_ratio0p1,160.0,68.28125000000001,0.28526972840933323,1.577637330634221,2.164833599531017,False,0.0
A50_ratio0p1,160.0,69.765625,0.2910597995642184,1.5775067715569389,2.1355256737323045,False,0.0
A50_ratio0p1,160.0,71.25,0.2910922629012415,1.5775403517856155,2.121802573911208,False,4.2351647362715017e-16
A50_ratio0p1,160.0,72.734375,0.2853672831539193,1.5777442368373524,2.123870147515619,False,0.0
A50_ratio0p1,160.0,74.21875,0.2736855302314677,1.5781120900384555,2.1417635054091115,False,4.2351647362715017e-16
A50_ratio0p1,160.0,75.703125,0.2551207131642854,1.5786247669942588,2.1758815329990004,False,0.0
A50_ratio0p1,160.0,77.1875,0.2289237330155431,1.579251263156927,2.226103700721269,False,4.2351647362715017e-16
A50_ratio0p1,160.0,78.671875,0.19222003999440143,1.5799527550944625,2.294126781359716,False,0.0
A50_ratio0p1,160.0,80.15625,0.1426737404949882,1.5806826117385553,2.380846617435735,False,0.0
A50_ratio0p1,160.0,81.64062500000001,0.06620717508614217,1.5813983613651428,2.4986944532380497,False,4.2351647362715017e-16
A50_ratio0p1,160.0,83.125,-0.06652334921298814,0.15820531064839338,2.6752249981942526,True,4.2351647362715017e-16
A50_ratio0p1,160.0,84.60937500000001,-0.1430704289346579,0.15825055320396678,2.7961285252520196,True,8.470329472543003e-16
A50_ratio0p1,160.0,86.09375,-0.1927379421493506,0.15828424106272598,2.8888452484166574,True,4.2351647362715017e-16
A50_ratio0p1,160.0,87.57812500000001,-0.22957985529970923,0.15831023273470926,2.96563613236506,True,4.2351647362715017e-16
A50_ratio0p1,160.0,89.0625,-0.2559147930701709,0.15832986743682623,3.0271667003750853,True,0.0
A50_ratio0p1,160.0,90.54687500000001,-0.27460305808137375,0.1583441987258553,3.0748478657749008,True,4.2351647362715017e-16
A50_ratio0p1,160.0,92.03125,-0.28638312300040214,0.15835374882415756,3.1082283565692603,True,0.0
A50_ratio0p1,160.0,93.51562500000001,-0.29217396948936464,0.15835891987930129,3.127342957647965,True,8.470329472543003e-16
A50_ratio0p1,160.0,95.0,-0.29217166618044754,0.15835986018961695,3.131843198289533,True,4.2351647362715017e-16
A50_ratio0p1,160.0,96.484375,-0.28637613573465526,0.15835660615012087,3.1215451238932554,True,4.2351647362715017e-16
A50_ratio0p1,160.0,97.96875,-0.27459133576709793,0.15834900950427502,3.096436569335956,True,4.2351647362715017e-16
A50_ratio0p1,160.0,99.453125,-0.2558980866247321,0.15833675940742073,3.0561428943182594,True,4.2351647362715017e-16
A50_ratio0p1,160.0,100.93750000000001,-0.22955790912557517,0.15831934864866307,3.00080981643049,True,4.2351647362715017e-16
A50_ratio0p1,160.0,102.421875,-0.19271006712905825,0.15829591468779933,2.9287663441944094,True,4.2351647362715017e-16
A50_ratio0p1,160.0,103.90625000000001,-0.1430357270534235,0.15826522132283904,2.83914303332073,True,8.470329472543003e-16
A50_ratio0p1,160.0,105.390625,-0.06647869077557356,0.15822435205112553,2.7195367870929363,True,0.0
A50_ratio0p1,160.0,106.87500000000001,0.06626966929297269,1.581666304304659,2.542431979688291,False,0.0
A50_ratio0p1,160.0,108.359375,0.14274250576767003,1.5809820468237452,2.4221591225565224,False,0.0
A50_ratio0p1,160.0,109.84375000000001,0.19228493981746,1.5802435680676634,2.331235418113265,False,4.2351647362715017e-16
A50_ratio0p1,160.0,111.328125,0.2289762236346552,1.5794996590321775,2.2573705977194614,False,0.0
A50_ratio0p1,160.0,112.81250000000001,0.2551529568244656,1.578799458030818,2.199874476912348,False,4.2351647362715017e-16
A50_ratio0p1,160.0,114.296875,0.27369140829371563,1.578188276396231,2.1573108378695722,False,0.0
A50_ratio0p1,160.0,115.78125000000001,0.285342548357277,1.5777041466989676,2.1301064872833044,False,-4.2351647362715017e-16
A50_ratio0p1,160.0,117.265625,0.2910351788130074,1.5773757767804388,2.1182022518565304,False,4.2351647362715017e-16
A50_ratio0p1,160.0,118.75000000000001,0.2909711090039696,1.5772189811013035,2.12192372780848,False,0.0
A50_ratio0p1,160.0,120.234375,0.2851528839120788,1.577238048597709,2.1414325893844435,False,0.0
A50_ratio0p1,160.0,121.71875,0.2733827697501263,1.5774233099024588,2.176720558190226,False,4.2351647362715017e-16
A50_ratio0p1,160.0,123.203125,0.25473747608290404,1.5777570033484172,2.2281418268274367,False,4.2351647362715017e-16
A50_ratio0p1,160.0,124.68750000000001,0.2284705167634289,1.578210736558609,2.295531761794119,False,4.2351647362715017e-16
A50_ratio0p1,160.0,126.17187500000001,0.19171275776465413,1.5787577998243283,2.3805405300412246,False,4.2351647362715017e-16
A50_ratio0p1,160.0,127.65625,0.14213305463407333,1.5793653675139785,2.484018435177239,False,0.0
A50_ratio0p1,160.0,129.140625,0.06566906507990694,1.580033751379895,2.618341113167575,False,4.2351647362715017e-16
A50_ratio0p1,160.0,130.62500000000003,-0.0669986743843789,0.15807864625122628,2.8109993484021927,True,4.2351647362715017e-16
A50_ratio0p1,160.0,132.109375,-0.14352314986953818,0.15812530911271486,2.947744799134601,True,0.0
A50_ratio0p1,160.0,133.59375,-0.1931839155046816,0.15815732846684474,3.0559551363914235,True,0.0
A50_ratio0p1,160.0,135.078125,-0.23002232298825218,0.15818143528116158,3.1478413683764215,True,0.0
A50_ratio0p1,160.0,136.56250000000003,-0.25635449551132244,0.15819958334432727,3.224030142413013,True,0.0
A50_ratio0p1,160.0,138.046875,-0.27503681810376945,0.15821383054932864,3.285893134674651,True,0.0
A50_ratio0p1,160.0,139.53125,-0.2868057857969789,0.15822526424498515,3.3329429159514947,True,0.0
A50_ratio0p1,160.0,141.015625,-0.29257712786796325,0.15823520836964572,3.3651780614960023,True,0.0
A50_ratio0p1,160.0,142.5,-0.29254450208798516,0.1582445363607613,3.3822160341970697,True,0.0
A50_ratio0p1,160.0,143.98437500000003,-0.2867039801562439,0.15825443153740945,3.383838750947992,True,4.2351647362715017e-16
A50_ratio0p1,160.0,145.46875,-0.27485621160875134,0.15826575837203538,3.37000191192805,True,8.470329472543003e-16
A50_ratio0p1,160.0,146.953125,-0.25607650058792925,0.15827988823767472,3.3402980543864924,True,8.470329472543003e-16
A50_ratio0p1,160.0,148.4375,-0.22962126535503583,0.1582978894255138,3.2948420732647903,True,0.0
A50_ratio0p1,160.0,149.92187500000003,-0.19261966701953254,0.15832201913316293,3.2319288023593353,True,0.0
A50_ratio0p1,160.0,151.40625,-0.14274244511002837,0.15835427835175905,3.1506560046240013,True,4.2351647362715017e-16
A50_ratio0p1,160.0,152.890625,-0.06589779722567417,0.15840281861812217,3.0385643731868472,True,0.0
A50_ratio0p1,160.0,154.375,0.06729872289618415,1.5848457573282684,2.8680436673041747,False,4.2351647362715017e-16
A50_ratio0p1,160.0,155.85937500000003,0.14418986103580556,1.5854640839290794,2.753597863926818,False,0.0
A50_ratio0p1,160.0,157.34375,0.19412008261912664,1.5859319143547,2.667729775605186,False,4.2351647362715017e-16
A50_ratio0p1,160.0,158.828125,0.2311642133870171,1.5862837419003997,2.5981404465154734,False,1.2705494208814505e-15
A50_ratio0p1,160.0,160.3125,0.2576422656312477,1.5865176334593154,2.544145129436102,False,8.470329472543003e-16
A50_ratio0p1,160.0,161.79687500000003,0.2764188665230082,1.5866437715818864,2.5043100886335496,False,8.470329472543003e-16
A50_ratio0p1,160.0,163.28125000000003,0.28823375355388586,1.5866665701501022,2.47906621646829,False,0.0
A50_ratio0p1,160.0,164.765625,0.29400886335150145,1.586594463218004,2.468356087368531,False,0.0
A50_ratio0p1,160.0,166.25,0.2939421033569522,1.5864316787006623,2.47250612404877,False,0.0
A50_ratio0p1,160.0,167.734375,0.2880361057998562,1.586182577759898,2.4916768875471607,False,0.0
A50_ratio0p1,160.0,169.21875000000003,0.27609717430846137,1.5858491424516274,2.5258570880134874,False,0.0
A50_ratio0p1,160.0,170.703125,0.2572090876278838,1.5854341743354081,2.5753969242757266,False,0.0
A50_ratio0p1,160.0,172.1875,0.23063676742508352,1.5849432018895964,2.640125472463001,False,4.2351647362715017e-16
A50_ratio0p1,160.0,173.671875,0.19352302715216113,1.5843853843230045,2.7216880992020913,False,8.470329472543003e-16
A50_ratio0p1,160.0,175.15625000000003,0.14355356573657455,1.583779717101452,2.820927424368328,False,-4.2351647362715017e-16
A50_ratio0p1,160.0,176.640625,0.06667124778061215,1.5831430236651616,2.9502250271053017,False,4.2351647362715017e-16
A50_ratio0p1,160.0,178.125,-0.0664415223459422,0.15825064458787383,3.1370829375828495,True,4.2351647362715017e-16
A50_ratio0p1,160.0,179.609375,-0.1432525126431001,0.15820799400557403,3.2670826415519736,True,-4.2351647362715017e-16
A50_ratio0p1,160.0,181.09375000000003,-0.19311585888676433,0.1581769889039578,3.367693333020174,True,4.2351647362715017e-16
A50_ratio0p1,160.0,182.57812500000003,-0.2301078809650686,0.1581534442804711,3.451179784627691,True,8.470329472543003e-16
A50_ratio0p1,160.0,184.0625,-0.2565550103141093,0.1581361064756574,3.5181995578206386,True,8.470329472543003e-16
A50_ratio0p1,160.0,185.546875,-0.275323545224207,0.15812396310944038,3.570156607900124,True,8.470329472543003e-16
A50_ratio0p1,160.0,187.03125000000003,-0.2871549912220932,0.1581165524216543,3.6065925881270506,True,4.2351647362715017e-16
A50_ratio0p1,160.0,188.51562500000003,-0.2929704400463733,0.1581135598180141,3.62753715630756,True,8.470329472543003e-16
A12_ratio10_shift,0.0,0.0,0.5,2.3623837608327865,0.0,False,-2.779326858178173e-16
A12_ratio10_shift,0.0,1.484375,0.49489518415210065,2.347822283303895,0.0,False,-2.779326858178173e-16
A12_ratio10_shift,0.0,2.96875,0.47976606479587086,2.3047489839948527,0.0,False,-1.7205356741102976e-16
A12_ratio10_shift,0.0,4.453125,0.45516153056683156,2.2346206546766165,0.0,False,-4.367513634279986e-16
A12_ratio10_shift,0.0,5.9375,0.42197301539744453,2.1400382472638975,0.0,False,-1.3234889800848443e-17
A12_ratio10_shift,0.0,7.421875000000001,0.3814003715535366,2.0242912832843243,0.0,False,9.26442286059391e-17
A12_ratio10_shift,0.0,8.90625,0.3349059420243247,1.8915912097008296,0.0,False,9.26442286059391e-17
A12_ratio10_shift,0.0,10.390625,0.2841585967997873,1.7465473835015626,0.0,False,2.514629062161204e-16
A12_ratio10_shift,0.0,11.875,0.23096988312782177,1.5943591494621463,0.0,False,1.3234889800848443e-17
A12_ratio10_shift,0.0,13.359375000000002,0.17722474277682881,1.4402429623484325,0.0,False,-1.3234889800848443e-17
A12_ratio10_shift,0.0,14.843750000000002,0.12480945799581636,1.2896151854553501,0.0,False,-3.970466940254533e-17
A12_ratio10_shift,0.0,16.328125000000004,0.07553959424516744,1.1474950268751485,0.0,False,-9.26442286059391e-17
A12_ratio10_shift,0.0,17.8125,0.031090707778999593,1.018714295372429,0.0,False,-5.293955920339377e-17
A12_ratio10_shift,0.0,19.296875,-0.007065520205475,0.9073211127993922,0.0,False,7.940933880509066e-17
A12_ratio10_shift,0.0,20.78125,-0.037717269787137415,0.8168527608240855,0.0,True,1.1911400820763599e-16
A12_ratio10_shift,0.0,22.265625,-0.059958538762067796,0.7497602939495953,0.0,True,-1.3234889800848443e-17
A12_ratio10_shift,0.0,23.75,-0.07322330470336304,0.7077764899762384,0.0,True,-1.3234889800848443e-17
A12_ratio10_shift,0.0,25.234375000000004,-0.07730658138905301,0.691371875925033,0.0,True,1.0587911840678754e-16
A12_ratio10_shift,0.0,26.718750000000004,-0.0723715620869103,0.7002427585004884,0.0,False,-6.617444900424221e-17
A12_ratio10_shift,0.0,28.203125000000004,-0.05894257695252797,0.7327956513988102,0.0,False,3.970466940254533e-17
A12_ratio10_shift,0.0,29.687500000000004,-0.03788413704173633,0.7867722227447342,0.0,False,-1.3234889800848443e-17
A12_ratio10_shift,0.0,31.171875000000004,-0.010366872206595113,0.8587427849842102,0.0,False,-6.617444900424221e-17
A12_ratio10_shift,0.0,32.65625000000001,0.022178326115227045,0.94487818783235,0.0,False,-6.617444900424221e-17
A12_ratio10_shift,0.0,34.14062500000001,0.05811619285353858,1.0404148273515614,0.0,False,-1.4558378780933287e-16
A12_ratio10_shift,0.0,35.625,0.09567085809127227,1.140581072404088,0.0,False,-2.6469779601696886e-17
A12_ratio10_shift,0.0,37.109375,0.13299504385208694,1.2399762549976618,0.0,False,-3.970466940254533e-17
A12_ratio10_shift,0.0,38.59375,0.16824202740488794,1.3336650431918224,0.0,False,1.4558378780933287e-16
A12_ratio10_shift,0.0,40.078125,0.1996376032307165,1.4163892230078148,0.0,False,-9.26442286059391e-17
A12_ratio10_shift,0.0,41.5625,0.22554927580066894,1.4838632614500449,0.0,False,-1.3234889800848443e-17
A12_ratio10_shift,0.0,43.046875,0.24455002168947665,1.531704274352919,0.0,False,3.970466940254533e-17
A12_ratio10_shift,0.0,44.53125,0.2554741682102118,1.5570063496281563,0.0,False,-6.617444900424221e-17
A12_ratio10_shift,0.0,46.015625,0.2574632386826621,1.5568148316547674,0.0,False,9.26442286059391e-17
A12_ratio10_shift,0.0,47.5,0.25000000000000006,1.5301496177737117,0.0,False,3.970466940254533e-17
A12_ratio10_shift,0.0,48.984375,0.23292940151895314,1.475721249630396,0.0,False,1.4558378780933287e-16
A12_ratio10_shift,0.0,50.46875000000001,0.20646559804543152,1.3947796573656237,0.0,False,3.970466940254533e-17
A12_ratio10_shift,0.0,51.95312500000001,0.1711847844617958,1.287435016452515,0.0,False,1.4558378780933287e-16
A12_ratio10_shift,0.0,53.43750000000001,0.1280041147926049,1.157246490600388,0.0,False,-1.3234889800848443e-17
A12_ratio10_shift,0.0,54.92187500000001,0.07814751327908463,1.0044134271661416,0.0,False,2.6469779601696886e-17
A12_ratio10_shift,0.0,56.40625000000001,0.02309968877765684,0.8348500413394452,0.0,False,2.6469779601696886e-17
A12_ratio10_shift,0.0,57.89062500000001,-0.03544988284402277,0.6430047381666633,0.0,False,-1.1911400820763599e-16
A12_ratio10_shift,0.0,59.37500000000001,-0.09567085809127232,0.4381749517531529,0.0,False,6.617444900424221e-17
A12_ratio10_shift,0.0,60.859375,-0.15566135386160224,0.11307435701081785,0.0,False,-1.9852334701272664e-16
A12_ratio10_shift,0.0,62.34375000000001,-0.21352004229777188,0.0,0.0,False,0.014337942385639589
A12_ratio10_shift,0.0,63.828125,-0.2674182443032058,0.0,0.0,False,0.04028213423276763
A12_ratio10_shift,0.0,65.31250000000001,-0.3156692535515375,0.0,0.0,False,0.06934449708960143
A12_ratio10_shift,0.0,66.796875,-0.35679222919874465,0.0,0.0,False,0.09741236519160099
A12_ratio10_shift,0.0,68.28125000000001,-0.3895682041687332,0.0,0.0,True,0.12179076747964189
A12_ratio10_shift,0.0,69.765625,-0.41308605881256205,0.0,0.0,True,0.14064967255788094
A12_ratio10_shift,0.0,71.25,-0.42677669529663675,0.0,0.0,True,0.15273716876584026
A12_ratio10_shift,0.0,72.734375,-0.4304341014395474,0.0,0.0,True,0.15740678309328385
A12_ratio10_shift,0.0,74.21875,-0.42422249646850596,0.0,0.0,False,0.15449168570988425
A12_ratio10_shift,0.0,75.703125,-0.4086692859457976,0.0,0.0,False,0.14435292243969963
A12_ratio10_shift,0.0,77.1875,-0.38464409837227337,0.0,0.0,False,0.1277763684752683
A12_ratio10_shift,0.0,78.671875,-0.3533247107549686,0.0,0.0,False,0.10602336880523713
A12_ratio10_shift,0.0,80.15625,-0.31615117417836136,0.0,0.0,False,0.08072211561150637
A12_ratio10_shift,0.0,81.64062500000001,-0.2747699037848928,0.0,0.0,False,0.05400255569048551
A12_ratio10_shift,0.0,83.125,-0.23096988312782174,0.0,0.0,False,0.028404081207378796
A12_ratio10_shift,0.0,84.60937500000001,-0.1866134357917229,0.0,0.0,False,0.007930116350994732
A12_ratio10_shift,0.0,86.09375,-0.14356422584178014,0.15305872689184463,0.0,False,1.1911400820763599e-16
A12_ratio10_shift,0.0,87.57812500000001,-0.10361525504373519,0.3591469770479233,0.0,False,1.9852334701272664e-16
A12_ratio10_shift,0.0,89.0625,-0.06841962480417095,0.482747054154269,0.0,False,9.26442286059391e-17
A12_ratio10_shift,0.0,90.54687500000001,-0.03942672441555893,0.5787482534609013,0.0,False,6.617444900424221e-17
A12_ratio10_shift,0.0,92.03125,-0.017826298540227464,0.6465302053094443,0.0,False,1.1911400820763599e-16
A12_ratio10_shift,0.0,93.51562500000001,-0.004502543950485486,0.6877910520589472,0.0,False,9.26442286059391e-17
A12_ratio10_shift,0.0,95.0,2.274746684520826e-17,0.7014915975822982,0.0,False,3.970466940254533e-17
A12_ratio10_shift,0.0,96.484375,-0.004502543950485433,0.6877910520589493,0.0,False,1.4558378780933287e-16
A12_ratio10_shift,0.0,97.96875,-0.017826298540227544,0.6465302053094463,0.0,False,4.1028158382630173e-16
A12_ratio10_shift,0.0,99.453125,-0.03942672441555879,0.5787482534608973,0.0,False,-1.7205356741102976e-16
A12_ratio10_shift,0.0,100.93750000000001,-0.06841962480417077,0.48274705415426883,0.0,False,-3.970466940254533e-17
A12_ratio10_shift,0.0,102.421875,-0.103615255043735,0.35914697704792803,0.0,False,3.5734202462290796e-16
A12_ratio10_shift,0.0,103.90625000000001,-0.1435642258417799,0.15305872689184308,0.0,False,-1.3234889800848443e-17
A12_ratio10_shift,0.0,105.390625,-0.18661343579172274,0.0,0.0,False,0.007930116350994627
A12_ratio10_shift,0.0,106.87500000000001,-0.23096988312782155,0.0,0.0,False,0.028404081207378636
A12_ratio10_shift,0.0,108.359375,-0.2747699037848926,0.0,0.0,False,0.0540025556904854
A12_ratio10_shift,0.0,109.84375000000001,-0.31615117417836114,0.0,0.0,False,0.0807221156115062
A12_ratio10_shift,0.0,111.328125,-0.35332471075496874,0.0,0.0,False,0.10602336880523734
A12_ratio10_shift,0.0,112.81250000000001,-0.3846440983722732,0.0,0.0,False,0.12777636847526824
A12_ratio10_shift,0.0,114.296875,-0.40866928594579727,0.0,0.0,False,0.14435292243969935
A12_ratio10_shift,0.0,115.78125000000001,-0.42422249646850585,0.0,0.0,True,0.15449168570988425
A12_ratio10_shift,0.0,117.265625,-0.4304341014395474,0.0,0.0,True,0.15740678309328385
A12_ratio10_shift,0.0,118.75000000000001,-0.4267766952966369,0.0,0.0,True,0.15273716876584043
A12_ratio10_shift,0.0,120.234375,-0.41308605881256216,0.0,0.0,True,0.140649672557881
A12_ratio10_shift,0.0,121.71875,-0.38956820416873333,0.0,0.0,False,0.12179076747964189
A12_ratio10_shift,0.0,123.203125,-0.35679222919874515,0.0,0.0,False,0.0974123651916014
A12_ratio10_shift,0.0,124.68750000000001,-0.3156692535515374,0.0,0.0,False,0.06934449708960119
A12_ratio10_shift,0.0,126.17187500000001,-0.2674182443032061,0.0,0.0,False,0.040282134232767816
A12_ratio10_shift,0.0,127.65625,-0.21352004229777213,0.0,0.0,False,0.014337942385639589
A12_ratio10_shift,0.0,129.140625,-0.1556613538616031,0.11307435701080588,0.0,False,9.26442286059391e-17
A12_ratio10_shift,0.0,130.62500000000003,-0.09567085809127207,0.4381749517531674,0.0,False,1.852884572118782e-16
A12_ratio10_shift,0.0,132.109375,-0.03544988284402279,0.6430047381666559,0.0,False,-2.3161057151484775e-16
A12_ratio10_shift,0.0,133.59375,0.02309968877765681,0.8348500413394613,0.0,False,1.852884572118782e-16
A12_ratio10_shift,0.0,135.078125,0.07814751327908341,1.0044134271661065,0.0,False,-1.1911400820763599e-16
A12_ratio10_shift,0.0,136.56250000000003,0.12800411479260532,1.157246490600411,0.0,False,1.9852334701272664e-16
A12_ratio10_shift,0.0,138.046875,0.17118478446179614,1.2874350164525215,0.0,False,1.1911400820763599e-16
A12_ratio10_shift,0.0,139.53125,0.2064655980454311,1.3947796573656093,0.0,False,-1.9852334701272664e-16
A12_ratio10_shift,0.0,141.015625,0.23292940151895314,1.4757212496304024,0.0,False,9.26442286059391e-17
A12_ratio10_shift,0.0,142.5,0.24999999999999972,1.530149617773701,0.0,False,-6.617444900424221e-17
A12_ratio10_shift,0.0,143.98437500000003,0.2574632386826621,1.5568148316547756,0.0,False,3.5734202462290796e-16
A12_ratio10_shift,0.0,145.46875,0.2554741682102119,1.5570063496281537,0.0,False,-1.1911400820763599e-16
A12_ratio10_shift,0.0,146.953125,0.24455002168947695,1.5317042743529183,0.0,False,-6.617444900424221e-17
A12_ratio10_shift,0.0,148.4375,0.22554927580066936,1.4838632614500469,0.0,False,1.3234889800848443e-17
A12_ratio10_shift,0.0,149.92187500000003,0.1996376032307166,1.4163892230078166,0.0,False,2.779326858178173e-16
A12_ratio10_shift,0.0,151.40625,0.16824202740488825,1.3336650431918202,0.0,False,1.4558378780933287e-16
A12_ratio10_shift,0.0,152.890625,0.13299504385208746,1.2399762549976672,0.0,False,1.9852334701272664e-16
A12_ratio10_shift,0.0,154.375,0.09567085809127296,1.1405810724041043,0.0,False,9.26442286059391e-17
A12_ratio10_shift,0.0,155.85937500000003,0.05811619285353774,1.0404148273515363,0.0,False,-5.293955920339377e-17
A12_ratio10_shift,0.0,157.34375,0.022178326115227055,0.9448781878323563,0.0,False,1.7205356741102976e-16
A12_ratio10_shift,0.0,158.828125,-0.010366872206594928,0.8587427849842157,0.0,False,2.514629062161204e-16
A12_ratio10_shift,0.0,160.3125,-0.03788413704173609,0.7867722227447344,0.0,False,-1.3234889800848443e-17
A12_ratio10_shift,0.0,161.79687500000003,-0.058942576952527755,0.7327956513988103,0.0,False,-9.26442286059391e-17
A12_ratio10_shift,0.0,163.28125000000003,-0.0723715620869103,0.7002427585004897,0.0,True,-9.26442286059391e-17
A12_ratio10_shift,0.0,164.765625,-0.07730658138905301,0.6913718759250277,0.0,True,-1.4558378780933287e-16
A12_ratio10_shift,0.0,166.25,-0.07322330470336312,0.7077764899762444,0.0,True,6.617444900424221e-17
A12_ratio10_shift,0.0,167.734375,-0.059958538762068296,0.7497602939495853,0.0,True,-2.6469779601696886e-17
A12_ratio10_shift,0.0,169.21875000000003,-0.037717269787137256,0.8168527608240932,0.0,False,9.26442286059391e-17
A12_ratio10_shift,0.0,170.703125,-0.007065520205474947,0.9073211127993971,0.0,False,-2.6469779601696886e-17
A12_ratio10_shift,0.0,172.1875,0.031090707778998666,1.0187142953724202,0.0,False,-3.970466940254533e-17
A12_ratio10_shift,0.0,173.671875,0.0755395942451665,1.1474950268751327,0.0,False,-9.26442286059391e-17
A12_ratio10_shift,0.0,175.15625000000003,0.12480945799581691,1.2896151854553735,0.0,False,-1.7205356741102976e-16
A12_ratio10_shift,0.0,176.640625,0.17722474277682823,1.4402429623484245,0.0,False,-6.617444900424221e-17
A12_ratio10_shift,0.0,178.125,0.230969883127821,1.594359149462136,0.0,False,-1.4558378780933287e-16
A12_ratio10_shift,0.0,179.609375,0.2841585967997873,1.7465473835015684,0.0,False,-1.7205356741102976e-16
A12_ratio10_shift,0.0,181.09375000000003,0.3349059420243245,1.8915912097008218,0.0,False,-3.8381180422460484e-16
A12_ratio10_shift,0.0,182.57812500000003,0.3814003715535363,2.0242912832843194,0.0,False,-6.617444900424221e-17
A12_ratio10_shift,0.0,184.0625,0.4219730153974448,2.1400382472639143,0.0,False,3.970466940254533e-17
A12_ratio10_shift,0.0,185.546875,0.4551615305668312,2.2346206546766036,0.0,False,-5.426304818347862e-16
A12_ratio10_shift,0.0,187.03125000000003,0.479766064795871,2.304748983994854,0.0,False,-3.8381180422460484e-16
A12_ratio10_shift,0.0,188.51562500000003,0.49489518415210065,2.3478222833039,0.0,False,-6.617444900424221e-17
A12_ratio10_shift,40.0,0.0,0.11002489515303526,1.296556700042246,0.6995478992759857,False,-1.5881867761018131e-16
A12_ratio10_shift,40.0,1.484375,0.10857543202037602,1.2908082301402108,0.6958925465607456,False,-5.293955920339377e-17
A12_ratio10_shift,40.0,2.96875,0.10407888694004322,1.274694538336688,0.6852599722848485,False,3.705769144237564e-16
A12_ratio10_shift,40.0,4.453125,0.09682521897588703,1.2484719304963343,0.6679091060199657,False,1.5881867761018131e-16
A12_ratio10_shift,40.0,5.9375,0.08710371238646561,1.2126854955394049,0.6444420974399999,False,1.0587911840678754e-16
A12_ratio10_shift,40.0,7.421875000000001,0.07555724068400663,1.1678496250945518,0.6154159252985512,False,5.293955920339377e-17
A12_ratio10_shift,40.0,8.90625,0.06269024234566803,1.1147342484564378,0.5817884941076777,False,2.6469779601696886e-16
A12_ratio10_shift,40.0,10.390625,0.049575656975685514,1.0536839957700879,0.5441557342531228,False,1.5881867761018131e-16
A12_ratio10_shift,40.0,11.875,0.03693442610093347,0.9852399950298196,0.5036082514559094,False,5.293955920339377e-17
A12_ratio10_shift,40.0,13.359375000000002,0.02661381227044752,0.9087362963077718,0.4601837249354024,False,0.0
A12_ratio10_shift,40.0,14.843750000000002,0.01974798297533275,0.8238008342130309,0.41463426944950454,False,0.0
A12_ratio10_shift,40.0,16.328125000000004,0.02058307068504717,0.7269455600240345,0.36452931798914134,False,-5.293955920339377e-17
A12_ratio10_shift,40.0,17.8125,0.03204815653658781,0.6160132154331404,0.30861534567143284,False,5.293955920339377e-17
A12_ratio10_shift,40.0,19.296875,0.07529810597632085,0.4724423754450515,0.22720916824722515,False,1.0587911840678754e-16
A12_ratio10_shift,40.0,20.78125,0.1943753273106147,2.6120316977751283,0.07748019733126892,True,-5.293955920339377e-17
A12_ratio10_shift,40.0,22.265625,0.196052622649516,1.8309348703340318,0.05356163301743721,True,-1.5881867761018131e-16
A12_ratio10_shift,40.0,23.75,0.18523127095733397,1.7541476764476265,0.051118218768323974,True,-1.0587911840678754e-16
A12_ratio10_shift,40.0,25.234375000000004,0.16559455189792155,2.3055194421752927,0.06667166114204645,True,-1.0587911840678754e-16
A12_ratio10_shift,40.0,26.718750000000004,0.04996951330239817,0.4190144060677797,0.1872317190397125,False,-5.293955920339377e-17
A12_ratio10_shift,40.0,28.203125000000004,0.004533204580586906,0.5378514875759499,0.24609701289590608,False,-1.5881867761018131e-16
A12_ratio10_shift,40.0,29.687500000000004,-0.0114538709307482,0.624552706523562,0.28314252831803294,False,-1.0587911840678754e-16
A12_ratio10_shift,40.0,31.171875000000004,-0.01668187199653042,0.6988387613620946,0.31588779421895624,False,0.0
A12_ratio10_shift,40.0,32.65625000000001,-0.014152052526600737,0.7631273887734509,0.34590317307084884,False,-5.293955920339377e-17
A12_ratio10_shift,40.0,34.14062500000001,-0.007580457244477885,0.8211527817288258,0.3752694445270374,False,-1.0587911840678754e-16
A12_ratio10_shift,40.0,35.625,0.0018071282078952887,0.8732981296876425,0.403436524312398,False,0.0
A12_ratio10_shift,40.0,37.109375,0.012365242513273322,0.9202542955058534,0.43020259576783454,False,-1.0587911840678754e-16
A12_ratio10_shift,40.0,38.59375,0.02327012202439247,0.9613986427275515,0.45454469980951656,False,-2.6469779601696886e-16
A12_ratio10_shift,40.0,40.078125,0.03350954664499381,0.9962933063999666,0.4757008510147436,False,-1.0587911840678754e-16
A12_ratio10_shift,40.0,41.5625,0.04245582525386559,1.0240169711876075,0.4926662449758241,False,-5.293955920339377e-17
A12_ratio10_shift,40.0,43.046875,0.04944011737067316,1.043879226668697,0.5046826987478246,False,5.293955920339377e-17
A12_ratio10_shift,40.0,44.53125,0.05402942197481658,1.0551446361007537,0.5110175406644163,False,5.293955920339377e-17
A12_ratio10_shift,40.0,46.015625,0.05584733999281637,1.057346563714885,0.5111886931188667,False,-1.0587911840678754e-16
A12_ratio10_shift,40.0,47.5,0.05468649437388517,1.0502306643896906,0.5048863000551359,False,1.0587911840678754e-16
A12_ratio10_shift,40.0,48.984375,0.050460771065142004,1.0337985249604804,0.4920414248828323,False,5.293955920339377e-17
A12_ratio10_shift,40.0,50.46875000000001,0.043202242560521194,1.008422124680812,0.47283614991393114,False,1.0587911840678754e-16
A12_ratio10_shift,40.0,51.95312500000001,0.033106241410384374,0.974640347653225,0.4476513374804325,False,-5.293955920339377e-17
A12_ratio10_shift,40.0,53.43750000000001,0.02042303566215786,0.9334637981210415,0.4171538735594681,False,1.5881867761018131e-16
A12_ratio10_shift,40.0,54.92187500000001,0.005597218049955426,0.8858601088491304,0.38212308965815034,False,1.5881867761018131e-16
A12_ratio10_shift,40.0,56.40625000000001,-0.010967358612467868,0.8333335684971933,0.34363984181914575,False,5.293955920339377e-17
A12_ratio10_shift,40.0,57.89062500000001,-0.02862979235526923,0.7768669089422975,0.30275270394026743,False,-1.0587911840678754e-16
A12_ratio10_shift,40.0,59.37500000000001,-0.04694417027395836,0.7179604719421384,0.26084610661170704,False,1.0587911840678754e-16
A12_ratio10_shift,40.0,60.859375,-0.06509479721567205,0.6563642327738007,0.21900623778309097,False,0.0
A12_ratio10_shift,40.0,62.34375000000001,-0.08270027568326739,0.592278826704909,0.17875302781451652,False,-1.5881867761018131e-16
A12_ratio10_shift,40.0,63.828125,-0.09837652949323318,0.5209451264987904,0.14053107961904834,False,1.0587911840678754e-16
A12_ratio10_shift,40.0,65.31250000000001,-0.11148015674447566,0.43879789238914424,0.10538369762195927,False,5.293955920339377e-17
A12_ratio10_shift,40.0,66.796875,-0.11506682720951393,0.3162867853020796,0.06784739243979047,False,1.5881867761018131e-16
A12_ratio10_shift,40.0,68.28125000000001,-0.09287989595405557,0.9681823159919263,0.012884486214343268,True,0.0
A12_ratio10_shift,40.0,69.765625,-0.10982030622031005,0.55560607794425,0.006307041836769087,True,-5.293955920339377e-17
A12_ratio10_shift,40.0,71.25,-0.1221203958386579,0.4782277483691154,0.004916494971042264,True,-5.293955920339377e-17
A12_ratio10_shift,40.0,72.734375,-0.1267401550731509,0.6162357754199589,0.005878848062624492,True,-1.0587911840678754e-16
A12_ratio10_shift,40.0,74.21875,-0.1462069066316498,0.24070738173969408,0.031557204592164996,False,5.293955920339377e-17
A12_ratio10_shift,40.0,75.703125,-0.14560154871351888,0.3295032737158672,0.04650505719674239,False,3.1763735522036263e-16
A12_ratio10_shift,40.0,77.1875,-0.13710435572403387,0.38879319460544964,0.06203305178078155,False,-5.293955920339377e-17
A12_ratio10_shift,40.0,78.671875,-0.12510165272274545,0.4442823693956111,0.08134973639679781,False,-1.5881867761018131e-16
A12_ratio10_shift,40.0,80.15625,-0.11076232306425965,0.495893269596116,0.10418394331491923,False,5.293955920339377e-17
A12_ratio10_shift,40.0,81.64062500000001,-0.09526170294392447,0.5454879027017281,0.13006459358805272,False,5.293955920339377e-17
A12_ratio10_shift,40.0,83.125,-0.07933688839873505,0.5918370370944355,0.15793979969993427,False,-1.5881867761018131e-16
A12_ratio10_shift,40.0,84.60937500000001,-0.06366345259266933,0.6352704450954487,0.18662281122996743,False,1.0587911840678754e-16
A12_ratio10_shift,40.0,86.09375,-0.04877953669445267,0.6751542806404253,0.2147881052816934,False,1.0587911840678754e-16
A12_ratio10_shift,40.0,87.57812500000001,-0.035178374955979815,0.711283587599926,0.24113591434126577,False,-5.293955920339377e-17
A12_ratio10_shift,40.0,89.0625,-0.023317985698361694,0.742700891482109,0.2644711553232118,False,-5.293955920339377e-17
A12_ratio10_shift,40.0,90.54687500000001,-0.013603301574661324,0.7685525087258528,0.28374937158812347,False,-1.5881867761018131e-16
A12_ratio10_shift,40.0,92.03125,-0.006395170934219908,0.7877837284423684,0.2981416668230135,False,-5.293955920339377e-17
A12_ratio10_shift,40.0,93.51562500000001,-0.0019508163069825108,0.7996479879417965,0.30702106678551805,False,0.0
A12_ratio10_shift,40.0,95.0,-0.00045108275471243236,0.8036121892619873,0.3100238771837335,False,2.6469779601696886e-16
A12_ratio10_shift,40.0,96.484375,-0.001938640081743675,0.7994892329711755,0.30700889056027925,False,1.0587911840678754e-16
A12_ratio10_shift,40.0,97.96875,-0.00637180795923661,0.7874788946556072,0.2981183038480301,False,1.5881867761018131e-16
A12_ratio10_shift,40.0,99.453125,-0.013562969712628666,0.768015442849866,0.28370903972609096,False,-1.5881867761018131e-16
A12_ratio10_shift,40.0,100.93750000000001,-0.023264053783270528,0.7419698557104583,0.26441722340812074,False,-1.0587911840678754e-16
A12_ratio10_shift,40.0,102.421875,-0.035095272471981624,0.7101425226146085,0.24105281185726757,False,-1.5881867761018131e-16
A12_ratio10_shift,40.0,103.90625000000001,-0.04867410604880815,0.6736615190454813,0.21468267463604923,False,5.293955920339377e-17
A12_ratio10_shift,40.0,105.390625,-0.06349657858909637,0.6329348005145535,0.1864559372263947,False,2.6469779601696886e-16
A12_ratio10_shift,40.0,106.87500000000001,-0.07911907865288302,0.5886843091819242,0.1577219899540824,False,-1.0587911840678754e-16
A12_ratio10_shift,40.0,108.359375,-0.0948791458895534,0.5402375567060327,0.12968203653368177,False,5.293955920339377e-17
A12_ratio10_shift,40.0,109.84375000000001,-0.11021182299759404,0.48817908695587314,0.10363344324825391,False,2.1175823681357508e-16
A12_ratio10_shift,40.0,111.328125,-0.12392472605639963,0.429568398970637,0.08017280973045189,False,2.6469779601696886e-16
A12_ratio10_shift,40.0,112.81250000000001,-0.1350316033862384,0.3635473957066544,0.059960299442986094,False,-2.6469779601696886e-16
A12_ratio10_shift,40.0,114.296875,-0.1385824986072849,0.26323326130766966,0.03948600709050863,False,1.5881867761018131e-16
A12_ratio10_shift,40.0,115.78125000000001,-0.12168552284678935,0.6883201317258455,0.007035820807304527,True,-3.1763735522036263e-16
A12_ratio10_shift,40.0,117.265625,-0.12553041145208424,0.4699327019151877,0.004669104441557926,True,-5.293955920339377e-17
A12_ratio10_shift,40.0,118.75000000000001,-0.12229020092985202,0.49407732455324477,0.005086300062236184,True,2.6469779601696886e-16
A12_ratio10_shift,40.0,120.234375,-0.1127626392748678,0.8042530382128888,0.009249374891326788,True,1.5881867761018131e-16
A12_ratio10_shift,40.0,121.71875,-0.13180148434278194,0.2887894589082806,0.051806074603069616,False,2.1175823681357508e-16
A12_ratio10_shift,40.0,123.203125,-0.1282052792809887,0.40166853129166374,0.0809858445112645,False,0.0
A12_ratio10_shift,40.0,124.68750000000001,-0.11611809035921387,0.47741105921622173,0.11002163123669748,False,-4.764560328305439e-16
A12_ratio10_shift,40.0,126.17187500000001,-0.10120035251656795,0.5445825142528932,0.14335490264238276,False,3.1763735522036263e-16
A12_ratio10_shift,40.0,127.65625,-0.08416656848392823,0.6057991606534069,0.18021932061517695,False,-3.705769144237564e-16
A12_ratio10_shift,40.0,129.140625,-0.06616095754678013,0.665486331245769,0.22007239811419824,False,5.293955920339377e-17
A12_ratio10_shift,40.0,130.62500000000003,-0.04759779701131459,0.7236827699240103,0.2614997333490634,False,-5.293955920339377e-17
A12_ratio10_shift,40.0,132.109375,-0.02916182757210097,0.7809625422056459,0.30328473915709914,False,0.0
A12_ratio10_shift,40.0,133.59375,-0.011335685184227137,0.8360143667080094,0.34400816839090503,False,-3.705769144237564e-16
A12_ratio10_shift,40.0,135.078125,0.005276764464439884,0.88782134886683,0.3824435432436645,False,1.0587911840678754e-16
A12_ratio10_shift,40.0,136.56250000000003,0.020183370776477864,0.9347178795801048,0.41739353844514837,False,2.1175823681357508e-16
A12_ratio10_shift,40.0,138.046875,0.03290390364823347,0.9754725339770914,0.44785367524258357,False,-2.1175823681357508e-16
A12_ratio10_shift,40.0,139.53125,0.0430608877817644,1.0087718778947539,0.47297750469268757,False,5.293955920339377e-17
A12_ratio10_shift,40.0,141.015625,0.050382209009406216,1.03373359640803,0.4921199869385678,False,-2.1175823681357508e-16
A12_ratio10_shift,40.0,142.5,0.05468941461215866,1.0496365695637107,0.5048833798168622,False,4.764560328305439e-16
A12_ratio10_shift,40.0,143.98437500000003,0.05597676554786511,1.0561208590103988,0.5110592675638178,False,-4.764560328305439e-16
A12_ratio10_shift,40.0,145.46875,0.05430459788146913,1.0530995172507496,0.5107423647577638,False,-1.5881867761018131e-16
A12_ratio10_shift,40.0,146.953125,0.049965168685808865,1.0407157275832135,0.5041576474326891,False,-1.5881867761018131e-16
A12_ratio10_shift,40.0,148.4375,0.04326039324892236,1.0194197549519948,0.4918616769807678,False,1.0587911840678754e-16
A12_ratio10_shift,40.0,149.92187500000003,0.03480277110526816,0.9896588030317344,0.4744076265544693,False,2.6469779601696886e-16
A12_ratio10_shift,40.0,151.40625,0.02511734881831929,0.9521663145843436,0.4526974730155899,False,-2.6469779601696886e-16
A12_ratio10_shift,40.0,152.890625,0.0152046258609709,0.9072521539192151,0.4273632124201377,False,-2.1175823681357508e-16
A12_ratio10_shift,40.0,154.375,0.00581917199528557,0.8554753729326567,0.39942448052500845,False,2.1175823681357508e-16
A12_ratio10_shift,40.0,155.85937500000003,-0.0013456354852828477,0.7961493639218983,0.3690346227678416,False,-1.0587911840678754e-16
A12_ratio10_shift,40.0,157.34375,-0.005107054772375547,0.7289577885792808,0.3368581753166237,False,1.0587911840678754e-16
A12_ratio10_shift,40.0,158.828125,-0.0016128149909128385,0.6502931560281592,0.3008187372133389,False,2.1175823681357508e-16
A12_ratio10_shift,40.0,160.3125,0.012094004713572864,0.5579169583329826,0.259594652673712,False,-4.764560328305439e-16
A12_ratio10_shift,40.0,161.79687500000003,0.05519113975672564,0.4322706966662821,0.1954390777197676,False,2.6469779601696886e-16
A12_ratio10_shift,40.0,163.28125000000003,0.16884083074635095,2.3615881493821425,0.06836040159575979,True,-2.6469779601696886e-16
A12_ratio10_shift,40.0,164.765625,0.18162629606795824,1.7475647493881008,0.05063991697200973,True,-5.293955920339377e-17
A12_ratio10_shift,40.0,166.25,0.1847970500257899,1.775500921259733,0.051552439699867995,True,-1.0587911840678754e-16
A12_ratio10_shift,40.0,167.734375,0.17709923290668322,2.475348712908757,0.07251502276026946,True,3.705769144237564e-16
A12_ratio10_shift,40.0,169.21875000000003,0.060724376049013845,0.4512257016237716,0.21113114859286988,False,-5.293955920339377e-16
A12_ratio10_shift,40.0,170.703125,0.017375196267586976,0.586749997531197,0.2851320779559591,False,1.5881867761018131e-16
A12_ratio10_shift,40.0,172.1875,0.004794909463343273,0.690501610745189,0.3358685927446763,False,1.5881867761018131e-16
A12_ratio10_shift,40.0,173.671875,0.003013236714131371,0.781716158159543,0.38209915196005617,False,-2.1175823681357508e-16
A12_ratio10_shift,40.0,175.15625000000003,0.009165128175472805,0.8627776251833892,0.4252171242493651,False,-4.2351647362715017e-16
A12_ratio10_shift,40.0,176.640625,0.019276668070022502,0.9373213870801819,0.4675208691358268,False,-1.0587911840678754e-16
A12_ratio10_shift,40.0,178.125,0.03220312879464211,1.0057312015860613,0.5083395487622001,False,-3.705769144237564e-16
A12_ratio10_shift,40.0,179.609375,0.046192675590133715,1.068643781203599,0.5475387156386745,False,3.705769144237564e-16
A12_ratio10_shift,40.0,181.09375000000003,0.06046728566299509,1.1254062791383845,0.5840114507903504,False,5.293955920339377e-17
A12_ratio10_shift,40.0,182.57812500000003,0.07396262801016046,1.1755207716800313,0.6170105379723969,False,3.1763735522036263e-16
A12_ratio10_shift,40.0,184.0625,0.08607713922444844,1.2179982184426534,0.6454686706020172,False,-3.1763735522036263e-16
A12_ratio10_shift,40.0,185.546875,0.09612122295074735,1.2520682045247469,0.6686131020451052,False,-4.764560328305439e-16
A12_ratio10_shift,40.0,187.03125000000003,0.10367780276616986,1.2768815019224402,0.6856610564587222,False,-1.0587911840678754e-16
A12_ratio10_shift,40.0,188.51562500000003,0.10837721614876443,1.2918560438046676,0.6960907624323576,False,6.352747104407253e-16
A12_ratio10_shift,160.0,0.0,-0.1573974481656496,0.5760755797188983,1.67124767791914,False,2.1175823681357508e-16
A12_ratio10_shift,160.0,1.484375,-0.15568972766636796,0.5749890413705759,1.6644351415719607,False,2.1175823681357508e-16
A12_ratio10_shift,160.0,2.96875,-0.15228153937929423,0.5726368245839197,1.6458978339286565,False,2.1175823681357508e-16
A12_ratio10_shift,160.0,4.453125,-0.14690798328745872,0.5689984242529272,1.615919743607781,False,2.1175823681357508e-16
A12_ratio10_shift,160.0,5.9375,-0.13935481774633088,0.5640411448687224,1.5751780628972658,False,4.2351647362715017e-16
A12_ratio10_shift,160.0,7.421875000000001,-0.12902962127428041,0.5577178696628253,1.5242802225813095,False,0.0
A12_ratio10_shift,160.0,8.90625,-0.11553079953264292,0.5499721466146973,1.4642869713104596,False,0.0
A12_ratio10_shift,160.0,10.390625,-0.09773645042591422,0.5407085016978032,1.3957452769791923,False,0.0
A12_ratio10_shift,160.0,11.875,-0.07493536252438568,0.5298209805655788,1.319755475405699,False,0.0
A12_ratio10_shift,160.0,13.359375000000002,-0.04485818256726825,0.5170932788287297,1.2359331550975885,False,0.0
A12_ratio10_shift,160.0,14.843750000000002,-0.006049693533840161,0.5022797573744228,1.1447093812831468,False,4.2351647362715017e-16
A12_ratio10_shift,160.0,16.328125000000004,0.04740294369481493,0.4847429496860766,1.0419868803038435,False,4.2351647362715017e-16
A12_ratio10_shift,160.0,17.8125,0.11998924672741683,0.4636621651588397,0.9249516908050734,False,2.1175823681357508e-16
A12_ratio10_shift,160.0,19.296875,0.24329037892841238,0.43541019182008417,0.7634943306196037,False,2.1175823681357508e-16
A12_ratio10_shift,160.0,20.78125,0.48550139790198804,3.905408614920511,0.4906315620643654,True,0.0
A12_ratio10_shift,160.0,22.265625,0.5575784704597149,3.5578393433201976,0.3963132205317084,True,0.0
A12_ratio10_shift,160.0,23.75,0.5546826353063576,3.5175772516949104,0.3859442897437702,True,4.2351647362715017e-16
A12_ratio10_shift,160.0,25.234375000000004,0.4798073811646893,3.814540058973462,0.45673626719974864,True,2.1175823681357508e-16
A12_ratio10_shift,160.0,26.718750000000004,0.24154179250532865,0.4299374948360559,0.6999368751612519,False,2.1175823681357508e-16
A12_ratio10_shift,160.0,28.203125000000004,0.1204897300395868,0.45965185467808994,0.8344179227613763,False,2.1175823681357508e-16
A12_ratio10_shift,160.0,29.687500000000004,0.04941788448876763,0.48124216931203345,0.9265482082229873,False,2.1175823681357508e-16
A12_ratio10_shift,160.0,31.171875000000004,-0.0026073212515962787,0.4992048392415574,1.0060906787984922,False,2.1175823681357508e-16
A12_ratio10_shift,160.0,32.65625000000001,-0.04011544604210364,0.5143056872530256,1.0761440019108213,False,-2.1175823681357508e-16
A12_ratio10_shift,160.0,34.14062500000001,-0.06890931019312752,0.5273511670627105,1.1408757328001569,False,0.0
A12_ratio10_shift,160.0,35.625,-0.09048349428780472,0.538544568426899,1.2000045821325676,False,0.0
A12_ratio10_shift,160.0,37.109375,-0.10707599745651589,0.548171184746305,1.2539212710620944,False,0.0
A12_ratio10_shift,160.0,38.59375,-0.11943609818557978,0.5563042041578102,1.301528355343958,False,0.0
A12_ratio10_shift,160.0,40.078125,-0.12868804064005787,0.5630700143815275,1.3421758736242644,False,0.0
A12_ratio10_shift,160.0,41.5625,-0.13527705397459788,0.5684931269365243,1.3746765595287564,False,2.1175823681357508e-16
A12_ratio10_shift,160.0,43.046875,-0.13982321529440384,0.5726275142363733,1.3982234667373723,False,0.0
A12_ratio10_shift,160.0,44.53125,-0.1425953563232733,0.5754689208487332,1.411919754286976,False,0.0
A12_ratio10_shift,160.0,46.015625,-0.14391126073985594,0.5770239558611735,1.4152247291760092,False,2.1175823681357508e-16
A12_ratio10_shift,160.0,47.5,-0.14390679615669252,0.5772629584385153,1.407757025910183,False,2.1175823681357508e-16
A12_ratio10_shift,160.0,48.984375,-0.14266771942007966,0.5761500932948534,1.3894473506925236,False,0.0
A12_ratio10_shift,160.0,50.46875000000001,-0.14021037089995395,0.5736276510891274,1.360526198698877,False,0.0
A12_ratio10_shift,160.0,51.95312500000001,-0.1363966162315552,0.569611911073372,1.3214316304468419,False,0.0
A12_ratio10_shift,160.0,53.43750000000001,-0.13111921664766865,0.564010430919244,1.2729735611937643,False,2.1175823681357508e-16
A12_ratio10_shift,160.0,54.92187500000001,-0.1239667098307725,0.5566743458225444,1.2159644528633484,False,0.0
A12_ratio10_shift,160.0,56.40625000000001,-0.11467923742289422,0.5474623763876992,1.1516291559540421,False,0.0
A12_ratio10_shift,160.0,57.89062500000001,-0.10241127573779725,0.5361158386297863,1.0808116226472653,False,0.0
A12_ratio10_shift,160.0,59.37500000000001,-0.08665539941857557,0.522407390977006,1.004834771080794,False,2.1175823681357508e-16
A12_ratio10_shift,160.0,60.859375,-0.0656362985060374,0.5058328496190813,0.9238251743979259,False,0.0
A12_ratio10_shift,160.0,62.34375000000001,-0.038261456965556,0.48595042769645314,0.8385916444212761,False,0.0
A12_ratio10_shift,160.0,63.828125,0.00017325675450940745,0.4614507950964277,0.7462587286957756,False,0.0
A12_ratio10_shift,160.0,65.31250000000001,0.05312825532486643,0.4310223742151535,0.6450527208770865,False,2.1175823681357508e-16
A12_ratio10_shift,160.0,66.796875,0.14588752417055528,0.38763347950670146,0.5111704763841914,False,2.1175823681357508e-16
A12_ratio10_shift,160.0,68.28125000000001,0.3327134764809347,3.1489495277379365,0.2915685491038227,True,0.0
A12_ratio10_shift,160.0,69.765625,0.37995875579328,2.7168738961987113,0.22080541514764923,True,0.0
A12_ratio10_shift,160.0,71.25,0.3765325556075082,2.670159195097494,0.210540978849346,True,0.0
A12_ratio10_shift,160.0,72.734375,0.32590099875184364,3.0429087602369527,0.2575151295621001,True,0.0
A12_ratio10_shift,160.0,74.21875,0.14356090390218904,0.3812394670721315,0.4460668293827964,False,0.0
A12_ratio10_shift,160.0,75.703125,0.053310135158995714,0.4263398005396915,0.5518708086486975,False,0.0
A12_ratio10_shift,160.0,77.1875,0.0020061981781509092,0.45737000605093137,0.6271999332030668,False,2.1175823681357508e-16
A12_ratio10_shift,160.0,78.671875,-0.03487906966383546,0.4823765473783408,0.6954045886623574,False,2.1175823681357508e-16
A12_ratio10_shift,160.0,80.15625,-0.06085306163973075,0.5026042213142701,0.7585521172148599,False,4.2351647362715017e-16
A12_ratio10_shift,160.0,81.64062500000001,-0.08049136881856686,0.5195577813629859,0.819571694787166,False,2.1175823681357508e-16
A12_ratio10_shift,160.0,83.125,-0.09493184035282884,0.5336272874906507,0.8778121869784987,False,0.0
A12_ratio10_shift,160.0,84.60937500000001,-0.10591236804553214,0.5453949257904859,0.933149162007301,False,2.1175823681357508e-16
A12_ratio10_shift,160.0,86.09375,-0.11398305583065084,0.5550482634134819,0.9842690597423619,False,0.0
A12_ratio10_shift,160.0,87.57812500000001,-0.11999003670391972,0.5628802027075117,1.030225011413675,False,2.1175823681357508e-16
A12_ratio10_shift,160.0,89.0625,-0.12424072182597488,0.5689948999948198,1.069671326775295,False,2.1175823681357508e-16
A12_ratio10_shift,160.0,90.54687500000001,-0.1271748290963177,0.5735490405128219,1.1015983344342497,False,0.0
A12_ratio10_shift,160.0,92.03125,-0.12895783575842015,0.5765944614690169,1.1249817669716837,False,4.2351647362715017e-16
A12_ratio10_shift,160.0,93.51562500000001,-0.1297831184555328,0.5782007213961342,1.1391308042585384,False,2.1175823681357508e-16
A12_ratio10_shift,160.0,95.0,-0.12970792851063548,0.5783767346906818,1.1435581582641265,False,0.0
A12_ratio10_shift,160.0,96.484375,-0.12873221757092077,0.5771214859140334,1.1380799033739264,False,-2.1175823681357508e-16
A12_ratio10_shift,160.0,97.96875,-0.12681337396097553,0.574403372286531,1.1228373051742393,False,0.0
A12_ratio10_shift,160.0,99.453125,-0.12375744208451332,0.5701520246620551,1.0981809474224455,False,4.2351647362715017e-16
A12_ratio10_shift,160.0,100.93750000000001,-0.11941385794687065,0.5642935145157134,1.0648444628961906,False,0.0
A12_ratio10_shift,160.0,102.421875,-0.11334081962060832,0.5566741620477191,1.0235757943303638,False,-2.1175823681357508e-16
A12_ratio10_shift,160.0,103.90625000000001,-0.1052467308360361,0.5471685039962447,0.9755327347477473,False,4.2351647362715017e-16
A12_ratio10_shift,160.0,105.390625,-0.09428058026955273,0.5354937575786063,0.9215173742313207,False,-4.2351647362715017e-16
A12_ratio10_shift,160.0,106.87500000000001,-0.07991059748319977,0.5214409582409553,0.8627909441088691,False,0.0
A12_ratio10_shift,160.0,108.359375,-0.06038889948211692,0.5044510653714076,0.7994692254507159,False,2.1175823681357508e-16
A12_ratio10_shift,160.0,109.84375000000001,-0.03460273908130218,0.48410925802859367,0.7323017946564317,False,2.1175823681357508e-16
A12_ratio10_shift,160.0,111.328125,0.00204650546140338,0.458966112834156,0.6584790135371196,False,4.2351647362715017e-16
A12_ratio10_shift,160.0,112.81250000000001,0.05302234642377897,0.42774203159637203,0.5761837849574393,False,2.1175823681357508e-16
A12_ratio10_shift,160.0,114.296875,0.14297354821044472,0.3826559555443509,0.46220739559724955,False,2.1175823681357508e-16
A12_ratio10_shift,160.0,115.78125000000001,0.3250934973731415,3.062245206102592,0.26453423591184366,True,-2.1175823681357508e-16
A12_ratio10_shift,160.0,117.265625,0.37342329013815034,2.665140379321131,0.20999283817579326,True,-4.2351647362715017e-16
A12_ratio10_shift,160.0,118.75000000000001,0.3739606224998817,2.6784226400893996,0.21311291195697232,True,2.1175823681357508e-16
A12_ratio10_shift,160.0,120.234375,0.32569780892157363,3.0908889484207958,0.2750663620193557,True,4.2351647362715017e-16
A12_ratio10_shift,160.0,121.71875,0.14149339411223177,0.3837915317555608,0.4827886314725254,False,6.352747104407253e-16
A12_ratio10_shift,160.0,123.203125,0.050002151955950605,0.4279842653529356,0.6070558485987948,False,-2.1175823681357508e-16
A12_ratio10_shift,160.0,124.68750000000001,-0.0022724097655288265,0.458709841398198,0.7004533859674823,False,0.0
A12_ratio10_shift,160.0,126.17187500000001,-0.040171490495759674,0.48343889979132054,0.7866034759460448,False,0.0
A12_ratio10_shift,160.0,127.65625,-0.06714674753719149,0.5034732717449483,0.8674769349929098,False,4.2351647362715017e-16
A12_ratio10_shift,160.0,129.140625,-0.08781757371996121,0.5202116816600946,0.9460064496118484,False,2.1175823681357508e-16
A12_ratio10_shift,160.0,130.62500000000003,-0.10328306525161686,0.5340812684579357,1.0214624369138363,False,2.1175823681357508e-16
A12_ratio10_shift,160.0,132.109375,-0.11528335114020961,0.5456241422241936,1.0936836980496778,False,2.1175823681357508e-16
A12_ratio10_shift,160.0,133.59375,-0.12433368781125823,0.5550528636676962,1.1612836063424061,False,4.2351647362715017e-16
A12_ratio10_shift,160.0,135.078125,-0.13126063465677099,0.5626447944016627,1.2232583776893455,False,8.470329472543003e-16
A12_ratio10_shift,160.0,136.56250000000003,-0.13633243836297163,0.5685247957666609,1.2781867829090672,False,0.0
A12_ratio10_shift,160.0,138.046875,-0.13994928292077094,0.5728500704432988,1.3249842971360586,False,0.0
A12_ratio10_shift,160.0,139.53125,-0.14222759317183833,0.5756945725926184,1.36254342097076,False,0.0
A12_ratio10_shift,160.0,141.015625,-0.14329854709805814,0.5771443838865745,1.390078178370502,False,0.0
A12_ratio10_shift,160.0,142.5,-0.1431558983435071,0.5772371927880935,1.4070061280969977,False,4.2351647362715017e-16
A12_ratio10_shift,160.0,143.98437500000003,-0.14170936621361274,0.5760084432779967,1.4130228346497657,False,2.1175823681357508e-16
A12_ratio10_shift,160.0,145.46875,-0.13883405336352284,0.5734672837507132,1.4081584513272258,False,2.1175823681357508e-16
A12_ratio10_shift,160.0,146.953125,-0.13420868842116965,0.5696068521265315,1.3926089398641377,False,4.2351647362715017e-16
A12_ratio10_shift,160.0,148.4375,-0.12757629333004863,0.5644114610586639,1.3669757988842086,False,2.1175823681357508e-16
A12_ratio10_shift,160.0,149.92187500000003,-0.11831311924292211,0.5578297992382618,1.3318009522271286,False,0.0
A12_ratio10_shift,160.0,151.40625,-0.10598702445262398,0.5498185417177524,1.2880792816110036,False,0.0
A12_ratio10_shift,160.0,152.890625,-0.0894686803691044,0.5402598465400883,1.2363139539746832,False,0.0
A12_ratio10_shift,160.0,154.375,-0.06802440514154422,0.529062235261387,1.1775454929863087,False,0.0
A12_ratio10_shift,160.0,155.85937500000003,-0.03940799858349347,0.5159594046083977,1.1113744211905219,False,0.0
A12_ratio10_shift,160.0,157.34375,-0.0021466992552811644,0.5007274134296678,1.0381752551239996,False,-2.1175823681357508e-16
A12_ratio10_shift,160.0,158.828125,0.04957866018847818,0.4826034916814345,0.9539046973584179,False,0.0
A12_ratio10_shift,160.0,160.3125,0.1202582152115995,0.4607926201906024,0.8557078775001553,False,0.0
A12_ratio10_shift,160.0,161.79687500000003,0.24090551842374505,0.4310011635283232,0.7140021343772182,False,2.1175823681357508e-16
A12_ratio10_shift,160.0,163.28125000000003,0.47875216558360156,3.8280044260472765,0.46272650208297916,True,2.1175823681357508e-16
A12_ratio10_shift,160.0,164.765625,0.5516013285639483,3.5109066626312484,0.38494231980048965,True,0.0
A12_ratio10_shift,160.0,166.25,0.5520520187673271,3.5235494152539077,0.3885749062828005,True,2.1175823681357508e-16
A12_ratio10_shift,160.0,167.734375,0.4791402914372371,3.8548933810359003,0.4747513995541855,True,6.352747104407253e-16
A12_ratio10_shift,160.0,169.21875000000003,0.23921032013741206,0.43201155822132725,0.7369226398289419,False,-2.1175823681357508e-16
A12_ratio10_shift,160.0,170.703125,0.11699255137624694,0.460928111338276,0.8897921581717692,False,0.0
A12_ratio10_shift,160.0,172.1875,0.04496983789306533,0.4822443031188193,0.9999710996394242,False,4.2351647362715017e-16
A12_ratio10_shift,160.0,173.671875,-0.008051027877633166,0.499959321303592,1.0974408518762908,False,2.1175823681357508e-16
A12_ratio10_shift,160.0,175.15625000000003,-0.04654918149804828,0.5148884355487243,1.1852088692473561,False,0.0
A12_ratio10_shift,160.0,176.640625,-0.07636212353596343,0.527746092561802,1.2674370960662815,False,0.0
A12_ratio10_shift,160.0,178.125,-0.0989493876545584,0.5387667485039281,1.3437695005358705,False,2.1175823681357508e-16
A12_ratio10_shift,160.0,179.609375,-0.11654814831500078,0.5481997949084418,1.4145569748682794,False,0.0
A12_ratio10_shift,160.0,181.09375000000003,-0.12987538765271425,0.556138760371444,1.4786315594305295,False,4.2351647362715017e-16
A12_ratio10_shift,160.0,182.57812500000003,-0.14003467054514715,0.562695443891038,1.5352852718521737,False,6.352747104407253e-16
A12_ratio10_shift,160.0,184.0625,-0.14743384263865056,0.5679115967839228,1.5832570877895853,False,2.1175823681357508e-16
A12_ratio10_shift,160.0,185.546875,-0.15265315899983828,0.5718416033425718,1.6216649193201602,False,4.2351647362715017e-16
A12_ratio10_shift,160.0,187.03125000000003,-0.15591354177435918,0.5745011523808646,1.649529836323722,False,-4.2351647362715017e-16
A12_ratio10_shift,160.0,188.51562500000003,-0.15747066411049043,0.5759130687575776,1.666216078016082,False,0.0
