N,t_us,deltaT_C
1,0.0,0.0
1,0.01,0.024077000933896163
1,0.02,0.04808786845271536
1,0.030000000000000002,0.07203277181353422
1,0.04,0.09591188009507885
1,0.05,0.11972536219754992
1,0.060000000000000005,0.14347338684244662
1,0.07,0.1671561225723906
1,0.08,0.1907737377509484
1,0.09,0.21432640056245492
1,0.1,0.23781427901183508
1,0.11,0.2612375409244258
1,0.12000000000000001,0.28459635394579746
1,0.13,0.3078908855415743
1,0.14,0.3311213029972547
1,0.15000000000000002,0.3542877734180313
1,0.16,0.37739046372861046
1,0.16999999999999998,0.40042954067303066
1,0.18,0.42340517081448126
1,0.19,0.44631752053511986
1,0.2,0.46916675603589036
1,0.21,0.4919530433363395
1,0.22,0.5146765482744329
1,0.23,0.5373374365063723
1,0.24000000000000002,0.5599358735064087
1,0.25,0.5824720245666595
1,0.26,0.6049460547969218
1,0.27,0.627358129124486
1,0.28,0.6497084122939502
1,0.29000000000000004,0.671997068867032
1,0.30000000000000004,0.6942242632223818
1,0.31000000000000005,0.7163901595553938
1,0.32,0.7384949218780177
1,0.33,0.7605387140185703
1,0.33999999999999997,0.7825216996215434
1,0.35,0.8044440421474172
1,0.36,0.8263059048724658
1,0.37,0.8481074508885689
1,0.38,0.8698488431030174
1,0.39,0.8915302442383233
1,0.4,0.9131518168320261
1,0.41000000000000003,0.9347137232364978
1,0.42,0.9562161256187515
1,0.43,0.9776591859602458
1,0.44,0.999043066056689
1,0.45,1.0203679275178439
1,0.46,1.0416339317673322
1,0.47000000000000003,1.0628412400424383
1,0.48000000000000004,1.0839900133939102
1,0.49,1.1050804126857632
1,0.5,1.1261125985950813
1,0.51,1.1470867316118183
1,0.52,1.1680029720385972
1,0.53,1.1888614799905122
1,0.54,1.2096624153949262
1,0.55,1.230405937991271
1,0.56,1.2510922073308453
1,0.5700000000000001,1.2717213827766103
1,0.5800000000000001,1.292293623502991
1,0.5900000000000001,1.312809088495668
1,0.6000000000000001,1.3332679365513784
1,0.6100000000000001,1.353670326277706
1,0.6200000000000001,1.3740164160928794
1,0.63,1.3943063642255662
1,0.64,1.4145403287146645
1,0.65,1.4347184674090976
1,0.66,1.454840937967607
1,0.67,1.4749078978585408
1,0.6799999999999999,1.49491950435965
1,0.69,1.514875914557874
1,0.7,1.5347772853491342
1,0.71,1.5546237734381227
1,0.72,1.5744155353380886
1,0.73,1.59415272737063
1,0.74,1.6138355056654774
1,0.75,1.6334640261602849
1,0.76,1.653038444600413
1,0.77,1.672558916538716
1,0.78,1.6920255973353275
1,0.79,1.7114386421574426
1,0.8,1.7307982059791036
1,0.81,1.7501044435809823
1,0.8200000000000001,1.7693575095501632
1,0.83,1.7885575582799247
1,0.84,1.8077047439695202
1,0.85,1.8267992206239594
1,0.86,1.8458411420537875
1,0.87,1.8648306618748647
1,0.88,1.8837679335081443
1,0.89,1.9026531101794517
1,0.9,1.9214863449192612
1,0.91,1.9402677905624717
1,0.92,1.9589975997481832
1,0.93,1.9776759249194742
1,0.9400000000000001,1.996302918323172
1,0.9500000000000001,2.0148787320096297
1,0.9600000000000001,2.033403517832499
1,0.9700000000000001,2.051877427448502
1,0.98,2.0703006123172036
1,0.9900000000000001,2.0886732237007823
1,1.0,2.1069954126638013
1,1.01,2.1252673300729765
1,1.02,2.1434891265969487
1,1.03,2.1616609527060486
1,1.04,2.1797829586720665
1,1.05,2.197855294568019
1,1.06,2.2158781102679144
1,1.07,2.233851555446519
1,1.08,2.2517757795791216
1,1.09,2.2696509319412987
1,1.1,2.2874771616086744
1,1.11,2.3052546174566872
1,1.12,2.32298344816035
1,1.13,2.3406638021940105
1,1.1400000000000001,2.3582958278311126
1,1.15,2.3758796731439578
1,1.1600000000000001,2.393415486003458
1,1.17,2.410903414078902
1,1.1800000000000002,2.428343604837706
1,1.19,2.4457362055451752
1,1.2000000000000002,2.4630813632642563
1,1.21,2.4803792248552927
1,1.2200000000000002,2.497629936975782
1,1.23,2.514833646080128
1,1.2400000000000002,2.5319904984193893
1,1.25,2.5491006400410408
1,1.26,2.5661642167887133
1,1.27,2.583181374301954
1,1.28,2.6001522580159717
1,1.29,2.6170770131613845
1,1.3,2.633955784763971
1,1.31,2.650788717644414
1,1.32,2.6675759564180517
1,1.3300000000000003,2.684317645494619
1,1.34,2.7010139290779933
1,1.3500000000000003,2.717664951165943
1,1.3599999999999999,2.7342708555498607
1,1.37,2.7508317858145195
1,1.38,2.767347885337801
1,1.3900000000000001,2.783819297290444
1,1.4,2.800246164635783
1,1.4100000000000001,2.8166286301294865
1,1.42,2.832966836319294
1,1.4300000000000002,2.849260925544757
1,1.44,2.8655110399369703
1,1.4500000000000002,2.8817173214183134
1,1.46,2.8978799117021805
1,1.4700000000000002,2.9139989522927174
1,1.48,2.930074584484554
1,1.4900000000000002,2.9461069493625334
1,1.5,2.96209618780145
1,1.5100000000000002,2.978042440465772
1,1.52,2.9939458478093766
1,1.5300000000000002,3.0098065500752766
1,1.54,3.025624687295348
1,1.5500000000000003,3.0414003992900573
1,1.56,3.0571338256681866
1,1.5700000000000003,3.07282510582656
1,1.58,3.0884743789497673
1,1.5900000000000003,3.1040817840098858
1,1.6,3.119647459766207
1,1.6100000000000003,3.135171544764949
1,1.62,3.1506541773389882
1,1.6300000000000003,3.1660954956075695
1,1.6400000000000001,3.1814956374760306
1,1.6500000000000004,3.1968547406355174
1,1.66,3.2121729425626993
1,1.67,3.227450380519489
1,1.68,3.2426871915527524
1,1.69,3.257883512494026
1,1.7,3.2730394799592286
1,1.71,3.2881552303483694
1,1.72,3.303230899845269
1,1.73,3.318266624417257
1,1.74,3.3332625398148883
1,1.75,3.348218781571651
1,1.76,3.363135485003667
1,1.77,3.378012785209408
1,1.78,3.392850817069392
1,1.79,3.407649715245889
1,1.8,3.4224096141826252
1,1.81,3.437130648104488
1,1.82,3.451812951017218
1,1.83,3.466456656707118
1,1.84,3.4810618987407462
1,1.85,3.495628810464614
1,1.86,3.510157525004886
1,1.87,3.524648175267074
1,1.8800000000000001,3.5391008939357294
1,1.8900000000000001,3.553515813474139
1,1.9000000000000001,3.567893066124017
1,1.9100000000000004,3.5822327839051966
1,1.9200000000000002,3.596535098615317
1,1.9300000000000002,3.6108001418295195
1,1.9400000000000002,3.625028044900126
1,1.9500000000000004,3.6392189389563363
1,1.96,3.6533729549039036
1,1.9699999999999998,3.6674902234248283
1,1.9800000000000002,3.681570874977035
1,1.99,3.695615039794061
1,2.0,3.7096228478847295
1,2.01,3.7235944290328384
1,2.02,3.737529912796832
1,2.0300000000000002,3.7514294285094865
1,2.04,3.7652931052775775
1,2.05,3.779121071981566
1,2.06,3.7929134572752643
1,2.0700000000000003,3.8066703895855123
1,2.08,3.8203919971118516
1,2.09,3.834078407826193
1,2.1,3.847729749472489
1,2.1100000000000003,3.8613461495663994
1,2.12,3.8749277353949627
1,2.13,3.888474634016257
1,2.14,3.9019869722590697
1,2.1500000000000004,3.9154648767225577
1,2.16,3.928908473775912
1,2.17,3.94231788955802
1,2.18,3.955693249977119
1,2.1900000000000004,3.9690346807104633
1,2.2,3.9823423072039765
1,2.21,3.9956162546719094
1,2.22,4.008856648096491
1,2.2300000000000004,4.022063612227594
1,2.24,4.035237271582369
1,2.25,4.04837775044491
1,2.26,4.061485172865902
1,2.27,4.074559662662263
1,2.2800000000000002,4.087601343416796
1,2.29,4.100610338477833
1,2.3,4.113586770958882
1,2.31,4.1265307637382715
1,2.3200000000000003,4.139442439458782
1,2.33,4.1523219205272985
1,2.34,4.165169329114446
1,2.35,4.177984787154222
1,2.3600000000000003,4.1907684163436425
1,2.37,4.203520338142367
1,2.38,4.21624067377234
1,2.39,4.228929544217417
1,2.4000000000000004,4.241587070223001
1,2.41,4.254213372295667
1,2.42,4.266808570702795
1,2.43,4.279372785472192
1,2.4400000000000004,4.291906136391717
1,2.45,4.30440874300891
1,2.46,4.31688072463061
1,2.47,4.329322200322577
1,2.4800000000000004,4.341733288909109
1,2.49,4.354114108972663
1,2.5,4.366464778853472
1,2.5100000000000002,4.378785416649155
1,2.52,4.391076140214337
1,2.5300000000000002,4.403337067160254
1,2.54,4.415568314854368
1,2.5500000000000003,4.427770000419976
1,2.56,4.439942240735814
1,2.5700000000000003,4.452085152435666
1,2.58,4.464198851907966
1,2.5900000000000003,4.476283455295402
1,2.6,4.488339078494515
1,2.6100000000000003,4.500365837155304
1,2.62,4.512363846680815
1,2.6300000000000003,4.524333222226746
1,2.64,4.536274078701037
1,2.6500000000000004,4.548186530763463
1,2.6600000000000006,4.560070692825229
1,2.6700000000000004,4.571926679048554
1,2.68,4.583754603346265
1,2.6900000000000004,4.595554579381383
1,2.7000000000000006,4.607326720566702
1,2.7100000000000004,4.619071140064377
1,2.7199999999999998,4.630787950785507
1,2.7299999999999995,4.642477265389713
1,2.74,4.654139196284714
1,2.75,4.665773855625903
1,2.76,4.677381355315931
1,2.7699999999999996,4.688961807004264
1,2.7800000000000002,4.70051532208677
1,2.79,4.712042011705278
1,2.8,4.723541986747149
1,2.8099999999999996,4.735015357844847
1,2.8200000000000003,4.746462235375491
1,2.83,4.757882729460432
1,2.84,4.7692769499648
1,2.8499999999999996,4.780645006497075
1,2.8600000000000003,4.791987008408632
1,2.87,4.803303064793307
1,2.88,4.814593284486943
1,2.8899999999999997,4.825857776066941
1,2.9000000000000004,4.837096647851819
1,2.91,4.8483100079007455
1,2.92,4.859497964013098
1,2.9299999999999997,4.870660623727996
1,2.9400000000000004,4.8817980943238535
1,2.95,4.892910482817909
1,2.96,4.90399789596577
1,2.9699999999999998,4.915060440260949
1,2.9800000000000004,4.926098221934393
1,2.99,4.937111346954019
1,3.0,4.948099921024245
1,3.01,4.959064049585515
1,3.0200000000000005,4.970003837813829
1,3.0300000000000002,4.980919390620261
1,3.04,4.99181081265049
1,3.05,5.00267820828431
1,3.0600000000000005,5.01352168163516
1,3.0700000000000003,5.0243413365496234
1,3.08,5.035137276606958
1,3.09,5.0459096051186005
1,3.1000000000000005,5.056658425127674
1,3.1100000000000003,5.067383839408498
1,3.12,5.078085950466097
1,3.13,5.088764860535695
1,3.1400000000000006,5.099420671582227
1,3.1500000000000004,5.11005348529983
1,3.16,5.120663403111342
1,3.17,5.131250526167796
1,3.1800000000000006,5.141814955347914
1,3.1900000000000004,5.152356791257596
1,3.2,5.162876134229404
1,3.21,5.173373084322057
1,3.2200000000000006,5.183847741319901
1,3.2300000000000004,5.1943002047324
1,3.24,5.204730573793611
1,3.2500000000000004,5.21513894746166
1,3.2600000000000007,5.225525424418214
1,3.2700000000000005,5.235890103067962
1,3.2800000000000002,5.246233081538068
1,3.2900000000000005,5.256554457677651
1,3.3000000000000007,5.266854329057244
1,3.3100000000000005,5.277132792968258
1,3.32,5.287389946422438
1,3.33,5.297625886151327
1,3.34,5.307840708605709
1,3.35,5.318034509955073
1,3.36,5.328207386087058
1,3.37,5.338359432606898
1,3.38,5.348490744836869
1,3.39,5.358601417815728
1,3.4,5.36869154629816
1,3.41,5.378761224754203
1,3.42,5.388810547368695
1,3.43,5.398839608040697
1,3.44,5.408848500382925
1,3.45,5.4188373177211755
1,3.46,5.428806153093751
1,3.47,5.43875509925088
1,3.48,5.448684248654132
1,3.49,5.4585936934758434
1,3.5,5.468483525598515
1,3.5100000000000002,5.478353836614235
1,3.52,5.488204717824082
1,3.5300000000000002,5.498036260237529
1,3.54,5.5078485545718445
1,3.5500000000000003,5.517641691251494
1,3.56,5.527415760407532
1,3.5700000000000003,5.537170851877
1,3.58,5.546907055202315
1,3.5900000000000003,5.556624459630655
1,3.6,5.566323154113346
1,3.6100000000000003,5.576003227305242
1,3.62,5.585664767564103
1,3.6300000000000003,5.595307862949976
1,3.64,5.604932601224557
1,3.6500000000000004,5.614539069850572
1,3.66,5.624127355991135
1,3.6700000000000004,5.633697546509113
1,3.68,5.643249727966499
1,3.6900000000000004,5.652783986623742
1,3.7,5.66230040843913
1,3.7100000000000004,5.671799079068122
1,3.72,5.681280083862705
1,3.7300000000000004,5.6907435078707325
1,3.74,5.700189435835273
1,3.7500000000000004,5.709617952193939
1,3.7600000000000002,5.71902914107823
1,3.7700000000000005,5.728423086312861
1,3.7800000000000002,5.737799871415088
1,3.79,5.747159579594037
1,3.8000000000000003,5.7565022937500245
1,3.8100000000000005,5.765828096473873
1,3.8200000000000007,5.7751370700462274
1,3.8300000000000005,5.784429296436869
1,3.8400000000000003,5.79370485730402
1,3.8500000000000005,5.802963833993646
1,3.8600000000000003,5.812206307538761
1,3.87,5.821432358658723
1,3.8800000000000003,5.83064206775853
1,3.89,5.839835514928104
1,3.900000000000001,5.849012779941583
1,3.9100000000000006,5.858173942256606
1,3.92,5.867319081013581
1,3.9299999999999997,5.876448275034975
1,3.9399999999999995,5.88556160282458
1,3.95,5.894659142566767
1,3.9600000000000004,5.903740972125781
1,3.97,5.912807169044972
1,3.98,5.921857810546069
1,3.9899999999999998,5.930892973528423
1,4.0,5.939912734568266
1,4.01,5.948917169917946
1,4.02,5.957906355505172
1,4.03,5.966880366932256
1,4.04,5.9758392794753386
1,4.05,5.98478316808362
1,4.0600000000000005,5.993712107378593
1,4.07,6.002626171653247
1,4.08,6.011525434871306
1,4.09,6.020409970666421
1,4.1,6.029279852341393
1,4.11,6.038135152867375
1,4.12,6.046975944883062
1,4.13,6.055802300693904
1,4.140000000000001,6.064614292271276
1,4.15,6.073411991251689
1,4.16,6.082195468935949
1,4.17,6.090964796288357
1,4.18,6.099720043935868
1,4.19,6.108461282167265
1,4.2,6.1171885809323285
1,4.21,6.1259020098409875
1,4.220000000000001,6.1346016381624855
1,4.23,6.143287534824524
1,4.24,6.151959768412415
1,4.25,6.160618407168217
1,4.26,6.169263518989876
1,4.2700000000000005,6.177895171430358
1,4.28,6.186513431696777
1,4.29,6.195118366649514
1,4.300000000000001,6.2037100428013385
1,4.3100000000000005,6.212288526316523
1,4.32,6.220853883009946
1,4.33,6.229406178346198
1,4.34,6.237945477438682
1,4.3500000000000005,6.246471845048701
1,4.36,6.2549853455845525
1,4.37,6.263486043100606
1,4.380000000000001,6.271974001296382
1,4.390000000000001,6.280449283515626
1,4.4,6.288911952745376
1,4.41,6.297362071615021
1,4.42,6.305799702395361
1,4.430000000000001,6.314224906997654
1,4.44,6.322637746972671
1,4.45,6.3310382835097165
1,4.460000000000001,6.3394265774356935
1,4.470000000000001,6.347802689214104
1,4.48,6.356166678944086
1,4.49,6.364518606359431
1,4.5,6.372858530827592
1,4.510000000000001,6.381186511348697
1,4.52,6.389502606554541
1,4.53,6.3978068747075865
1,4.54,6.406099373699949
1,4.55,6.414380161052389
1,4.5600000000000005,6.422649293913271
1,4.57,6.4309068290575535
1,4.58,6.439152822885741
1,4.59,6.447387331422849
1,4.6,6.455610410317358
1,4.61,6.46382211484015
1,4.62,6.472022499883461
1,4.63,6.48021161995981
1,4.640000000000001,6.488389529200917
1,4.65,6.496556281356641
1,4.66,6.504711929793883
1,4.67,6.512856527495493
1,4.68,6.52099012705918
1,4.69,6.529112780696395
1,4.7,6.5372245402312315
1,4.71,6.545325457099294
1,4.720000000000001,6.553415582346579
1,4.73,6.561494966628348
1,4.74,6.569563660207973
1,4.75,6.5776217129558
1,4.76,6.585669174347997
1,4.7700000000000005,6.5937060934653875
1,4.78,6.601732518992282
1,4.79,6.609748499215306
1,4.800000000000001,6.617754082022223
1,4.8100000000000005,6.62574931490073
1,4.82,6.633734244937267
1,4.83,6.64170891881582
1,4.84,6.6496733828167
1,4.8500000000000005,6.657627682815317
1,4.86,6.665571864280969
1,4.87,6.673505972275594
1,4.880000000000001,6.681430051452521
1,4.890000000000001,6.689344146055238
1,4.9,6.697248299916119
1,4.91,6.705142556455152
1,4.92,6.713026958678676
1,4.930000000000001,6.720901549178089
1,4.94,6.728766370128565
1,4.95,6.736621463287738
1,4.960000000000001,6.7444668699944055
1,4.970000000000001,6.752302631167211
1,4.98,6.760128787303309
1,4.99,6.767945378477044
1,5.0,6.77575244433859
1,5.010000000000001,6.783550024112618
1,5.0200000000000005,6.791338156596921
1,5.03,6.799116880161044
1,5.04,6.806886232744916
1,5.050000000000001,6.814646251857455
1,5.0600000000000005,6.822396974575163
1,5.07,6.830138437540737
1,5.08,6.8378706769616375
1,5.090000000000001,6.84559372860867
1,5.1000000000000005,6.8533076278145515
1,5.11,6.861012409472459
1,5.12,6.868708108034579
1,5.130000000000001,6.87639475751065
1,5.140000000000001,6.8840723914664785
1,5.15,6.891741043022457
1,5.16,6.899400744852069
1,5.170000000000001,6.907051529180393
1,5.180000000000001,6.914693427782581
1,5.19,6.922326471982324
1,5.2,6.9299506926503405
1,5.210000000000001,6.937566120202807
1,5.220000000000001,6.945172784599813
1,5.23,6.952770715343788
1,5.24,6.960359941477931
1,5.250000000000001,6.967940491584611
1,5.260000000000001,6.975512393783773
1,5.2700000000000005,6.983075675731325
1,5.28,6.990630364617511
1,5.290000000000001,6.998176487165279
1,5.300000000000001,7.0057140696286435
1,5.3100000000000005,7.013243137791007
1,5.320000000000001,7.02076371696351
1,5.330000000000001,7.028275831983348
1,5.340000000000001,7.035779507212059
1,5.3500000000000005,7.043274766533846
1,5.36,7.050761633353833
1,5.370000000000001,7.0582401305963565
1,5.380000000000001,7.0657102807032075
1,5.390000000000001,7.073172105631887
1,5.400000000000001,7.080625626853828
1,5.410000000000001,7.088070865352624
1,5.420000000000001,7.0955078416222355
1,5.43,7.1029365756651694
1,5.4399999999999995,7.110357086990682
1,5.449999999999999,7.11776939461292
1,5.459999999999999,7.125173517049097
1,5.47,7.13256947231762
1,5.48,7.139957277936213
1,5.49,7.147336950920038
1,5.5,7.154708507779791
1,5.51,7.162071964519781
1,5.52,7.169427336635994
1,5.529999999999999,7.176774639114173
1,5.539999999999999,7.1841138864278244
1,5.55,7.191445092536268
1,5.5600000000000005,7.1987682708826375
1,5.57,7.206083434391877
1,5.58,7.213390595468723
1,5.59,7.220689765995666
1,5.6,7.227980957330903
1,5.609999999999999,7.235264180306275
1,5.619999999999999,7.2425394452251695
1,5.63,7.2498067618604365
1,5.640000000000001,7.257066139452274
1,5.65,7.2643175867060865
1,5.66,7.2715611117903425
1,5.67,7.278796722334414
1,5.68,7.286024425426394
1,5.6899999999999995,7.293244227610888
1,5.699999999999999,7.300456134886817
1,5.71,7.307660152705163
1,5.720000000000001,7.314856285966736
1,5.73,7.322044539019902
1,5.74,7.3292249156582825
1,5.75,7.336397419118465
1,5.76,7.343562052077681
1,5.77,7.3507188166514466
1,5.779999999999999,7.35786771439122
1,5.79,7.365008746282011
1,5.800000000000001,7.372141912739988
1,5.8100000000000005,7.379267213610058
1,5.82,7.386384648163427
1,5.83,7.39349421509514
1,5.84,7.4005959125216085
1,5.85,7.4076897379781075
1,5.859999999999999,7.414775688416258
1,5.87,7.421853760201488
1,5.880000000000001,7.428923949110471
1,5.890000000000001,7.435986250328543
1,5.9,7.443040658447099
1,5.91,7.450087167460975
1,5.92,7.457125770765783
1,5.93,7.464156461155265
1,5.9399999999999995,7.4711792308185805
1,5.950000000000001,7.478194071337606
1,5.960000000000001,7.485200973684185
1,5.970000000000001,7.492199928217381
1,5.98,7.499190924680682
1,5.99,7.5061739521992
1,6.0,7.513148999276825
1,6.01,7.520116053793392
1,6.02,7.527075103001779
1,6.030000000000001,7.534026133525006
1,6.040000000000001,7.540969131353305
1,6.050000000000001,7.547904081841172
1,6.0600000000000005,7.554830969704371
1,6.07,7.5617497790169255
1,6.08,7.568660493208093
1,6.09,7.5755630950593025
1,6.1,7.582457566701051
1,6.110000000000001,7.589343889609808
1,6.120000000000001,7.596222044604851
1,6.130000000000001,7.603092011845115
1,6.140000000000001,7.609953770825971
1,6.15,7.61680730037601
1,6.16,7.6236525786537825
1,6.17,7.630489583144512
1,6.18,7.637318290656772
1,6.190000000000001,7.644138677319145
1,6.200000000000001,7.6509507185768415
1,6.210000000000001,7.657754389188292
1,6.220000000000001,7.664549663221709
1,6.23,7.671336514051616
1,6.24,7.678114914355335
1,6.25,7.684884836109463
1,6.26,7.691646250586297
1,6.2700000000000005,7.698399128350233
1,6.280000000000001,7.7051434392541305
1,6.290000000000001,7.711879152435642
1,6.300000000000001,7.7186062363135095
1,6.3100000000000005,7.725324658583827
1,6.32,7.732034386216271
1,6.33,7.738735385450271
1,6.34,7.745427621791191
1,6.3500000000000005,7.752111060006422
1,6.360000000000001,7.758785664121479
1,6.370000000000001,7.765451397416033
1,6.380000000000001,7.772108222419918
1,6.390000000000001,7.7787561009090975
1,6.4,7.7853949939015905
1,6.41,7.792024861653356
1,6.42,7.798645663654141
1,6.430000000000001,7.805257358623288
1,6.440000000000001,7.811859904505492
1,6.450000000000001,7.818453258466538
1,6.460000000000001,7.825037376888964
1,6.470000000000001,7.83161221536771
1,6.48,7.838177728705711
1,6.49,7.844733870909443
1,6.500000000000001,7.8512805951844316
1,6.510000000000001,7.857817853930711
1,6.520000000000001,7.86434559873824
1,6.530000000000001,7.87086378038227
1,6.540000000000001,7.877372348818664
1,6.550000000000001,7.883871253179175
1,6.5600000000000005,7.890360441766662
1,6.57,7.896839862050275
1,6.580000000000001,7.903309460660582
1,6.590000000000001,7.909769183384634
1,6.600000000000001,7.916218975161005
1,6.610000000000001,7.922658780074755
1,6.620000000000001,7.929088541352353
1,6.63,7.935508201356547
1,6.64,7.941917701581178
1,6.6499999999999995,7.948316982645933
1,6.66,7.954705984291062
1,6.67,7.961084645372009
1,6.68,7.9674529038540145
1,6.6899999999999995,7.973810696806646
1,6.7,7.980157960398267
1,6.71,7.986494629890458
1,6.72,7.9928206396323676
1,6.7299999999999995,7.999135923055003
1,6.74,8.00544041266547
1,6.75,8.011734040041128
1,6.76,8.018016735823704
1,6.77,8.024288429713337
1,6.78,8.030549050462529
1,6.79,8.036798525870077
1,6.8,8.043036782774903
1,6.81,8.04926374704982
1,6.82,8.055479343595232
1,6.83,8.061683496332778
1,6.84,8.067876128198877
1,6.85,8.074057161138217
1,6.86,8.080226516097166
1,6.87,8.086384113017111
1,6.88,8.092529870827718
1,6.89,8.09866370744011
1,6.9,8.104785539739977
1,6.91,8.1108952835806
1,6.92,8.116992853775791
1,6.93,8.12307816409276
1,6.94,8.129151127244887
1,6.95,8.135211654884422
1,6.96,8.141259657595086
1,6.97,8.147295044884594
1,6.98,8.15331772517709
1,6.99,8.15932760580548
1,7.0,8.165324593003687
1,7.01,8.171308591898807
1,7.0200000000000005,8.17727950650317
1,7.03,8.183237239706308
1,7.04,8.189181693266821
1,7.05,8.19511276780415
1,7.0600000000000005,8.201030362790238
1,7.07,8.206934376541104
1,7.08,8.21282470620831
1,7.09,8.218701247770305
1,7.1000000000000005,8.224563896023687
1,7.11,8.23041254457433
1,7.12,8.236247085828431
1,7.130000000000001,8.242067410983415
1,7.140000000000001,8.24787341001874
1,7.15,8.253664971686579
1,7.16,8.259441983502402
1,7.17,8.265204331735406
1,7.180000000000001,8.27095190139885
1,7.19,8.276684576240248
1,7.2,8.282402238731452
1,7.210000000000001,8.288104770058588
1,7.220000000000001,8.293792050111875
1,7.23,8.299463957475307
1,7.24,8.305120369416192
1,7.25,8.310761161874565
1,7.260000000000001,8.316386209452457
1,7.2700000000000005,8.321995385403012
1,7.28,8.32758856161947
1,7.290000000000001,8.333165608624007
1,7.300000000000001,8.338726395556407
1,7.3100000000000005,8.34427079016259
1,7.32,8.349798658782994
1,7.33,8.355309866340788
1,7.340000000000001,8.360804276329919
1,7.3500000000000005,8.366281750803001
1,7.36,8.371742150359053
1,7.370000000000001,8.377185334131035
1,7.380000000000001,8.382611159773234
1,7.390000000000001,8.388019483448469
1,7.4,8.39341015981511
1,7.41,8.398783042013923
1,7.420000000000001,8.404137981654726
1,7.430000000000001,8.409474828802843
1,7.44,8.414793431965393
1,7.450000000000001,8.420093638077354
1,7.460000000000001,8.42537529248744
1,7.470000000000001,8.430638238943766
1,7.48,8.435882319579331
1,7.49,8.44110737489724
1,7.500000000000001,8.446313243755757
1,7.510000000000001,8.45149976335312
1,7.5200000000000005,8.456666769212115
1,7.530000000000001,8.461814095164462
1,7.540000000000001,8.466941573334914
1,7.550000000000001,8.472049034125172
1,7.5600000000000005,8.477136306197517
1,7.57,8.482203216458222
1,7.58,8.487249590040692
1,7.590000000000001,8.492275250288358
1,7.6000000000000005,8.497280018737309
1,7.610000000000001,8.502263715098657
1,7.620000000000001,8.507226157240616
1,7.630000000000002,8.512167161170328
1,7.6400000000000015,8.517086541015374
1,7.650000000000001,8.521984109005029
1,7.660000000000001,8.526859675451188
1,7.670000000000001,8.53171304872903
1,7.680000000000001,8.536544035257323
1,7.690000000000001,8.541352439478464
1,7.700000000000001,8.546138063838173
1,7.710000000000001,8.550900708764855
1,7.720000000000001,8.555640172648644
1,7.73,8.560356251820105
1,7.74,8.565048740528573
1,7.75,8.569717430920143
1,7.760000000000001,8.574362113015297
1,7.7700000000000005,8.578982574686172
1,7.78,8.583578601633425
1,7.790000000000002,8.588149977362725
1,7.800000000000002,8.59269648316085
1,7.810000000000001,8.597217898071374
1,7.820000000000001,8.601713998869942
1,7.830000000000001,8.606184560039118
1,7.84,8.610629353742818
1,7.85,8.615048149800275
1,7.859999999999999,8.619440715659579
1,7.869999999999999,8.623806816370733
1,7.879999999999999,8.628146214558242
1,7.890000000000001,8.632458670393246
1,7.9,8.636743941565108
1,7.91,8.641001783252548
1,7.920000000000001,8.645231948094219
1,7.930000000000001,8.64943418615879
1,7.94,8.653608244914452
1,7.95,8.657753869197904
1,7.96,8.66187080118274
1,7.97,8.665958780347289
1,7.9799999999999995,8.670017543441828
1,7.989999999999999,8.674046824455207
1,8.0,8.67804635458085
1,8.01,8.68201586218211
1,8.02,8.685955072756968
1,8.03,8.689863708902077
1,8.04,8.69374149027611
1,8.05,8.697588133562402
1,8.06,8.701403352430878
1,8.07,8.705186857499237
1,8.08,8.708938356293391
1,8.09,8.712657553207114
1,8.1,8.716344149460902
1,8.11,8.719997843060012
1,8.120000000000001,8.723618328751675
1,8.13,8.727205297981445
1,8.14,8.730758438848657
1,8.15,8.734277436061003
1,8.16,8.737761970888156
1,8.17,8.74121172111447
1,8.18,8.744626360990676
1,8.19,8.748005561184593
1,8.2,8.751348988730802
1,8.21,8.75465630697927
1,8.22,8.757927175542877
1,8.23,8.761161250243829
1,8.24,8.76435818305894
1,8.25,8.767517622063716
1,8.26,8.770639211375235
1,8.27,8.773722591093795
1,8.280000000000001,8.77676739724326
1,8.290000000000001,8.779773261710108
1,8.3,8.782739812181127
1,8.31,8.785666672079705
1,8.32,8.788553460500696
1,8.33,8.791399792143821
1,8.34,8.794205277245547
1,8.35,8.796969521509393
1,8.36,8.799692126034653
1,8.370000000000001,8.802372687243455
1,8.38,8.805010796806103
1,8.39,8.807606041564691
1,8.4,8.810158003454887
1,8.41,8.81266625942587
1,8.42,8.815130381358333
1,8.43,8.81754993598052
1,8.440000000000001,8.81992448478222
1,8.450000000000001,8.82225358392665
1,8.46,8.824536784160172
1,8.47,8.826773630719785
1,8.48,8.828963663238278
1,8.49,8.831106415647032
1,8.5,8.833201416076324
1,8.51,8.835248186753132
1,8.52,8.837246243896287
1,8.530000000000001,8.839195097608911
1,8.540000000000001,8.841094251768085
1,8.55,8.842943203911581
1,8.56,8.844741445121638
1,8.57,8.846488459905625
1,8.58,8.848183726073511
1,8.590000000000002,8.849826714612027
1,8.600000000000001,8.851416889555392
1,8.610000000000001,8.852953707852526
1,8.620000000000001,8.854436619230558
1,8.63,8.85586506605456
1,8.64,8.857238483183345
1,8.65,8.85855629782118
1,8.66,8.85981792936529
1,8.67,8.861022789248977
1,8.68,8.8621702807802
1,8.690000000000001,8.863259798975468
1,8.700000000000001,8.864290730388811
1,8.71,8.865262452935738
1,8.72,8.866174335711895
1,8.73,8.867025738806293
1,8.74,8.867816013108834
1,8.750000000000002,8.868544500112
1,8.760000000000002,8.869210531706349
1,8.770000000000001,8.869813429969733
1,8.780000000000001,8.870352506949818
1,8.790000000000001,8.870827064439785
1,8.8,8.871236393746841
1,8.81,8.871579775453272
1,8.82,8.871856479169766
1,8.83,8.872065763280608
1,8.84,8.872206874680499
1,8.85,8.872279048502568
1,8.860000000000001,8.872281507837233
1,8.870000000000001,8.872213463441534
1,8.88,8.872074113438481
1,8.89,8.87186264300602
1,8.9,8.871578224055126
1,8.910000000000002,8.87122001489657
1,8.920000000000002,8.870787159895812
1,8.930000000000001,8.870278789115519
1,8.940000000000001,8.8696940179451
1,8.950000000000001,8.869031946716692
1,8.96,8.868291660306934
1,8.97,8.867472227723875
1,8.98,8.866572701678304
1,8.99,8.865592118138748
1,9.0,8.864529495869311
1,9.01,8.863383835949598
1,9.020000000000001,8.86215412127572
1,9.030000000000001,8.860839316041517
1,9.04,8.859438365198956
1,9.049999999999999,8.857950193896633
1,9.06,8.856373706895267
1,9.07,8.85470778795896
1,9.08,8.85295129922095
1,9.09,8.851103080522474
1,9.1,8.84916194872333
1,9.11,8.847126696982508
1,9.120000000000001,8.844996094007335
1,9.13,8.842768883269251
1,9.14,8.840443782184453
1,9.15,8.838019481257279
1,9.16,8.835494643184235
1,9.17,8.832867901916348
1,9.18,8.830137861677327
1,9.19,8.827303095934923
1,9.2,8.82436214632259
1,9.209999999999999,8.821313521508442
1,9.22,8.818155696008114
1,9.23,8.81488710893809
1,9.24,8.81150616270557
1,9.25,8.808011221630851
1,9.26,8.804400610497673
1,9.27,8.800672613026828
1,9.280000000000001,8.796825470267727
1,9.290000000000001,8.79285737890238
1,9.3,8.788766489455641
1,9.31,8.7845509044051
1,9.32,8.78020867618345
1,9.33,8.775737805065486
1,9.34,8.771136236931202
1,9.35,8.766401860895757
1,9.36,8.761532506796085
1,9.37,8.756525942523135
1,9.38,8.751379871187563
1,9.39,8.746091928105598
1,9.4,8.74065967759046
1,9.41,8.735080609533307
1,9.42,8.729352135755995
1,9.43,8.723471586116174
1,9.440000000000001,8.717436204343233
1,9.450000000000001,8.711243143581152
1,9.46,8.70488946161197
1,9.47,8.69837211573046
1,9.48,8.691687957237392
1,9.49,8.68483372551501
1,9.5,8.677806041644061
1,9.51,8.670601401516928
1,9.52,8.663216168395737
1,9.53,8.655646564858149
1,9.540000000000001,8.647888664066091
1,9.55,8.63993838028436
1,9.56,8.631791458566301
1,9.57,8.62344346351258
1,9.58,8.614889766995878
1,9.59,8.606125534729257
1,9.600000000000001,8.597145711537962
1,9.610000000000001,8.587945005173589
1,9.620000000000001,8.578517868484786
1,9.63,8.568858479729437
1,9.64,8.558960720778499
1,9.65,8.548818152920221
1,9.66,8.538423989923581
1,9.67,8.527771067959833
1,9.68,8.516851811908307
1,9.690000000000001,8.505658197483942
1,9.700000000000001,8.494181708515459
1,9.71,8.482413288569115
1,9.72,8.47034328594685
1,9.73,8.457961390879738
1,9.74,8.445256563476267
1,9.75,8.432216950652858
1,9.760000000000002,8.418829789849307
1,9.770000000000001,8.405081296782877
1,9.780000000000001,8.390956533779045
1,9.790000000000001,8.376439254273116
1,9.8,8.361511717818336
1,9.81,8.346154468236696
1,9.82,8.330346065222077
1,9.83,8.314062756472351
1,9.84,8.297278072860017
1,9.850000000000001,8.279962322579824
1,9.860000000000001,8.262081950564077
1,9.870000000000001,8.243598714964325
1,9.88,8.22446861016359
1,9.89,8.20464043034084
1,9.9,8.18405380944487
1,9.91,8.162636474183502
1,9.920000000000002,8.140300269312245
1,9.930000000000001,8.116935179806763
1,9.940000000000001,8.092399898914294
1,9.950000000000001,8.066506007869224
1,9.96,8.038989201948628
1,9.97,8.009450685602555
1,9.98,7.9772154143614
1,9.99,7.940866429486382
1,10.0,7.893763444437531
4,0.0,0.0
4,0.013500000000000002,0.04586027082742225
4,0.027000000000000003,0.09138111876905347
4,0.040500000000000015,0.13656489320541307
4,0.054000000000000006,0.18141393679237597
4,0.06750000000000002,0.22593058544316966
4,0.08100000000000003,0.27011716831024174
4,0.0945,0.313976007766995
4,0.10800000000000001,0.3575094193893912
4,0.12150000000000002,0.40071971193741945
4,0.13500000000000004,0.4436091873364299
4,0.14850000000000005,0.4861801406583286
4,0.16200000000000006,0.5284348601026354
4,0.17550000000000004,0.5703756269774007
4,0.189,0.6120047156799795
4,0.2025,0.6533243936776635
4,0.21600000000000003,0.6943369214881662
4,0.22950000000000004,0.7350445526599633
4,0.24300000000000005,0.7754495337524823
4,0.25650000000000006,0.815554104316144
4,0.2700000000000001,0.8553604968722507
4,0.2835000000000001,0.8948709368927212
4,0.2970000000000001,0.9340876427796707
4,0.31050000000000005,0.9730128258448311
4,0.3240000000000001,1.0116486902888175
4,0.3375000000000001,1.0499974331802275
4,0.3510000000000001,1.0880612444345812
4,0.36450000000000005,1.1258423067930965
4,0.378,1.1633427958012954
4,0.39150000000000007,1.2005648797874444
4,0.405,1.2375107198408222
4,0.4185000000000001,1.274182469789815
4,0.43200000000000005,1.3105822761798374
4,0.4455000000000001,1.346712278251076
4,0.4590000000000001,1.3825746079160546
4,0.47250000000000014,1.4181713897370174
4,0.4860000000000001,1.4535047409031268
4,0.49950000000000006,1.488576771207481
4,0.5130000000000001,1.5233895830239392
4,0.5265000000000001,1.5579452712837547
4,0.5400000000000001,1.5922459234520216
4,0.5535000000000001,1.6262936195039213
4,0.5670000000000002,1.6600904319007728
4,0.5805000000000001,1.6936384255658847
4,0.5940000000000002,1.726939657860203
4,0.6075000000000002,1.7599961785577527
4,0.6210000000000001,1.7928100298208758
4,0.6345000000000002,1.8253832461752568
4,0.6480000000000002,1.8577178544847317
4,0.6615000000000001,1.8898158739258886
4,0.6750000000000002,1.9216793159624457
4,0.6885000000000001,1.953310184319406
4,0.7020000000000002,1.9847104749569937
4,0.7155,2.015882176044358
4,0.7290000000000001,2.046827267933052
4,0.7425000000000002,2.0775477231302726
4,0.756,2.10804550627187
4,0.7695000000000001,2.138322574095117
4,0.7830000000000001,2.1683808754112333
4,0.7965000000000002,2.1982223510776655
4,0.81,2.227848933970122
4,0.8235000000000001,2.257262548954348
4,0.8370000000000002,2.2864651128576554
4,0.8505000000000003,2.3154585344401832
4,0.8640000000000001,2.344244714365903
4,0.8775000000000002,2.3728255451733564
4,0.8910000000000002,2.40120291124612
4,0.9045000000000001,2.429378688783003
4,0.9180000000000001,2.4573547457679603
4,0.9315000000000002,2.485132941939733
4,0.9450000000000003,2.512715128761195
4,0.9585000000000002,2.5401031493884205
4,0.9720000000000002,2.5672988386394513
4,0.9855000000000002,2.5943040229627687
4,0.9990000000000001,2.6211205204054697
4,1.0125,2.64775014058113
4,1.0260000000000002,2.674194684637363
4,1.0395,2.7004559452230614
4,1.0530000000000002,2.7265357064553233
4,1.0665,2.7524357438860543
4,1.0800000000000003,2.778157824468237
4,1.0935000000000001,2.8037037065218775
4,1.1070000000000002,2.829075139699607
4,1.1205,2.854273864951941
4,1.1340000000000003,2.879301614492196
4,1.1475000000000002,2.904160111761054
4,1.1610000000000003,2.9288510713907585
4,1.1745,2.953376199168965
4,1.1880000000000004,2.9777371920022064
4,1.2015000000000002,3.001935737878998
4,1.2150000000000003,3.0259735158325514
4,1.2285000000000001,3.0498521959031137
4,1.2420000000000002,3.073573439099907
4,1.2555000000000003,3.097138897362678
4,1.2690000000000003,3.120550213522836
4,1.2825000000000002,3.143809021264192
4,1.2960000000000005,3.1669169450832753
4,1.3095,3.1898756002492274
4,1.3230000000000002,3.2126865927632715
4,1.3365000000000002,3.2353515193177467
4,1.3500000000000003,3.2578719672546925
4,1.3635000000000002,3.2802495145239954
4,1.3770000000000002,3.3024857296410715
4,1.3905000000000003,3.3245821716440864
4,1.4040000000000004,3.3465403900507087
4,1.4175000000000002,3.368361924814379
4,1.431,3.3900483062800975
4,1.4445000000000003,3.411601055139716
4,1.4580000000000002,3.433021682386727
4,1.4715000000000003,3.454311689270541
4,1.4850000000000003,3.4754725672502556
4,1.4985000000000002,3.496505797947877
4,1.512,3.5174128531010296
4,1.5255000000000003,3.5381951945151022
4,1.5390000000000001,3.5588542740148474
4,1.5525000000000004,3.579391533395423
4,1.5660000000000003,3.5998084043728475
4,1.5795000000000003,3.6201063085338903
4,1.5930000000000004,3.640286657285352
4,1.6065000000000003,3.6603508518027525
4,1.62,3.680300282978413
4,1.6335000000000004,3.700136331368891
4,1.6470000000000002,3.7198603671418113
4,1.6605000000000003,3.7394737500220248
4,1.6740000000000004,3.7589778292371347
4,1.6875000000000002,3.778373943462333
4,1.7010000000000005,3.797663420764569
4,1.7145000000000004,3.816847578546028
4,1.7280000000000002,3.835927723486902
4,1.7415000000000005,3.854905151487438
4,1.7550000000000003,3.873781147609265
4,1.7685000000000004,3.8925569860159785
4,1.7820000000000005,3.9112339299129593
4,1.7955000000000003,3.92981323148643
4,1.8090000000000002,3.948296131841727
4,1.8225000000000002,3.9666838609407713
4,1.8360000000000003,3.9849776375387234
4,1.8495000000000004,4.003178669119815
4,1.8630000000000004,4.02128815183233
4,1.8765,4.03930727042273
4,1.8900000000000006,4.0572371981689095
4,1.9035000000000002,4.0750790968125346
4,1.9170000000000005,4.092834116490504
4,1.9305000000000003,4.11050339566545
4,1.9440000000000004,4.128088061055327
4,1.9575000000000002,4.145589227562002
4,1.9710000000000003,4.163007998198889
4,1.9845000000000002,4.180345464017574
4,1.9980000000000002,4.197602704033405
4,2.0115000000000007,4.214780785150058
4,2.025,4.231880762083037
4,2.0385000000000004,4.248903677282083
4,2.0520000000000005,4.265850560852474
4,2.0655000000000006,4.282722430475218
4,2.079,4.299520291326072
4,2.0925000000000002,4.3162451359933955
4,2.1060000000000003,4.332897944394814
4,2.119500000000001,4.34947968369264
4,2.133,4.365991308208063
4,2.1465,4.38243375933406
4,2.1600000000000006,4.3988079654469985
4,2.1735000000000007,4.415114841816916
4,2.1870000000000003,4.431355290516443
4,2.2005000000000003,4.447530200328338
4,2.2140000000000004,4.46364044665161
4,2.2275000000000005,4.479686891406183
4,2.241,4.4956703829361055
4,2.2545,4.51159175591123
4,2.2680000000000007,4.527451831227354
4,2.2815000000000003,4.543251415904794
4,2.2950000000000004,4.558991302985336
4,2.3085000000000004,4.574672271427544
4,2.3220000000000005,4.590295086000385
4,2.3355,4.605860497175127
4,2.349,4.621369241015476
4,2.3625000000000003,4.636822039065922
4,2.376000000000001,4.652219598238222
4,2.3895000000000004,4.667562610696014
4,2.4030000000000005,4.682851753737498
4,2.4165000000000005,4.698087689676134
4,2.4300000000000006,4.713271065719331
4,2.4435000000000002,4.728402513845065
4,2.4570000000000003,4.743482650676366
4,2.4705000000000004,4.758512077353658
4,2.4840000000000004,4.773491379404866
4,2.4975000000000005,4.788421126613247
4,2.5110000000000006,4.803301872882901
4,2.5245,4.818134156101887
4,2.5380000000000007,4.8329184980029005
4,2.5515000000000003,4.84765540402144
4,2.5650000000000004,4.862345363151406
4,2.5785000000000005,4.876988847798077
4,2.592000000000001,4.891586313628367
4,2.6055,4.906138199418332
4,2.619,4.920644926897835
4,2.6325000000000007,4.935106900592297
4,2.6460000000000004,4.949524507661455
4,2.6595000000000004,4.963898117735075
4,2.6730000000000005,4.97822808274549
4,2.6865,4.9925147367569425
4,2.7000000000000006,5.00675839579159
4,2.7135000000000007,5.020959357652121
4,2.7270000000000003,5.035117901740867
4,2.7405000000000004,5.049234288875339
4,2.7540000000000004,5.063308761100063
4,2.7675000000000005,5.077341541494638
4,2.7810000000000006,5.091332833977907
4,2.7945000000000007,5.1052828231081095
4,2.8080000000000007,5.119191673878936
4,2.8215000000000003,5.133059531511354
4,2.8350000000000004,5.146886521241081
4,2.848500000000001,5.16067274810158
4,2.862,5.174418296702468
4,2.8755000000000006,5.188123231003178
4,2.8890000000000007,5.201787594081754
4,2.9025000000000003,5.215411407898621
4,2.9160000000000004,5.228994673055206
4,2.9295000000000004,5.24253736854723
4,2.9430000000000005,5.256039451512512
4,2.9565000000000006,5.2695008569731625
4,2.9700000000000006,5.282921497571913
4,2.9835000000000003,5.296301263302504
4,2.9970000000000003,5.309640021233848
4,3.010500000000001,5.322937615227851
4,3.024,5.336193865650645
4,3.0375000000000005,5.349408569077055
4,3.0510000000000006,5.362581497988059
4,3.064500000000001,5.375712400461034
4,3.0780000000000003,5.38880099985255
4,3.091500000000001,5.401846994473468
4,3.105000000000001,5.41485005725609
4,3.1185000000000005,5.427809835413094
4,3.1320000000000006,5.440725950087993
4,3.1455000000000006,5.453597995996818
4,3.1590000000000007,5.466425541060733
4,3.1725000000000008,5.479208126029288
4,3.186000000000001,5.49194526409395
4,3.1995000000000005,5.50463644049162
4,3.2130000000000005,5.517281112097759
4,3.2265000000000006,5.529878707008759
4,3.24,5.542428624113179
4,3.2535000000000007,5.5549302326514605
4,3.267000000000001,5.567382871763673
4,3.2805,5.579785850024901
4,3.2940000000000005,5.592138444967774
4,3.3075000000000006,5.604439902591677
4,3.3210000000000006,5.6166894368581755
4,3.3345000000000002,5.62888622917207
4,3.3480000000000008,5.641029427847604
4,3.3615000000000004,5.653118147559203
4,3.3750000000000004,5.665151468776177
4,3.3885000000000005,5.677128437180745
4,3.402000000000001,5.689048063068732
4,3.4155000000000006,5.70090932073224
4,3.4290000000000007,5.712711147823593
4,3.442500000000001,5.72445244469976
4,3.4560000000000004,5.7361320737465
4,3.469500000000001,5.747748858681359
4,3.483000000000001,5.759301583834661
4,3.4965,5.77078899340756
4,3.5100000000000007,5.782209790706178
4,3.5235000000000007,5.793562637350794
4,3.537000000000001,5.804846152459047
4,3.5505000000000004,5.816058911801964
4,3.564000000000001,5.827199446931639
4,3.5775000000000006,5.838266244279319
4,3.5910000000000006,5.849257744222533
4,3.6045000000000007,5.860172340119859
4,3.6180000000000003,5.8710083773118855
4,3.631500000000001,5.881764152086741
4,3.6450000000000005,5.89243791060856
4,3.6585,5.903027847807142
4,3.6720000000000006,5.913532106226916
4,3.6855000000000007,5.92394877483326
4,3.6990000000000007,5.934275887774087
4,3.7125000000000004,5.944511423094474
4,3.726000000000001,5.954653301402006
4,3.739500000000001,5.964699384480326
4,3.753,5.974647473848249
4,3.7665000000000006,5.984495309261621
4,3.780000000000001,5.994240567154946
4,3.7935000000000008,6.003880859019555
4,3.8070000000000004,6.013413729714966
4,3.820500000000001,6.022836655709787
4,3.834000000000001,6.032147043248289
4,3.847500000000001,6.041342226438572
4,3.8610000000000007,6.0504194652578605
4,3.8745000000000007,6.059375943470252
4,3.888000000000001,6.068208766451876
4,3.901500000000001,6.076914958918044
4,3.9150000000000005,6.085491462546624
4,3.9285000000000005,6.093935133491419
4,3.9420000000000006,6.102242739778877
4,3.9555000000000007,6.110410958580975
4,3.9690000000000003,6.118436373356577
4,3.9825000000000004,6.126315470852933
4,3.9960000000000004,6.134044637958416
4,4.0095,6.141620158396807
4,4.0230000000000015,6.149038209252739
4,4.036500000000001,6.156294857316992
4,4.05,6.163386055239494
4,4.063500000000001,6.17030763747676
4,4.077000000000001,6.177055316019483
4,4.0905000000000005,6.183624675884684
4,4.104000000000001,6.190011170355523
4,4.117500000000001,6.19621011595031
4,4.131000000000001,6.202216687100702
4,4.144500000000001,6.208025910517101
4,4.158,6.213632659217361
4,4.171500000000001,6.219031646192553
4,4.1850000000000005,6.2242174176811
4,4.1985,6.229184346019715
4,4.212000000000001,6.233926622036513
4,4.2255,6.23843824694814
4,4.239000000000002,6.242713023718791
4,4.2525,6.24674454783472
4,4.266,6.250526197442703
4,4.279500000000001,6.254051122795512
4,4.293,6.2573122349410175
4,4.306500000000001,6.260302193584474
4,4.320000000000001,6.2630133940453945
4,4.3335,6.265437953221205
4,4.347000000000001,6.26756769445939
4,4.360500000000001,6.269394131227765
4,4.3740000000000006,6.270908449458765
4,4.387500000000001,6.2721014884278175
4,4.401000000000001,6.272963720007547
4,4.4145,6.2734852261184875
4,4.428000000000001,6.273655674172507
4,4.4415000000000004,6.273464290276561
4,4.455000000000001,6.272899829931189
4,4.468500000000001,6.27195054591912
4,4.482,6.2706041530334335
4,4.495500000000002,6.26884778924058
4,4.509,6.2666679728092305
4,4.522500000000001,6.264050554859396
4,4.536000000000001,6.260980666694629
4,4.5495,6.257442661170014
4,4.563000000000001,6.2534200472155
4,4.576500000000001,6.248895416472507
4,4.590000000000001,6.243850360804119
4,4.603500000000001,6.2382653791963385
4,4.617000000000001,6.232119772267523
4,4.6305000000000005,6.225391522228897
4,4.644000000000001,6.218057155669698
4,4.657500000000001,6.210091585947114
4,4.671,6.201467931204614
4,4.684500000000001,6.1921573030694725
4,4.698,6.182128559816844
4,4.711500000000002,6.17134801613046
4,4.7250000000000005,6.1597790993910495
4,4.7385,6.147381939471016
4,4.752000000000002,6.1341128749959895
4,4.7655,6.119923853487123
4,4.779000000000001,6.104761695017648
4,4.792500000000001,6.088567177910376
4,4.806000000000001,6.071273888834874
4,4.8195000000000014,6.05280675560873
4,4.833000000000001,6.033080144330472
4,4.846500000000001,6.011995344969818
4,4.860000000000001,5.98943717647096
4,4.873500000000001,5.96526928612999
4,4.8870000000000005,5.939327443961703
4,4.900500000000001,5.911409626961046
4,4.914000000000001,5.881260694732863
4,4.927500000000001,5.848547350590602
4,4.941000000000001,5.812814149218671
4,4.9545,5.7733981429764025
4,4.968000000000001,5.729237367352852
4,4.9815000000000005,5.678324351158303
4,4.995000000000001,5.615040500786425
4,5.006250000000001,5.541472839345487
4,5.019750000000001,5.478776791402158
4,5.033250000000001,5.426631312042569
4,5.046750000000001,5.380224237791271
4,5.060250000000001,5.3377584332026276
4,5.07375,5.298278478166216
4,5.087250000000001,5.261190396749136
4,5.1007500000000014,5.226089344871266
4,5.11425,5.192681962843415
4,5.127750000000001,5.160746132874133
4,5.141250000000001,5.130108016423683
4,5.154750000000001,5.100627990936434
4,5.168250000000001,5.072191555039858
4,5.181750000000001,5.044703186694903
4,5.195250000000001,5.018082046512553
4,5.208750000000002,4.99225888234897
4,5.222250000000001,4.967173743282288
4,5.23575,4.942774255042739
4,5.249250000000002,4.919014294793961
4,5.2627500000000005,4.895852956221926
4,5.27625,4.873253729738121
4,5.2897500000000015,4.851183844801454
4,5.303250000000001,4.82961373627775
4,5.316750000000001,4.808516606995045
4,5.330250000000001,4.787868065820045
4,5.343750000000001,4.767645825685568
4,5.3572500000000005,4.747829449692297
4,5.370750000000001,4.728400136119191
4,5.384250000000001,4.709340535193053
4,5.39775,4.690634591985243
4,5.411250000000001,4.672267410958678
4,5.424750000000001,4.654225138576158
4,5.438250000000001,4.636494861070585
4,5.4517500000000005,4.619064515017461
4,5.465250000000001,4.601922808776325
4,5.478750000000001,4.585059153206976
4,5.492250000000001,4.568463600338227
4,5.505750000000001,4.5521267888861585
4,5.51925,4.536039895697035
4,5.532750000000001,4.52019459233545
4,5.546250000000001,4.504583006157862
4,5.55975,4.489197685310269
4,5.573250000000002,4.474031567170833
4,5.586750000000001,4.459077949826474
4,5.600250000000001,4.444330466229773
4,5.613750000000001,4.42978306073069
4,5.627250000000001,4.415429967718297
4,5.6407500000000015,4.401265692142239
4,5.654250000000001,4.387284991713081
4,5.667750000000001,4.373482860605766
4,5.681250000000002,4.359854514511988
4,5.694750000000001,4.346395376905789
4,5.7082500000000005,4.333101066402683
4,5.721750000000002,4.319967385106458
4,5.735250000000001,4.306990307849802
4,5.74875,4.294165972245354
4,5.762250000000002,4.281490669472931
4,5.775750000000001,4.268960835736633
4,5.789250000000001,4.25657304433254
4,5.802750000000001,4.244323998273892
4,5.816250000000001,4.232210523426041
4,5.829750000000001,4.220229562108271
4,5.843250000000001,4.208378167123806
4,5.856750000000001,4.196653496183143
4,5.87025,4.185052806689073
4,5.883750000000001,4.173573450854888
4,5.897250000000001,4.162212871129781
4,5.910750000000001,4.150968595907904
4,5.924250000000002,4.139838235499638
4,5.937750000000001,4.12881947834556
4,5.951250000000001,4.117910087455276
4,5.964750000000001,4.107107897054823
4,5.978250000000001,4.096410809427786
4,5.991750000000001,4.085816791936434
4,6.005250000000001,4.075323874210406
4,6.018750000000001,4.064930145491437
4,6.03225,4.0546337521235545
4,6.045750000000002,4.044432895179046
4,6.059250000000001,4.034325828211216
4,6.07275,4.024310855125696
4,6.0862500000000015,4.014386328162656
4,6.099750000000001,4.0045506459828895
4,6.113250000000001,3.9948022518512314
4,6.126750000000001,3.985139631911284
4,6.140250000000001,3.9755613135458434
4,6.1537500000000005,3.966065863817834
4,6.167250000000001,3.956651887986927
4,6.180750000000001,3.9473180280973703
4,6.194250000000001,3.938062961632833
4,6.207750000000002,3.9288854002344205
4,6.22125,3.9197840884782047
4,6.234750000000002,3.9107578027089205
4,6.248250000000001,3.9018053499266734
4,6.261750000000001,3.892925566723715
4,6.2752500000000015,3.884117318268539
4,6.288750000000001,3.8753794973347335
4,6.302250000000001,3.8667110233721766
4,6.315750000000001,3.8581108416183274
4,6.329250000000001,3.849577922247495
4,6.342750000000001,3.8411112595561026
4,6.356250000000001,3.832709871182109
4,6.369750000000002,3.82437279735681
4,6.383250000000001,3.81609910018739
4,6.396750000000002,3.8078878629687063
4,6.410250000000001,3.799738189522818
4,6.423750000000001,3.791649203564902
4,6.4372500000000015,3.783620048094295
4,6.450750000000001,3.775649884809418
4,6.464250000000001,3.767737893545445
4,6.477750000000001,3.759883271733651
4,6.491250000000001,3.7520852338814117
4,6.5047500000000005,3.7443430110718796
4,6.518250000000002,3.7366558504824505
4,6.5317500000000015,3.72902301492115
4,6.54525,3.7214437823801094
4,6.558750000000002,3.7139174456053987
4,6.572250000000001,3.706443311682448
4,6.58575,3.6990207016363885
4,6.599250000000001,3.691648950046663
4,6.612750000000001,3.6843274046752605
4,6.6262500000000015,3.6770554261080184
4,6.639750000000001,3.669832387408401
4,6.653250000000001,3.6626576737832472
4,6.666750000000001,3.655530682259981
4,6.680250000000002,3.6484508213747793
4,6.6937500000000005,3.641417510871289
4,6.707250000000001,3.6344301814094107
4,6.720750000000002,3.6274882742837744
4,6.734250000000001,3.6205912411514904
4,6.747750000000001,3.6137385437688216
4,6.761250000000001,3.6069296537363984
4,6.774750000000001,3.6001640522526603
4,6.788250000000001,3.5934412298751934
4,6.801750000000001,3.586760686289639
4,6.815250000000002,3.580121930085907
4,6.82875,3.573524478541397
4,6.842250000000002,3.566967857410957
4,6.855750000000001,3.560451600723336
4,6.869250000000002,3.5539752505838704
4,6.8827500000000015,3.547538356983196
4,6.896250000000001,3.5411404776117275
4,6.909750000000002,3.5347811776797187
4,6.923250000000001,3.5284600297427
4,6.936750000000001,3.522176613532075
4,6.950250000000001,3.515930515790711
4,6.963750000000002,3.5097213301133388
4,6.977250000000001,3.5035486567915837
4,6.990750000000002,3.4974121026634712
4,7.004250000000002,3.4913112809672513
4,7.01775,3.4852458111993774
4,7.031250000000002,3.479215318976515
4,7.044750000000001,3.473219435901423
4,7.05825,3.4672577994325895
4,7.0717500000000015,3.461330052757484
4,7.085250000000001,3.455435844669306
4,7.098750000000002,3.449574829447118
4,7.112250000000001,3.4437466667392425
4,7.125750000000001,3.4379510214498197
4,7.139250000000001,3.4321875636284163
4,7.152750000000002,3.4264559683625926
4,7.166250000000001,3.4207559156733263
4,7.179750000000001,3.415087090413197
4,7.193250000000002,3.40944918216726
4,7.206750000000001,3.403841885156488
4,7.220250000000001,3.3982648981437498
4,7.2337500000000015,3.3927179243421888
4,7.247250000000002,3.3872006713259775
4,7.260750000000001,3.381712850943337
4,7.274250000000001,3.3762541792317675
4,7.287750000000002,3.370824376335424
4,7.3012500000000005,3.365423166424554
4,7.314750000000001,3.3600502776169594
4,7.3282500000000015,3.354705441901401
4,7.34175,3.3493883950628933
4,7.355250000000002,3.3440988766098294
4,7.368750000000001,3.3388366297029
4,7.382250000000001,3.333601401085718
4,7.395750000000001,3.3283929410171336
4,7.409250000000001,3.32321100320517
4,7.422750000000001,3.3180553447425343
4,7.436250000000002,3.3129257260436673
4,7.449750000000001,3.307821910783276
4,7.463250000000001,3.302743665836315
4,7.476750000000002,3.2976907612193673
4,7.4902500000000005,3.2926629700334002
4,7.503750000000002,3.287660068407827
4,7.5172500000000015,3.2826818354458815
4,7.53075,3.27772805317122
4,7.544250000000002,3.272798506475758
4,7.557750000000001,3.267892983068685
4,7.571250000000002,3.263011273426624
4,7.584750000000002,3.2581531707449223
4,7.598250000000001,3.2533184708900187
4,7.611750000000002,3.248506972352875
4,7.625250000000002,3.24371847620344
4,7.638750000000002,3.238952786046115
4,7.652250000000001,3.2342097079761882
4,7.665750000000002,3.229489050537231
4,7.6792500000000015,3.2247906246794087
4,7.692750000000002,3.220114243718695
4,7.706250000000001,3.2154597232969695
4,7.719750000000002,3.210826881342951
4,7.733250000000001,3.2062155380339874
4,7.746750000000001,3.2016255157586313
4,7.760250000000001,3.1970566390800244
4,7.7737500000000015,3.192508734700033
4,7.787250000000002,3.1879816314241514
4,7.800750000000002,3.1834751601271187
4,7.81425,3.1789891537192574
4,7.827750000000002,3.174523447113504
4,7.8412500000000005,3.1700778771931133
4,7.854750000000001,3.1656522827800275
4,7.868250000000002,3.1612465046038807
4,7.881750000000001,3.1568603852716395
4,7.895250000000001,3.15249376923785
4,7.908750000000001,3.1481465027754845
4,7.922250000000002,3.1438184339473674
4,7.935750000000001,3.1395094125781737
4,7.949250000000002,3.135219290226978
4,7.962750000000001,3.1309479201603496
4,7.976250000000002,3.126695157325967
4,7.989750000000001,3.1224608583267615
4,8.003250000000001,3.1182448813955523
4,8.01675,3.114047086370179
4,8.030250000000002,3.1098673346691106
4,8.043750000000001,3.105705489267527
4,8.057250000000002,3.10156141467386
4,8.070750000000002,3.09743497690677
4,8.08425,3.0933260434725773
4,8.097750000000001,3.0892344833431027
4,8.111250000000002,3.0851601669339344
4,8.12475,3.081102966083108
4,8.138250000000001,3.077062754030168
4,8.151750000000002,3.073039405395632
4,8.16525,3.069032796160833
4,8.178750000000003,3.0650428036481294
4,8.192250000000001,3.0610693065014822
4,8.205750000000002,3.057112184667386
4,8.219250000000002,3.0531713193761476
4,8.232750000000001,3.0492465931235055
4,8.246250000000002,3.0453378896525813
4,8.259750000000002,3.0414450939361553
4,8.27325,3.0375680921592587
4,8.286750000000001,3.0337067717020845
4,8.300250000000002,3.029861021123191
4,8.31375,3.0260307301430145
4,8.327250000000001,3.0222157896276602
4,8.340750000000002,3.018416091572995
4,8.354250000000002,3.0146315290890087
4,8.367750000000001,3.010861996384441
4,8.381250000000001,3.007107388751697
4,8.394750000000002,3.0033676025520037
4,8.40825,2.999642535200835
4,8.421750000000001,2.9959320851535813
4,8.435250000000002,2.992236151891472
4,8.44875,2.9885546359077257
4,8.462250000000003,2.9848874386939492
4,8.475750000000001,2.9812344627267615
4,8.489250000000002,2.977595611454642
4,8.502750000000002,2.9833403392642497
4,8.516250000000001,3.0255203898084777
4,8.52975,3.067375337332424
4,8.543250000000002,3.1089074370570136
4,8.556750000000001,3.150118938384203
4,8.570250000000001,3.1910120848670855
4,8.583750000000002,3.231589114180025
4,8.59725,3.2718522580888596
4,8.610750000000001,3.311803742421183
4,8.624250000000002,3.3514457870366487
4,8.637750000000002,3.390780605797317
4,8.651250000000001,3.4298104065380772
4,8.664750000000002,3.4685373910370663
4,8.678250000000002,3.5069637549861232
4,8.69175,3.5450916879612913
4,8.705250000000001,3.5829233733933266
4,8.718750000000002,3.6204609885381935
4,8.73225,3.657706704447633
4,8.745750000000001,3.694662685939679
4,8.759250000000002,3.7313310915691917
4,8.772750000000002,3.767714073598413
4,8.786250000000003,3.803813777967486
4,8.799750000000001,3.8396323442649534
4,8.813250000000002,3.8751719056982785
4,8.826750000000002,3.910434589064299
4,8.840250000000001,3.9454225147196964
4,8.853750000000002,3.9801377965514
4,8.867250000000002,4.014582541946967
4,8.88075,4.048758851764942
4,8.894250000000001,4.082668820305149
4,8.907750000000002,4.116314535278931
4,8.921250000000002,4.149698077779371
4,8.934750000000003,4.182821522251428
4,8.948250000000002,4.215686936462
4,8.96175,4.248296381469974
4,8.975250000000003,4.280651911596148
4,8.988750000000001,4.3127555743931065
4,9.002250000000002,4.344609410615032
4,9.015750000000002,4.376215454187405
4,9.029250000000001,4.407575732176625
4,9.042750000000002,4.438692264759567
4,9.056250000000002,4.469567065193009
4,9.069750000000003,4.500202139782968
4,9.083250000000001,4.5305994878539595
4,9.096750000000002,4.5607611017181116
4,9.11025,4.590688966644189
4,9.123750000000001,4.6203850608265
4,9.137250000000002,4.649851355353683
4,9.150750000000002,4.67908981417735
4,9.164250000000001,4.708102394080637
4,9.177750000000001,4.736891044646589
4,9.191250000000002,4.7654577082264185
4,9.204750000000002,4.793804319907632
4,9.218250000000003,4.821932807482
4,9.231750000000002,4.849845091413366
4,9.24525,4.877543084805334
4,9.258750000000001,4.905028693368762
4,9.272250000000001,4.93230381538911
4,9.285750000000002,4.959370341693617
4,9.299250000000002,4.986230155618304
4,9.312750000000001,5.012885132974796
4,9.32625,5.03933714201698
4,9.339750000000002,5.06558804340745
4,9.353250000000003,5.091639690183775
4,9.366750000000001,5.117493927724583
4,9.380250000000002,5.143152593715429
4,9.39375,5.16861751811445
4,9.407250000000001,5.193890523117844
4,9.420750000000002,5.218973423125095
4,9.434250000000002,5.243868024704005
4,9.447750000000003,5.268576126555496
4,9.461250000000001,5.293099519478173
4,9.47475,5.317439986332664
4,9.488250000000003,5.341599302005722
4,9.501750000000001,5.365579233374063
4,9.515250000000002,5.389381539267985
4,9.528750000000002,5.413007970434706
4,9.542250000000001,5.43646026950145
4,9.555750000000002,5.459740170938274
4,9.569250000000002,5.482849401020619
4,9.582750000000003,5.505789677791576
4,9.596250000000001,5.528562711023886
4,9.609750000000002,5.551170202181646
4,9.623250000000002,5.573613844381703
4,9.636750000000003,5.595895322354783
4,9.650250000000002,5.618016312406297
4,9.663750000000002,5.639978482376813
4,9.67725,5.661783491602261
4,9.690750000000001,5.683432990873769
4,9.704250000000002,5.704928622397188
4,9.717750000000002,5.7262720197522885
4,9.731250000000003,5.747464807851599
4,9.744750000000002,5.7685086028988986
4,9.75825,5.789405012347367
4,9.771750000000003,5.810155634857359
4,9.785250000000001,5.830762060253799
4,9.798750000000002,5.851225869483238
4,9.812250000000002,5.8715486345704875
4,9.825750000000001,5.89173191857487
4,9.83925,5.911777275546106
4,9.852750000000002,5.931686250479738
4,9.866250000000003,5.951460379272192
4,9.879750000000001,5.971101188675401
4,9.893250000000002,5.990610196250981
4,9.90675,6.009988910324007
4,9.920250000000001,6.029238829936313
4,9.933750000000002,6.048361444799361
4,9.947250000000002,6.067358235246624
4,9.96075,6.086230672185534
4,9.974250000000001,6.104980217048921
4,9.987750000000002,6.123608321745972
4,10.001250000000002,6.142116428612711
4,10.014750000000003,6.160505970361943
4,10.028250000000002,6.178778370032717
4,10.04175,6.1969350409392305
4,10.055250000000001,6.214977386619226
4,10.068750000000003,6.232906800781834
4,10.082250000000002,6.250724667254844
4,10.095750000000002,6.268432359931454
4,10.109250000000001,6.2860312427163905
4,10.12275,6.303522669471486
4,10.136250000000002,6.3209079839606375
4,10.149750000000003,6.338188519794159
4,10.163250000000003,6.355365600372509
4,10.176750000000002,6.372440538829407
4,10.19025,6.389414637974281
4,10.203750000000001,6.406289190234076
4,10.217250000000002,6.423065477594383
4,10.230750000000002,6.439744771539893
4,10.244250000000003,6.456328332994156
4,10.257750000000001,6.472817412258629
4,10.27125,6.489213248951007
4,10.284750000000003,6.505517071942822
4,10.298250000000001,6.521730099296273
4,10.311750000000004,6.537853538200328
4,10.325250000000002,6.553888584905998
4,10.338750000000001,6.569836424660876
4,10.352250000000002,6.585698231642814
4,10.365750000000002,6.601475168892804
4,10.37925,6.617168388247004
4,10.392750000000003,6.6327790302679235
4,10.406250000000002,6.648308224174704
4,10.41975,6.663757087772537
4,10.433250000000003,6.679126727381156
4,10.446750000000002,6.694418237762399
4,10.460250000000004,6.709632702046832
4,10.473750000000003,6.724771191659388
4,10.487250000000001,6.739834766244051
4,10.500750000000002,6.754824473587499
4,10.514250000000002,6.769741349541743
4,10.527750000000001,6.78458641794571
4,10.541250000000003,6.799360690545759
4,10.554750000000002,6.814065166915088
4,10.56825,6.8287008343720705
4,10.581750000000003,6.8432686678974
4,10.595250000000002,6.857769630050112
4,10.60875,6.872204670882396
4,10.622250000000003,6.886574727853224
4,10.635750000000002,6.900880725740697
4,10.649250000000002,6.915123576553189
4,10.662750000000003,6.929304179439137
4,10.676250000000001,6.943423420595568
4,10.68975,6.957482173175235
4,10.703250000000002,6.971481297192409
4,10.716750000000003,6.985421639427246
4,10.730250000000003,6.999304033328724
4,10.743750000000002,7.013129298916118
4,10.75725,7.0268982426789535
4,10.77075,7.040611657475444
4,10.784250000000002,7.054270322429362
4,10.797750000000002,7.0678750028252795
4,10.811250000000003,7.081426450002196
4,10.824750000000002,7.094925401245484
4,10.83825,7.108372579677088
4,10.851750000000001,7.121768694144024
4,10.865250000000003,7.1351144391050205
4,10.878750000000004,7.148410494515366
4,10.892250000000002,7.161657525709854
4,10.905750000000001,7.174856183283814
4,10.91925,7.1880071029721595
4,10.932750000000002,7.201110905526431
4,10.946250000000003,7.214168196589763
4,10.959750000000003,7.227179566569741
4,10.973250000000002,7.240145590509092
4,10.98675,7.25306682795416
4,11.000250000000001,7.265943822821096
4,11.013750000000002,7.2787771032597295
4,11.027250000000002,7.291567181515053
4,11.040750000000003,7.304314553786254
4,11.054250000000001,7.317019700083254
4,11.06775,7.32968308408065
4,11.081250000000002,7.342305152969065
4,11.094750000000003,7.354886337303753
4,11.108250000000004,7.367427050850453
4,11.121750000000002,7.379927690428404
4,11.135250000000001,7.392388635750437
4,11.148750000000001,7.404810249260081
4,11.162250000000002,7.417192875965588
4,11.175750000000003,7.429536843270815
4,11.189250000000003,7.441842460802874
4,11.202750000000002,7.454110020236452
4,11.21625,7.466339795114729
4,11.229750000000003,7.478532040666782
4,11.243250000000002,7.4906869936214004
4,11.256750000000004,7.502804872017202
4,11.270250000000003,7.514885875008945
4,11.283750000000001,7.526930182669943
4,11.297250000000002,7.538937955790466
4,11.310750000000002,7.550909335672005
4,11.324250000000001,7.562844443917301
4,11.337750000000003,7.574743382216012
4,11.351250000000002,7.586606232125888
4,11.36475,7.5984330548493135
4,11.378250000000003,7.6102238910051305
4,11.391750000000002,7.621978760395524
4,11.40525,7.633697661767906
4,11.418750000000003,7.64538057257159
4,11.432250000000002,7.657027448709134
4,11.445750000000002,7.6686382242821844
4,11.459250000000003,7.680212811331631
4,11.472750000000001,7.691751099571945
4,11.48625,7.703252956119461
4,11.499750000000002,7.714718225214484
4,11.513250000000001,7.726146727936963
4,11.526750000000003,7.737538261915579
4,11.540250000000002,7.748892601030002
4,11.55375,7.760209495106137
4,11.567250000000001,7.771488669604076
4,11.580750000000002,7.7827298252986
4,11.594250000000002,7.7939326379519045
4,11.607750000000003,7.80509675797835
4,11.621250000000002,7.816221810100955
4,11.63475,7.827307392999344
4,11.64825,7.838353078948883
4,11.661750000000003,7.849358413450687
4,11.675250000000004,7.860322914852191
4,11.688750000000002,7.871246073957982
4,11.702250000000001,7.882127353630505
4,11.71575,7.89296618838033
4,11.729250000000002,7.903761983945611
4,11.742750000000003,7.914514116860298
4,11.756250000000003,7.925221934010792
4,11.769750000000002,7.935884752180534
4,11.78325,7.946501857582127
4,11.796750000000001,7.957072505376551
4,11.810250000000003,7.967595919178942
4,11.823750000000004,7.978071290550479
4,11.837250000000003,7.988497778475832
4,11.850750000000001,7.998874508825619
4,11.86425,8.009200573803293
4,11.877750000000002,8.019475031375885
4,11.891250000000003,8.029696904687922
4,11.904750000000003,8.039865181457902
4,11.918250000000002,8.0499788133566
4,11.931750000000001,8.060036715366484
4,11.945250000000001,8.070037765121503
4,11.958750000000002,8.07998080222637
4,11.972250000000004,8.089864627554581
4,11.985750000000003,8.099688002524218
4,11.999250000000002,8.109449648350637
4,12.01275,8.119148245275035
4,12.026250000000003,8.128782431767874
4,12.039750000000002,8.138350803706073
4,12.053250000000004,8.147851913522803
4,12.066750000000003,8.157284269328697
4,12.080250000000001,8.166646334003188
4,12.093750000000002,8.175936524254618
4,12.107250000000002,8.185153209647714
4,12.120750000000001,8.194294711596916
4,12.134250000000003,8.203359302323976
4,12.147750000000002,8.212345203778133
4,12.16125,8.221250586517122
4,12.174750000000003,8.230073568547096
4,12.188250000000002,8.23881221411951
4,12.20175,8.247464532482796
4,12.215250000000003,8.256028476586662
4,12.228750000000002,8.264501941736592
4,12.242250000000002,8.272882764196032
4,12.255750000000003,8.281168719733587
4,12.269250000000001,8.289357522112383
4,12.28275,8.297446821518525
4,12.296250000000002,8.305434202925504
4,12.309750000000001,8.313317184390998
4,12.323250000000003,8.321093215282504
4,12.336750000000002,8.328759674427815
4,12.35025,8.33631386818621
4,12.363750000000003,8.343753028435852
4,12.377250000000002,8.351074310472642
4,12.390750000000004,8.358274790815424
4,12.404250000000003,8.365351464912012
4,12.417750000000002,8.372301244740262
4,12.43125,8.379120956297777
4,12.444750000000003,8.385807336973576
4,12.458250000000001,8.392357032794393
4,12.471750000000004,8.3987665955378
4,12.485250000000002,8.405032479703754
4,12.498750000000001,8.411151039335417
4,12.512250000000002,8.417118524679513
4,12.525750000000002,8.42293107867561
4,12.539250000000004,8.428584733262856
4,12.552750000000003,8.434075405491784
4,12.566250000000002,8.439398893427802
4,12.57975,8.444550871831696
4,12.593250000000001,8.449526887601424
4,12.606750000000003,8.4543223549579
4,12.620250000000004,8.458932550356069
4,12.633750000000003,8.463352607100845
4,12.647250000000001,8.467577509645533
4,12.660750000000002,8.471602087548453
4,12.67425,8.475421009060948
4,12.687750000000003,8.479028774317605
4,12.701250000000003,8.482419708096462
4,12.714750000000002,8.485587952113962
4,12.728250000000001,8.488527456815623
4,12.741750000000001,8.491231972619575
4,12.755250000000002,8.493695040565465
4,12.768750000000004,8.495909982316233
4,12.782250000000003,8.497869889454515
4,12.795750000000002,8.499567612008926
4,12.809250000000002,8.50099574613822
4,12.822750000000003,8.502146620892939
4,12.836250000000001,8.503012283964729
4,12.849750000000004,8.503584486322683
4,12.863250000000003,8.503854665623715
4,12.876750000000001,8.503813928269826
4,12.890250000000002,8.503453029968748
4,12.903750000000002,8.502762354635744
4,12.917250000000001,8.501731891452502
4,12.930750000000003,8.500351209873843
4,12.944250000000002,8.498609432343558
4,12.95775,8.496495204446292
4,12.971250000000003,8.493996662182083
4,12.984750000000002,8.49110139600276
4,12.998250000000004,8.487796411193193
4,13.011750000000003,8.484068084113922
4,13.025250000000002,8.479902113742224
4,13.038750000000002,8.475283467853668
4,13.052250000000003,8.470196323071711
4,13.065750000000001,8.464623997874552
4,13.079250000000004,8.45854887748008
4,13.092750000000002,8.45195232932377
4,13.106250000000001,8.444814607590956
4,13.119750000000003,8.43711474495099
4,13.133250000000002,8.428830429249066
4,13.14675,8.419937862419612
4,13.160250000000003,8.410411598261915
4,13.173750000000002,8.400224354923154
4,13.187250000000002,8.38934679690857
4,13.200750000000003,8.377747280104662
4,13.214250000000002,8.365391551547118
4,13.227750000000002,8.352242393332812
4,13.241250000000003,8.33825919693466
4,13.254750000000001,8.323397449892775
4,13.268250000000004,8.307608110920738
4,13.281750000000002,8.290836841112684
4,13.295250000000001,8.273023046967086
4,13.308750000000002,8.254098673444748
4,13.322250000000002,8.233986659120404
4,13.335750000000004,8.212598925387894
4,13.349250000000003,8.189833708423372
4,13.362750000000002,8.165571939503264
4,13.37625,8.139672204690777
4,13.389750000000001,8.111963505803258
4,13.403250000000002,8.082234467361042
4,13.416750000000004,8.050216484204762
4,13.430250000000003,8.015555820523362
4,13.443750000000001,7.977763717766889
4,13.457250000000002,7.93611715098828
4,13.47075,7.889427378821648
4,13.484250000000005,7.835330706285678
4,13.497750000000003,7.765876244530407
16,0.0,0.0
16,0.01675,0.08002907358419045
16,0.0335,0.1585953684293632
16,0.05025,0.23572410734859975
16,0.067,0.3114403314104079
16,0.08375,0.3857688987083296
16,0.1005,0.45873448310802195
16,0.11725000000000001,0.5303615729711829
16,0.134,0.6006744698556624
16,0.15075000000000002,0.6696972871910845
16,0.1675,0.7374539489292704
16,0.18425000000000002,0.8039681881687369
16,0.201,0.8692635457525067
16,0.21775,0.9333633688384436
16,0.23450000000000001,0.9962908094412959
16,0.25125,1.0580688229455921
16,0.268,1.1187201665885118
16,0.28475,1.1782673979118052
16,0.30150000000000005,1.2367328731818084
16,0.31825000000000003,1.2941387457765634
16,0.335,1.3505069645389967
16,0.35175,1.4058592720950918
16,0.36850000000000005,1.4602172031359213
16,0.38525,1.5136020826623777
16,0.402,1.5660350241913772
16,0.41875,1.61753692792227
16,0.4355,1.6681284788621316
16,0.45225000000000004,1.7178301449085447
16,0.46900000000000003,1.7666621748884406
16,0.48575000000000007,1.8146445965514828
16,0.5025,1.8617972145164192
16,0.5192500000000001,1.9081396081687634
16,0.536,1.953691129508077
16,0.5527500000000001,1.9984709009430612
16,0.5695,2.042497813032568
16,0.58625,2.085790522170567
16,0.6030000000000001,2.1283674482129973
16,0.61975,2.1702467720443512
16,0.6365000000000001,2.2114464330817154
16,0.65325,2.251984126713895
16,0.67,2.2918773016731326
16,0.6867500000000001,2.331143157336799
16,0.7035,2.369798640956311
16,0.7202500000000001,2.407860444810385
16,0.7370000000000001,2.445345003279601
16,0.7537500000000001,2.482268489839067
16,0.7705,2.518646813965848
16,0.7872500000000001,2.554495617957596
16,0.804,2.5898302736586856
16,0.8207500000000001,2.624665879089898
16,0.8375,2.6590172549775364
16,0.8542500000000002,2.6928989411775923
16,0.871,2.726325192990342
16,0.88775,2.759309977360521
16,0.9045000000000001,2.7918669689579
16,0.9212500000000001,2.8240095461328276
16,0.9380000000000001,2.8557507867409675
16,0.9547500000000001,2.8871034638311155
16,0.9715000000000001,2.9180800411896373
16,0.9882500000000001,2.9486926687346355
16,1.005,2.978953177752586
16,1.02175,3.0088730759696865
16,1.0385000000000002,3.0384635424496915
16,1.05525,3.06773542230951
16,1.072,3.096699221243218
16,1.08875,3.1253650998445974
16,1.1055000000000001,3.153742867717621
16,1.12225,3.181841977363603
16,1.139,3.2096715178329656
16,1.15575,3.2372402081287657
16,1.1725,3.2645563903481976
16,1.1892500000000001,3.2916280225473566
16,1.2060000000000002,3.318462671313447
16,1.22275,3.345067504027522
16,1.2395,3.3714492807995575
16,1.25625,3.3976143460563364
16,1.2730000000000001,3.423568619761109
16,1.2897500000000002,3.449317588242429
16,1.3065,3.474866294607745
16,1.32325,3.5002193287154455
16,1.34,3.5253808166769165
16,1.35675,3.5503544098578668
16,1.3735000000000002,3.5751432733456117
16,1.39025,3.599750073846235
16,1.407,3.6241769669724286
16,1.42375,3.6484255838794346
16,1.4405000000000001,3.6724970172027427
16,1.4572500000000002,3.6963918062470396
16,1.4740000000000002,3.7201099213712787
16,1.4907499999999998,3.743650747509646
16,1.5075000000000003,3.767013066762503
16,1.5242500000000003,3.790195039984995
16,1.541,3.813194187294023
16,1.55775,3.8360073674062742
16,1.5745000000000002,3.8586307557111894
16,1.59125,3.8810598209727916
16,1.608,3.903289300543067
16,1.6247500000000001,3.9253131739569955
16,1.6415000000000002,3.947124634765047
16,1.6582500000000002,3.9687160604428215
16,1.675,3.9900789801991334
16,1.69175,4.011204040483022
16,1.7085000000000004,4.032080967966302
16,1.72525,4.052698529751054
16,1.742,4.07304449052018
16,1.75875,4.093105566313192
16,1.7755,4.112867374567852
16,1.7922500000000001,4.132314380020284
16,1.8090000000000002,4.151429836000263
16,1.82575,4.17019572059337
16,1.8425000000000002,4.188592667065517
16,1.8592500000000003,4.206599887855967
16,1.8760000000000001,4.224195091339533
16,1.8927500000000002,4.241354390433869
16,1.9095000000000002,4.2580522019793206
16,1.92625,4.274261135641619
16,1.9430000000000003,4.289951870874787
16,1.95975,4.305093020225025
16,1.9765000000000001,4.319650976944793
16,1.9932500000000004,4.333589744506405
16,2.01,4.346870745138055
16,2.0267500000000003,4.359452603929053
16,2.0435,4.371290904334386
16,2.06025,4.382337910010868
16,2.0770000000000004,4.392542246783184
16,2.09375,4.401848537094424
16,2.1105,4.41019697744061
16,2.12725,4.417522846882251
16,2.144,4.423755931571404
16,2.16075,4.428819846050662
16,2.1775,4.432631226467869
16,2.19425,4.43509876321658
16,2.2110000000000003,4.436122029976382
16,2.2277500000000003,4.43559005135003
16,2.2445,4.433379530196585
16,2.26125,4.429352625036434
16,2.278,4.423354122163327
16,2.29475,4.415207777282616
16,2.3115,4.404711491876307
16,2.32825,4.39163081171554
16,2.345,4.3756899355937815
16,2.3617500000000002,4.356558895634742
16,2.3785000000000003,4.333834593860744
16,2.39525,4.3070114497531495
16,2.4120000000000004,4.275433285853362
16,2.42875,4.238208306617104
16,2.4455,4.194042512047574
16,2.46225,4.1408593591247405
16,2.479,4.074675739012202
16,2.49575,3.9834229996002315
16,2.509708333333333,3.875061468814571
16,2.5264583333333337,3.7903797675925026
16,2.5432083333333333,3.721799093907854
16,2.5599583333333333,3.662182759575724
16,2.576708333333334,3.6087134121265474
16,2.5934583333333334,3.5598699817717807
16,2.6102083333333335,3.514701860903569
16,2.6269583333333335,3.472560491869065
16,2.6437083333333335,3.4329764667668727
16,2.6604583333333336,3.3955952227112953
16,2.6772083333333336,3.360140130032634
16,2.6939583333333337,3.326389800849647
16,2.7107083333333337,3.29416338048813
16,2.7274583333333333,3.263310601665511
16,2.744208333333334,3.2337048226878093
16,2.7609583333333334,3.205238011907118
16,2.777708333333333,3.1778170450550016
16,2.794458333333334,3.1513609139189533
16,2.811208333333333,3.1257985834318345
16,2.827958333333333,3.1010673201169965
16,2.8447083333333336,3.0771113697088373
16,2.861458333333333,3.0538808978017027
16,2.8782083333333333,3.031331131613454
16,2.8949583333333333,3.0094216575990345
16,2.9117083333333333,2.988115841308013
16,2.9284583333333334,2.9673803441861484
16,2.9452083333333334,2.9471847180314854
16,2.9619583333333335,2.9275010622270696
16,2.9787083333333335,2.9083037321527216
16,2.9954583333333336,2.889569089646806
16,3.0122083333333336,2.871275288266918
16,3.028958333333333,2.8534020875418977
16,3.0457083333333337,2.8359306915274205
16,3.0624583333333337,2.8188436078539816
16,3.0792083333333333,2.8021245241477026
16,3.095958333333334,2.785758199254402
16,3.112708333333334,2.7697303671378
16,3.1294583333333335,2.7540276516778284
16,3.146208333333334,2.7386374908831392
16,3.1629583333333335,2.7235480692670686
16,3.1797083333333336,2.708748257329309
16,3.196458333333333,2.694227557244817
16,3.2132083333333337,2.679976053993575
16,3.2299583333333333,2.6659843712748517
16,3.2467083333333333,2.652243631641774
16,3.2634583333333333,2.6387454203694283
16,3.2802083333333334,2.6254817526351237
16,3.296958333333333,2.6124450436447972
16,3.3137083333333335,2.5996280813867294
16,3.3304583333333335,2.5870240017339015
16,3.347208333333333,2.5746262656508114
16,3.3639583333333336,2.5624286382901773
16,3.3807083333333336,2.5504251697904565
16,3.3974583333333332,2.5386101776071883
16,3.4142083333333337,2.52697823023032
16,3.4309583333333333,2.5155241321562665
16,3.4477083333333334,2.504242909998018
16,3.464458333333334,2.4931297996292283
16,3.4812083333333335,2.4821802342693795
16,3.4979583333333335,2.471389833426835
16,3.514708333333334,2.460754392625192
16,3.5314583333333336,2.450269873845944
16,3.5482083333333336,2.4399323966271202
16,3.5649583333333337,2.4297382297635437
16,3.5817083333333337,2.419683783559606
16,3.5984583333333333,2.4097656025901126
16,3.615208333333334,2.3999803589289925
16,3.631958333333334,2.390324845809323
16,3.6487083333333334,2.3807959716815055
16,3.665458333333334,2.37139075463938
16,3.6822083333333335,2.3621063171867838
16,3.698958333333333,2.3529398813194047
16,3.715708333333333,2.343888763899027
16,3.7324583333333337,2.334950372299148
16,3.7492083333333333,2.3261222003027537
16,3.7659583333333333,2.3174018242346124
16,3.782708333333334,2.308786899311897
16,3.7994583333333334,2.3002751561982566
16,3.8162083333333334,2.2918643977476423
16,3.8329583333333335,2.283552495925259
16,3.849708333333333,2.2753373888940307
16,3.8664583333333336,2.267217078255812
16,3.8832083333333336,2.2591896264374447
16,3.899958333333333,2.251253154212468
16,3.9167083333333337,2.2434058383499855
16,3.9334583333333337,2.235645909382814
16,3.9502083333333333,2.22797164948761
16,3.9669583333333334,2.220381390470195
16,3.983708333333334,2.212873511849774
16,4.0004583333333334,2.205446439036197
16,4.0172083333333335,2.1980986415948
16,4.0339583333333335,2.1908286315937593
16,4.050708333333334,2.1836349620292177
16,4.067458333333334,2.1765162253237715
16,4.084208333333334,2.1694710518941864
16,4.100958333333334,2.1624981087845105
16,4.117708333333334,2.1555960983609617
16,4.134458333333334,2.1487637570652374
16,4.151208333333334,2.1419998542230876
16,4.167958333333334,2.135303190905195
16,4.184708333333334,2.128672598837598
16,4.201458333333334,2.122106939359055
16,4.218208333333333,2.115605102422913
16,4.234958333333333,2.109166005641191
16,4.251708333333334,2.102788593368728
16,4.268458333333333,2.096471835825365
16,4.285208333333333,2.090214728254267
16,4.301958333333333,2.0840162901145853
16,4.318708333333333,2.077875564306774
16,4.335458333333333,2.0717916164289654
16,4.3522083333333335,2.065763534062917
16,4.3689583333333335,2.0597904260880964
16,4.3857083333333335,2.0538714220225773
16,4.402458333333334,2.048005671389491
16,4.419208333333334,2.0421923431078235
16,4.435958333333334,2.0364306249064463
16,4.452708333333334,2.0307197227603107
16,4.469458333333334,2.02505886034779
16,4.486208333333334,2.0194472785282174
16,4.502958333333334,2.013884234838728
16,4.519708333333334,2.00836900300952
16,4.536458333333334,2.002900872496749
16,4.553208333333334,1.9974791480322711
16,4.569958333333333,1.9921031491895023
16,4.586708333333334,1.9867722099647065
16,4.603458333333334,1.9814856783730492
16,4.620208333333333,1.9762429160587904
16,4.636958333333333,1.9710432979190216
16,4.653708333333334,1.9658862117403797
16,4.670458333333333,1.960771057848205
16,4.687208333333333,1.9556972487676212
16,4.7039583333333335,1.9506642088960626
16,4.7207083333333335,1.9456713741867688
16,4.7374583333333335,1.9407181918428202
16,4.754208333333334,1.9560499060517083
16,4.770958333333334,2.0308335907190385
16,4.787708333333334,2.10419890931382
16,4.804458333333334,2.176170528440563
16,4.821208333333334,2.246772942516086
16,4.837958333333333,2.316030472282557
16,4.854708333333334,2.383967263305837
16,4.871458333333334,2.4506072844581297
16,4.888208333333333,2.515974326384045
16,4.904958333333334,2.5800919999490777
16,4.921708333333334,2.6429837346695426
16,4.938458333333333,2.7046727771229535
16,4.955208333333334,2.765182189337877
16,4.971958333333334,2.824534847162187
16,4.988708333333333,2.882753438608691
16,5.005458333333334,2.9398604621770805
16,5.022208333333334,2.995878225151058
16,5.038958333333333,3.0508288418695715
16,5.0557083333333335,3.1047342319709537
16,5.0724583333333335,3.1576161186088227
16,5.089208333333333,3.209496026638502
16,5.105958333333334,3.2603952807727183
16,5.122708333333334,3.3103350037052643
16,5.139458333333334,3.3593361142013407
16,5.156208333333333,3.4074193251531373
16,5.172958333333334,3.4546051415992687
16,5.189708333333333,3.5009138587065904
16,5.206458333333334,3.5463655597128545
16,5.223208333333334,3.5909801138286124
16,5.239958333333334,3.634777174096766
16,5.256708333333333,3.677776175208009
16,5.273458333333334,3.719996331270406
16,5.290208333333333,3.7614566335312767
16,5.306958333333334,3.802175848049448
16,5.323708333333334,3.8421725133158553
16,5.340458333333334,3.881464937820466
16,5.357208333333333,3.920071197563268
16,5.373958333333333,3.9580091335071015
16,5.390708333333333,3.995296348969946
16,5.407458333333334,4.031950206954168
16,5.4242083333333335,4.067987827410118
16,5.4409583333333345,4.103426084431398
16,5.457708333333334,4.138281603378882
16,5.474458333333333,4.17257075793055
16,5.491208333333334,4.206309667053945
16,5.507958333333333,4.239514191898017
16,5.524708333333334,4.272199932600822
16,5.541458333333334,4.304382225009472
16,5.558208333333334,4.336076137308516
16,5.574958333333333,4.367296466552654
16,5.591708333333334,4.398057735099616
16,5.608458333333333,4.428374186938651
16,5.625208333333334,4.458259783909945
16,5.641958333333333,4.487728201809945
16,5.658708333333334,4.516792826377359
16,5.675458333333333,4.545466749154203
16,5.692208333333333,4.57376276321604
16,5.708958333333333,4.601693358765163
16,5.725708333333334,4.629270718580097
16,5.742458333333333,4.656506713314411
16,5.759208333333334,4.68341289663744
16,5.7759583333333335,4.710000500208962
16,5.792708333333333,4.736280428479487
16,5.809458333333334,4.762263253307228
16,5.8262083333333345,4.787959208382253
16,5.842958333333334,4.813378183447699
16,5.859708333333335,4.8385297183073215
16,5.876458333333334,4.863422996607808
16,5.893208333333333,4.888066839383644
16,5.909958333333333,4.91246969835138
16,5.926708333333335,4.936639648939282
16,5.943458333333334,4.960584383037344
16,5.960208333333333,4.984311201451559
16,5.976958333333334,5.007827006045202
16,5.993708333333333,5.031138291548562
16,6.010458333333333,5.054251137017225
16,6.027208333333333,5.077171196917478
16,6.043958333333334,5.099903691815743
16,6.060708333333333,5.122453398647155
16,6.077458333333334,5.1448246405364655
16,6.0942083333333334,5.1670212761421945
16,6.1109583333333335,5.189046688492714
16,6.1277083333333335,5.210903773280205
16,6.1444583333333345,5.232594926575674
16,6.161208333333334,5.254122031924953
16,6.177958333333334,5.275486446782243
16,6.194708333333334,5.296688988233749
16,6.211458333333333,5.317729917959831
16,6.228208333333333,5.338608926379277
16,6.244958333333335,5.359325115914076
16,6.261708333333334,5.3798769833072075
16,6.278458333333333,5.4002624009194795
16,6.295208333333334,5.42047859692411
16,6.311958333333333,5.4405221343096715
16,6.328708333333333,5.4603888885928304
16,6.345458333333335,5.480074024132102
16,6.362208333333334,5.499571968922294
16,6.378958333333333,5.518876387736286
16,6.395708333333334,5.5379801534660835
16,6.412458333333333,5.5568753164984015
16,6.429208333333333,5.575553071941134
16,6.4459583333333335,5.594003724495411
16,6.462708333333334,5.61221665074341
16,6.4794583333333335,5.630180258593835
16,6.496208333333334,5.6478819435946095
16,6.512958333333334,5.665308041785066
16,6.529708333333334,5.682443778716857
16,6.546458333333333,5.699273214222912
16,6.563208333333335,5.715779182455738
16,6.579958333333334,5.731943226648739
16,6.596708333333334,5.747745527974938
16,6.613458333333334,5.763164827784319
16,6.630208333333333,5.778178342391135
16,6.646958333333333,5.792761669452169
16,6.663708333333334,5.806888684821857
16,6.680458333333334,5.8205314285846645
16,6.697208333333333,5.833659978742181
16,6.713958333333333,5.846242310762953
16,6.730708333333333,5.85824414087599
16,6.747458333333333,5.869628750588918
16,6.764208333333333,5.880356789420394
16,6.780958333333334,5.8903860522280835
16,6.7977083333333335,5.899671226755653
16,6.8144583333333335,5.9081636060708576
16,6.8312083333333335,5.915810759362877
16,6.847958333333334,5.922556153030832
16,6.864708333333334,5.928338712016773
16,6.881458333333335,5.933092308763318
16,6.898208333333334,5.936745163793611
16,6.914958333333334,5.939219137413753
16,6.931708333333334,5.940428885982287
16,6.948458333333334,5.940280847925624
16,6.965208333333334,5.938672013225826
16,6.981958333333334,5.9354884139752535
16,6.998708333333334,5.930603250450448
16,7.015458333333334,5.923874533277538
16,7.032208333333333,5.915142071518625
16,7.048958333333333,5.9042235585324985
16,7.065708333333333,5.890909384083483
16,7.082458333333334,5.874955599286352
16,7.099208333333334,5.85607411749067
16,7.115958333333333,5.833918622354709
16,7.132708333333333,5.808063502921613
16,7.1494583333333335,5.777970818397607
16,7.1662083333333335,5.742935224079506
16,7.182958333333334,5.701984414713085
16,7.1997083333333345,5.6536776173959
16,7.216458333333334,5.595621349638631
16,7.233208333333334,5.522890443884942
16,7.249958333333334,5.413283837850337
16,7.263916666666668,5.315419905810903
16,7.280666666666667,5.233995253654416
16,7.297416666666667,5.166001161435066
16,7.314166666666667,5.106068091603661
16,7.330916666666668,5.051829042531821
16,7.347666666666667,5.001946623059561
16,7.364416666666667,4.955563101804963
16,7.381166666666667,4.912083300073987
16,7.397916666666666,4.871071244485269
16,7.414666666666667,4.832194655106777
16,7.431416666666666,4.795192467516616
16,7.448166666666667,4.759854574588272
16,7.464916666666667,4.726008543390169
16,7.481666666666667,4.69351054917085
16,7.4984166666666665,4.662238980211978
16,7.515166666666667,4.63208980045861
16,7.531916666666667,4.602973106951202
16,7.5486666666666675,4.574810522076697
16,7.565416666666668,4.5475331831637495
16,7.582166666666668,4.5210801684722135
16,7.598916666666667,4.495397247881116
16,7.615666666666667,4.470435879124457
16,7.632416666666667,4.44615239243446
16,7.649166666666668,4.422507321649116
16,7.665916666666667,4.399464850530899
16,7.682666666666667,4.376992350690429
16,7.699416666666666,4.355059993062848
16,7.716166666666667,4.33364041897499
16,7.732916666666667,4.312708459892256
16,7.749666666666668,4.2922408972364385
16,7.766416666666667,4.272216255422011
16,7.783166666666667,4.252614622611424
16,7.799916666666666,4.233417494742226
16,7.816666666666667,4.214607639204016
16,7.833416666666667,4.1961689751957705
16,7.850166666666668,4.178086468313871
16,7.8669166666666674,4.16034603733813
16,7.883666666666667,4.142934471519862
16,7.900416666666667,4.125839356949697
16,7.917166666666668,4.109049010806467
16,7.933916666666667,4.092552422472319
16,7.950666666666667,4.07633920065112
16,7.967416666666668,4.060399525753282
16,7.984166666666667,4.04472410691539
16,8.000916666666667,4.02930414311111
16,8.017666666666667,4.014131287884131
16,8.034416666666667,3.9991976172964967
16,8.051166666666667,3.984495600738913
16,8.067916666666667,3.970018074294869
16,8.084666666666667,3.9557582163890848
16,8.101416666666667,3.941709525483949
16,8.118166666666665,3.9278657996161535
16,8.134916666666667,3.914221117590298
16,8.151666666666667,3.9007698216675313
16,8.168416666666667,3.8875065016057895
16,8.185166666666667,3.8744259799242187
16,8.201916666666667,3.8615232982784287
16,8.218666666666666,3.8487937048454524
16,8.235416666666667,3.8362326426280675
16,8.252166666666668,3.823835738597558
16,8.268916666666668,3.8115987936023115
16,8.285666666666668,3.7995177729770346
16,8.302416666666668,3.7875887977938
16,8.319166666666666,3.775808136701953
16,8.335916666666668,3.764172198309003
16,8.352666666666668,3.752677524059163
16,8.369416666666668,3.741320781570267
16,8.386166666666668,3.73009875839344
16,8.402916666666668,3.7190083561630853
16,8.419666666666666,3.7080465851077276
16,8.436416666666666,3.6972105588947866
16,8.453166666666668,3.6864974897847707
16,8.469916666666666,3.675904684072417
16,8.486666666666668,3.665429537794283
16,8.503416666666668,3.65506953268395
16,8.520166666666666,3.6448222323575927
16,8.536916666666666,3.6346852787140644
16,8.553666666666667,3.6246563885349175
16,8.570416666666667,3.6147333502709524
16,8.587166666666668,3.604914021002924
16,8.603916666666667,3.5951963235650055
16,8.620666666666667,3.5855782438204913
16,8.637416666666667,3.5760578280799904
16,8.654166666666667,3.566633180653118
16,8.670916666666667,3.5573024615253472
16,8.687666666666669,3.548063884152286
16,8.704416666666667,3.538915713364223
16,8.721166666666667,3.5298562633742705
16,8.737916666666667,3.52088389588393
16,8.754666666666667,3.51199701828032
16,8.771416666666667,3.503194081919715
16,8.788166666666669,3.494473580492403
16,8.804916666666667,3.4858340484642087
16,8.821666666666667,3.4772740595903437
16,8.838416666666667,3.4687922254975354
16,8.855166666666666,3.4603871943306403
16,8.871916666666667,3.4520576494602087
16,8.88866666666667,3.443802308247678
16,8.905416666666667,3.435619920865102
16,8.922166666666667,3.4275092691665057
16,8.938916666666668,3.4194691656081395
16,8.955666666666666,3.4114984522150746
16,8.972416666666668,3.4035959995917433
16,8.989166666666668,3.3957607059741686
16,9.005916666666668,3.3879914963217583
16,9.022666666666668,3.380287321446682
16,9.039416666666668,3.3726471571789363
16,9.056166666666666,3.3650700035653562
16,9.072916666666668,3.3575548841008906
16,9.089666666666666,3.350100844990578
16,9.106416666666668,3.3427069544407524
16,9.123166666666668,3.335372301978068
16,9.139916666666666,3.328095997795038
16,9.156666666666666,3.3208771721208423
16,9.173416666666668,3.3137149746162136
16,9.190166666666666,3.3066085737913147
16,9.206916666666668,3.299557156445525
16,9.223666666666668,3.292559927128173
16,9.240416666666667,3.285616107619242
16,9.257166666666667,3.2787249364291755
16,9.273916666666667,3.2718856683169335
16,9.290666666666667,3.2650975738254844
16,9.307416666666668,3.2583599388339897
16,9.324166666666668,3.251672064125951
16,9.340916666666667,3.2450332649726215
16,9.357666666666667,3.238442870731058
16,9.374416666666667,3.231900224456168
16,9.391166666666667,3.225404682526182
16,9.407916666666667,3.2189556142809788
16,9.424666666666669,3.212552401672744
16,9.441416666666667,3.206194438928447
16,9.458166666666667,3.1998811322236516
16,9.474916666666667,3.1936118993672227
16,9.491666666666667,3.1873861694964556
16,9.508416666666667,3.2216014205082564
16,9.525166666666669,3.2947519092653277
16,9.541916666666667,3.366494171542428
16,9.558666666666667,3.4368528105777894
16,9.575416666666667,3.5058522571964437
16,9.592166666666667,3.573516768318294
16,9.608916666666667,3.639870425451235
16,9.625666666666667,3.7049371331683987
16,9.642416666666668,3.768740617568544
16,9.659166666666668,3.8313044247186787
16,9.675916666666666,3.8926519190778666
16,9.692666666666666,3.9528062819012693
16,9.709416666666668,4.0117905096233955
16,9.726166666666668,4.069627412219525
16,9.742916666666668,4.12633961154424
16,9.759666666666668,4.181949539646033
16,9.776416666666666,4.236479437056812
16,9.793166666666666,4.289951351055239
16,9.809916666666668,4.342387133902713
16,9.826666666666666,4.393808441050805
16,9.843416666666668,4.444236729318902
16,9.860166666666668,4.493693255040868
16,9.876916666666666,4.542199072179312
16,9.893666666666666,4.589775030406203
16,9.910416666666668,4.636441773148406
16,9.927166666666666,4.682219735596711
16,9.943916666666668,4.7271291426768745
16,9.960666666666668,4.7711900069811035
16,9.977416666666667,4.814422126658441
16,9.994166666666667,4.856845083262322
16,10.010916666666668,4.898478239553646
16,10.027666666666667,4.939340737257506
16,10.044416666666669,4.9794514947718
16,10.061166666666667,5.0188292048256535
16,10.077916666666667,5.057492332085798
16,10.094666666666669,5.09545911070861
16,10.111416666666667,5.132747541835768
16,10.128166666666667,5.1693753910311475
16,10.144916666666667,5.205360185656525
16,10.161666666666667,5.240719212183677
16,10.178416666666665,5.275469513440118
16,10.195166666666667,5.309627885785829
16,10.211916666666667,5.3432108762180155
16,10.228666666666667,5.376234779400889
16,10.245416666666667,5.408715634617336
16,10.262166666666666,5.440669222639018
16,10.278916666666667,5.47211106251155
16,10.29566666666667,5.5030564082509175
16,10.312416666666666,5.533520245447365
16,10.329166666666667,5.563517287772605
16,10.345916666666668,5.593061973386039
16,10.362666666666668,5.622168461235496
16,10.379416666666666,5.650850627247624
16,10.396166666666668,5.679122060402954
16,10.412916666666668,5.706996058690222
16,10.429666666666666,5.734485624934328
16,10.446416666666668,5.761603462491981
16,10.463166666666666,5.788361970808599
16,10.479916666666668,5.814773240829908
16,10.496666666666666,5.8408490502609425
16,10.513416666666666,5.8666008586651
16,10.530166666666668,5.892039802395036
16,10.546916666666668,5.917176689347029
16,10.563666666666668,5.942021993529707
16,10.580416666666666,5.966585849437438
16,10.597166666666668,5.9908780462182225
16,10.613916666666668,6.014908021625017
16,10.630666666666666,6.0386848557389055
16,10.647416666666668,6.062217264451571
16,10.664166666666667,6.0855135926937365
16,10.680916666666668,6.108581807395357
16,10.697666666666667,6.131429490162184
16,10.714416666666667,6.154063829652437
16,10.731166666666669,6.176491613635891
16,10.747916666666667,6.198719220716603
16,10.764666666666667,6.220752611698956
16,10.781416666666667,6.242597320575145
16,10.798166666666667,6.264258445110688
16,10.814916666666669,6.285740637002476
16,10.831666666666667,6.307048091582115
16,10.848416666666667,6.3281845370348675
16,10.865166666666667,6.349153223102201
16,10.881916666666669,6.369956909233305
16,10.898666666666665,6.39059785214785
16,10.915416666666667,6.41107779276923
16,10.932166666666669,6.431397942483742
16,10.948916666666666,6.4515589686773795
16,10.965666666666667,6.471560979497418
16,10.982416666666667,6.491403507781155
16,10.999166666666667,6.511085494088809
16,11.015916666666666,6.530605268771445
16,11.032666666666668,6.549960532998305
16,11.049416666666668,6.569148338660176
16,11.066166666666668,6.588165067057301
16,11.082916666666668,6.607006406270761
16,11.099666666666666,6.625667327105768
16,11.116416666666668,6.644142057483475
16,11.13316666666667,6.66242405514433
16,11.149916666666666,6.680505978511017
16,11.166666666666668,6.698379655541657
16,11.183416666666668,6.716036050384428
16,11.200166666666668,6.733465227622541
16,11.216916666666666,6.750656313872885
16,11.233666666666668,6.767597456472619
16,11.250416666666668,6.78427577895435
16,11.267166666666666,6.8006773329719685
16,11.283916666666666,6.816787046294502
16,11.300666666666666,6.832588666433535
16,11.317416666666668,6.848064699409544
16,11.334166666666668,6.863196343091974
16,11.350916666666667,6.877963414465534
16,11.367666666666668,6.892344270078006
16,11.384416666666667,6.906315718810177
16,11.401166666666667,6.919852925972539
16,11.417916666666667,6.932929307571104
16,11.434666666666667,6.945516413390565
16,11.451416666666669,6.957583797309352
16,11.468166666666667,6.969098872978375
16,11.484916666666667,6.980026752651369
16,11.501666666666667,6.990330066533919
16,11.518416666666669,6.9999687594999696
16,11.535166666666665,7.008899861382372
16,11.551916666666667,7.017077226242102
16,11.568666666666669,7.024451235012166
16,11.585416666666665,7.03096845463344
16,11.602166666666667,7.036571245163911
16,11.618916666666667,7.041197304231283
16,11.635666666666667,7.044779135445532
16,11.652416666666669,7.047243423758582
16,11.669166666666667,7.048510295917695
16,11.685916666666667,7.048492437619899
16,11.702666666666667,7.047094030016578
16,11.71941666666667,7.044209455755541
16,11.736166666666666,7.039721707116728
16,11.752916666666668,7.033500403380608
16,11.769666666666668,7.025399287153448
16,11.786416666666666,7.015253012990539
16,11.803166666666668,7.002872954407855
16,11.819916666666666,6.988041616210824
16,11.836666666666668,6.970505009245014
16,11.85341666666667,6.949961949404066
16,11.870166666666666,6.926048529524923
16,11.886916666666668,6.898314649594626
16,11.903666666666668,6.866186694077391
16,11.920416666666666,6.828904172118831
16,11.937166666666666,6.785402319124518
16,11.953916666666668,6.7340657654498255
16,11.970666666666668,6.67210071415288
16,11.987416666666666,6.593218535291999
16,12.001375,6.48970434906228
16,12.018125000000001,6.383760971390239
16,12.034875000000003,6.3057427025222195
16,12.051625,6.239246967557641
16,12.068375000000001,6.18006333579434
16,12.085125000000001,6.126174233402106
16,12.101875,6.076394691690139
16,12.118625000000002,6.029947045445995
16,12.135375,5.98628330101979
16,12.152125000000002,5.944997577580251
16,12.168875,5.905777929638847
16,12.185625,5.868377655616443
16,12.202375,5.832597155204421
16,12.219125000000002,5.7982719033461345
16,12.235875,5.765264169057859
16,12.252625,5.733457130611527
16,12.269375000000002,5.70275058149278
16,12.286124999999998,5.673057725592932
16,12.302875,5.644302738268466
16,12.319625000000002,5.616418878418561
16,12.336375,5.589347005054639
16,12.353125000000002,5.563034396116412
16,12.369875,5.537433796726836
16,12.386625,5.5125026440954255
16,12.403375,5.4882024301679015
16,12.420125,5.464498172932171
16,12.436875,5.441357974337704
16,12.453625,5.4187526479218375
16,12.470375000000002,5.396655403032111
16,12.487124999999999,5.375041575373236
16,12.503875,5.35388839575605
16,12.520625,5.333174790569289
16,12.537375,5.312881208764044
16,12.554125,5.2929894711300305
16,12.570875000000001,5.2734826384200195
16,12.587625000000001,5.2543448954948015
16,12.604375,5.235561449152411
16,12.621125000000001,5.217118437700292
16,12.637875000000001,5.199002850648628
16,12.654625000000001,5.181202457162896
16,12.671375000000001,5.163705742126619
16,12.688125,5.146501848840384
16,12.704875000000001,5.129580527528014
16,12.721625,5.112932088941327
16,12.738375,5.096547362455438
16,12.755125000000001,5.080417658130975
16,12.771875,5.064534732290648
16,12.788625000000001,5.048890756217756
16,12.805375,5.033478287635292
16,12.822125,5.018290244667715
16,12.838875000000002,5.003319882024776
16,12.855625000000002,4.988560769178607
16,12.872375,4.974006770332784
16,12.889125,4.959652026005826
16,12.905875000000002,4.945490936072012
16,12.922624999999998,4.931518144120406
16,12.939375,4.91772852300831
16,12.956125000000002,4.904117161499064
16,12.972875,4.890679351885917
16,12.989625000000002,4.8774105785140405
16,13.006375,4.864306507122057
16,13.023125,4.851362974932328
16,13.039875,4.838575981426521
16,13.056625000000002,4.82594167974919
16,13.073375,4.813456368687725
16,13.090125,4.801116485182003
16,13.106875000000002,4.788918597321436
16,13.123624999999999,4.776859397791153
16,13.140375,4.764935697732466
16,13.157125000000002,4.753144420986016
16,13.173875,4.741482598688772
16,13.190625000000002,4.729947364198567
16,13.207375,4.718535948322261
16,13.224125,4.707245674825502
16,13.240875,4.696073956204057
16,13.257624999999999,4.685018289698291
16,13.274375000000001,4.6740762535338956
16,13.291125000000001,4.663245503373368
16,13.307875000000001,4.652523768963931
16,13.324625,4.6419088509688065
16,13.341375000000001,4.631398617969675
16,13.358125000000001,4.620991003629189
16,13.374875000000001,4.6106840040031924
16,13.391625000000001,4.600475674993112
16,13.408375,4.590364129929697
16,13.425125000000001,4.580347537279908
16,13.441875,4.570424118469402
16,13.458625,4.56059214581355
16,13.475375000000001,4.55084994055047
16,13.492125000000001,4.541195870969988
16,13.508875000000002,4.5316283506328805
16,13.525625,4.52214583667516
16,13.542375000000002,4.512746828192455
16,13.559125,4.503429864699958
16,13.575875,4.4941935246636495
16,13.592625000000002,4.485036424098824
16,13.609375,4.4759572152321985
16,13.626125000000002,4.466954585224105
16,13.642875,4.458027254947533
16,13.659625,4.449173977820945
16,13.676375000000002,4.44039353869203
16,13.693125000000002,4.431684752769689
16,13.709875,4.4230464646017476
16,13.726625,4.414477547096043
16,13.743375,4.405976900582649
16,13.760124999999999,4.3975434519151575
16,13.776875,4.3891761536090526
16,13.793625,4.380873983015336
16,13.810375,4.372635941527666
16,13.827125000000002,4.364461053821345
16,13.843874999999999,4.356348367122656
16,13.860625,4.348296950507045
16,13.877375,4.340305894224804
16,13.894124999999999,4.332374309052935
16,13.910875,4.324501325671994
16,13.927625,4.316686094066735
16,13.944375,4.308927782949435
16,13.961125,4.301225579204943
16,13.977875000000001,4.293578687356366
16,13.994625000000001,4.285986329050547
16,14.011375000000001,4.278447742562406
16,14.028125000000003,4.270962182317322
16,14.044875,4.263528918430784
16,14.061625000000001,4.2561472362645105
16,14.078375,4.248816435998394
16,14.095125,4.241535832217528
16,14.111875000000001,4.234304753513701
16,14.128625000000001,4.227122542100775
16,14.145375000000001,4.219988553443307
16,14.162125,4.212902155897915
16,14.178875000000001,4.205862730366829
16,14.195625000000001,4.19886966996316
16,14.212375000000002,4.191922379687369
16,14.229125000000002,4.185020276114515
16,14.245875,4.1781627870918525
16,14.262625000000002,4.231806509767676
16,14.279375,4.303960760507974
16,14.296125,4.374714223402323
16,14.312875000000002,4.444091454495157
16,14.329625,4.512116837062443
16,14.346375000000002,4.578814580115995
16,14.363125,4.644208716892534
16,14.379875,4.708323103326753
16,14.396625,4.771181416507166
16,14.413375,4.832807153114046
16,14.430125,4.89322362783821
16,14.446875,4.952453971779855
16,14.463625000000002,5.010521130826342
16,14.480374999999999,5.067447864007816
16,14.497125,5.123256741829793
16,14.513875000000002,5.177970144581402
16,14.530625,5.231610260618361
16,14.547375,5.284199084619471
16,14.564125,5.3357584158153895
16,14.580875,5.386309856188666
16,14.597624999999999,5.435874808643573
16,14.614375,5.484474475144695
16,14.631125,5.532129854822743
16,14.647875,5.578861742046413
16,14.664625000000003,5.624690724458809
16,14.681375,5.669637180976938
16,14.698125000000001,5.713721279752915
16,14.714875000000003,5.756962976095143
16,14.731625,5.799382010348016
16,14.748375000000001,5.840997905728406
16,14.765125000000001,5.881829966117116
16,14.781875000000001,5.921897273803672
16,14.798625,5.961218687182359
16,14.815375000000001,5.999812838397746
16,14.832125000000001,6.037698130937453
16,14.848875000000001,6.074892737170201
16,14.865625,6.111414595826831
16,14.882375,6.147281409421947
16,14.899125000000002,6.182510641613829
16,14.915874999999998,6.217119514499994
16,14.932625,6.251125005845814
16,14.949375000000002,6.28454384624332
16,14.966125,6.317392516197358
16,14.982875000000002,6.349687243135964
16,14.999625,6.38144399834176
16,15.016375,6.412678493801008
16,15.033125000000002,6.443406178966725
16,15.049875,6.4736422374321725
16,15.066625,6.503401583510772
16,15.083375,6.532698858718244
16,15.100125000000002,6.561548428152736
16,15.116874999999999,6.589964376768166
16,15.133625,6.617960505536103
16,15.150375000000002,6.6455503274908905
16,15.167125,6.672747063652705
16,15.183875000000002,6.6995636388227915
16,15.200625,6.7260126772447455
16,15.217375,6.752106498125521
16,15.234125000000002,6.777857111009263
16,15.250875,6.803276210996809
16,15.267625,6.828375173803182
16,15.284375,6.853165050644872
16,15.301125,6.877656562948395
16,15.317874999999999,6.901860096870758
16,15.334625000000003,6.925785697622184
16,15.351375,6.949443063580547
16,15.368125000000001,6.972841540186454
16,15.384875000000001,6.995990113607076
16,15.401625,7.018897404155998
16,15.418375,7.041571659455615
16,15.435125,7.0640207473274295
16,15.451875000000001,7.086252148394831
16,15.468625000000001,7.108272948381572
16,15.485375000000001,7.130089830088133
16,15.502125,7.151709065026751
16,15.518875,7.173136504694349
16,15.535625,7.194377571461308
16,15.552375000000001,7.215437249051925
16,15.569125000000001,7.236320072590857
16,15.585875000000001,7.257030118187545
16,15.602625,7.277570992028464
16,15.619375,7.297945818944557
16,15.636125,7.3181572304184
16,15.652875000000002,7.338207351992753
16,15.669625000000002,7.358097790038673
16,15.686375000000002,7.377829617837882
16,15.703125,7.397403360929878
16,15.719875,7.416818981669815
16,15.736625,7.436075862938294
16,15.753375000000002,7.455172790938465
16,15.770125000000002,7.474107937009892
16,15.786875000000002,7.492878838381553
16,15.803625,7.5114823777787425
16,15.820375,7.52991476179006
16,15.837125,7.548171497890852
16,15.853875000000002,7.566247370008778
16,15.870625000000002,7.584136412504775
16,15.887375,7.6018318824288995
16,15.904125,7.619326229894938
16,15.920875,7.636611066399735
16,15.937625,7.653677130893183
16,15.954374999999999,7.6705142533815565
16,15.971125000000002,7.687111315820743
16,15.987875,7.70345621002548
16,16.004625,7.719535792286176
16,16.021375,7.735335834344687
16,16.038125,7.750840970334142
16,16.054875,7.766034639234118
16,16.071625,7.780899022329745
16,16.088375000000003,7.795414975090208
16,16.105125,7.809561952796085
16,16.121875,7.823317929143854
16,16.138625,7.836659306936203
16,16.155375,7.849560819824594
16,16.172125,7.861995423901065
16,16.188875000000003,7.873934177732704
16,16.205625,7.88534610918744
16,16.222375,7.896198067102804
16,16.239125,7.906454555487791
16,16.255875,7.916077547504782
16,16.272625,7.925026275931885
16,16.289375000000003,7.9332569961273345
16,16.306125,7.940722716668862
16,16.322875,7.947372891771083
16,16.339625,7.95315306822476
16,16.356375,7.958004477859265
16,16.373124999999998,7.961863564274585
16,16.389875000000004,7.96466142964111
16,16.406625000000002,7.966323183468138
16,16.423375,7.966767170027996
16,16.440125000000002,7.965904044054971
16,16.456875,7.9636356546199005
16,16.473625,7.959853683506985
16,16.490375000000004,7.954437965126607
16,16.507125000000002,7.947254387045601
16,16.523875,7.938152228836756
16,16.540625000000002,7.926960734194355
16,16.557375,7.913484613448188
16,16.574125,7.897498016301086
16,16.590875000000004,7.87873625231808
16,16.607625000000002,7.856884080459712
16,16.624375,7.83155855459064
16,16.641125000000002,7.80228279079068
16,16.657875,7.7684436280181295
16,16.674625,7.729218337117965
16,16.691375,7.6834351120966415
16,16.708125000000003,7.629268343165549
16,16.724875,7.563406881864252
16,16.741625,7.477438917533596
64,0.0,0.0
64,0.021374999999999998,0.14238654145375
64,0.042749999999999996,0.27821505721700546
64,0.064125,0.4077770521580719
64,0.08549999999999999,0.5313584606991409
64,0.106875,0.6492395455658688
64,0.12825,0.7616947915119695
64,0.14962499999999998,0.8689927936328784
64,0.17099999999999999,0.9713961398431145
64,0.192375,1.0691612870475582
64,0.21375,1.162538430486673
64,0.235125,1.2517713656788727
64,0.2565,1.3370973423186814
64,0.277875,1.4187469094158456
64,0.29924999999999996,1.4969437508765961
64,0.32062499999999994,1.5719045106320955
64,0.34199999999999997,1.6438386063085997
64,0.363375,1.7129480303064253
64,0.38475,1.7794271370074237
64,0.40612499999999996,1.8434624146594685
64,0.4275,1.9052322402869977
64,0.448875,1.9649066157432145
64,0.47025,2.022646882745304
64,0.4916249999999999,2.078605414410383
64,0.513,2.1329252804262366
64,0.5343749999999999,2.185739882533893
64,0.55575,2.237172556451925
64,0.577125,2.287336135713772
64,0.5984999999999999,2.33633247209211
64,0.6198750000000001,2.3842519063133953
64,0.6412499999999999,2.4311726815757027
64,0.662625,2.4771602909146226
64,0.6839999999999999,2.5222667476369134
64,0.705375,2.566529765755677
64,0.72675,2.6099718344739014
64,0.7481249999999999,2.6525991670848534
64,0.7695,2.6944004999262745
64,0.790875,2.735345710876097
64,0.8122499999999999,2.775384218796627
64,0.833625,2.8144431145860347
64,0.855,2.8524249600112466
64,0.876375,2.8892051706932813
64,0.89775,2.924628872111266
64,0.919125,2.958507078618118
64,0.9405,2.990611989447494
64,0.961875,3.0206711132192865
64,0.9832499999999998,3.0483598080382324
64,1.0046249999999999,3.0732916313671357
64,1.026,3.095005585177761
64,1.047375,3.11294882971426
64,1.0687499999999999,3.126452552566687
64,1.090125,3.134697065613882
64,1.1115,3.136659079604002
64,1.1328749999999999,3.1310275931931995
64,1.15425,3.1160598861337623
64,1.175625,3.089310160828604
64,1.1969999999999998,3.047041996941224
64,1.218375,2.9826346430649955
64,1.2397500000000001,2.879637892034071
64,1.2575625,2.718815419460929
64,1.2789374999999998,2.594532200864755
64,1.3003125,2.503255162993817
64,1.3216874999999997,2.428022039138579
64,1.3430625,2.3631322247829063
64,1.3644375,2.305705494658819
64,1.3858125,2.254016218835665
64,1.4071874999999998,2.206923466502584
64,1.4285625000000002,2.16362214354527
64,1.4499374999999999,2.1235170912944192
64,1.4713125,2.086152672332235
64,1.4926875,2.051170391266211
64,1.5140624999999999,2.0182819127081224
64,1.5354374999999998,1.987251098565979
64,1.5568125000000002,1.9578816075287178
64,1.5781874999999999,1.9300080722227586
64,1.5995625,1.9034896598536697
64,1.6209375,1.878205268771178
64,1.6423124999999998,1.8540498769803142
64,1.6636875,1.830931720052653
64,1.6850625,1.808770077977455
64,1.7064375,1.7874935168819694
64,1.7278124999999998,1.7670384758039204
64,1.7491875,1.7473481188518687
64,1.7705624999999998,1.7283713940411394
64,1.7919375,1.7100622549113433
64,1.8133124999999999,1.6923790116807902
64,1.8346875,1.675283786458486
64,1.8560624999999997,1.6587420527726846
64,1.8774375,1.642722243967306
64,1.8988125,1.6271954182646657
64,1.9201875000000002,1.612134970774913
64,1.9415625,1.597516384648106
64,1.9629375,1.5833170150564206
64,1.9843125,1.5695159008652402
64,2.0056875,1.5560935997786747
64,2.0270625,1.5430320434839169
64,2.0484375,1.530314409911795
64,2.0698125000000003,1.517925010209911
64,2.0911874999999998,1.5058491884140226
64,2.1125624999999997,1.4940732321215198
64,2.1339374999999996,1.4825842927323278
64,2.1553125,1.4713703140385428
64,2.1766875,1.4604199681233772
64,2.1980625000000003,1.4497225976794719
64,2.2194375,1.4392681639818272
64,2.2408124999999997,1.4290471998558738
64,2.2621874999999996,1.4190507670701265
64,2.2835625,1.40927041765818
64,2.3049375,1.3996981587389188
64,2.3263125000000002,1.3903264204584922
64,2.3476875,1.3811480267244898
64,2.3690625,1.3721561684429557
64,2.3904375,1.3633443790036095
64,2.4118125,1.3547065117885753
64,2.4331875,1.346236719505938
64,2.4545624999999998,1.337929435171989
64,2.4759375,1.3297793545857162
64,2.4973124999999996,1.3217814201562625
64,2.5186875,1.3139308059591226
64,2.5400625,1.3062229039100537
64,2.5614375,1.2986533109572775
64,2.5828124999999997,1.2912178172027946
64,2.6041875,1.283912394872667
64,2.6255625,1.2767331880641275
64,2.6469374999999995,1.269676503204472
64,2.6683125,1.2627388001629851
64,2.6896875,1.2559166839627829
64,2.7110625,1.249206897044428
64,2.7324374999999996,1.24260631203767
64,2.7538125,1.2361119250016452
64,2.7751875,1.229720849097465
64,2.7965625000000003,1.2234303086603153
64,2.8179374999999998,1.2172376336411206
64,2.8393125,1.2111402543903749
64,2.8606875,1.2051356967591413
64,2.8820625,1.2470110405042139
64,2.9034375,1.3813721862791724
64,2.9248125,1.5093581599376666
64,2.9461875,1.6312565011698839
64,2.9675624999999997,1.747349221323936
64,2.9889375,1.8579126971195694
64,3.0103125,1.9632175594047097
64,3.0316875000000003,2.0635285765437374
64,3.0530624999999993,2.1591045319862365
64,3.0744374999999997,2.250198095519731
64,3.0958125,2.3370556876583577
64,3.1171875,2.4199173365610456
64,3.1385625,2.499016526805958
64,3.1599375,2.5745800392719334
64,3.1813124999999998,2.6468277812903342
64,3.2026874999999997,2.715972606130726
64,3.2240624999999996,2.782220120768386
64,3.2454375,2.8457684807484696
64,3.2668125000000003,2.906808170807305
64,3.2881875,2.9655217697316205
64,3.3095624999999997,3.0220836977268952
64,3.3309374999999997,3.076659944320212
64,3.3523125,3.1294077745338256
64,3.3736874999999995,3.1804754107236897
64,3.3950625,3.2300016870712285
64,3.4164375000000002,3.278115673232076
64,3.4378125,3.3249362630644397
64,3.4591874999999996,3.370571723658786
64,3.4805624999999996,3.415119199040524
64,3.5019375,3.4586641618797325
64,3.5233125000000003,3.501279805267697
64,3.5446874999999998,3.543026365043574
64,3.5660625,3.5839503611904453
64,3.5874374999999996,3.624083744353218
64,3.6088124999999995,3.6634429304066356
64,3.6301875,3.7020277020086105
64,3.6515625,3.739819950920792
64,3.6729375,3.7767822281568755
64,3.6943124999999997,3.8128560601521295
64,3.7156875,3.84795997730395
64,3.7370625,3.881987185198303
64,3.7584375,3.914802786803575
64,3.7798125,3.9462404331400185
64,3.8011874999999997,3.9760982361714214
64,3.8225624999999996,4.004133714174132
64,3.8439375,4.03005744563323
64,3.8653125,4.053524964361897
64,3.8866874999999994,4.074126204043876
64,3.9080624999999998,4.091371437066607
64,3.9294375,4.10467204161049
64,3.9508124999999996,4.11331335671707
64,3.9721875,4.116414892314049
64,3.9935625,4.112869216218985
64,4.014937499999999,4.101242370922163
64,4.0363125,4.07959848851773
64,4.0576875,4.045155880525036
64,4.0790625,3.9934953319991453
64,4.1004375,3.916158693240345
64,4.1218125,3.7855944716822223
64,4.1396250000000006,3.6278901939709645
64,4.161,3.5154234751940625
64,4.1823749999999995,3.4275045468428877
64,4.20375,3.353243403220971
64,4.225124999999999,3.288210017967607
64,4.2465,3.2300061685904073
64,4.267874999999999,3.1771395332733237
64,4.28925,3.1285991133485456
64,4.310625,3.0836591831405338
64,4.332,3.0417763653020233
64,4.353375,3.002530514465842
64,4.37475,2.965588413434547
64,4.3961250000000005,2.930680290320516
64,4.4175,2.897583983997617
64,4.438875,2.866113896609005
64,4.46025,2.8361130632352656
64,4.481624999999999,2.8074473198989223
64,4.503,2.7800009246204063
64,4.524374999999999,2.753673209547486
64,4.54575,2.728375980467902
64,4.567125,2.7040314683136666
64,4.588499999999999,2.6805706951784662
64,4.609875,2.657932156264662
64,4.63125,2.636060745856651
64,4.6526250000000005,2.6149068740687578
64,4.6739999999999995,2.5944257343793202
64,4.695375,2.5745766915418677
64,4.71675,2.555322766481096
64,4.738125,2.5366301999879766
64,4.7595,2.518468080937952
64,4.780875,2.500808027724067
64,4.80225,2.483623913872984
64,4.823625,2.466891630573631
64,4.845,2.4505888802241085
64,4.866375,2.4346949961856548
64,4.88775,2.419190784791717
64,4.9091249999999995,2.4040583863467386
64,4.930499999999999,2.389281152401498
64,4.951875,2.3748435370388266
64,4.97325,2.3607310002674846
64,4.994624999999999,2.346929921920041
64,5.016,2.33342752469591
64,5.037375,2.3202118051937117
64,5.05875,2.307271471945835
64,5.080125,2.2945958896090115
64,5.101500000000001,2.2821750285828846
64,5.122875,2.2699994194280597
64,5.1442499999999995,2.258060111539286
64,5.1656249999999995,2.246348635600798
64,5.186999999999999,2.234856969411636
64,5.208375,2.2235775067207664
64,5.22975,2.212503028756299
64,5.251125,2.2016266781714706
64,5.272499999999999,2.190941935163063
64,5.293874999999999,2.18044259554652
64,5.31525,2.1701227505968377
64,5.336625,2.1599767684858517
64,5.3580000000000005,2.1499992771653456
64,5.379375,2.140185148561889
64,5.4007499999999995,2.1305294839636466
64,5.422125,2.1210276004921247
64,5.443499999999999,2.111675018562906
64,5.464874999999999,2.1024674502492684
64,5.486249999999999,2.0934007884712664
64,5.507625,2.0844710969405287
64,5.529,2.0756746007978646
64,5.550375,2.067007677886833
64,5.571750000000001,2.0584668506118193
64,5.593125000000001,2.0500487783340064
64,5.6145,2.041750250262915
64,5.6358749999999995,2.0335681788050524
64,5.65725,2.025499593334672
64,5.678625,2.017541634354738
64,5.699999999999999,2.009691548018988
64,5.721375,2.0019466809885125
64,5.74275,1.9943044755985118
64,5.764125,2.081603849768055
64,5.785499999999999,2.2121795858906697
64,5.806875,2.336486066098254
64,5.82825,2.454808907471363
64,5.849625,2.5674281657235722
64,5.871,2.6746182272910812
64,5.892375,2.776647696334133
64,5.91375,2.8737792762263767
64,5.935124999999999,2.9662696450666046
64,5.956499999999999,3.054369324700049
64,5.977875,3.138322542682666
64,5.99925,3.2183670865609093
64,6.020625,3.294734149769694
64,6.042,3.3676481683717348
64,6.063375000000001,3.437326647770169
64,6.08475,3.503979978421493
64,6.106124999999999,3.5678112394549837
64,6.1274999999999995,3.62901598896489
64,6.148874999999999,3.687782039579525
64,6.17025,3.7442892177223874
64,6.191625,3.7987091047595785
64,6.213,3.8512047579685778
64,6.234375,3.9019304089579117
64,6.255749999999999,3.951031136805542
64,6.277125,3.9986425127536553
64,6.2985,4.044890212783249
64,6.319875,4.089889593774132
64,6.34125,4.133745228209339
64,6.3626249999999995,4.176550391475669
64,6.384,4.218386494702408
64,6.405374999999999,4.259322454714197
64,6.426749999999999,4.299413990980319
64,6.448124999999999,4.338702837326781
64,6.4695,4.377215853513196
64,6.490875,4.414964018391803
64,6.51225,4.45194128202673
64,6.533625000000001,4.488123248532231
64,6.555,4.523465654032607
64,6.576375,4.557902594403401
64,6.59775,4.591344444383241
64,6.6191249999999995,4.623675391865783
64,6.640499999999999,4.654750486622712
64,6.661874999999999,4.684392068210682
64,6.68325,4.712385388442658
64,6.704625,4.738473171659931
64,6.726000000000001,4.762348748136745
64,6.747374999999999,4.783647230253516
64,6.768749999999999,4.801933938886385
64,6.790125,4.816688858017139
64,6.8115,4.827285163335709
64,6.8328750000000005,4.832958561474979
64,6.85425,4.832761698921357
64,6.875625,4.825492872044643
64,6.896999999999999,4.809577131382512
64,6.918374999999999,4.782850199023523
64,6.93975,4.742115092680691
64,6.961124999999999,4.68204429622989
64,6.9825,4.59132316240323
64,7.0003125,4.452514020787732
64,7.021687499999999,4.293881058665135
64,7.0430625,4.190485762571756
64,7.0644374999999995,4.106616591263626
64,7.0858125,4.034585663120753
64,7.1071875,3.970851036426105
64,7.128562500000001,3.9133865764430626
64,7.149937499999999,3.860890190656764
64,7.171312499999999,3.8124606707641866
64,7.1926875,3.76744110740451
64,7.2140625,3.7253339291610343
64,7.235437500000001,3.6857509107088178
64,7.2568125,3.648381897905926
64,7.2781875,3.612974277940941
64,7.2995624999999995,3.5793189691208567
64,7.320937499999999,3.547240548365969
64,7.342312499999999,3.5165901044603616
64,7.363687499999999,3.4872399442999793
64,7.3850625,3.4590795931949176
64,7.4064375,3.432012720194401
64,7.4278125,3.4059547382606588
64,7.449187500000001,3.380830905715238
64,7.470562499999999,3.356574806030613
64,7.4919375,3.3331271173041297
64,7.5133125,3.3104346064078203
64,7.5346875,3.2884492994420587
64,7.5560624999999995,3.2671277920128623
64,7.577437499999999,3.2464306714826545
64,7.5988125,3.2263220296936077
64,7.6201875,3.2067690493930994
64,7.641562499999999,3.1877416511559677
64,7.6629375,3.1692121903140715
64,7.6843125,3.1511551954929407
64,7.705687500000001,3.133547141977407
64,7.7270625,3.1163662543982964
64,7.7484375,3.099592334234829
64,7.7698125000000005,3.083206608424639
64,7.7911875,3.0671915960117273
64,7.812562499999999,3.0515309902773122
64,7.833937499999999,3.036209554215916
64,7.8553125,3.0212130275595164
64,7.876687499999999,3.006528043831929
64,7.898062500000001,2.9921420561459002
64,7.9194375,2.9780432706462627
64,7.9408125,2.9642205866614053
64,7.962187499999999,2.9506635427581913
64,7.9835625,2.9373622680070857
64,8.004937499999999,2.9243074378583502
64,8.0263125,2.911490234109816
64,8.0476875,2.898902308514438
64,8.0690625,2.886535749633535
64,8.0904375,2.87438305259098
64,8.1118125,2.8624370914259596
64,8.1331875,2.850691093778409
64,8.154562499999999,2.8391386176727007
64,8.1759375,2.827773530192437
64,8.197312499999999,2.81658998786286
64,8.2186875,2.805582418578019
64,8.2400625,2.794745504927799
64,8.2614375,2.7840741687956454
64,8.282812499999999,2.773563557111655
64,8.3041875,2.763209028657771
64,8.3255625,2.7530061418325555
64,8.3469375,2.742950643292403
64,8.3683125,2.7330384573944104
64,8.389687499999999,2.7232656763735283
64,8.4110625,2.7136285511931346
64,8.432437499999999,2.7041234830140617
64,8.4538125,2.6947470152322675
64,8.475187499999999,2.6854958260400013
64,8.4965625,2.6763667214694866
64,8.517937499999999,2.667356628881816
64,8.539312500000001,2.658462590867138
64,8.5606875,2.6496817595251745
64,8.5820625,2.6410113910978406
64,8.603437499999998,2.632448840928132
64,8.6248125,2.623991558721666
64,8.6461875,2.7568035619446647
64,8.667562499999999,2.884434287124297
64,8.6889375,3.0058940984633544
64,8.710312499999999,3.1214667647842287
64,8.731687500000001,3.2314304586341818
64,8.7530625,3.336057646735805
64,8.7744375,3.4356149752135807
64,8.795812499999998,3.5303631491594842
64,8.8171875,3.6205568060570235
64,8.8385625,3.706444382534011
64,8.859937500000001,3.7882679738581606
64,8.8813125,3.866263185525954
64,8.902687499999999,3.9406589762224233
64,8.924062499999998,4.011677491346224
64,8.9454375,4.0795338861988935
64,8.9668125,4.144436137827249
64,8.988187499999999,4.206584844381191
64,9.0095625,4.2661730107022455
64,9.0309375,4.323385818687731
64,9.052312500000001,4.378400380776514
64,9.0736875,4.431385474669602
64,9.0950625,4.4825012571251985
64,9.116437499999998,4.5318989543450705
64,9.1378125,4.579720526086122
64,9.1591875,4.626098300175156
64,9.1805625,4.671154573558639
64,9.2019375,4.715001175362041
64,9.223312499999999,4.757738986637585
64,9.2446875,4.799457410510209
64,9.2660625,4.84023378524392
64,9.2874375,4.880132731285151
64,9.308812499999998,4.919205421518504
64,9.3301875,4.957488761688918
64,9.3515625,4.9950044650635785
64,9.3729375,5.0317580017366215
64,9.3943125,5.067737398258843
64,9.415687499999999,5.10291185713995
64,9.4370625,5.137230157709957
64,9.4584375,5.1706187891057285
64,9.4798125,5.2029797517028165
64,9.5011875,5.234187943565234
64,9.5225625,5.264088021062336
64,9.5439375,5.292490584049597
64,9.565312500000001,5.319167480181141
64,9.5866875,5.343845940737177
64,9.608062499999999,5.36620113639906
64,9.629437499999998,5.385846549257401
64,9.6508125,5.40232124997664
64,9.6721875,5.415072659229974
64,9.6935625,5.423432490320762
64,9.7149375,5.426581964625106
64,9.736312499999999,5.423499287662262
64,9.7576875,5.41287590496962
64,9.7790625,5.392973225700688
64,9.8004375,5.361352908410128
64,9.8218125,5.314293749835118
64,9.8431875,5.245214142173113
64,9.8645625,5.137844477826761
64,9.882375,4.973189258649827
64,9.90375,4.843602496981721
64,9.925125,4.747367997720562
64,9.9465,4.667287156975975
64,9.967875,4.597617905302573
64,9.989249999999998,4.535464847585771
64,10.010625000000001,4.479094983209342
64,10.032,4.42736315055329
64,10.053374999999999,4.379461532113883
64,10.07475,4.334793059729604
64,10.096124999999999,4.292900665045267
64,10.1175,4.253424722166841
64,10.138874999999999,4.216075963996005
64,10.16025,4.180617458126615
64,10.181624999999999,4.146852167487732
64,10.203000000000001,4.114614101959985
64,10.224375,4.0837618616637
64,10.24575,4.054173821394154
64,10.267125,4.025744470441455
64,10.288499999999999,3.9983815841357195
64,10.309875000000002,3.972004005942261
64,10.331249999999999,3.946539885564693
64,10.352625,3.9219252629207957
64,10.373999999999999,3.898102918107774
64,10.395375,3.875021428490787
64,10.41675,3.8526343889111
64,10.438125,3.830899761689592
64,10.4595,3.8097793308878822
64,10.480875,3.7892382410425984
64,10.50225,3.7692446048912758
64,10.523625,3.7497691678634495
64,10.544999999999998,3.730785019598104
64,10.566374999999999,3.712267344668517
64,10.587749999999998,3.694193206190359
64,10.609125,3.6765413571624856
64,10.6305,3.6592920753187186
64,10.651875,3.642427018009058
64,10.67325,3.625929094222961
64,10.694625,3.6097823513471847
64,10.716000000000001,3.5939718746406957
64,10.737374999999998,3.578483697727867
64,10.75875,3.563304722673138
64,10.780124999999998,3.5484226484166563
64,10.801499999999999,3.5338259065299265
64,10.822875,3.5195036034003118
64,10.84425,3.5054454680784914
64,10.865625,3.491641805128556
64,10.886999999999999,3.4780834519093244
64,10.908375000000001,3.4647617397910344
64,10.929749999999999,3.451668458875664
64,10.951125000000001,3.4387958258439215
64,10.972499999999998,3.426136454598955
64,10.993875,3.413683329416961
64,11.01525,3.401429780349809
64,11.036624999999999,3.3893694606546014
64,11.058,3.37749632605131
64,11.079374999999999,3.3658046156320562
64,11.10075,3.35428883426541
64,11.122125,3.34294373635625
64,11.143500000000001,3.331764310836774
64,11.164874999999999,3.3207457672774994
64,11.186250000000001,3.309883523018683
64,11.207624999999998,3.2991731912328794
64,11.229,3.288610569838347
64,11.250375,3.2781916311910972
64,11.271749999999999,3.2679125124904296
64,11.293125,3.2577695068391117
64,11.3145,3.247759054905028
64,11.335875000000001,3.237877737136059
64,11.35725,3.228122266484502
64,11.378624999999998,3.218489481601277
64,11.399999999999999,3.208976340463804
64,11.421375,3.1995799144046324
64,11.44275,3.1902973825107868
64,11.464125,3.1811260263664387
64,11.4855,3.1720632251138023
64,11.506874999999999,3.2096367449833187
64,11.52825,3.341028655932631
64,11.549625,3.4660581343618277
64,11.570999999999998,3.585012629813176
64,11.592375,3.6981740662395484
64,11.61375,3.8058187357271565
64,11.635125,3.9082171872655107
64,11.6565,4.005634110153375
64,11.677874999999998,4.098328211590208
64,11.69925,4.186552087956701
64,11.720625,4.270552089236994
64,11.742,4.350568175976678
64,11.763375,4.426833768103792
64,11.78475,4.499575584864467
64,11.806124999999998,4.5690134750372176
64,11.8275,4.635360236490417
64,11.848875,4.698821424031829
64,11.870249999999999,4.759595144366499
64,11.891625,4.817871836824693
64,11.912999999999998,4.873834038342491
64,11.934375000000001,4.927656130968232
64,11.95575,4.97950406992239
64,11.977125000000001,5.029535089949968
64,11.9985,5.077897387362768
64,12.019874999999999,5.124729774763814
64,12.04125,5.1701613049622
64,12.062624999999999,5.214310860006597
64,12.084,5.257286700565913
64,12.105374999999999,5.299185970036879
64,12.126750000000001,5.340094146722776
64,12.148125,5.380084436155297
64,12.1695,5.419217094058358
64,12.190875,5.457538668492231
64,12.212249999999997,5.4950811472547265
64,12.233625,5.5318609934985306
64,12.254999999999999,5.567878048539386
64,12.276375,5.603114275688457
64,12.297749999999999,5.6375323122365515
64,12.319125,5.67107378787306
64,12.3405,5.703657356009264
64,12.361875,5.735176368484548
64,12.38325,5.76549610216329
64,12.404625,5.79445041524942
64,12.426,5.821837667522656
64,12.447375,5.847415675421714
64,12.46875,5.870895379029946
64,12.490124999999999,5.891932755209008
64,12.511499999999998,5.910118287542158
64,12.532875,5.924962942004517
64,12.55425,5.935878989265549
64,12.575625,5.942152945825049
64,12.597,5.942905924732042
64,12.618375,5.937032766515477
64,12.63975,5.923102911774774
64,12.661124999999998,5.899185956566559
64,12.6825,5.862509970507619
64,12.703874999999998,5.808676305549899
64,12.725249999999999,5.7292859053082426
64,12.746625,5.597266369041248
64,12.7644375,5.437087310000668
64,12.7858125,5.3219865048695905
64,12.807187500000001,5.231610896664626
64,12.828562499999999,5.154957874096755
64,12.8499375,5.087569370431103
64,12.871312499999998,5.027035882989986
64,12.8926875,4.971859432643857
64,12.9140625,4.921025780386995
64,12.935437499999999,4.873807168328582
64,12.9568125,4.829658856366324
64,12.978187499999999,4.7881597364347135
64,12.999562500000001,4.748975881961168
64,13.020937499999999,4.711836979644924
64,13.042312500000001,4.676520442571248
64,13.063687499999999,4.6428403292206015
64,13.0850625,4.610639390913386
64,13.1064375,4.579783224616367
64,13.1278125,4.550155883330092
64,13.1491875,4.521656520557427
64,13.170562499999999,4.494196784204469
64,13.191937500000002,4.467698763900984
64,13.2133125,4.4420933538490885
64,13.234687499999998,4.4173189323361655
64,13.256062499999999,4.3933202858144496
64,13.277437499999998,4.370047724158315
64,13.2988125,4.347456347012528
64,13.3201875,4.325505430750882
64,13.3415625,4.304157912600051
64,13.3629375,4.283379953703647
64,13.384312499999998,4.263140566820599
64,13.4056875,4.243411297327042
64,13.427062499999998,4.2241659484721055
64,13.4484375,4.205380343603721
64,13.469812499999998,4.187032119459472
64,13.491187499999999,4.169100545702717
64,13.5125625,4.151566366745432
64,13.5339375,4.1344116625869045
64,13.5553125,4.117619725950814
64,13.576687499999998,4.101174953450947
64,13.598062500000001,4.085062748880503
64,13.6194375,4.069269437018398
64,13.640812500000001,4.05378218659181
64,13.662187499999998,4.038588941237496
64,13.6835625,4.023678357473389
64,13.7049375,4.009039748833202
64,13.726312499999999,3.9946630354349963
64,13.7476875,3.9805386983544695
64,13.769062499999999,3.9666577382578927
64,13.7904375,3.953011637821142
64,13.8118125,3.939592327522187
64,13.833187500000001,3.926392154446381
64,13.8545625,3.913403853788548
64,13.875937499999997,3.9006205227741595
64,13.8973125,3.8880355967550426
64,13.918687499999999,3.8756428272636527
64,13.9400625,3.863436261834715
64,13.961437499999999,3.851410225424796
64,13.9828125,3.839559303278953
64,14.0041875,3.8278783251103157
64,14.0255625,3.816362350472688
64,14.0469375,3.8050066552190343
64,14.068312499999998,3.793806718949831
64,14.0896875,3.7827582133650437
64,14.1110625,3.7718569914423075
64,14.1324375,3.761099077371431
64,14.153812499999999,3.75048065718232
64,14.1751875,3.739998070009362
64,14.196562499999999,3.7296477999408304
64,14.2179375,3.719426468406614
64,14.2393125,3.7093308270619167
64,14.2606875,3.6993577511284617
64,14.2820625,3.6895042331581194
64,14.3034375,3.679767377187088
64,14.3248125,3.670144393251444
64,14.3461875,3.6606325922374947
64,14.367562499999998,3.651229381042554
64,14.388937499999999,3.7355339156673204
64,14.4103125,3.8644175186856375
64,14.4316875,3.987035140109968
64,14.4530625,4.103672411873179
64,14.4744375,4.21460940574613
64,14.4958125,4.320120525466961
64,14.517187499999999,4.420474393785964
64,14.5385625,4.51593373400222
64,14.559937499999998,4.606755245526941
64,14.5813125,4.693189472961207
64,14.602687499999998,4.77548066812186
64,14.6240625,4.853866644388811
64,14.6454375,4.928578622676919
64,14.6668125,4.999841068256604
64,14.6881875,5.067871517555682
64,14.709562499999999,5.132880393970732
64,14.7309375,5.195070811595051
64,14.752312499999999,5.254638365630935
64,14.7736875,5.311770908091973
64,14.795062499999998,5.366648307212114
64,14.816437500000001,5.419442188758072
64,14.8378125,5.470315657182412
64,14.859187499999999,5.51942299424989
64,14.8805625,5.566909332408249
64,14.901937499999999,5.612910299745263
64,14.923312500000002,5.657551632860444
64,14.944687499999999,5.7009487533628285
64,14.9660625,5.743206302961165
64,14.987437499999999,5.784417631206877
64,15.008812499999998,5.824664228842728
64,15.0301875,5.864015098346331
64,15.0515625,5.9025260515673565
64,15.0729375,5.940238922245606
64,15.0943125,5.977180678538029
64,15.1156875,6.013362417305622
64,15.137062499999999,6.048778217581234
64,15.158437500000002,6.083403825033206
64,15.179812499999999,6.1171951319012
64,15.201187499999998,6.150086407162233
64,15.2225625,6.181988218648838
64,15.2439375,6.212784971110691
64,15.265312499999999,6.242331959723586
64,15.2866875,6.270451804156977
64,15.3080625,6.296930079098276
64,15.3294375,6.321509885234362
64,15.3508125,6.343884997178754
64,15.3721875,6.363691059779616
64,15.393562499999998,6.38049404314615
64,15.414937499999999,6.393774739212765
64,15.436312500000001,6.402907353989316
64,15.457687500000002,6.407128947470159
64,15.4790625,6.405494010096773
64,15.500437499999997,6.396803469930849
64,15.5218125,6.379486368815758
64,15.5431875,6.351385008201553
64,15.564562500000001,6.30931466061434
64,15.585937499999998,6.247975687983028
64,15.607312499999999,6.156149140156562
64,15.625124999999999,6.017977083419777
64,15.6465,5.856069141589021
64,15.667874999999999,5.750982198777601
64,15.68925,5.6655332432570455
64,15.710625,5.5919694383993575
64,15.731999999999998,5.526728821533735
64,15.753374999999998,5.467776489155526
64,15.77475,5.413805744788982
64,15.796125000000002,5.363912671431173
64,15.817499999999999,5.317438634849924
64,15.838875,5.273884898836571
64,15.860249999999997,5.232862414784999
64,15.881625,5.194060424904092
64,15.903,5.157225860133822
64,15.924374999999998,5.1221492849740535
64,15.945749999999999,5.088654995842743
64,15.967125,5.0565938547935465
64,15.988500000000002,5.025837982286387
64,16.009874999999997,4.996276747956499
64,16.03125,4.967813689048401
64,16.052625,4.940364105513016
64,16.073999999999998,4.913853157650053
64,16.095375,4.88821434300614
64,16.116749999999996,4.863388263617781
64,16.138125,4.839321618419776
64,16.1595,4.815966372324469
64,16.180875,4.793279065403165
64,16.20225,4.771220234254969
64,16.223625,4.749753924014246
64,16.245,4.728847274190383
64,16.266375,4.708470165107345
64,16.28775,4.688594914432672
64,16.309124999999998,4.669196015379649
64,16.3305,4.650249909791933
64,16.351875,4.631734790592888
64,16.373250000000002,4.61363042908642
64,16.394624999999998,4.595918023395005
64,16.416,4.578580064960167
64,16.437375,4.561600220546363
64,16.45875,4.544963227607279
64,16.480125,4.528654801214654
64,16.501499999999997,4.512661551029624
64,16.522875,4.496970907027176
64,16.54425,4.4815710528755845
64,16.565624999999997,4.466450866031752
64,16.587,4.451599863746594
64,16.608375,4.437008154286269
64,16.62975,4.422666392769381
64,16.651125,4.408565741100017
64,16.6725,4.39469783154427
64,16.693875,4.3810547335557
64,16.715249999999997,4.367628923504577
64,16.736625,4.35441325700818
64,16.758,4.341400943595997
64,16.779374999999998,4.328585523475083
64,16.80075,4.3159608461882755
64,16.822125,4.303521050981521
64,16.8435,4.29126054871734
64,16.864874999999998,4.279174005189344
64,16.88625,4.267256325708542
64,16.907625,4.25550264084596
64,16.929,4.243908293228249
64,16.950374999999998,4.232468825293642
64,16.97175,4.221179967925028
64,16.993125,4.210037629885371
64,17.0145,4.1990378879879025
64,17.035874999999997,4.188176977940323
64,17.05725,4.1774512858078765
64,17.078625000000002,4.166857340045503
64,17.099999999999998,4.156391804053903
64,17.121375,4.146051469218405
64,17.14275,4.13583324839343
64,17.164125,4.125734169798492
64,17.1855,4.115751371294832
64,17.206874999999997,4.105882095014365
64,17.22825,4.096123682315138
64,17.249625,4.086473569039651
64,17.271,4.216875190529153
64,17.292375,4.343375380033471
64,17.31375,4.463705112853969
64,17.335124999999998,4.578148193697339
64,17.3565,4.6869828320125
64,17.377875,4.790481532484393
64,17.39925,4.88891098030755
64,17.420624999999998,4.982531920802812
64,17.442,5.07159903289681
64,17.463375000000003,5.156360795935162
64,17.48475,5.237059349243791
64,17.506125,5.313930343789643
64,17.5275,5.387202785218895
64,17.548875,5.457098867468016
64,17.57025,5.523833796047316
64,17.591624999999997,5.587615599987042
64,17.613,5.648644931309526
64,17.634375,5.707114850743953
64,17.65575,5.763210598230457
64,17.677125,5.817109346561162
64,17.6985,5.868979936273842
64,17.719875000000002,5.918982589640261
64,17.741249999999997,5.967268601269179
64,17.762625,6.013980002461637
64,17.784,6.059249196000718
64,17.805374999999998,6.103198557513007
64,17.82675,6.1459399988824845
64,17.848124999999996,6.187574488403513
64,17.8695,6.228191521391984
64,17.890875,6.267868533788349
64,17.91225,6.306670249823514
64,17.933625,6.344647953000629
64,17.955,6.381838667369321
64,17.976374999999997,6.418264233193994
64,17.99775,6.453930257455606
64,18.019125,6.488824914916042
64,18.040499999999998,6.522917569353927
64,18.061875,6.556157176539518
64,18.08325,6.588470419822964
64,18.104625000000002,6.619759514803188
64,18.125999999999998,6.649899599852272
64,18.147375,6.678735601927882
64,18.16875,6.706078428474186
64,18.190125,6.731700280566444
64,18.2115,6.755328800556271
64,18.232874999999996,6.776639643984161
64,18.25425,6.795246874141157
64,18.275625,6.810690271608952
64,18.297,6.822418143644811
64,18.318375,6.829763340493429
64,18.33975,6.831908589227474
64,18.361125,6.827834170720417
64,18.3825,6.816234540694948
64,18.403875,6.7953757793629865
64,18.42525,6.76282750904215
64,18.446624999999997,6.714884174405992
64,18.468,6.645003451605368
64,18.489375,6.537093377533151
64,18.5071875,6.37179495434281
64,18.528562500000003,6.240672690387221
64,18.5499375,6.143222024408011
64,18.571312499999998,6.062002703156116
64,18.592687499999997,5.991231206986552
64,18.6140625,5.92799731494327
64,18.635437500000002,5.870561061388731
64,18.656812499999997,5.81777347293756
64,18.6781875,5.768824427855506
64,18.6995625,5.723115363205186
64,18.7209375,5.6801881881977385
64,18.7423125,5.639682548013803
64,18.763687499999996,5.60130863822806
64,18.7850625,5.564829119253578
64,18.806437499999998,5.530046638189408
64,18.8278125,5.49679495499608
64,18.8491875,5.464932468557024
64,18.8705625,5.434337389125096
64,18.8919375,5.4049040695989
64,18.913312499999996,5.376540170851971
64,18.9346875,5.349164439222112
64,18.956062499999998,5.322704941145732
64,18.9774375,5.2970976444831015
64,18.9988125,5.272285266431542
64,19.0201875,5.248216329006295
64,19.041562499999998,5.224844377975585
64,19.0629375,5.202127331845978
64,19.0843125,5.180026935301922
64,19.1056875,5.158508297271443
64,19.1270625,5.137539498103855
64,19.1484375,5.117091253608133
64,19.169812500000003,5.097136626194011
64,19.191187499999998,5.077650775282055
64,19.2125625,5.0586107406469045
64,19.2339375,5.03999525353411
64,19.2553125,5.021784571321478
64,19.2766875,5.003960332237644
64,19.298062499999997,4.986505427245806
64,19.3194375,4.969403886681333
64,19.340812500000002,4.952640779622649
64,19.3621875,4.936202124294111
64,19.3835625,4.920074808061952
64,19.404937499999996,4.904246515801066
64,19.426312499999998,4.888705665590281
64,19.4476875,4.8734413508436925
64,19.4690625,4.8584432881112045
64,19.4904375,4.843701769887091
64,19.511812499999998,4.829207621854453
64,19.5331875,4.814952164069092
64,19.5545625,4.800927175650569
64,19.5759375,4.787124862603018
64,19.597312499999997,4.773537828435396
64,19.6186875,4.760159047291013
64,19.6400625,4.746981839331175
64,19.6614375,4.73399984814764
64,19.682812499999997,4.721207020004769
64,19.7041875,4.708597584734798
64,19.7255625,4.696166038129411
64,19.746937499999998,4.683907125688054
64,19.7683125,4.671815827598413
64,19.7896875,4.659887344837811
64,19.811062500000002,4.648117086295857
64,19.8324375,4.636500656828969
64,19.8538125,4.625033846166431
64,19.8751875,4.613712618595682
64,19.896562499999998,4.602533103361631
64,19.9179375,4.591491585721129
64,19.9393125,4.580584498599345
64,19.9606875,4.569808414799764
64,19.9820625,4.559160039724126
64,20.0034375,4.548636204562437
64,20.0248125,4.538233859917015
64,20.0461875,4.527950069827501
64,20.067562499999998,4.517782006166901
64,20.0889375,4.507726943381135
64,20.1103125,4.497782253547058
64,20.131687499999998,4.533216007023776
64,20.1530625,4.663787641653422
64,20.1744375,4.787996075105836
64,20.195812500000002,4.906128798828283
64,20.217187499999998,5.018467779620045
64,20.238562499999997,5.125289353396682
64,20.2599375,5.226864114004922
64,20.281312500000002,5.323456796677481
64,20.3026875,5.415326155677255
64,20.324062499999997,5.502724835635492
64,20.3454375,5.585899236036463
64,20.366812499999998,5.6650893682435415
64,20.3881875,5.740528704394619
64,20.4095625,5.81244401741888
64,20.4309375,5.881055211340251
64,20.452312499999998,5.946575140932456
64,20.473687500000004,6.009209419676096
64,20.4950625,6.069156214834922
64,20.5164375,6.126606028314839
64,20.537812499999998,6.181741461789611
64,20.559187499999997,6.234736964368573
64,20.580562500000003,6.285758560836348
64,20.6019375,6.334963558206187
64,20.6233125,6.382500227987845
64,20.6446875,6.428507461165803
64,20.666062500000002,6.473114392401034
64,20.6874375,6.5164399893899
64,20.708812499999997,6.5585926026156
64,20.7301875,6.59966946987998
64,20.7515625,6.639756168970006
64,20.7729375,6.678926010543329
64,20.7943125,6.717239361746904
64,20.8156875,6.754742889126504
64,20.8370625,6.791468706927758
64,20.858437499999997,6.827433413778721
64,20.8798125,6.862636996768176
64,20.9011875,6.897061576804076
64,20.922562499999998,6.930669962447123
64,20.943937499999997,6.963403970591149
64,20.965312500000003,6.995182460579869
64,20.9866875,7.025899012401385
64,21.0080625,7.055419157694157
64,21.029437499999997,7.083577041709048
64,21.050812499999996,7.110171350887368
64,21.072187500000002,7.134960277648204
64,21.0935625,7.157655200442309
64,21.1149375,7.177912614861822
64,21.136312499999995,7.195323628918613
64,21.1576875,7.209399975440193
64,21.1790625,7.219554889394077
64,21.2004375,7.225076134753409
64,21.2218125,7.2250864952841045
64,21.243187499999998,7.218483148168092
64,21.2645625,7.203838989745231
64,21.285937500000003,7.1792291249181135
64,21.3073125,7.141891395046643
64,21.328687499999997,7.087447632229709
64,21.350062499999996,7.00755726379165
64,21.3714375,6.87560964834157
